[
  {
    "sec_id": "sec0005",
    "sentence": "Several sociodemographic factors have been shown to affect researchers\u2019 scholarly output and impact ([bib0025]; [bib0060]; [bib0075]).",
    "intent": "background"
  },
  {
    "sec_id": "sec0005",
    "sentence": "Among those, we can mention age ([bib0025], [bib0060], [bib0070]), gender ([bib0065]; [bib0075]), mobility and migration ([bib0015]; [bib0045]; [bib0080]).",
    "intent": "background uses"
  },
  {
    "sec_id": "sec0005",
    "sentence": "The development of large scale author-name disambiguation algorithms ([bib0020]), as well as the increasing quantity of indexed papers\u2019 metadata (e.g. author names and surnames, affiliations, e-mail data, etc.) have expanded the possibilities to study such sociodemographic variables.",
    "intent": "background"
  },
  {
    "sec_id": "sec0005",
    "sentence": "For example, the analysis of the first author names of authors ([bib0065]) allowed for the macro analysis of gender disparities worldwide.",
    "intent": "background"
  },
  {
    "sec_id": "sec0005",
    "sentence": "The large-scale analysis of the relationship between author names, affiliations and countries has also opened the possibility of studying academic migrations at the world level ([bib0085]), as well as the nationality ([bib0030]) or even the ethnic origin ([bib0055]) of scholars.",
    "intent": "background"
  },
  {
    "sec_id": "sec0005",
    "sentence": "One of the central sociodemographic characteristics of scholars is their age ([bib0025], [bib0060], [bib0070]), as it has been shown to be a key predictor of research productivity ([bib0010], [bib0035]; [bib0070]).",
    "intent": "background"
  },
  {
    "sec_id": "sec0005",
    "sentence": "However, such variable is generally not included in bibliometric analyses, given its lack of availability."
  },
  {
    "sec_id": "sec0005",
    "sentence": "While several analyses have used the year of first publication as a proxy for their age, of a scholar (e.g. [bib0090]), there has not been any analysis on the actual relationship between this proxy and the real age of scholars.",
    "intent": "background"
  },
  {
    "sec_id": "sec0005",
    "sentence": "This paper is intended to fill this gap and shed some light on the underlying relationship between the \u2018bibliometric\u2019 age of scholars and their \u2018real\u2019 ages, defined as their biological age and time to PhD."
  },
  {
    "sec_id": "sec0005",
    "sentence": "In other words, we aim to assess how reliable is the estimation of the real ages of scholars based on models that exclusively rely on bibliometric indicators, such as the year of first publication, author order, co-authors, document types published, etc."
  },
  {
    "sec_id": "sec0005",
    "sentence": "Firstly, we will investigate the correlations between all the variables considered in the analysis."
  },
  {
    "sec_id": "sec0005",
    "sentence": "Furthermore, several boxplots of the birth and PhD year will be presented and analysed in order to study the dispersion of the actual data."
  },
  {
    "sec_id": "sec0005",
    "sentence": "The next step in our analysis will focus on linear regression model fitting.[fn0005] Therefore the birth (BIRTH hereafter) and PhD (PHD hereafter) years will be most frequently referred to as the \u2018dependent variables\u2019, while the bibliometric variables will be interchangeably referred to as the \u2018independent variables\u2019, covariates or predictors."
  },
  {
    "sec_id": "sec0010",
    "sentence": "For the study proposed it is absolutely necessary to have a dataset of scholars for whom the real ages of all the individuals considered are certainly known as well, as the publication years of their scientific publications, conforming the \u2018golden set\u2019 of the study."
  },
  {
    "sec_id": "sec0010",
    "sentence": "As golden set we have considered one of the (possibly) largest datasets of individual scholars for whom their actual individual characteristics are known (this dataset has been used in some previous studies, e.g. [bib0060]).",
    "intent": "uses"
  },
  {
    "sec_id": "sec0010",
    "sentence": "The dataset is composed by 13,626 university professors from Quebec (Canada) who have published at least one article indexed in the Web of Science (WoS) database during the 1980\u20132012 period."
  },
  {
    "sec_id": "sec0010",
    "sentence": "For every scholar in the dataset, different information has been collected, including their biological (BIRTH) and academic (PHD) ages, along with other bibliometric data, such as the year of first publication (YFP), number of publications in WoS (P), the proportion of publications with the scholar in the first position (PP_POS_FIRST), the proportion of publications with any type of international collaboration (PP_INT_COLLAB), etc."
  },
  {
    "sec_id": "sec0010",
    "sentence": "The full list of variables considered can be found in [tbl0045] of the [sec0070]."
  },
  {
    "sec_id": "sec0010",
    "sentence": "The data also include information about the research domain of the scholars."
  },
  {
    "sec_id": "sec0010",
    "sentence": "A total of nine disciplinary fields of activity of the scholars are considered, based on the 2000 revision of the U.S. Classification of Instructional Programs (CIP)[fn0010] developed by the U.S. Department of Education's National Center for Education Statistics (NCES)."
  },
  {
    "sec_id": "sec0010",
    "sentence": "The nine fields of activity, as well as the distribution of researchers among the fields can be seen in [tbl0050] in the [sec0070]."
  },
  {
    "sec_id": "sec0010",
    "sentence": "For the robustness of the results, we have selected researchers that are born after 1960 and have obtained their PhD degree since 1980."
  },
  {
    "sec_id": "sec0010",
    "sentence": "Moreover, since the last recorded PhD year is 2005, we have selected only the researchers that have their first publication the latest in 2010."
  },
  {
    "sec_id": "sec0010",
    "sentence": "Therefore the variable YFP is bounded at 2010 and the data truncated correspondingly."
  },
  {
    "sec_id": "sec0010",
    "sentence": "Our final dataset comprises of 3574 researchers."
  },
  {
    "sec_id": "sec0010",
    "sentence": "Using this sample, we will make inferences about the researchers, in general, who represent our statistical population."
  },
  {
    "sec_id": "sec0010",
    "sentence": "We believe our sample is representative for researchers, in general."
  },
  {
    "sec_id": "sec0010",
    "sentence": "The external validation of our analyses, using another dataset, will be deferred to another manuscript."
  },
  {
    "sec_id": "sec0010",
    "sentence": "The subsequent analysis is divided in two main parts."
  },
  {
    "sec_id": "sec0010",
    "sentence": "Firstly, we will perform an \u2018overall analysis\u2019, for all the selected researchers in the dataset, regardless their field of activity."
  },
  {
    "sec_id": "sec0010",
    "sentence": "We employ linear regression models for average birth and PhD years, as well as for all individual observations."
  },
  {
    "sec_id": "sec0010",
    "sentence": "Secondly, we are also interested in the particular characteristics of researchers in different fields and examine the potential disciplinary differences in the results."
  },
  {
    "sec_id": "sec0010",
    "sentence": "We therefore apply a similar analysis at the field level."
  },
  {
    "sec_id": "sec0015",
    "sentence": "We start our analysis by investigating the Spearman rank correlation among all variables in the study (see [tbl0045] in the [sec0070])."
  },
  {
    "sec_id": "sec0015",
    "sentence": "The correlation matrix is depicted in [fig0005]."
  },
  {
    "sec_id": "sec0015",
    "sentence": "The correlation plot illustrates the correlations between BIRTH and PHD with other variables, and also brings insight into the correlations between the different independent variables."
  },
  {
    "sec_id": "sec0015",
    "sentence": "The age-related variables are well correlated among themselves."
  },
  {
    "sec_id": "sec0015",
    "sentence": "That is, birth (BIRTH) and PhD year (PHD) of researchers exhibit a strong correlation."
  },
  {
    "sec_id": "sec0015",
    "sentence": "Moreover, the year of first publication (YFP) is the only independent variable that presents a substantial correlation with these two age-related variables."
  },
  {
    "sec_id": "sec0015",
    "sentence": "[fig0005] provides clear evidence to support the idea that YFP is the most relevant bibliometric variable for the estimation and potential prediction of the real age of scholars."
  },
  {
    "sec_id": "sec0015",
    "sentence": "The correlations between BIRTH and PHD with the other variables are very low and hence barely visible on the plot."
  },
  {
    "sec_id": "sec0015",
    "sentence": "Although small, the largest positive correlation is with the proportion of publications where the researcher has the first position in the author\u2019s list (PP_POS_FIRST)."
  },
  {
    "sec_id": "sec0015",
    "sentence": "Some correlations observed in [fig0005] also reflect, at the researcher level, expected relationships between variables, such as the total number of publications (P) and the proportion of articles from the total output (PP_ARTICLE), the average number of countries per paper (CO_P) and the percentage of publications resulting from international collaborations (PP_INT_COLLAB), or the correlation between the thee field-normalized size-independent impact indicators (MNCS, PP_TOP_10 and MNJS)."
  },
  {
    "sec_id": "sec0015",
    "sentence": "Also the collaboration indicators (e.g. number of countries per paper (CO_P)), the proportion of collaborative publications (PP_COLLAB) and the proportion of publications in international collaboration (PP_INT_COLLAB) exhibit an expectedly strong correlation."
  },
  {
    "sec_id": "sec0015",
    "sentence": "Negative correlations emerge as well."
  },
  {
    "sec_id": "sec0015",
    "sentence": "For example, we note the negative correlation between the mean number authors per publication (AUTHS_P) and the proportion of publications where the researcher has been the first (PP_POS_FIRST) as well as the last author (PP_POS_LAST)."
  },
  {
    "sec_id": "sec0015",
    "sentence": "It suggests co-authoring publications with higher number of authors, on average, reduces the likelihood of being the first or the last author."
  },
  {
    "sec_id": "sec0015",
    "sentence": "In [fig0010], we focus now on the relationship between YFP and BIRTH and PHD, presenting the boxplots of BIRTH and PHD against YFP."
  },
  {
    "sec_id": "sec0015",
    "sentence": "That is, for each distinct YFP, we consider the boxplot of BIRTH and PHD."
  },
  {
    "sec_id": "sec0015",
    "sentence": "Both distributions exhibit a large degree of variation (spread) for almost all years of first publication."
  },
  {
    "sec_id": "sec0015",
    "sentence": "The low spread in the lowest and highest YFP is mainly due to the low number of observations in those cases."
  },
  {
    "sec_id": "sec0015",
    "sentence": "This suggests that, despite general incremental patterns, there is also a significant dispersion in the data concerning the age of researchers."
  },
  {
    "sec_id": "sec0015",
    "sentence": "Notably, the spread and thus the variation of data increases with the year of first publication, especially for the BIRTH variable."
  },
  {
    "sec_id": "sec0015",
    "sentence": "The interquartile range however remains approximately constant over the YFP."
  },
  {
    "sec_id": "sec0015",
    "sentence": "This indicates that the central 50% of values within the BIRTH and PHD years grouped by YFP are similarly dispersed."
  },
  {
    "sec_id": "sec0015",
    "sentence": "With respect to outliers, we note more outliers for the PhD years."
  },
  {
    "sec_id": "sec0015",
    "sentence": "In this section we focus on linear regression modelling in order to predict the BIRTH and PHD ages of researches based on the YFP."
  },
  {
    "sec_id": "sec0015",
    "sentence": "Firstly, we consider an average model, that is for each distinct YFP we average the BIRTH and PHD variables for the researchers under analysis."
  },
  {
    "sec_id": "sec0015",
    "sentence": "Since our analysis contains 31 distinct YFP (1980\u20132010), the BIRTH and PHD models are fitted using 31 observations."
  },
  {
    "sec_id": "sec0015",
    "sentence": "The regression line, as well as the confidence and prediction bounds are depicted in [fig0015] (for BIRTH) and [fig0020] (for PHD)."
  },
  {
    "sec_id": "sec0015",
    "sentence": "The dotted points represent the observed average BIRTH and PHD years."
  },
  {
    "sec_id": "sec0015",
    "sentence": "The confidence and prediction intervals are computed by using the standard error of the residuals (the difference between the observed and the fitted values)."
  },
  {
    "sec_id": "sec0015",
    "sentence": "The confidence intervals account for the uncertainty in estimating the true BIRTH and PHD average years, whereas the prediction intervals account for the uncertainty inherited by a random future BIRTH or PHD year."
  },
  {
    "sec_id": "sec0015",
    "sentence": "Consequently, the prediction intervals are wider than the confidence intervals."
  },
  {
    "sec_id": "sec0015",
    "sentence": "Nonetheless, the prediction intervals are more appropriate for making statistical inference."
  },
  {
    "sec_id": "sec0015",
    "sentence": "The two simple linear models display a remarkable fit for the data on average BIRTH and PHD years, indicating a strong linear relationship between average BIRTH and PHD with YFP and, moreover, that YPF is a very good linear predictor of average BIRTH and PHD years."
  },
  {
    "sec_id": "sec0015",
    "sentence": "To quantify the goodness of fit, we explore some standard error measurements."
  },
  {
    "sec_id": "sec0015",
    "sentence": "Apart from R-squared, we report the residual standard error."
  },
  {
    "sec_id": "sec0015",
    "sentence": "The table below provides these statistics for the two models."
  },
  {
    "sec_id": "sec0015",
    "sentence": "Note the high values for R-squared[fn0015] in both average models."
  },
  {
    "sec_id": "sec0015",
    "sentence": "It can be concluded that 97% of the total variation is explained by the simple average BIRTH model, whereas 93% of the total variation is explained by the linear PHD model."
  },
  {
    "sec_id": "sec0015",
    "sentence": "Table 1."
  },
  {
    "sec_id": "sec0015",
    "sentence": "R-squared, adjusted R-squared and residual standard error for the BIRTH and PHD average model."
  },
  {
    "sec_id": "sec0015",
    "sentence": "It is well known that, in general, R-squared does not necessarily indicate a good fit of the linear model."
  },
  {
    "sec_id": "sec0015",
    "sentence": "With this respect, we quantify the goodness of fit by using the residual standard error ([tbl0005])."
  },
  {
    "sec_id": "sec0015",
    "sentence": "The residual standard error yields that the prediction of the average PhD year from the simple linear regression results, on average, in an error of about 1.2 years."
  },
  {
    "sec_id": "sec0015",
    "sentence": "For the average birth year, the error is about 0.5 years."
  },
  {
    "sec_id": "sec0015",
    "sentence": "Furthermore, if the residuals are approximately normal, then about 95% of the average birth years are in the range \u00b11\u00a0year (and the average PhD years are in the range \u00b12.4 years)."
  },
  {
    "sec_id": "sec0015",
    "sentence": "The residuals of the BIRTH model look approximately normal (see [fig0050] in [sec0070]).[fn0020] However, the residuals of the PHD model (see [fig0055] in [sec0070]) exhibit a long tail, hence the departure from normality."
  },
  {
    "sec_id": "sec0015",
    "sentence": "It has to be born in mind though that the models are fitted using a small number of observations (31 observations)."
  },
  {
    "sec_id": "sec0015",
    "sentence": "So far we have focused on the averages of BIRTH and PHD years."
  },
  {
    "sec_id": "sec0015",
    "sentence": "However, it would be of high interest to investigate how well do the average models describe the entire dataset at the observational level."
  },
  {
    "sec_id": "sec0015",
    "sentence": "That is, how well do the average models based on YFP predict the ages of the individual researchers in the analysis?"
  },
  {
    "sec_id": "sec0015",
    "sentence": "We report ([tbl0010]) the percentage of covered observations within the confidence and prediction intervals, as well as the average length (in years) of the confidence and prediction intervals."
  },
  {
    "sec_id": "sec0015",
    "sentence": "Table 2."
  },
  {
    "sec_id": "sec0015",
    "sentence": "Coverage percentage and average length intervals (in years) of the average models confidence and prediction intervals for individual observations."
  },
  {
    "sec_id": "sec0015",
    "sentence": "The coverage percentages are reported for the entire dataset (all) and for the observations in the interquartile range (IQR)."
  },
  {
    "sec_id": "sec0015",
    "sentence": "Firstly, we observe higher coverage percentages and corresponding smaller average length intervals for BIRTH model than for PHD model."
  },
  {
    "sec_id": "sec0015",
    "sentence": "Based on that, the average PHD model seems to cover, via the confidence and prediction intervals, twice as many researchers as the BIRTH model."
  },
  {
    "sec_id": "sec0015",
    "sentence": "The average intervals are twice as small for the BIRTH model than for the PHD model."
  },
  {
    "sec_id": "sec0015",
    "sentence": "Differently put, it seems that the first publication year (YFP) is a better linear predictor (in the average model) for academic age than for biological age."
  },
  {
    "sec_id": "sec0015",
    "sentence": "Finally, we have investigated how well do confidence and prediction intervals cover researchers within their specific interquantile range (IQR)."
  },
  {
    "sec_id": "sec0015",
    "sentence": "The IQR are determined for each distinct year of first publication, as depicted in [fig0010]."
  },
  {
    "sec_id": "sec0015",
    "sentence": "It is noteworthy that almost 80% of the observations within the IQR fall within the prediction intervals of the PHD average model."
  },
  {
    "sec_id": "sec0015",
    "sentence": "Nevertheless, the other percentages of coverage of prediction and confidence intervals are quite low (with less than 50% of all individual observations), indicating that the bounds obtained from the average model should be used with care for single observations."
  },
  {
    "sec_id": "sec0015",
    "sentence": "The main conclusion of previous section is that, in general, the promising results obtained in the average simple models should not be carelessly transferred for individual researchers."
  },
  {
    "sec_id": "sec0015",
    "sentence": "In this section we investigate how well do linear regression models work, when performed at the level of individual researchers."
  },
  {
    "sec_id": "sec0015",
    "sentence": "We will thus focus now on fitting linear regression models based on all observations (instead of averages)."
  },
  {
    "sec_id": "sec0015",
    "sentence": "We will consider simple linear regression models, with YFP as the independent variable for both BIRTH and PHD dependent variables."
  },
  {
    "sec_id": "sec0015",
    "sentence": "Moreover, we will explore whether other independent variables could also predict the BIRTH and PHD variables."
  },
  {
    "sec_id": "sec0015",
    "sentence": "Thus, we will consider all the variables presented in [tbl0045] (in the [sec0070]) and employ model selection techniques to choose the most influential independent variables for the prediction of the dependent variables."
  },
  {
    "sec_id": "sec0015",
    "sentence": "The standard procedure for the linear regression models is the stepwise regression selection (see, for example, [bib0040] and [bib0050]).",
    "intent": "background"
  },
  {
    "sec_id": "sec0015",
    "sentence": "The (stepwise) \u2018forward\u2019 selection starts with a model with no variables and adds at each step the independent variable that improves the model the most."
  },
  {
    "sec_id": "sec0015",
    "sentence": "The procedure terminates when no variable, if added, would improve the model."
  },
  {
    "sec_id": "sec0015",
    "sentence": "The (stepwise) \u2018backward\u2019 selection starts with the full model, when all independent variables are included and eliminates at each step the variable that, if deleted, would improve the model the most."
  },
  {
    "sec_id": "sec0015",
    "sentence": "The procedure is repeated until no improvement is possible."
  },
  {
    "sec_id": "sec0015",
    "sentence": "The stepwise \u2018both\u2019 procedure is a combination of the two previous methods, where, at each step, variables are either included or excluded in order to improve the model."
  },
  {
    "sec_id": "sec0015",
    "sentence": "The model improvement is measured with the Bayesian information criterion (BIC) and is indicated by low values of BIC."
  },
  {
    "sec_id": "sec0015",
    "sentence": "BIC is expressed in terms of the likelihood function of the model, as well as a penalty term that accounts for the number of independent variables and the number of observations."
  },
  {
    "sec_id": "sec0015",
    "sentence": "The penalty term precludes overfitting."
  },
  {
    "sec_id": "sec0015",
    "sentence": "The results of the stepwise regression selection and the BIC for the PHD and BIRTH models are provided in [tbl0015]."
  },
  {
    "sec_id": "sec0015",
    "sentence": "Table 3."
  },
  {
    "sec_id": "sec0015",
    "sentence": "Stepwise regression birth and PhD models using BIC criterion."
  },
  {
    "sec_id": "sec0015",
    "sentence": "Using stepwise forward regression gives that all 20 independent variables enter the PHD and BIRTH models."
  },
  {
    "sec_id": "sec0015",
    "sentence": "When using stepwise backward selection, the BIRTH model includes only 4 independent variables."
  },
  {
    "sec_id": "sec0015",
    "sentence": "According to this procedure, the most influential variables for the biological age are YFP, proportion of publications where the researcher is on the last position (PP_POS_LAST), the proportion of self-citations (PP_SELF_CITS), as well as PP_TOP_10."
  },
  {
    "sec_id": "sec0015",
    "sentence": "The PHD final model when using stepwise backward selection includes 10 independent variables."
  },
  {
    "sec_id": "sec0015",
    "sentence": "These variables include the predictors from the birth model, except PP_TOP_10, along with the references per publication (REFS_P), the proportion of publications that are articles (PP_ARTICLE), MCS and MNCS and the proportion of publications that were the result of (international) collaborations (PP_COLLAB and PP_INT_COLLAB)."
  },
  {
    "sec_id": "sec0015",
    "sentence": "The lowest BIC values are registered for the stepwise backward selection, indicating an improvement in the goodness-of-fit of the model by excluding 16 variables for the birth model and 10 variables for the PhD model."
  },
  {
    "sec_id": "sec0015",
    "sentence": "The results for stepwise backward and both selection coincide."
  },
  {
    "sec_id": "sec0015",
    "sentence": "We have also considered models that account for interactions between the independent variables."
  },
  {
    "sec_id": "sec0015",
    "sentence": "However, the model included all the independent variables, along with 45 other interaction terms between the independent variables."
  },
  {
    "sec_id": "sec0015",
    "sentence": "The model does not perform better in terms of BIC, residual standard error or adjusted R-squared."
  },
  {
    "sec_id": "sec0015",
    "sentence": "For this reason, we chose not to report models including interactions and restrict only to full models (when including all the independent variables) and models resulted from stepwise selection using backward elimination."
  },
  {
    "sec_id": "sec0015",
    "sentence": "Predictive power of the observation-based models."
  },
  {
    "sec_id": "sec0015",
    "sentence": "Considering all the previous models discussed, the question that arises now is, of course, which model can be considered the best in order to predict the real ages of researchers?"
  },
  {
    "sec_id": "sec0015",
    "sentence": "In order to answer this question, in this section we evaluate the models obtained via the chosen methods from a predictive point of view."
  },
  {
    "sec_id": "sec0015",
    "sentence": "In order to simplify the discussion, we consider the following BIRTH and PHD models:1)\u2018Full model\u2019, containing all the 20 independent bibliometric variables;2)\u2018Simple model\u2019, that is the model with YFP as its unique independent variable (predictor)3)\u2018Backward model\u2019, this is the model based on the stepwise backward elimination."
  },
  {
    "sec_id": "sec0015",
    "sentence": "\u2018Full model\u2019, containing all the 20 independent bibliometric variables;"
  },
  {
    "sec_id": "sec0015",
    "sentence": "\u2018Simple model\u2019, that is the model with YFP as its unique independent variable (predictor)"
  },
  {
    "sec_id": "sec0015",
    "sentence": "\u2018Backward model\u2019, this is the model based on the stepwise backward elimination."
  },
  {
    "sec_id": "sec0015",
    "sentence": "We first analyse the models according to how well they describe the data, by reporting R-squared and adjusted R-squared, that corrects for the number of independent variables."
  },
  {
    "sec_id": "sec0015",
    "sentence": "The aim, however, is to quantify the predictive power of the three linear regression models."
  },
  {
    "sec_id": "sec0015",
    "sentence": "With this respect, we employ the predicted residual sum of squares (PRESS) statistics, also known as the P-square ([bib0005]).",
    "intent": "uses"
  },
  {
    "sec_id": "sec0015",
    "sentence": "The PRESS statistic performs cross-validation and the residual sum of squares is computed by fitting the model for a subset of all the observations (a sample)."
  },
  {
    "sec_id": "sec0015",
    "sentence": "Then it is calculated if the model is predicting well the observations out of the sample, thus considering the squares of all the prediction errors."
  },
  {
    "sec_id": "sec0015",
    "sentence": "The smaller the PRESS statistics, the higher the predictive power."
  },
  {
    "sec_id": "sec0015",
    "sentence": "Thus, checking the predictive power of the model constitutes a validity check for the models as well."
  },
  {
    "sec_id": "sec0015",
    "sentence": "Results containing the R-squared, adjusted R-squared, Residual Standard Error and BIC and PRESS statistics are presented in [tbl0020]."
  },
  {
    "sec_id": "sec0015",
    "sentence": "Table 4."
  },
  {
    "sec_id": "sec0015",
    "sentence": "Goodness-of-fit statistics and predictive analysis for BIRTH and PHD proposed models."
  },
  {
    "sec_id": "sec0015",
    "sentence": "For all our 6 models, the differences between R-squared and adjusted R-squared are small, indicating that correcting for the number of variables does not reduce the percentage of variation explained by the linear model."
  },
  {
    "sec_id": "sec0015",
    "sentence": "The differences between the R-squared values in all models is also small."
  },
  {
    "sec_id": "sec0015",
    "sentence": "Minor differences are noted for the residual standard errors as well."
  },
  {
    "sec_id": "sec0015",
    "sentence": "In comparison with average models (see [tbl0005]), the results are modest, for all models."
  },
  {
    "sec_id": "sec0015",
    "sentence": "In terms of predictive power, we observe that, in general, BIRTH models have higher predictive power (lower PRESS values) than the PHD models."
  },
  {
    "sec_id": "sec0015",
    "sentence": "The best predictive models are those resulted from performing stepwise backward regression."
  },
  {
    "sec_id": "sec0015",
    "sentence": "Therefore, reducing the number of variables from 20 to 4 in the BIRTH model and to 10 in the PHD model results in an increase in the predictive power."
  },
  {
    "sec_id": "sec0015",
    "sentence": "Even though the simple models have the lowest predictive power, the increase in predictive power of the other models is modest."
  },
  {
    "sec_id": "sec0015",
    "sentence": "Differently put, reducing the models to the simple linear regression (with YFP as the independent variable) results in a decrease of less than 2% in the predictive power for the BIRTH model and less than 4% for the PHD model."
  },
  {
    "sec_id": "sec0015",
    "sentence": "To quantify the predictive error, we use the results of the residual standard error."
  },
  {
    "sec_id": "sec0015",
    "sentence": "Again, the differences are very small between the three models."
  },
  {
    "sec_id": "sec0015",
    "sentence": "The lowest predictive error is observed for the models resulted from stepwise backward elimination and the full models."
  },
  {
    "sec_id": "sec0015",
    "sentence": "Predicting BIRTH years when using the simple linear regression model results in an error of about 3.7 years, while predicting PHD years when using simple linear regression results in an error of about 3.9. This error is much higher than the error obtained for the simple average models, indicating that prediction errors significantly increase when considering individual observations."
  },
  {
    "sec_id": "sec0015",
    "sentence": "When comparing the backward model with the simple model, the decrease in the prediction error is 0.02 for the BIRTH models and 0."
  },
  {
    "sec_id": "sec0015",
    "sentence": "09 for the PHD models, suggesting once more that adding more variables amounts in a slight reduction of the prediction error."
  },
  {
    "sec_id": "sec0015",
    "sentence": "The results obtained so far support the idea that YFP is the single best linear predictor of BIRTH and PHD ages of scholars."
  },
  {
    "sec_id": "sec0015",
    "sentence": "Accounting for other information marginally increases the performance of the linear models."
  },
  {
    "sec_id": "sec0015",
    "sentence": "To further validate this conclusion, in this section we investigate the performance of the simple linear regression models (based only on YFP) by splitting the dataset randomly in 2 dataset (A and B).[fn0025] Dataset A contains 2500 observations, whereas dataset B contains the remaining 970 observations."
  },
  {
    "sec_id": "sec0015",
    "sentence": "We fit the simple linear models on A and check how many observations in dataset B are covered by the confidence and prediction bounds obtained from fitting the model on the training set A."
  },
  {
    "sec_id": "sec0015",
    "sentence": "We also compute the average length for the confidence and prediction intervals."
  },
  {
    "sec_id": "sec0015",
    "sentence": "We repeat this procedure 1000 times and average the obtained coverage percentages."
  },
  {
    "sec_id": "sec0015",
    "sentence": "The results are provided in [tbl0025]."
  },
  {
    "sec_id": "sec0015",
    "sentence": "Table 5."
  },
  {
    "sec_id": "sec0015",
    "sentence": "Confidence and prediction average coverage percentages (CP) of observations in the test set (B) for 1000 runs for BIRTH and PHD models fitted on the training set (A)."
  },
  {
    "sec_id": "sec0015",
    "sentence": "The average length (AL) of the confidence and prediction intervals."
  },
  {
    "sec_id": "sec0015",
    "sentence": "The results indicate that the simple linear BIRTH and PhD models based on YFP can accurately predict, on average, more than 95% of researcher\u2019s birth and PhD years."
  },
  {
    "sec_id": "sec0015",
    "sentence": "This coverage is achieved by the prediction intervals, that have, in turn, an average length of around 7 years for the BIRTH model and more than 7.5 years for the PHD model."
  },
  {
    "sec_id": "sec0015",
    "sentence": "The confidence intervals are very small, on average, of around 3 months, and therefore lead to poor coverage percentages."
  },
  {
    "sec_id": "sec0015",
    "sentence": "Despite the somewhat larger prediction intervals, the PHD years in the test dataset are slightly less covered."
  },
  {
    "sec_id": "sec0015",
    "sentence": "As mentioned beforehand, the high coverage percentages are due to the large prediction intervals, whereas the small confidence intervals lead to very small coverage percentages."
  },
  {
    "sec_id": "sec0035",
    "sentence": "As mentioned before (see Methodology section), the researchers in our dataset are assigned to 9 fields (divisions)."
  },
  {
    "sec_id": "sec0035",
    "sentence": "The fields, as well as the distribution of researchers over each field can be found in [tbl0050] in the [sec0070]."
  },
  {
    "sec_id": "sec0035",
    "sentence": "Most of the researchers are assigned to the \u201cSciences\u201d, \u201cBasic Medical Sciences\u201d and \u201cEngineering\u201d fields."
  },
  {
    "sec_id": "sec0035",
    "sentence": "The correlation plots in [fig0025] depict graphically the differences in correlations among all 9 fields."
  },
  {
    "sec_id": "sec0035",
    "sentence": "Some of the obvious correlations previously observed in [fig0005] are also observed across fields."
  },
  {
    "sec_id": "sec0035",
    "sentence": "The most important similarity is that the correlation between the age variables (BIRTH and PHD) and YFP is high across all fields."
  },
  {
    "sec_id": "sec0035",
    "sentence": "An exception to the previously observed strong correlation between MNCS and PP_TOP_10 is that this is not observed in fields such as \u201cSocial Sciences\u201d, \u201cHumanities\u201d, \u201cEducation\u201d and \u201cNon-health professional\u201d, which is likely a consequence of the lower applicability of citation analysis to those disciplines."
  },
  {
    "sec_id": "sec0035",
    "sentence": "Following the analysis for the entire dataset, [fig0030] depicts the distribution of BIRTH years over the YFP for all the fields in the analysis."
  },
  {
    "sec_id": "sec0035",
    "sentence": "In general, the boxplots for 7 of the 9 fields look quite similarly; showing a strong relationship BIRTH and YFP."
  },
  {
    "sec_id": "sec0035",
    "sentence": "The distortions in the boxplots for \u201cEducation\u201d and \u201cNon-health professional\u201d are produced by the small number of observations in those fields."
  },
  {
    "sec_id": "sec0035",
    "sentence": "The variability of the data is evident for most of the fields via the whiskers of the boxplots."
  },
  {
    "sec_id": "sec0035",
    "sentence": "In \u201cBasic Medical Sciences\u201d, \u201cEngineering\u201d and \u201cSciences\u201d especially, it is notable that researchers born in 1960 have their first publication as late as 2006."
  },
  {
    "sec_id": "sec0035",
    "sentence": "[fig0035] presents the boxplots of PHD years with respect to YFP."
  },
  {
    "sec_id": "sec0035",
    "sentence": "Once again, all graphs have a quite similar pattern, with increasing trends in PhD years, although some fields seem to have more stable patterns (e.g. \u201cEngineering\u201d, \u201cSciences\u201d, \u201cSocial Sciences\u201d or \u201cHealth Sciences\u201d), while others have more unstable patterns (e.g. \u201cNon-Health Professional\u201d and \u201cEducation\u201d)."
  },
  {
    "sec_id": "sec0035",
    "sentence": "The unstable patterns are mainly caused by the low number of observations in those fields."
  },
  {
    "sec_id": "sec0035",
    "sentence": "For each distinct year of first publication and field, we can considered the average BIRTH and PHD years of researchers."
  },
  {
    "sec_id": "sec0035",
    "sentence": "The simple linear regression models have been fitted to the data and the resulting fit, along with confidence and prediction bounds are included in [fig0040]."
  },
  {
    "sec_id": "sec0035",
    "sentence": "All in all, the linear pattern is noticeable across all fields considered."
  },
  {
    "sec_id": "sec0035",
    "sentence": "The simple average BIRTH models exhibit a very good fit in \u201cBasic Medical Sciences\u201d, \u201cEngineering\u201d, \u201cSciences\u201d, \u201cSocial Sciences\u201d and \u201cHumanities\u201d."
  },
  {
    "sec_id": "sec0035",
    "sentence": "Despite higher variations captured by larger confidence and prediction bounds, a linear pattern is also perceptible for \u201cBusiness & Management\u201d, as well as for \u201cHealth Sciences\u201d."
  },
  {
    "sec_id": "sec0035",
    "sentence": "Only for \u201cEducation\u201d and \u201cNon-Health Professional\u201d, the linear average model does not really fit the data very well."
  },
  {
    "sec_id": "sec0035",
    "sentence": "Once again, we should bear in mind the low number of observations used to fit the models."
  },
  {
    "sec_id": "sec0035",
    "sentence": "The graphical representation for the PHD simple average models for all fields is included in [fig0045]."
  },
  {
    "sec_id": "sec0035",
    "sentence": "In general, patterns are comparable to the overall BIRTH average models."
  },
  {
    "sec_id": "sec0035",
    "sentence": "Similar as to the overall analysis, we compute the coverage percentages of the average BIRTH and PHD model for the individual researchers in the analysis, corresponding to each field."
  },
  {
    "sec_id": "sec0035",
    "sentence": "Results are provided only for the prediction intervals, in the [tbl0030] below."
  },
  {
    "sec_id": "sec0035",
    "sentence": "Table 6."
  },
  {
    "sec_id": "sec0035",
    "sentence": "Coverage percentage and average length intervals (in years) of the average models prediction intervals for individual observations, for all fields."
  },
  {
    "sec_id": "sec0035",
    "sentence": "The number of researchers, for each field, is provided in brackets."
  },
  {
    "sec_id": "sec0035",
    "sentence": "The coverage percentages are reported for the entire dataset (all) and for the observations in the interquartile range (IQR)."
  },
  {
    "sec_id": "sec0035",
    "sentence": "An important observation regards the small percentage of covered observations for researchers in the \u201cScience\u201d field, with less than 25% of covered observations by the prediction interval of the BIRTH model and less than 40% of observations covered by the prediction bounds of the PHD model."
  },
  {
    "sec_id": "sec0035",
    "sentence": "This result is caused by the very good fit of the average models in this field."
  },
  {
    "sec_id": "sec0035",
    "sentence": "Obviously, the smaller the average length of the prediction intervals, the smaller the percentage of the observations covered by the prediction intervals."
  },
  {
    "sec_id": "sec0035",
    "sentence": "The good fit yields narrow prediction bounds, which in turn, do not cover many of the observations."
  },
  {
    "sec_id": "sec0035",
    "sentence": "Concluding, the very small percentages in Science are explained by the very narrow prediction intervals."
  },
  {
    "sec_id": "sec0035",
    "sentence": "Reversely, the poor fit of the average models for Education and Non-Health fields generate wide prediction bounds which include many individual observations."
  },
  {
    "sec_id": "sec0035",
    "sentence": "The results also indicate high coverage percentages for observations within the IQR."
  },
  {
    "sec_id": "sec0035",
    "sentence": "Except for \u201cBusiness and Management\u201d and \u201cHumanities\u201d, the coverage probabilities for the PHD model are higher than for the BIRTH model."
  },
  {
    "sec_id": "sec0035",
    "sentence": "When comparing results with the overall analysis ([tbl0010]), we observe that the CP for the BIRTH models in the fields of \u201cBasic Medical Sciences\u201d and \u201cSciences\u201d are the closest with the overall result."
  },
  {
    "sec_id": "sec0035",
    "sentence": "This is not surprising, since the two fields are the largest in the study, hence influencing the most the results."
  },
  {
    "sec_id": "sec0035",
    "sentence": "Similar to the overall analysis, we can fairly conclude that, while the average models are performing reasonably well in fitting the data at the field level, the results again should not be transferred to the individual observations, as the dispersion of the data indicate a bad fitting for the overall set of individuals."
  },
  {
    "sec_id": "sec0035",
    "sentence": "Analogous to the overall analysis, linear models for individual researchers need to be accounted."
  },
  {
    "sec_id": "sec0035",
    "sentence": "We apply the stepwise selection to identify the most important variables in predicting the BIRTH and PHD ages of the scholars belonging to the different fields."
  },
  {
    "sec_id": "sec0035",
    "sentence": "For all fields, the backward selection yields the lowest values for BIC, just as for the overall analysis."
  },
  {
    "sec_id": "sec0035",
    "sentence": "[tbl0035] presents the results of the stepwise backward model selection approach by fields."
  },
  {
    "sec_id": "sec0035",
    "sentence": "Table 7."
  },
  {
    "sec_id": "sec0035",
    "sentence": "Models resulting from the stepwise selection using backward elimination."
  },
  {
    "sec_id": "sec0035",
    "sentence": "The most important result of [tbl0035] is that in all fields the YFP is systematically selected as a linear predictor of both the BIRTH and PHD ages of the researchers."
  },
  {
    "sec_id": "sec0035",
    "sentence": "Actually, for some fields (e.g. \u201cBusiness & management\u201d and \u201cHumanities\u201d) YFP was selected as the only predictor."
  },
  {
    "sec_id": "sec0035",
    "sentence": "Some other predictors that are relevant are the those related with the positions of the authors (i.e. PP_POS_FIRST or PP_POS_LAST), the proportion of self-citations (PP_SELF_CITS), the total number of authors (AUTHS) or the number of publications (P), among others."
  },
  {
    "sec_id": "sec0035",
    "sentence": "Similar to the overall analysis, three models have been considered for each field."
  },
  {
    "sec_id": "sec0035",
    "sentence": "The \u2018simple model\u2019 uses YFP as the single independent variable, whereas the \u2018full model\u2019 uses all the independent variables in [tbl0045] in the [sec0070]."
  },
  {
    "sec_id": "sec0035",
    "sentence": "The \u2018backward model\u2019 considers independent variables via stepwise selection using backward elimination, as specified in [tbl0035]."
  },
  {
    "sec_id": "sec0035",
    "sentence": "These three linear regression models are investigated with respect to the goodness-of-fit and predictive power."
  },
  {
    "sec_id": "sec0035",
    "sentence": "Table A3 in the [sec0070] provides the statistics."
  },
  {
    "sec_id": "sec0035",
    "sentence": "The models in all fields register low R-squared values, where only models in the field of \u201cEducation\u201d have an R-squared higher than 0.5. Adjusting for the number of predictors does not influence the goodness-of-fit, in general, given the relative minor differences between the R-squared and adjusted R-squared."
  },
  {
    "sec_id": "sec0035",
    "sentence": "Nonetheless, the \u2018full models\u2019 in \u201cEducation\u201d and \u201cNon-Health Sciences\u201d register a big difference between the two measures."
  },
  {
    "sec_id": "sec0035",
    "sentence": "Overall, the PHD models seem to fit the data better than the BIRTH models."
  },
  {
    "sec_id": "sec0035",
    "sentence": "The exception is given by the field of \u201cBasic Medical Sciences\u201d."
  },
  {
    "sec_id": "sec0035",
    "sentence": "An interesting observation regards the field of \u201cEducation\u201d, with a very poor fit of the BIRTH \u2018backward model\u2019 and very good fit of the PHD \u2018backward model\u2019."
  },
  {
    "sec_id": "sec0035",
    "sentence": "In terms of prediction, we conclude that the \u2018backward models\u2019 ensure the highest predictive power, as the PRESS statistics are higher for the \u2018backward model\u2019 than for the other models, consistently throughout the fields."
  },
  {
    "sec_id": "sec0035",
    "sentence": "Furthermore, the BIRTH \u2018backward model\u2019 gives better predictions than PHD \u2018backward model\u2019 in the field of \u201cBasic Medical Sciences\u201d and \u201cHumanities\u201d."
  },
  {
    "sec_id": "sec0035",
    "sentence": "In all other fields, it seems that PHD is better predicted than BIRTH."
  },
  {
    "sec_id": "sec0035",
    "sentence": "Interestingly, the results indicate that BIRTH and PHD \u2018simple models\u2019 in most fields have higher predictive power than the \u2018full models\u2019."
  },
  {
    "sec_id": "sec0035",
    "sentence": "\u201cBasic Medical Sciences\u201d, \u201cEngineering\u201d (for BIRTH only), \u201cSciences\u201d and \u201cBasic Medical Sciences\u201d are the only fields where the \u2018full models\u2019 register higher PRESS statistics than the \u2018simple models\u2019."
  },
  {
    "sec_id": "sec0035",
    "sentence": "The differences are, in general, minor, and lead to small improvements in the predictive power."
  },
  {
    "sec_id": "sec0035",
    "sentence": "Finally, we have investigated how much of the predictive power is lost when choosing the \u2018simple model\u2019 over the \u2018backward model\u2019."
  },
  {
    "sec_id": "sec0035",
    "sentence": "The smallest difference is registered for the field of \u201cSocial Sciences\u201d, with 3.3% decrease in the PRESS statistic for BIRTH and 2.3% for PHD."
  },
  {
    "sec_id": "sec0035",
    "sentence": "The highest loss is registered in the field of \u201cEducation\u201d, where the PRESS increases with almost 25% for BIRTH and 55% for PHD when using the \u2018simple model\u2019 instead of the \u2018backward model\u2019."
  },
  {
    "sec_id": "sec0035",
    "sentence": "Once again, we stress that these results are also influenced by the small number of observations within the field of \u201cEducation\u201d."
  },
  {
    "sec_id": "sec0035",
    "sentence": "For the other fields, the loss is lower than 10%."
  },
  {
    "sec_id": "sec0035",
    "sentence": "We conclude our analysis by repeating the validation procedure for the \u2018simple models\u2019 in all fields of analysis."
  },
  {
    "sec_id": "sec0035",
    "sentence": "The datasets are split into the training set A, that accounts for approximately 70%-75% of the entire dataset, and the test set B, that includes the remaining observations."
  },
  {
    "sec_id": "sec0035",
    "sentence": "The same validation procedure has been applied as for the overall analysis."
  },
  {
    "sec_id": "sec0035",
    "sentence": "The results for all fields is presented in [tbl0040] below."
  },
  {
    "sec_id": "sec0035",
    "sentence": "Table 8."
  },
  {
    "sec_id": "sec0035",
    "sentence": "Prediction average coverage percentages (CP) of observations in the test set (B) for 1000 runs for BIRTH and PHD models fitted on the training set (A)."
  },
  {
    "sec_id": "sec0035",
    "sentence": "The average length (AL) of the prediction intervals."
  },
  {
    "sec_id": "sec0035",
    "sentence": "Similar to the overall analysis, the coverage probabilities (CP) are quite encouraging."
  },
  {
    "sec_id": "sec0035",
    "sentence": "The lower values of CP are obtained for fields with few researchers, i.e. \u201cNon-Health Sciences\u201d and \u201cEducation\u201d."
  },
  {
    "sec_id": "sec0035",
    "sentence": "Nonetheless, all coverage probabilities are above 92%."
  },
  {
    "sec_id": "sec0035",
    "sentence": "A very useful insight is provided with the average length of prediction intervals, which varies greatly among fields."
  },
  {
    "sec_id": "sec0035",
    "sentence": "The field of \u201cSciences\u201d yields, on average, the smallest prediction intervals, whereas for the fields of \u201cEducation\u201d and \u201cNon-Health Sciences\u201d, the average prediction intervals for BIRTH are larger than 7 years and for PHD larger than 9 years."
  },
  {
    "sec_id": "sec0035",
    "sentence": "It is quite remarkable that YFP, as a single linear predictor, provides very good coverage probabilities, as well as an average length of around 3 years for BIRTH in the field of \u201cBasic Medical Sciences\u201d and \u201cSciences\u201d."
  },
  {
    "sec_id": "sec0035",
    "sentence": "In fact, for the field of \u201cSciences\u201d, YFP seem to be quite accurate as a single linear predictor."
  },
  {
    "sec_id": "sec0035",
    "sentence": "Concluding, the results for the fields of \u201cBasic Medical Sciences\u201d, \u201cEngineering\u201d, \u201cSciences\u201d and even \u201cSocial Sciences\u201d seem more promising than the overall results (see [tbl0025])."
  },
  {
    "sec_id": "sec0060",
    "sentence": "Bibliometric indicators are a rich source of information about the behaviour and characteristics of the individuals that produce new scientific knowledge."
  },
  {
    "sec_id": "sec0060",
    "sentence": "Elements like names, affiliations or roles of scholars in papers provide valuable information on the stratification and organization of research."
  },
  {
    "sec_id": "sec0060",
    "sentence": "Among those, age has been shown to be a key variable ([bib0025], [bib0035]; [bib0060], [bib0070]).",
    "intent": "background"
  },
  {
    "sec_id": "sec0060",
    "sentence": "This variable of information is also important for the normalization of indicators at the individual research level (cf."
  },
  {
    "sec_id": "sec0060",
    "sentence": "([bib0095])).",
    "intent": "background"
  },
  {
    "sec_id": "sec0060",
    "sentence": "As age is not indexed in bibliometric databases, nor easily available at a large-scale, the year of first publication has generally been considered to be the best proxy for it."
  },
  {
    "sec_id": "sec0060",
    "sentence": "However, the accuracy and validity of such variable had not been tested."
  },
  {
    "sec_id": "sec0060",
    "sentence": "This paper provided such as test, and considered the possibility of combining other bibliometric variables to increase the capability of the YFP to approximate the real ages of the scholars."
  },
  {
    "sec_id": "sec0060",
    "sentence": "Our analysis has shown that indeed the year of first publication is the best indicator of the actual age of scholars, when employing linear regression models."
  },
  {
    "sec_id": "sec0060",
    "sentence": "This is particularly true when we work with average values."
  },
  {
    "sec_id": "sec0060",
    "sentence": "Thus the YFP works particularly well when working with large sets of scholars and the interest of working with their ages is considered from a global (and \u2018averaged\u2019 point of view)."
  },
  {
    "sec_id": "sec0060",
    "sentence": "This conclusion also holds when working with scholars from different disciplinary origins."
  },
  {
    "sec_id": "sec0060",
    "sentence": "However, when one wants to predict the ages of a specific set of individuals (e.g. at the individual observation level), the model becomes more problematic, as the dispersion of the cases leads to high uncertainties and low coverage of individuals."
  },
  {
    "sec_id": "sec0060",
    "sentence": "An important conclusion from this study is that the YFP is, in all cases, the most important linear predictor, and the inclusion of other variables (e.g. including those variables that have a stronger relationship with career and academic rank of researchers, such as the position of the authors in the by-line of the papers, their output or the accumulated number of collaborators) does not add a substantial improvement."
  },
  {
    "sec_id": "sec0060",
    "sentence": "In conclusion, the year of first publication is the best single linear estimator of the ages of individual researchers."
  },
  {
    "sec_id": "sec0060",
    "sentence": "Its application and use at the average level and considering ample groups of scholars can be considered as valid."
  },
  {
    "sec_id": "sec0060",
    "sentence": "However, its predictive power at the individual observational case is relatively limited, especially in some fields."
  },
  {
    "sec_id": "sec0060",
    "sentence": "It has to be borne in mind though that for observations within the IQR, the coverage probability are consistently higher."
  },
  {
    "sec_id": "sec0060",
    "sentence": "Moreover, these observations represent researchers that are, in fact, among the most policy relevant individuals."
  },
  {
    "sec_id": "sec0060",
    "sentence": "Finally, we highlight some of the limitations of this study and we point to future research in order to expand this research line:\u2013We have worked only with researchers from Quebec as a golden set."
  },
  {
    "sec_id": "sec0060",
    "sentence": "Although we believe that this set has some representative global value, future research will need to consider a more international golden set, in order to incorporate the potential specific differences across countries in the estimation of age values based on bibliometric indicators.\u2013The YFP has been determined using Web of Science, however the consideration and combination of other bibliographic database could help to more accurately calculate the debut year of the scholars (e.g. Conference proceedings, Scopus, Google Scholar or repositories).\u2013We haven\u2019t studied the effect of other individual aspects such as gender or country of origin in our predictions.\u2013This analysis only explored the linear combination of the bibliometric date in predicting the ages of researchers."
  },
  {
    "sec_id": "sec0060",
    "sentence": "It is desirable to consider more general models, which might incorporate the existing dependencies in the dataset."
  },
  {
    "sec_id": "sec0060",
    "sentence": "Ideally, the methods would reduce the uncertainty in our predictions."
  },
  {
    "sec_id": "sec0060",
    "sentence": "We have worked only with researchers from Quebec as a golden set."
  },
  {
    "sec_id": "sec0060",
    "sentence": "Although we believe that this set has some representative global value, future research will need to consider a more international golden set, in order to incorporate the potential specific differences across countries in the estimation of age values based on bibliometric indicators."
  },
  {
    "sec_id": "sec0060",
    "sentence": "The YFP has been determined using Web of Science, however the consideration and combination of other bibliographic database could help to more accurately calculate the debut year of the scholars (e.g. Conference proceedings, Scopus, Google Scholar or repositories)."
  },
  {
    "sec_id": "sec0060",
    "sentence": "We haven\u2019t studied the effect of other individual aspects such as gender or country of origin in our predictions."
  },
  {
    "sec_id": "sec0060",
    "sentence": "This analysis only explored the linear combination of the bibliometric date in predicting the ages of researchers."
  },
  {
    "sec_id": "sec0060",
    "sentence": "It is desirable to consider more general models, which might incorporate the existing dependencies in the dataset."
  },
  {
    "sec_id": "sec0060",
    "sentence": "Ideally, the methods would reduce the uncertainty in our predictions."
  },
  {
    "sec_id": "sec0065",
    "sentence": "Gabriela F."
  },
  {
    "sec_id": "sec0065",
    "sentence": "Nane: Conceived and designed the analysis, performed the analysis, wrote the paper."
  },
  {
    "sec_id": "sec0065",
    "sentence": "Vincent Lariviere: Conceived and designed the analysis, collected the data."
  },
  {
    "sec_id": "sec0065",
    "sentence": "Rodrigo Costas: Conceived and designed the analysis, contributed data or analysis tools, performed the analysis, wrote the paper."
  },
  {
    "sec_id": "sec0070",
    "sentence": ""
  },
  {
    "sec_id": "sec0070",
    "sentence": "Table A1."
  },
  {
    "sec_id": "sec0070",
    "sentence": "Variables used in the models and description."
  },
  {
    "sec_id": "sec0070",
    "sentence": "Letters in brackets are used for the correlation plots."
  },
  {
    "sec_id": "sec0070",
    "sentence": "Table A2."
  },
  {
    "sec_id": "sec0070",
    "sentence": "Distribution of researchers in the dataset over the 9 fields (divisions)."
  },
  {
    "sec_id": "sec0070",
    "sentence": "Table A3."
  },
  {
    "sec_id": "sec0070",
    "sentence": "Goodness-of-fit statistics and predictive analysis for BIRTH and PHD proposed models for fields."
  }
]