[
  {
    "sec_id": "sec0005",
    "sentence": "\u201cDiscovery increasingly requires the expertise of individuals with different perspectives\u2014from different disciplines and often from different nations\u2014working together to accommodate the extraordinary complexity of today's science and engineering challenges.\u201d ([bib0290])",
    "intent": "background"
  },
  {
    "sec_id": "sec0005",
    "sentence": "\u201cDiscovery increasingly requires the expertise of individuals with different perspectives\u2014from different disciplines and often from different nations\u2014working together to accommodate the extraordinary complexity of today's science and engineering challenges.\u201d ([bib0290])",
    "intent": "background"
  },
  {
    "sec_id": "sec0005",
    "sentence": "There is a growing recognition of the importance of interdisciplinary teams in addressing contemporary societal and scientific challenges."
  },
  {
    "sec_id": "sec0005",
    "sentence": "Such teams bring together scientists from diverse fields ([bib0260]) to create a common understanding of issues ([bib0140], [bib0195], [bib0380]) \u201cwhose solutions are beyond the scope of a single discipline or area of research practice\u201d ([bib0285], p.",
    "intent": "background"
  },
  {
    "sec_id": "sec0005",
    "sentence": "26)."
  },
  {
    "sec_id": "sec0005",
    "sentence": "While interdisciplinary scientific teams share some similarities to traditional teams, they operate in a more complex environment ([bib0215]).",
    "intent": "background"
  },
  {
    "sec_id": "sec0005",
    "sentence": "Specifically, these teams are established to solve complex problems that homogenous or cohesive teams, which are traditional for individual disciplines, cannot ([bib0420]).",
    "intent": "background"
  },
  {
    "sec_id": "sec0005",
    "sentence": "The increasing importance of interdisciplinary teams in science has prompted scholars to investigate the key factors behind effective collaboration among such team members ([bib0095], [bib0310], [bib0350]).",
    "intent": "background"
  },
  {
    "sec_id": "sec0005",
    "sentence": "This research showed how interdisciplinary scientific teams benefit from understanding the importance of collaboration networks and proposed ways to efficiently collaborate within and across university boundaries ([bib0085]).",
    "intent": "background uses"
  },
  {
    "sec_id": "sec0005",
    "sentence": "Research has also demonstrated that team collaborations yielded publications with a higher intellectual impact than single researchers did ([bib0415]).",
    "intent": "background"
  },
  {
    "sec_id": "sec0005",
    "sentence": "And yet, consistently assembling teams that produce significant knowledge is a daunting task, for intellectual as well as logistic and technical reasons."
  },
  {
    "sec_id": "sec0005",
    "sentence": "As a result, while people form teams all the time, they often do so in a suboptimal manner, negatively impacting the scientific enterprise."
  },
  {
    "sec_id": "sec0005",
    "sentence": "Therefore, there is clearly a need for an understanding of how interdisciplinary scientific teams form and how they can be \u201coptimized for the knowledge and skills required for the science to be conducted\u201d ([bib0050]).",
    "intent": "motivation background"
  },
  {
    "sec_id": "sec0005",
    "sentence": "Understanding the assembly of interdisciplinary scientific teams and the drivers affecting their success is important for at least two reasons."
  },
  {
    "sec_id": "sec0005",
    "sentence": "First, many teams in the workplace today are ad-hoc, agile, distributed, and transient entities, as they emerge from a larger primordial network of relationships within virtual communities."
  },
  {
    "sec_id": "sec0005",
    "sentence": "These teams are formed of researchers that made individual decisions on whether to collaborate or not."
  },
  {
    "sec_id": "sec0005",
    "sentence": "The scientific enterprise is one of the areas where this trend is particularly noteworthy ([bib0045]).",
    "intent": "background"
  },
  {
    "sec_id": "sec0005",
    "sentence": "Therefore, interdisciplinary collaboration provides an appropriate context to study team formation and to understand individuals\u2019 motivations to choose team members and engage in team work."
  },
  {
    "sec_id": "sec0005",
    "sentence": "Second, interdisciplinary scientific teams also incorporate specialized expertise, concepts, and diverse methodological and theoretical approaches ([bib0285]).",
    "intent": "background"
  },
  {
    "sec_id": "sec0005",
    "sentence": "This requirement produces extreme heterogeneity across many attributes of an interdisciplinary team."
  },
  {
    "sec_id": "sec0005",
    "sentence": "And yet, these interdisciplinary teams must utilize the heterogeneous attributes of their members to successfully accomplish their goals ([bib0050]).",
    "intent": "background"
  },
  {
    "sec_id": "sec0005",
    "sentence": "Therefore, such teams serve as an excellent context to study the mechanisms that drive the formation of successful teams where members need to possess specialized and diverse expertise."
  },
  {
    "sec_id": "sec0005",
    "sentence": "As we mentioned, prior research mostly examined the factors affecting team effectiveness without considering how these teams were formed in the first place ([bib0010], [bib0135]).",
    "intent": "background"
  },
  {
    "sec_id": "sec0005",
    "sentence": "Our study seeks to advance our understanding of team assembly processes."
  },
  {
    "sec_id": "sec0005",
    "sentence": "We believe this area of scholarly inquiry is especially important given the freedom individuals have in choosing team members and given the diverse and specialized expertise needed to successfully accomplish their goals."
  },
  {
    "sec_id": "sec0005",
    "sentence": "We draw upon theories on the formation of social networks ([bib0075]), their extensions to the assembly of teams ([bib0070]) as well as the more extensive research on groups and teams ([bib0240]) to examine the factors leading to assembly of interdisciplinary scientific teams in general and successful collaborations in particular.",
    "intent": "uses"
  },
  {
    "sec_id": "sec0005",
    "sentence": "Our hypotheses build on these theories to predict how individual level factors (i.e., gender, tenure, and university affiliation) and relational factors (i.e. prior collaboration and citation relationships) influence the formation of interdisciplinary scientific teams and to identify the factors influencing team success."
  },
  {
    "sec_id": "sec0005",
    "sentence": "We conclude with implications of our findings to research and policy on interdisciplinary scientific collaboration."
  },
  {
    "sec_id": "sec0010",
    "sentence": "[bib0285] defines interdisciplinary research as \u201ca mode of research by teams or individuals that integrates information, data, techniques, tools, perspectives, concepts, and/or theories from two or more disciplines or bodies of specialized knowledge to advance fundamental understanding or to solve problems whose solutions are beyond the scope of a single discipline or area of research practice.\u201d While this definition refers to both teams and individuals, [bib0095] stressed the importance of the concept of the \u201cteam\u201d in interdisciplinary research by emphasizing that interdisciplinary research is in fact team research because \u201cit is infeasible to conduct interdisciplinary research independently.\u201d Scientific interdisciplinary teams are made-up of scientists from diverse disciplines that are brought together to create a common understanding of complex issues or problems ([bib0140], [bib0380]).",
    "intent": "background"
  },
  {
    "sec_id": "sec0010",
    "sentence": "The interdisciplinary scientific teams have only recently emerged as a distinct area of research."
  },
  {
    "sec_id": "sec0010",
    "sentence": "The few studies of interdisciplinary collaboration conducted thus far emphasize the importance of leadership, trust, and communication ([bib0095]), the need for time to develop common ground ([bib0305]), and the greater significance of individual characteristics over organizational factors in determining the shape of interdisciplinary networks ([bib0320], [bib0325]).",
    "intent": "background"
  },
  {
    "sec_id": "sec0010",
    "sentence": "More recently, scholars have examined the issue of distributed versus collocated collaboration in scientific research."
  },
  {
    "sec_id": "sec0010",
    "sentence": "Jones and colleagues showed that, while multi-university collaborations represent the fastest growing mode of co-authorship ([bib0200], [bib0415]), the geographical dispersion of both researchers and universities continues to be challenging and not uniformly successful.",
    "intent": "background"
  },
  {
    "sec_id": "sec0010",
    "sentence": "The process of developing and maintaining the awareness of what is going on in their work environment ([bib0220]) is more difficult in dispersed teams than in collocated ones ([bib0080]).",
    "intent": "background"
  },
  {
    "sec_id": "sec0010",
    "sentence": "Research has begun to explore ways to resolve this issue."
  },
  {
    "sec_id": "sec0010",
    "sentence": "Prior experience in working together has been shown to diminish the negative impact of geographic and disciplinary relations ([bib0085]) and to increase the quality of team outcomes ([bib0135]).",
    "intent": "background"
  },
  {
    "sec_id": "sec0010",
    "sentence": "While advancing our knowledge of interdisciplinary scientific collaboration, prior research has done little to understand the factors affecting the assembly and success of interdisciplinary teams."
  },
  {
    "sec_id": "sec0010",
    "sentence": "We draw upon the literatures in social networks and groups and teams to fill in this research gap."
  },
  {
    "sec_id": "sec0010",
    "sentence": "Generalizing from the literature on groups and teams to interdisciplinary scientific teams presents two challenges."
  },
  {
    "sec_id": "sec0010",
    "sentence": "First, most prior research examined teams that were already formed and in which the team members had no discretion or decision-making power to affect the make-up of the team in the first place."
  },
  {
    "sec_id": "sec0010",
    "sentence": "In contrast, contemporary scientific teams are often assembled on an ad-hoc basis reflecting the autonomous and individual choices of potential team members."
  },
  {
    "sec_id": "sec0010",
    "sentence": "Individuals\u2014members in such ad-hoc teams\u2014have complete discretion over their behaviors."
  },
  {
    "sec_id": "sec0010",
    "sentence": "Therefore, individual or relational attributes that may affect the ad-hoc formation of interdisciplinary scientific teams are not likely to be considered in traditional research on groups and teams."
  },
  {
    "sec_id": "sec0010",
    "sentence": "Second, in contrast to traditional teams, members of interdisciplinary teams are experts in different fields and are trained to use diverse tools and concepts ([bib0250]).",
    "intent": "differences"
  },
  {
    "sec_id": "sec0010",
    "sentence": "Interdisciplinarity requires collaboration among researchers with disparate areas of specialization and the incorporation of specialized expertise, concepts, and diverse methodological and theoretical approaches ([bib0285]).",
    "intent": "background"
  },
  {
    "sec_id": "sec0010",
    "sentence": "Therefore, although research on traditional teams has showed, for example, that team members\u2019 similarity ([bib0025], [bib0300]) and proximity ([bib0090]) leads to the natural formation of traditional teams through a maximization of their relationship potential ([bib0125]), such factors would most likely have different effects, if any, in the context of interdisciplinary collaboration.",
    "intent": "background"
  },
  {
    "sec_id": "sec0010",
    "sentence": "To overcome the challenges mentioned above, we leverage research on social psychology, teams, and social networks to investigate the different influences of researchers\u2019 individual attributes as well as their prior collaboration and citation relations in interdisciplinary scientific teams."
  },
  {
    "sec_id": "sec0010",
    "sentence": "Research in gender psychology has long been interested in how gender differences affect behavior."
  },
  {
    "sec_id": "sec0010",
    "sentence": "Prior studies showed, for example, that women are more likely to collaborate (e.g., [bib0160], [bib0210]) and are more inclined to work in teams than men ([bib0340]).",
    "intent": "background"
  },
  {
    "sec_id": "sec0010",
    "sentence": "Empirically, [bib0265] examined the likelihood of collaboration for men versus women in scientific research settings and showed a changing trend: Although in the past men were more likely to collaborate, over time women have become equally likely to collaborate in research.",
    "intent": "background"
  },
  {
    "sec_id": "sec0010",
    "sentence": "In the context of interdisciplinary collaboration, [bib0330] showed that women have more collaborators than men, especially when they engage in knowledge producing activities such as papers, articles, and presentations.",
    "intent": "background"
  },
  {
    "sec_id": "sec0010",
    "sentence": "There is evidence that female scientists are more inclined to step outside their disciplinary boundaries than their male counterparts."
  },
  {
    "sec_id": "sec0010",
    "sentence": "Using self-reported data, [bib0375] also showed that women engage more than men in interdisciplinary research collaborations.",
    "intent": "background"
  },
  {
    "sec_id": "sec0010",
    "sentence": "Overall, prior research suggests that women have a higher propensity to collaborate and even more so in interdisciplinary scientific contexts."
  },
  {
    "sec_id": "sec0010",
    "sentence": "However, prior studies have been based on researchers\u2019 self-reported statements about their \u201cintention\u201d to collaborate."
  },
  {
    "sec_id": "sec0010",
    "sentence": "Whether such future collaboration has indeed happened, has not yet been empirically tested."
  },
  {
    "sec_id": "sec0010",
    "sentence": "Hence we propose:Hypothesis 1Female researchers are more likely to collaborate with other researchers on interdisciplinary teams."
  },
  {
    "sec_id": "sec0010",
    "sentence": "Hypothesis 1"
  },
  {
    "sec_id": "sec0010",
    "sentence": "Female researchers are more likely to collaborate with other researchers on interdisciplinary teams."
  },
  {
    "sec_id": "sec0010",
    "sentence": "There is very modest research examining the effect of tenure (i.e., number of years in academia) on the likelihood to collaborate."
  },
  {
    "sec_id": "sec0010",
    "sentence": "The few studies that examined this relationship suggest a higher inclination among senior researchers with longer tenure to engage in collaboration."
  },
  {
    "sec_id": "sec0010",
    "sentence": "Studies of scientific teams, for example, indicate that senior researchers are more often associated with larger research teams with high levels of consolidation and integration ([bib0255]).",
    "intent": "background"
  },
  {
    "sec_id": "sec0010",
    "sentence": "This is consistent with the research showing that the longer a scientist has been active, the more opportunities he or she has had to build networks ([bib0235]).",
    "intent": "similarities"
  },
  {
    "sec_id": "sec0010",
    "sentence": "Longer tenured researchers have developed scientific and technical human capital as well as social capital, which in turn makes them more likely to find collaborators ([bib0055]).",
    "intent": "background"
  },
  {
    "sec_id": "sec0010",
    "sentence": "Further the social and human capital that senior researchers have built through their activities captures the attention of their colleagues who attempt to draw from their knowledge base thus making them even more likely to collaborate on teams ([bib0315]).",
    "intent": "background"
  },
  {
    "sec_id": "sec0010",
    "sentence": "Finally, in the context of interdisciplinary scientific collaboration, tenure also affords senior researchers the job security and academic freedom needed to take on career risks that accompany this highly unpredictable type of scientific collaboration."
  },
  {
    "sec_id": "sec0010",
    "sentence": "Thus, we hypothesize:Hypothesis 2Researchers with high tenure are more likely to collaborate with other researchers on interdisciplinary teams."
  },
  {
    "sec_id": "sec0010",
    "sentence": "Hypothesis 2"
  },
  {
    "sec_id": "sec0010",
    "sentence": "Researchers with high tenure are more likely to collaborate with other researchers on interdisciplinary teams."
  },
  {
    "sec_id": "sec0010",
    "sentence": "The status of a researcher has been often measured using the researchers\u2019 institution affiliation or his/her H-index."
  },
  {
    "sec_id": "sec0010",
    "sentence": "When examining institutional affiliation, the status of the researcher is captured by the institution tier."
  },
  {
    "sec_id": "sec0010",
    "sentence": "Usually, a researcher affiliated with a university ranked among the top 10% in research, as defined by [bib0200], is considered of high status.",
    "intent": "background"
  },
  {
    "sec_id": "sec0010",
    "sentence": "The H-index captures the productivity and the impact of the researcher in his/her field of study and is represented by the maximum number h for which a researcher's h papers have at least h citations each ([bib0170]).",
    "intent": "background"
  },
  {
    "sec_id": "sec0010",
    "sentence": "There are two reasons to expect that an affiliation with a top-tier university or a high H-index will decrease their likelihood to engage frequently in interdisciplinary teams."
  },
  {
    "sec_id": "sec0010",
    "sentence": "First, from a substantive standpoint, researchers from top-tier universities or with higher H-indices have resource advantages ([bib0200]), such as more financial resources and the access to more PhD students.",
    "intent": "background"
  },
  {
    "sec_id": "sec0010",
    "sentence": "This enables them to develop a higher absorptive capacity in their own teams without relying on external collaborations."
  },
  {
    "sec_id": "sec0010",
    "sentence": "Absorptive capacity ([bib0065]), or the ability to accumulate external knowledge, is a necessary component of innovation and is reflected by the high impact papers published by researchers from elite schools ([bib0200]).",
    "intent": "background"
  },
  {
    "sec_id": "sec0010",
    "sentence": "Such researchers can absorb knowledge that is outside of their discipline and exhibit a lower need for collaborators."
  },
  {
    "sec_id": "sec0010",
    "sentence": "Second, from a symbolic standpoint, researchers affiliated with a lower tier university or with a lower H-index might feel the additional need to engage in collaborations so as to compensate for their perceived limitations by funding agencies and review panels."
  },
  {
    "sec_id": "sec0010",
    "sentence": "We therefore propose:Hypothesis 3Researchers from top-tier universities are less likely to collaborate with other researchers on interdisciplinary teams.Hypothesis 4Researchers with high H-index are less likely to collaborate with other researchers on interdisciplinary teams."
  },
  {
    "sec_id": "sec0010",
    "sentence": "Hypothesis 3"
  },
  {
    "sec_id": "sec0010",
    "sentence": "Researchers from top-tier universities are less likely to collaborate with other researchers on interdisciplinary teams."
  },
  {
    "sec_id": "sec0010",
    "sentence": "Hypothesis 4"
  },
  {
    "sec_id": "sec0010",
    "sentence": "Researchers with high H-index are less likely to collaborate with other researchers on interdisciplinary teams."
  },
  {
    "sec_id": "sec0010",
    "sentence": "When forming new teams, people prefer previous partners to reduce uncertainty in collaboration behavior ([bib0120], [bib0125], [bib0165]).",
    "intent": "background"
  },
  {
    "sec_id": "sec0010",
    "sentence": "[bib0085] investigated the effect of familiarity within teams and showed that greater past interaction reduces uncertainty about future behavior and that prior working experience increases the chances of working together again.",
    "intent": "background"
  },
  {
    "sec_id": "sec0010",
    "sentence": "Therefore, when selecting future team members, people are biased toward selecting collaborators with whom they have already developed strong working relationships ([bib0165]).",
    "intent": "background"
  },
  {
    "sec_id": "sec0010",
    "sentence": "In the context of scientific collaboration, prior research showed that previous collaboration in knowledge creation increases the likelihood of future/further such collaboration."
  },
  {
    "sec_id": "sec0010",
    "sentence": "For example, [bib0230] studied the collaboration network of U.S. biotech inventors between 1976 and 1995 and showed that previous co-authorship relations among these researchers increased their likelihood of patent collaboration.",
    "intent": "background"
  },
  {
    "sec_id": "sec0010",
    "sentence": "Further, working previously on a team helps overcome geographic and disciplinary hurdles to future team assembly and influences subsequent collaboration."
  },
  {
    "sec_id": "sec0010",
    "sentence": "Together, these findings suggest that, in the context of interdisciplinary scientific collaboration, researchers who collaborated in the past are more likely to collaborate in the future."
  },
  {
    "sec_id": "sec0010",
    "sentence": "Therefore, we propose:Hypothesis 5Team members that co-authored in the past are more likely to collaborate with each other on interdisciplinary teams."
  },
  {
    "sec_id": "sec0010",
    "sentence": "Hypothesis 5"
  },
  {
    "sec_id": "sec0010",
    "sentence": "Team members that co-authored in the past are more likely to collaborate with each other on interdisciplinary teams."
  },
  {
    "sec_id": "sec0010",
    "sentence": "The number of academic citations is arguably associated with higher quality research ([bib0020], [bib0415]).",
    "intent": "background"
  },
  {
    "sec_id": "sec0010",
    "sentence": "Citation analysis has often served to evaluate how the ideas and concepts of a publication influenced subsequent research, leading to cascades of influence and field advancement ([bib0105], [bib0225]).",
    "intent": "background"
  },
  {
    "sec_id": "sec0010",
    "sentence": "Citing each other's publications is a reflection of team members\u2019 growing familiarity with each other's work and expertise."
  },
  {
    "sec_id": "sec0010",
    "sentence": "According to transactive memory research, familiarity enhances team understanding by helping members be more aware of \u201cwho knows what\u201d on the team ([bib0180], [bib0185], [bib0275], [bib0355], [bib0395]) and by helping team builders identify others in a network who have the required expertise ([bib0270]).",
    "intent": "background"
  },
  {
    "sec_id": "sec0010",
    "sentence": "Therefore, we expect researchers that cite other researchers to easily identify them as possible collaborators in the network:Hypothesis 6Team members that cited each other's publications in the past are more likely to collaborate with each other on interdisciplinary teams."
  },
  {
    "sec_id": "sec0010",
    "sentence": "Hypothesis 6"
  },
  {
    "sec_id": "sec0010",
    "sentence": "Team members that cited each other's publications in the past are more likely to collaborate with each other on interdisciplinary teams."
  },
  {
    "sec_id": "sec0010",
    "sentence": "[enun0005], [enun0010], [enun0015], [enun0020], [enun0025], [enun0030] examine the factors influencing individuals to collaborate with one another on interdisciplinary teams."
  },
  {
    "sec_id": "sec0010",
    "sentence": "The following section posits mechanisms for the success of these collaborations."
  },
  {
    "sec_id": "sec0010",
    "sentence": "Research on intra-organizational learning has examined the factors that help teams, groups, and firms to operate more efficiently and effectively."
  },
  {
    "sec_id": "sec0010",
    "sentence": "Low turnover in team membership has been associated with knowledge retention, whereas high turnover has been associated with knowledge creation (i.e. innovation) and transfer ([bib0030]).",
    "intent": "background"
  },
  {
    "sec_id": "sec0010",
    "sentence": "Clearly, low and high turnover in membership has different impacts on performance depending on the nature of tasks at hand."
  },
  {
    "sec_id": "sec0010",
    "sentence": "R&D departments, for example, thrive with high turnover ([bib0130]), while law offices prosper under low turnover because the knowledge and technology necessary to operate efficiently changes little over long periods of time.",
    "intent": "background"
  },
  {
    "sec_id": "sec0010",
    "sentence": "This paradox about membership also exists in research on scientific collaboration."
  },
  {
    "sec_id": "sec0010",
    "sentence": "On the one hand, [bib0400] found that high turnover among scientists and engineers improved the performance of research teams.",
    "intent": "background"
  },
  {
    "sec_id": "sec0010",
    "sentence": "On the other hand, research on transactive memory suggested that it is low turnover that helps their performance (e.g., [bib0245], [bib0280]).",
    "intent": "background"
  },
  {
    "sec_id": "sec0010",
    "sentence": "More specifically, studies showed that team members are able to specialize by relying on other members as their \u201cexternal memory aids\u201d ([bib0390]).",
    "intent": "background"
  },
  {
    "sec_id": "sec0010",
    "sentence": "Such specialization reduces the knowledge overlap in a stable team and leads to more task-related knowledge for the team."
  },
  {
    "sec_id": "sec0010",
    "sentence": "Clearly, the substantial body of research on intra-organizational learning at different levels of analysis, i.e. organizations, groups, and teams, has yielded inconsistent findings."
  },
  {
    "sec_id": "sec0010",
    "sentence": "This presents an opportunity to advance our understanding of the consequences of team assembly on performance."
  },
  {
    "sec_id": "sec0010",
    "sentence": "In this section we posit why prior experience, specifically co-authoring a paper or citing one another will influence the success of interdisciplinary teams."
  },
  {
    "sec_id": "sec0010",
    "sentence": "We expect that prior experience of team members working together will positively affect the success of interdisciplinary scientific collaboration."
  },
  {
    "sec_id": "sec0010",
    "sentence": "By working together in the past, team members adapt to each other which eases communication ([bib0205]).",
    "intent": "background"
  },
  {
    "sec_id": "sec0010",
    "sentence": "Teams with prior experience have often established efficient communication processes to utilize member diversity more effectively ([bib0150], [bib0155]), and are therefore more likely to attain creative goals ([bib0115], [bib0360]).",
    "intent": "background"
  },
  {
    "sec_id": "sec0010",
    "sentence": "Prior collaboration experience has, in fact, been found to increase the productivity of scientific collaboration ([bib0005], [bib0345]).",
    "intent": "background"
  },
  {
    "sec_id": "sec0010",
    "sentence": "Since interdisciplinary teams are defined as \u201clinkages between specialties of diverse subject matter\u201d ([bib0110], p.",
    "intent": "background"
  },
  {
    "sec_id": "sec0010",
    "sentence": "189), they need to have good communication in order to produce creative and novel ideas."
  },
  {
    "sec_id": "sec0010",
    "sentence": "The National Science Foundation (NSF)\u2019s statement on what is encouraged for research grant proposals is quite telling: \u201cNSF [\u2026] encourages researchers to submit unsolicited interdisciplinary proposals for ideas that are in novel or emerging areas extending beyond any particular current NSF program\u201d ([bib0295]).",
    "intent": "background"
  },
  {
    "sec_id": "sec0010",
    "sentence": "Given prior findings suggesting that earlier collaboration may produce creative outcomes and given the NSF's guiding principle to fund proposals that are novel and creative, we propose:Hypothesis 7Interdisciplinary teams where members have co-authored with one another are more likely to be successful than teams where members have not co-authored."
  },
  {
    "sec_id": "sec0010",
    "sentence": "Hypothesis 7"
  },
  {
    "sec_id": "sec0010",
    "sentence": "Interdisciplinary teams where members have co-authored with one another are more likely to be successful than teams where members have not co-authored."
  },
  {
    "sec_id": "sec0010",
    "sentence": "Why researchers cite one another has been previously studied across various scholarly domains."
  },
  {
    "sec_id": "sec0010",
    "sentence": "One framework proposes that researchers cite others in order to support their arguments."
  },
  {
    "sec_id": "sec0010",
    "sentence": "However, how and why they do it differ."
  },
  {
    "sec_id": "sec0010",
    "sentence": "Specifically, the constructivist approach argues that citations are overwhelmingly focused on big-name peers with the goal to gain credibility by association and persuade through rhetoric."
  },
  {
    "sec_id": "sec0010",
    "sentence": "The universalism approach, argues that citations are used to give credit for the use of intellectual property."
  },
  {
    "sec_id": "sec0010",
    "sentence": "Recent studies brought further evidence to the universalism approach ([bib0405]).",
    "intent": "background"
  },
  {
    "sec_id": "sec0010",
    "sentence": "Closely related to the universalism approach to citation making, a second framework suggests that people cite one another because of similar research methods or common theoretical perspectives ([bib0035], [bib0370]).",
    "intent": "background"
  },
  {
    "sec_id": "sec0010",
    "sentence": "Therefore, citation relations are more relevant to the authors\u2019 work from an intellectual rather than a personal point of view."
  },
  {
    "sec_id": "sec0010",
    "sentence": "Taken together, both insights imply that citation may be \u201cstrongly associated with a common discipline and shared subject matter\u201d ([bib0410], p.",
    "intent": "background"
  },
  {
    "sec_id": "sec0010",
    "sentence": "112)."
  },
  {
    "sec_id": "sec0010",
    "sentence": "Citing literature from the same or overlapping research areas implies that the outcome of a scientific collaboration is likely to be intellectually contiguous to the knowledge leveraged and therefore at best represents an incremental advancement."
  },
  {
    "sec_id": "sec0010",
    "sentence": "We would not expect such a proposal to yield novelty."
  },
  {
    "sec_id": "sec0010",
    "sentence": "Therefore, we believe researchers in interdisciplinary teams that cite each other extensively to be less successful."
  },
  {
    "sec_id": "sec0010",
    "sentence": "We propose:Hypothesis 8Interdisciplinary teams where members cite one another are less likely to be successful than teams where members do not cite one another."
  },
  {
    "sec_id": "sec0010",
    "sentence": "Hypothesis 8"
  },
  {
    "sec_id": "sec0010",
    "sentence": "Interdisciplinary teams where members cite one another are less likely to be successful than teams where members do not cite one another."
  },
  {
    "sec_id": "sec0060",
    "sentence": "We tested our hypotheses using archival and bibliographic data about teams submitting research proposals to two interdisciplinary initiatives by the National Science Foundation (NSF)."
  },
  {
    "sec_id": "sec0060",
    "sentence": "NSF proposals provide a particularly appropriate context to examine the factors affecting the assembly and the success of interdisciplinary scientific teams for two reasons."
  },
  {
    "sec_id": "sec0060",
    "sentence": "First, research proposals submitted to interdisciplinary initiatives provide a good opportunity to study the assembly of interdisciplinary teams and define a sample population of many applicants interested in the interdisciplinary research in related fields."
  },
  {
    "sec_id": "sec0060",
    "sentence": "Second, since some proposals were awarded and some were not, we have a fairly robust, albeit preliminary, measure of the outcomes associated with the assembly of interdisciplinary teams."
  },
  {
    "sec_id": "sec0060",
    "sentence": "It is only a preliminary measure of outcome because the team still needs to conduct the research proposed in the awarded grant."
  },
  {
    "sec_id": "sec0060",
    "sentence": "The data on awarded and un-awarded proposals offer the opportunity to better understand the factors that distinguish the assembly of successful teams."
  },
  {
    "sec_id": "sec0060",
    "sentence": "We first identified two NSF initiatives that explicitly solicited proposals from multidisciplinary teams utilizing interdisciplinary approaches."
  },
  {
    "sec_id": "sec0060",
    "sentence": "We used the NSF dataset[fn0005] to identify 1103 grant proposals that were submitted to these two initiatives over the last three years of the initiatives\u2019 existence."
  },
  {
    "sec_id": "sec0060",
    "sentence": "A total of 2186 researchers were identified as principal investigators or co-principal investigators (PIs/Co-PIs), of whom 1741 did not have awarded proposals, 93 had both awarded and un-awarded proposals, and 352 had only awarded proposals only."
  },
  {
    "sec_id": "sec0060",
    "sentence": "Demographic information and university affiliations of researchers were extracted from the NSF proposal cover sheets."
  },
  {
    "sec_id": "sec0060",
    "sentence": "Generally, the cover sheets include the names of the PIs/Co-PIs and their basic information, such as university affiliations, email addresses, the years of the highest degrees."
  },
  {
    "sec_id": "sec0060",
    "sentence": "We used the Web of Science (WoS) database provided by Thomson Reuters to construct PIs/Co-PIs\u2019 bibliometric information (including publications, co-authorship, and citation relations)."
  },
  {
    "sec_id": "sec0060",
    "sentence": "Bibliometric analysis has been widely employed to evaluate the scientific output (for a review, see [bib0380]).",
    "intent": "background"
  },
  {
    "sec_id": "sec0060",
    "sentence": "Author name disambiguation is a recognized issue when constructing bibliometric measures ([bib0365]).",
    "intent": "background"
  },
  {
    "sec_id": "sec0060",
    "sentence": "This is the problem of ensuring that we only consider, for instance, the publications by John Smith who submitted a proposal and not others with the same name."
  },
  {
    "sec_id": "sec0060",
    "sentence": "To overcome this limitation, we took a conservative approach in identifying an author's publications: We only considered the publications with identical author names, email addresses, and Digital Author Identification System (DAIS) numbers."
  },
  {
    "sec_id": "sec0060",
    "sentence": "DAIS is a unique internal ID used by Thomson Reuters to disambiguate authors."
  },
  {
    "sec_id": "sec0060",
    "sentence": "While an important strength of our dataset is to be able to conduct research that examines both successful and unsuccessful proposals, a limitation of our dataset is the fact that we are only able to observe proposals that have been submitted, and thus we might not include researchers who intended to collaborate, but never submitted proposals."
  },
  {
    "sec_id": "sec0060",
    "sentence": "Although we cannot measure the intention of researchers to contribute to the two fairly targeted and specific NSF initiatives (through observations of discussions these researchers might have held), the context allows us to be confident that if researchers recognized that this initiative was relevant to their research interests, they would have had ample opportunities to submit a proposal during the time-frame of our study: the final three years of each of the two well-publicized initiatives."
  },
  {
    "sec_id": "sec0060",
    "sentence": "Furthermore, the process of writing a proposal, while potentially less difficult than that of writing a paper for publication, entails significant sunk costs (such as mental effort, time, or overlooking parallel collaborations)."
  },
  {
    "sec_id": "sec0060",
    "sentence": "A researcher starting such a process will therefore be incentivized to finish the proposal and submit it."
  },
  {
    "sec_id": "sec0060",
    "sentence": "Hence in the unlikely situation that a team of researchers began to collaborate, but did not submit the proposal in the first year, it is very probable that they would submit their proposal by the second or third year."
  },
  {
    "sec_id": "sec0060",
    "sentence": "In other words, the fact that our data include the three final years of these two NSF programs, reinforces our claim that our data comes close to capturing the population of researchers who were working within the substantive domains for which these two NSF programs solicited proposals."
  },
  {
    "sec_id": "sec0060",
    "sentence": "The limitation of not including in our sample those who did not submit proposals is further mitigated by the fact that our data includes those who submitted single-authored proposals."
  },
  {
    "sec_id": "sec0060",
    "sentence": "Thus, even though we may not have the population of all researchers whose research was relevant to the two NSF initiatives, we do have data on several researchers (15% of proposals) who submitted single-authored proposals thus eschewing the opportunity to collaborate with others."
  },
  {
    "sec_id": "sec0060",
    "sentence": "To make sure that we overcome the limitations described above, we focus on predicting the likelihood to submit a collaborative proposal with a prior collaborator only amongst the pool of those who submitted collaborative proposals and excluding those who submitted single authored proposals."
  },
  {
    "sec_id": "sec0060",
    "sentence": "Proposal collaboration."
  },
  {
    "sec_id": "sec0060",
    "sentence": "We defined proposal collaboration as a relation between two researchers who submitted at least one grant proposal together to either of the two interdisciplinary NSF initiatives."
  },
  {
    "sec_id": "sec0060",
    "sentence": "This generated an undirected proposal collaboration relation network characterized by a 2186 by 2186 binary matrix."
  },
  {
    "sec_id": "sec0060",
    "sentence": "Each cell in the matrix represents the proposal collaboration relation between two researchers: 1 if two researchers collaborated on at least one proposal and 0 if not."
  },
  {
    "sec_id": "sec0060",
    "sentence": "Proposal collaboration success."
  },
  {
    "sec_id": "sec0060",
    "sentence": "Based on the success outcome of the grant proposals (i.e. awarded versus un-awarded), we constructed two additional proposal collaboration relation networks: (1) the awarded proposal collaboration network comprising the proposal collaboration relations among the 445 researchers who were on at least one awarded proposal and (2) the un-awarded proposal collaboration network comprising proposal collaboration relations among the 1834 researchers who were not on any awarded proposals."
  },
  {
    "sec_id": "sec0060",
    "sentence": "The awarded proposal collaboration network was used to examine team success."
  },
  {
    "sec_id": "sec0060",
    "sentence": "Note that the number of researchers in the awarded and un-awarded networks do not add up to the 2186 researchers because some researchers appear in both networks: awarded and un-awarded proposal collaboration."
  },
  {
    "sec_id": "sec0060",
    "sentence": "Based on researchers\u2019 vitae and publication records, we constructed four variables to characterize their individual attributes: Gender, Tenure (i.e. years since PhD), H-index, and Institution Tier (i.e. top 10% university affiliation)."
  },
  {
    "sec_id": "sec0060",
    "sentence": "Except for gender, all measures were calculated for the year in which the proposals were submitted."
  },
  {
    "sec_id": "sec0060",
    "sentence": "Gender."
  },
  {
    "sec_id": "sec0060",
    "sentence": "We manually coded each researcher's gender based on the first names and pictures available on their web pages."
  },
  {
    "sec_id": "sec0060",
    "sentence": "Females were coded as 1 and males were coded as 0."
  },
  {
    "sec_id": "sec0060",
    "sentence": "Tenure (years since PhD)."
  },
  {
    "sec_id": "sec0060",
    "sentence": "We constructed the tenure measure by subtracting the completion years of researchers\u2019 PhD degrees from the year in which they submitted the proposals."
  },
  {
    "sec_id": "sec0060",
    "sentence": "For example, the tenure of a researcher who graduated in 1964 and who submitted a proposal in 2011 was calculated as 2011\u00a0\u2212\u00a01964\u00a0=\u00a047."
  },
  {
    "sec_id": "sec0060",
    "sentence": "If a researcher submitted proposals in multiple years, we considered the earliest submission year."
  },
  {
    "sec_id": "sec0060",
    "sentence": "H-index."
  },
  {
    "sec_id": "sec0060",
    "sentence": "H-index is the maximum number h for which a researcher's h papers have at least h citations each ([bib0170], [bib0175]).",
    "intent": "background"
  },
  {
    "sec_id": "sec0060",
    "sentence": "H-index captures both the productivity and the impact of the researcher."
  },
  {
    "sec_id": "sec0060",
    "sentence": "Researchers\u2019 H-index was computed based on the publication and citation information available in the Web of Science database."
  },
  {
    "sec_id": "sec0060",
    "sentence": "Institution tier."
  },
  {
    "sec_id": "sec0060",
    "sentence": "The institution tier measure is a binary variable indicating whether a researcher is affiliated with a university ranked among the top 10% in research, as defined by [bib0200].",
    "intent": "uses"
  },
  {
    "sec_id": "sec0060",
    "sentence": "The authors ranked universities according to the total number of citations each school received from 1995 to 2005: Tier I (top 5% of the distribution), Tier II (6\u201310%), Tier III (11\u201320%), and Tier IV (the remainder)."
  },
  {
    "sec_id": "sec0060",
    "sentence": "We coded Tier I and Tier II universities as 1 (top 10% of the distribution) and the remainders as 0."
  },
  {
    "sec_id": "sec0060",
    "sentence": "In addition to researchers\u2019 attribute information enumerated above, we also computed their co-authorship and citation relations with one another."
  },
  {
    "sec_id": "sec0060",
    "sentence": "We used the Web of Science (WoS) database to extract the list of scientific articles published by each researcher prior to proposal submission."
  },
  {
    "sec_id": "sec0060",
    "sentence": "Co-authorship relation."
  },
  {
    "sec_id": "sec0060",
    "sentence": "Based on the publication information, we considered a co-authorship relation between two researchers when they published a scientific article together."
  },
  {
    "sec_id": "sec0060",
    "sentence": "A 2186 by 2186 matrix was generated to measure co-authorship relations among the researchers."
  },
  {
    "sec_id": "sec0060",
    "sentence": "Each cell in the matrix represents the number of times a researcher co-authored with another researcher."
  },
  {
    "sec_id": "sec0060",
    "sentence": "Co-authoring a journal or conference publication is an important measure of researchers\u2019 prior collaborative relationship ([bib0135]).",
    "intent": "background"
  },
  {
    "sec_id": "sec0060",
    "sentence": "Citation relation."
  },
  {
    "sec_id": "sec0060",
    "sentence": "We used WoS to retrieve the list of publications cited by each researcher's publications."
  },
  {
    "sec_id": "sec0060",
    "sentence": "We then derived a citation network where one researcher has a citation link to another researcher if a publication (co-)authored by the first researcher cites a publication (co-)authored by the second researcher."
  },
  {
    "sec_id": "sec0060",
    "sentence": "This generated a directed 2186 by 2186 citation relation matrix."
  },
  {
    "sec_id": "sec0060",
    "sentence": "Each cell in the matrix represents the number of times one researcher cited the other's publications."
  },
  {
    "sec_id": "sec0060",
    "sentence": "We excluded self-citations, in which citing and cited papers have common authors."
  },
  {
    "sec_id": "sec0060",
    "sentence": "Prior research showed that the citation effect is constant whether or not self-citations are included ([bib0415]).",
    "intent": "background"
  },
  {
    "sec_id": "sec0060",
    "sentence": "[enun0005], [enun0010], [enun0015], [enun0020] predicted that individual attributes, such as gender, tenure, H-index, and institution tier, affect the likelihood that a researcher initiates a proposal collaboration relation."
  },
  {
    "sec_id": "sec0060",
    "sentence": "[enun0025], [enun0030], [enun0035], [enun0040] predicted that previous relations, such as co-authorship and citation relations, affect the likelihood of a collaboration relation between two researchers."
  },
  {
    "sec_id": "sec0060",
    "sentence": "We used Exponential Random Graph Models (ERGM, also known as p*) to simultaneously test our hypotheses ([bib0100], [bib0335], [bib0385]).",
    "intent": "uses"
  },
  {
    "sec_id": "sec0060",
    "sentence": "p*/ERGM techniques use a class of stochastic models that provide an appropriate analytic methodology to test multi-theoretical multilevel hypotheses, such as the ones described above (for details, see [bib0075], [bib0270]).",
    "intent": "background"
  },
  {
    "sec_id": "sec0060",
    "sentence": "In general terms, p*/ERGM estimates the likelihood of the observed network structures emerging out of all possible network configurations of that size generated by random assignment of the observed number of links."
  },
  {
    "sec_id": "sec0060",
    "sentence": "A key feature of p*/ERGM is the ability to control for purely structural effects (also called endogenous effects)."
  },
  {
    "sec_id": "sec0060",
    "sentence": "For example, a researcher X may choose to collaborate with researcher Y simply based on the number of collaborators researcher Y already has."
  },
  {
    "sec_id": "sec0060",
    "sentence": "Preferential attachment hypothesis suggests that people tend to connect with the most popular actors in a network, i.e. nodes with high degree."
  },
  {
    "sec_id": "sec0060",
    "sentence": "While we did not hypothesize this phenomenon in the present study, p*/ERGM enables us to control for such an effect were it to occur."
  },
  {
    "sec_id": "sec0060",
    "sentence": "More generally, in order to control for such endogenous effects in the proposal collaboration network (our dependent measure), we used three network structures: isolates, edges, and the geometrically weighted degree distribution ([bib0190]).",
    "intent": "uses"
  },
  {
    "sec_id": "sec0060",
    "sentence": "The number of isolates controlled for the number of single authored proposals."
  },
  {
    "sec_id": "sec0060",
    "sentence": "The number of edges controlled for the level of collaboration in the proposal collaboration network (i.e. network density)."
  },
  {
    "sec_id": "sec0060",
    "sentence": "The geometrically weighted degree distribution controlled for researchers\u2019 tendency to collaborate with many others (i.e. preferential attachment)."
  },
  {
    "sec_id": "sec0060",
    "sentence": "A positive estimate indicates a lack of preferential attachment."
  },
  {
    "sec_id": "sec0060",
    "sentence": "Similar to logistic regressions, positive and significant coefficients indicate that the corresponding structures are more likely to occur than random chance, and negative and significant coefficients indicate that the structures are less likely to occur than by chance alone."
  },
  {
    "sec_id": "sec0060",
    "sentence": "The effect size of one additional structure count can be measured by the odds ratio (OR), which equals to the exponential function of the corresponding coefficient (e.g. e\u03b2)."
  },
  {
    "sec_id": "sec0060",
    "sentence": "[enun0035], [enun0040] differentiated between factors that influence (1) the assembly of all teams and (2) the assembly of successful teams."
  },
  {
    "sec_id": "sec0060",
    "sentence": "To test these hypotheses, we estimated three independent models: the full model including all researchers (awarded and un-awarded), the awarded model including the researchers in the awarded proposal collaboration network, and the un-awarded model including the researchers in the un-awarded proposal collaboration network."
  },
  {
    "sec_id": "sec0060",
    "sentence": "The models were estimated using Statnet in R ([bib0145]).",
    "intent": "uses"
  },
  {
    "sec_id": "sec0060",
    "sentence": "As noted above, we tested the eight hypotheses by taking proposal collaboration networks as the dependent relations and taking co-authorship and citation relations as dyadic covariates, along with the four demographic attributes and three network control variables (p*/ERGM technique)."
  },
  {
    "sec_id": "sec0060",
    "sentence": "We also considered an alternative method that used all three relation networks \u2013 proposal collaboration, co-authorship and citation relations \u2013 as multivariate ERGMs that better characterize the structures of the three networks and the influences among them."
  },
  {
    "sec_id": "sec0060",
    "sentence": "The current implementation of multivariate ERGMs only supports binary networks and dichotomizing co-authorship and citation relations resulted in a substantial loss of information about the magnitude of co-authorship and citations among the researchers."
  },
  {
    "sec_id": "sec0060",
    "sentence": "Therefore, in this study we relied on the approach that estimated the influence of researchers\u2019 co-authorship and citation relations on their proposal collaboration."
  },
  {
    "sec_id": "sec0090",
    "sentence": "[tbl0005] reports the means, standard deviations, and correlation coefficients for individual attributes of all researchers in the full model."
  },
  {
    "sec_id": "sec0090",
    "sentence": "Because of privacy issues, NSF precludes us from disclosing detailed separate descriptive statistics for the awarded and un-awarded models."
  },
  {
    "sec_id": "sec0090",
    "sentence": "For the same reason, we only report the density (number of existing links out of all possible links) for the three relation networks for all proposals (awarded and un-awarded): the density of the proposal collaboration network is 0.1%, the density of the co-authorship network is 0.02%, and the density of the citation network is 0.15%."
  },
  {
    "sec_id": "sec0090",
    "sentence": "All density measures are small because relations among researchers are quite sparse."
  },
  {
    "sec_id": "sec0090",
    "sentence": "Table 1."
  },
  {
    "sec_id": "sec0090",
    "sentence": "Descriptive statistics (full model)."
  },
  {
    "sec_id": "sec0090",
    "sentence": "[tbl0010] presents the results of the p*/ERGM technique predicting the likelihood of proposal collaboration among awarded and un-awarded researchers (full model), among only awarded researchers (awarded model), and among un-awarded researchers (un-awarded model)."
  },
  {
    "sec_id": "sec0090",
    "sentence": "Table 2."
  },
  {
    "sec_id": "sec0090",
    "sentence": "Explaining collaboration relation on grant proposals (p*/ERGM results)."
  },
  {
    "sec_id": "sec0090",
    "sentence": "Standard errors in parentheses."
  },
  {
    "sec_id": "sec0090",
    "sentence": "Standard errors in parentheses."
  },
  {
    "sec_id": "sec0090",
    "sentence": "p\u00a0<\u00a00.05."
  },
  {
    "sec_id": "sec0090",
    "sentence": "The focus of this study was to explain what motivates a researcher to choose a specific collaborator."
  },
  {
    "sec_id": "sec0090",
    "sentence": "Our analysis is based on only examining the population of researchers that submitted proposals to the two NSF initiatives and hence does not include possible collaboration opportunities with those who did not submit proposals."
  },
  {
    "sec_id": "sec0090",
    "sentence": "[enun0005] predicted that female researchers are more likely than men to collaborate with other researchers on interdisciplinary teams."
  },
  {
    "sec_id": "sec0090",
    "sentence": "The results of the full model and the un-awarded model indicate that gender has no significant impact on an individual's likelihood of collaboration on interdisciplinary teams."
  },
  {
    "sec_id": "sec0090",
    "sentence": "The co-proposal links with at least one female PI are more likely to be observed in the awarded proposals than those between male PIs (\u03b2\u00a0=\u00a00.119, OR\u00a0=\u00a01.126,[fn0010] p\u00a0<\u00a00.05)."
  },
  {
    "sec_id": "sec0090",
    "sentence": "Thus, [enun0005] is partially supported."
  },
  {
    "sec_id": "sec0090",
    "sentence": "[enun0010] predicted that researchers with high tenure (i.e. more years since PhD) are more likely to collaborate with other researchers on interdisciplinary teams."
  },
  {
    "sec_id": "sec0090",
    "sentence": "Tenure has a positive and significant effect in the full and un-awarded models (\u03b2\u00a0=\u00a00.002, OR\u00a0=\u00a01.002, p\u00a0<\u00a00.05)."
  },
  {
    "sec_id": "sec0090",
    "sentence": "The effect is not significant in awarded proposals."
  },
  {
    "sec_id": "sec0090",
    "sentence": "Thus, [enun0010] is partially supported."
  },
  {
    "sec_id": "sec0090",
    "sentence": "[enun0015], [enun0020] posited that researchers from top-tier universities and with high H-index scores, respectively, are less likely to collaborate with other researchers on interdisciplinary teams."
  },
  {
    "sec_id": "sec0090",
    "sentence": "The estimate for institution tier is negative and significant in all three models (\u03b2\u00a0=\u00a0\u22120.098, \u22120.098, \u22120.104, OR\u00a0=\u00a00.907, 0.907, 0.901, p\u00a0<\u00a00.05)."
  },
  {
    "sec_id": "sec0090",
    "sentence": "In general, researchers from the top 10% of universities are less likely to collaborate on proposals: The odds of collaboration for top-tier researchers are only 90% of the odds for non-top-tier researchers."
  },
  {
    "sec_id": "sec0090",
    "sentence": "Similarly researchers with high H-index scores are less likely to collaborate than those with low H-index scores (\u03b2\u00a0=\u00a0\u22120.018, \u22120.005, \u22120.009, OR\u00a0=\u00a00.982, 0.995, 0.991, p\u00a0<\u00a00.05)."
  },
  {
    "sec_id": "sec0090",
    "sentence": "Both [enun0015], [enun0020] are fully supported."
  },
  {
    "sec_id": "sec0090",
    "sentence": "[enun0025] stated that previous co-authorship increases the chance of subsequent collaboration."
  },
  {
    "sec_id": "sec0090",
    "sentence": "All three models show significant positive effects of co-authorship relations (\u03b2\u00a0=\u00a02.431, 1.386, 0.914, OR\u00a0=\u00a011.37, 3.999, 2.494, p\u00a0<\u00a00.05)."
  },
  {
    "sec_id": "sec0090",
    "sentence": "This suggests that researchers that published papers together previously are more likely to collaborate on interdisciplinary teams."
  },
  {
    "sec_id": "sec0090",
    "sentence": "Furthermore, the impact of co-authorship among the researchers on un-awarded proposals is smaller than among the researchers of awarded proposals."
  },
  {
    "sec_id": "sec0090",
    "sentence": "Among awarded proposals, the odds of a proposal collaboration between researchers with one previously co-authored paper are almost 4 times higher than among researchers without a prior co-authorship relation (\u03b2\u00a0=\u00a01.386, OR\u00a0=\u00a03.999, p\u00a0<\u00a00.05)."
  },
  {
    "sec_id": "sec0090",
    "sentence": "Among un-awarded proposals, the odds of a proposal collaboration between researchers with one previously co-authored paper are only 2.5 times higher than among researchers without a prior co-authorship relation (\u03b2\u00a0=\u00a00.914, OR\u00a0=\u00a02.494, p\u00a0<\u00a00.05)."
  },
  {
    "sec_id": "sec0090",
    "sentence": "Hence, consistent with [enun0035], prior co-authorship raises the chance of a successful collaboration."
  },
  {
    "sec_id": "sec0090",
    "sentence": "The citation relation has a significant positive effect in the full model (\u03b2\u00a0=\u00a01.132, OR\u00a0=\u00a03.102, p\u00a0<\u00a00.05), but the effect is significant and negative in the awarded model (\u03b2\u00a0=\u00a0\u22120.147, OR\u00a0=\u00a00.863, p\u00a0<\u00a00.05)."
  },
  {
    "sec_id": "sec0090",
    "sentence": "This indicates that researchers who cited each other are more likely to collaborate on grant proposals (supporting [enun0030]), but they are less likely to have a successful proposal (supporting [enun0040])."
  },
  {
    "sec_id": "sec0090",
    "sentence": "As mentioned earlier, we controlled for the endogenous effects of proposal collaboration relations using three network structures: isolates (single-researcher proposal submission), edges (proposal collaboration), and geographically weighted degree distribution (preferential attachment)."
  },
  {
    "sec_id": "sec0090",
    "sentence": "In all models, isolates have a significant positive impact, whereas edges have a significant negative impact on forming proposal collaboration relations."
  },
  {
    "sec_id": "sec0090",
    "sentence": "These results suggest that we observed more single-authored interdisciplinary proposals and less proposal collaboration relations than we might have anticipated by random chance."
  },
  {
    "sec_id": "sec0090",
    "sentence": "More researchers than we might expect tend to submit interdisciplinary proposals by themselves (perhaps reflecting their belief that they individually embody interdisciplinarity)."
  },
  {
    "sec_id": "sec0090",
    "sentence": "Further, they do not collaborate with others randomly because establishing collaboration relations is costly."
  },
  {
    "sec_id": "sec0090",
    "sentence": "Geometrically weighted degree distribution, a negative measure of preferential attachment, has a significant and positive effect suggesting that the number of collaborators (i.e. node degrees) is similar among the researchers."
  },
  {
    "sec_id": "sec0090",
    "sentence": "This indicates the absence of any researchers serving as \u201chubs\u201d in the network with collaboration ties to a disproportionate number of other researchers."
  },
  {
    "sec_id": "sec0090",
    "sentence": "This suggests that, after accounting for all other effects, the marginal benefit of collaboration decreases when a researcher already has many collaborators (i.e. is working in a big team)."
  },
  {
    "sec_id": "sec0095",
    "sentence": "Interdisciplinary teams bring together different disciplines or areas of scientific discovery."
  },
  {
    "sec_id": "sec0095",
    "sentence": "Despite their growing importance for scientific research, however, we have only started our inquiry into what makes these teams \u201ctick.\u201d Our study seeks to contribute to this body of research on interdisciplinary teams by investigating the factors that influence the genesis and the success of interdisciplinary research teams."
  },
  {
    "sec_id": "sec0095",
    "sentence": "Specifically, we examine whether researchers\u2019 attributes such as gender, tenure, H-index, institution tier, and prior experience such as co-authorship and citation relations influence the formation of interdisciplinary teams."
  },
  {
    "sec_id": "sec0095",
    "sentence": "We then inquire into the factors influencing the success of the team and focus on the prior relations of researchers making up the interdisciplinary teams."
  },
  {
    "sec_id": "sec0095",
    "sentence": "We discuss our findings below but begin by cautioning that all findings need to be qualified by an important limitation."
  },
  {
    "sec_id": "sec0095",
    "sentence": "An important limitation of this study is that it only sought to explain the motivations for a researcher collaborating with some other researcher who had also submitted a proposal in the last three years of these two interdisciplinary initiatives."
  },
  {
    "sec_id": "sec0095",
    "sentence": "As such it does not investigate what might have motivated a researcher to collaborate (or not) with someone on an un-submitted proposal."
  },
  {
    "sec_id": "sec0095",
    "sentence": "As we acknowledge in the methodology section, this limitation is less dire in our context, since our data include all proposals submitted in the last 3 years of a well publicized and fairly targeted NSF research initiative."
  },
  {
    "sec_id": "sec0095",
    "sentence": "This context encourages us to be confident that researchers who had an intention to contribute to the NSF initiative would have done so during the last 3 years of the two initiatives."
  },
  {
    "sec_id": "sec0095",
    "sentence": "The process of writing a proposal, we mentioned, entails sunk costs that incentivizes the researcher to finish the submission process."
  },
  {
    "sec_id": "sec0095",
    "sentence": "We also include individual proposals in our sample, thus capturing those situations in which researchers decided to go it alone."
  },
  {
    "sec_id": "sec0095",
    "sentence": "Among the NSF grant applicants, our results add an interesting twist to the research using self-reported data that argued that women engage more in interdisciplinary research collaborations than men ([bib0375]).",
    "intent": ""
  },
  {
    "sec_id": "sec0095",
    "sentence": "Women are indeed more likely to collaborate, but this behavior holds only for awarded proposals ([enun0005])."
  },
  {
    "sec_id": "sec0095",
    "sentence": "This finding is important for organizations such as NSF that focus especially on proposals having a higher chance of knowledge production, a domain in which women researchers have previously been shown to excel ([bib0330]).",
    "intent": "background"
  },
  {
    "sec_id": "sec0095",
    "sentence": "An alternative explanation for this finding might be that review panels are aware of the well documented gender disparity in scientific research and therefore might be unconsciously tipping their evaluations in favor of proposals that included women collaborators."
  },
  {
    "sec_id": "sec0095",
    "sentence": "We also found that researchers with higher tenure are more likely to collaborate on research proposals ([enun0010])."
  },
  {
    "sec_id": "sec0095",
    "sentence": "Interestingly, the results are also significant for un-awarded proposals."
  },
  {
    "sec_id": "sec0095",
    "sentence": "This suggests that even though more senior researchers have more collaborators, it is not necessary that these collaborations will generate good interdisciplinary outcomes."
  },
  {
    "sec_id": "sec0095",
    "sentence": "The lack of success in this collaboration could be explained by the Apollo Syndrome ([bib0040]), which suggested that teams composed of highly capable individuals can collectively perform badly.",
    "intent": "background"
  },
  {
    "sec_id": "sec0095",
    "sentence": "Our results also revealed that NSF appears to reward researchers with lower tenure."
  },
  {
    "sec_id": "sec0095",
    "sentence": "This might reflect the fresh and innovative ideas which junior researchers bring to the research arena."
  },
  {
    "sec_id": "sec0095",
    "sentence": "Our results showed that researchers from top tier universities or with high H-index collaborate less, while researchers from lower tier universities and with lower H-index collaborate more ([enun0015], [enun0020])."
  },
  {
    "sec_id": "sec0095",
    "sentence": "The results are significant in both the awarded and un-awarded models."
  },
  {
    "sec_id": "sec0095",
    "sentence": "This suggests that researchers from non-elite universities or with lower H-index scores might signal the quality and novelty of their proposals by including more collaborators."
  },
  {
    "sec_id": "sec0095",
    "sentence": "Alternatively, or in addition, our results suggest that researchers from elite universities or with higher H-index scores have a greater ability to absorb and leverage intellectual and materials resources thereby reducing the need for additional collaborations."
  },
  {
    "sec_id": "sec0095",
    "sentence": "Compared to tenure, H-index has an opposite but dominant impact with almost five times bigger effect sizes."
  },
  {
    "sec_id": "sec0095",
    "sentence": "Although H-index and tenure have a positive correlation (0.35) since H-index incorporates paper productivity which increases over years, the two measure different aspects of academic status: tenure is a linear measure of time as a base line and H-index measures the quantity and quality of the research outcomes."
  },
  {
    "sec_id": "sec0095",
    "sentence": "For successful scientists, the value of H-index is usually bigger than tenure ([bib0170]).",
    "intent": "background"
  },
  {
    "sec_id": "sec0095",
    "sentence": "Therefore, as the overall effect, researchers with a longer tenure and higher H-index are less likely to collaborate on proposals."
  },
  {
    "sec_id": "sec0095",
    "sentence": "We found that prior collaboration or familiarity, measured by co-authorship and citation, leads to a greater likelihood of future collaboration."
  },
  {
    "sec_id": "sec0095",
    "sentence": "In line with the theory of transactive memory system and learning theories, our findings suggest that people who co-authored or cited each other previously are more likely to collaborate on interdisciplinary grant proposals."
  },
  {
    "sec_id": "sec0095",
    "sentence": "The positive effect of co-authorship relationships for the awarded model is in line with prior research on learning in teams, wherein low turnover improves the efficiency and performance of a team in particular situations ([bib0245]).",
    "intent": "similarities"
  },
  {
    "sec_id": "sec0095",
    "sentence": "On the other hand, the positive effect for the un-awarded model is also explained by research on learning: Low turnover (working with the same individuals) among scientists and engineers lowers performance in research teams ([bib0400]).",
    "intent": ""
  },
  {
    "sec_id": "sec0095",
    "sentence": "These results have also been supported by [bib0135] in their study of teams from artistic and scientific fields.",
    "intent": "background"
  },
  {
    "sec_id": "sec0095",
    "sentence": "The authors showed that teams composed only of people who have worked together in the past are less likely to have innovative ideas ([bib0135]).",
    "intent": "background"
  },
  {
    "sec_id": "sec0095",
    "sentence": "However, while there is a theoretical rationale for each of these results, we would have expected to find a positive and a negative effect for awarded and un-awarded proposals, respectively, or vice versa."
  },
  {
    "sec_id": "sec0095",
    "sentence": "Given the lack of alignment in these effects, future research could explore whether there, in fact, is a curvilinear relationship between the extent of prior collaborations and success."
  },
  {
    "sec_id": "sec0095",
    "sentence": "At the beginning, prior collaboration may have initial benefits until it reaches a tipping point where the knowledge base of the collaboration is depleted and the success rate spirals down."
  },
  {
    "sec_id": "sec0095",
    "sentence": "We obtained two unexpected but important results."
  },
  {
    "sec_id": "sec0095",
    "sentence": "First, our control variables revealed that single-authored proposals (isolates) have a positive and significant effect in the awarded model."
  },
  {
    "sec_id": "sec0095",
    "sentence": "It appears that interdisciplinarity of a proposal does not necessarily require the need for a team."
  },
  {
    "sec_id": "sec0095",
    "sentence": "This finding might reflect the prevalence of individual scholars who have received interdisciplinary training within a growing number of interdisciplinary research and education programs in some universities."
  },
  {
    "sec_id": "sec0095",
    "sentence": "These scholars, by nature of their training, are able to tap into different pools of knowledge and produce interdisciplinary research without coming across the challenges of forming an interdisciplinary team."
  },
  {
    "sec_id": "sec0095",
    "sentence": "This finding contradicts [bib0095] argument that interdisciplinary research is an outcome of teams and not individuals.",
    "intent": "differences"
  },
  {
    "sec_id": "sec0095",
    "sentence": "Our results indicate that individuals did propose interdisciplinary research, and they were successful in grant applications."
  },
  {
    "sec_id": "sec0095",
    "sentence": "This insight provides us with an important policy implication: Important scientific discovery may well depend on setting up interdisciplinary research and education centers that train interdisciplinary individual researchers rather than interdisciplinary teams."
  },
  {
    "sec_id": "sec0095",
    "sentence": "Second, when analyzing the effect of citation relations on collaboration, we found a negative relationship for successful grant proposals."
  },
  {
    "sec_id": "sec0095",
    "sentence": "Thus, the more researchers cite each other, the more likely they are to generate an unsuccessful proposal."
  },
  {
    "sec_id": "sec0095",
    "sentence": "This suggests that researchers that do not cite one another may come from different areas of research and they have access to diverse knowledge sources ([bib0230]).",
    "intent": "background"
  },
  {
    "sec_id": "sec0095",
    "sentence": "In line with the literature on structural holes which emphasizes that novel ideas come from non-redundant ties ([bib0015], [bib0060]) and the brokerage network position of the researchers will lead to innovation (e.g., [bib0230]).",
    "intent": "similarities"
  },
  {
    "sec_id": "sec0095",
    "sentence": "However, our results suggest that in order for a proposal to be successful, researchers need to have a history of prior collaborations (co-authorship) as well."
  },
  {
    "sec_id": "sec0095",
    "sentence": "Thus, it seems that not all structural holes lead to innovation: Innovation also requires researchers to have collaborated before while continuing to draw upon distinct intellectual bodies of knowledge."
  },
  {
    "sec_id": "sec0095",
    "sentence": "From a practical perspective, researchers are more likely to be successful if they worked together before and therefore show successful collaboration records."
  },
  {
    "sec_id": "sec0095",
    "sentence": "However, they also need to come from different research areas, and draw upon different areas of expertise."
  },
  {
    "sec_id": "sec0095",
    "sentence": "As such our results offer empirical evidence that provides specific practical guidelines to enable the assembly of successful interdisciplinary teams."
  }
]