[
  {
    "sec_id": "sec0005",
    "sentence": "Hypes or fads are objects or (social) ways of behaving receiving much more attention than they objectively deserve."
  },
  {
    "sec_id": "sec0005",
    "sentence": "This leads to inflated expectations for those who possess the object in question or exhibit that particular behavior."
  },
  {
    "sec_id": "sec0005",
    "sentence": "Hypes occur in every domain of human behavior."
  },
  {
    "sec_id": "sec0005",
    "sentence": "Nowadays the use of Facebook to keep contact with so-called friends is a prime example."
  },
  {
    "sec_id": "sec0005",
    "sentence": "It is well-known that investment is an area which is very vulnerable to hypes, possibly leading to stock market bubbles."
  },
  {
    "sec_id": "sec0005",
    "sentence": "A classical definition of the stock market bubble was made by [bib0085] \u201cA bubble may be defined loosely as a sharp rise in the price of an asset or a range of assets in a continuous process, with the initial rise generating expectations of further rises and attracting new buyers \u2013 generally speculators interested in profits from trading in the asset rather than its use or earnings capacity\u201d.",
    "intent": "background"
  },
  {
    "sec_id": "sec0005",
    "sentence": "[bib0155] thought that this definition \u201cimplies that a high and growing price is unjustified (not related to \u2018earnings capacity\u2019) and is fed by \u2018momentum\u2019 investors who buy with the sole purpose of selling quickly to other investors at a higher price\u201d.",
    "intent": "background"
  },
  {
    "sec_id": "sec0005",
    "sentence": "We think that also scientific research is not free of hypes and see some analogies with stock market bubbles as defined above."
  },
  {
    "sec_id": "sec0005",
    "sentence": "For instance, if authors (or journals) receive more citations than expected just because they publish about a fashionable topic (a hype), this may lead them and others to feed \u2013 speculatively \u2013 the production of works on this topic, in order to obtain unreasonable recognition."
  },
  {
    "sec_id": "sec0005",
    "sentence": "Assuming a pattern similar to what is observed in the stock market, this effect may last until the hyped topic becomes saturated and the speculative advantage disappears."
  },
  {
    "sec_id": "sec0005",
    "sentence": "In particular we intend to show in this article that the h-index or [bib0055] index can be considered a hype in our field.",
    "intent": "background"
  },
  {
    "sec_id": "sec0005",
    "sentence": "In 2005, Hirsch became a well-known name in science, and especially in the field of scientometrics, thanks to his article published in the Proceedings of the National Academy of Sciences of the United States of America (in short: PNAS)."
  },
  {
    "sec_id": "sec0005",
    "sentence": "Concretely, we will show that, in terms of received citations, articles on the h-index form a different population than articles that do not deal with the h-index or its variants."
  },
  {
    "sec_id": "sec0005",
    "sentence": "This will be shown for articles published in the journals Journal of Informetrics, Journal of the American Society for Information Science & Technology and for Scientometrics."
  },
  {
    "sec_id": "sec0005",
    "sentence": "Before coming to the essence of this contribution we recall the definition of the h-index:Consider a scientist's list of publications, ranked according to the number of citations received, then this scientist's h-index is defined as the highest rank such that the first h publications received each at least h citations."
  },
  {
    "sec_id": "sec0005",
    "sentence": "Consider a scientist's list of publications, ranked according to the number of citations received, then this scientist's h-index is defined as the highest rank such that the first h publications received each at least h citations."
  },
  {
    "sec_id": "sec0005",
    "sentence": "An h-index can not only be calculated for scientists, publications and citations, but for many other source-item systems, such as, for instance, libraries, books and the number of loans ([bib0095]), leading to a statement such as: library L has this year h books that have been lent out each at least h times (where h is the largest natural number for which this expression is true).",
    "intent": "background"
  },
  {
    "sec_id": "sec0005",
    "sentence": "Hirsch's original definition referred to lifetime achievements but publications as well as citations can be restricted to any well-defined period."
  },
  {
    "sec_id": "sec0005",
    "sentence": "Finally, we like to point out that citations are always collected from some database (e.g. Web of Science, Scopus) or part thereof (e.g. only the Social Science Citation Index, or counting only citations in the journals Nature and Science), leading to many variations on the same theme."
  },
  {
    "sec_id": "sec0005",
    "sentence": "Of course, the notion of an h-index has been generalized to other h-type indices such as the g-index ([bib0030], [bib0035]), the R-index ([bib0080]) and many other ones.",
    "intent": "background"
  },
  {
    "sec_id": "sec0010",
    "sentence": "Data for our investigation were collected in July 2012 from Thomson Reuters\u2019 Web of Science (WoS)."
  },
  {
    "sec_id": "sec0010",
    "sentence": "Hirsch\u2019 article received \u201cofficially\u201d 924 citations during the period 2005\u20132011."
  },
  {
    "sec_id": "sec0010",
    "sentence": "Actually, we found many more citations, using a \u201cCited Reference Search\u201d, including several variants for the cited article."
  },
  {
    "sec_id": "sec0010",
    "sentence": "Even before its official publication the article's arXiv version had already attracted a lot of attention (and received citations)."
  },
  {
    "sec_id": "sec0010",
    "sentence": "Nowadays (August 2012) Hirsch's total number of received citations for all variants (including printing errors and citations to the arXiv version) exceeds the number of 1100 citations."
  },
  {
    "sec_id": "sec0010",
    "sentence": "However, using the normal search function for the original article in WoS, the \u201cnumber of citations received\u201d leads to 924 citations during the period (2005\u20132011)."
  },
  {
    "sec_id": "sec0010",
    "sentence": "The advantage of using this method is that we can use the \u201cCitation Report\u201d and see how many citations are received each year."
  },
  {
    "sec_id": "sec0010",
    "sentence": "Indeed, [tbl0005], [tbl0010], [tbl0015], [tbl0020] were obtained from such a search, using the \u201cAnalyze Results\u201d function."
  },
  {
    "sec_id": "sec0010",
    "sentence": "[fig0005] illustrates the yearly increase in numbers of received citations."
  },
  {
    "sec_id": "sec0010",
    "sentence": "Table 1."
  },
  {
    "sec_id": "sec0010",
    "sentence": "Sources citing ([bib0055]).",
    "intent": "uses"
  },
  {
    "sec_id": "sec0010",
    "sentence": "Table 2."
  },
  {
    "sec_id": "sec0010",
    "sentence": "Citing journals\u2019 WoS categories."
  },
  {
    "sec_id": "sec0010",
    "sentence": "Table 3."
  },
  {
    "sec_id": "sec0010",
    "sentence": "Authors citing ([bib0055]) the most.",
    "intent": "background"
  },
  {
    "sec_id": "sec0010",
    "sentence": "Table 4."
  },
  {
    "sec_id": "sec0010",
    "sentence": "Types of publications."
  },
  {
    "sec_id": "sec0010",
    "sentence": "All articles citing ([bib0055]) form a set referred to as the set of H-articles.",
    "intent": "background"
  },
  {
    "sec_id": "sec0010",
    "sentence": "In [fig0010], we show the growth in citations received by [bib0055] PNAS article and on a different scale the citations received by H-articles.",
    "intent": "background"
  },
  {
    "sec_id": "sec0010",
    "sentence": "Not surprisingly journals especially devoted to \u201cindicators\u201d such as Scientometrics and the Journal of Informetrics, published the most H-articles (see [tbl0005]), as was also found by [bib0185].",
    "intent": "background"
  },
  {
    "sec_id": "sec0010",
    "sentence": "Although published in PNAS, a multidisciplinary journal, and immediately commented upon in Nature ([bib0190]), mainly LIS journals (and the ISSI conferences) published H-articles.",
    "intent": "background"
  },
  {
    "sec_id": "sec0010",
    "sentence": "This is shown in [tbl0010]."
  },
  {
    "sec_id": "sec0010",
    "sentence": "Most-citing authors are shown in [tbl0015]."
  },
  {
    "sec_id": "sec0010",
    "sentence": "[tbl0020] shows the types of publications that cite ([bib0055]).",
    "intent": "background"
  },
  {
    "sec_id": "sec0010",
    "sentence": "Here the relatively high number of editorial material is worth mentioning."
  },
  {
    "sec_id": "sec0010",
    "sentence": "All data in [tbl0005], [tbl0010], [tbl0015], [tbl0020] refer to the end of July 2012."
  },
  {
    "sec_id": "sec0015",
    "sentence": "We performed a search related to the three journals that published most of the H-articles using the search strategy: Source Name AND/NOT Topic\u00a0=\u00a0(Hirsch OR h-index)."
  },
  {
    "sec_id": "sec0015",
    "sentence": "The results lead to two subsets of published articles for each of the three journals."
  },
  {
    "sec_id": "sec0015",
    "sentence": "Considering only publications of the type Articles, Letters, Reviews and Proceeding Papers, we collected for each publication year in the period 2007\u20132009 the number of citations received in the first two years after publication (not including the publication year)."
  },
  {
    "sec_id": "sec0015",
    "sentence": "These are the years influencing the journals\u2019 impact factor."
  },
  {
    "sec_id": "sec0015",
    "sentence": "Data and summary statistics are shown in [tbl0025], [tbl0030], [tbl0035]."
  },
  {
    "sec_id": "sec0015",
    "sentence": "Occasionally, we have here and for the case of authors, relatively small numbers of items in one group."
  },
  {
    "sec_id": "sec0015",
    "sentence": "Yet, based on [bib0010] and especially Fig.",
    "intent": "uses"
  },
  {
    "sec_id": "sec0015",
    "sentence": "4 in this publication, we are convinced that use of the normal approximation is appropriate."
  },
  {
    "sec_id": "sec0015",
    "sentence": "Moreover, [bib0045] found that in extremely unbalanced cases the normal approximation is too conservative (and the uniform approximation is proposed).",
    "intent": "background"
  },
  {
    "sec_id": "sec0015",
    "sentence": "This means that if we find an effect with the normal approximation (and we do) it is certainly present."
  },
  {
    "sec_id": "sec0015",
    "sentence": "See [tbl0025]."
  },
  {
    "sec_id": "sec0015",
    "sentence": "Table 5."
  },
  {
    "sec_id": "sec0015",
    "sentence": "Summary statistics for the Journal of Informetrics related to the publication period 2007\u20132009 and citations during two years after publication."
  },
  {
    "sec_id": "sec0015",
    "sentence": "See [tbl0030]."
  },
  {
    "sec_id": "sec0015",
    "sentence": "Table 6."
  },
  {
    "sec_id": "sec0015",
    "sentence": "Summary statistics for Scientometrics related to the publication period 2007\u20132009 and citations during two years after publication."
  },
  {
    "sec_id": "sec0015",
    "sentence": "See [tbl0035]."
  },
  {
    "sec_id": "sec0015",
    "sentence": "Table 7."
  },
  {
    "sec_id": "sec0015",
    "sentence": "Summary statistics for the Journal of the American Society for Information Science and Technology related to the publication period 2007\u20132009 and citations during two years after publication."
  },
  {
    "sec_id": "sec0015",
    "sentence": "Visually comparing means and medians leads to the obvious conclusion that these values are considerably higher for H-articles than for non-H-articles and this in any journal and any year."
  },
  {
    "sec_id": "sec0015",
    "sentence": "This leads to the suggestion: can it be shown that the H-articles and the non-H-articles are statistically different subpopulations?"
  },
  {
    "sec_id": "sec0015",
    "sentence": "To prove this we applied the Mann\u2013Whitney\u2013Wilcoxon test ([bib0100], [bib0110], [bib0175]) following the detailed outline as published in [bib0060].",
    "intent": "uses"
  },
  {
    "sec_id": "sec0015",
    "sentence": "[bib0060] provides a practical guide about how to apply this test, taking care of ties (which frequently occur in informetric distributions).",
    "intent": "background"
  },
  {
    "sec_id": "sec0015",
    "sentence": "We follow the formula for a z-test as shown in this article (and note a small misprint: the index j in this formula should be t)."
  },
  {
    "sec_id": "sec0015",
    "sentence": "Results are given in [tbl0040]."
  },
  {
    "sec_id": "sec0015",
    "sentence": "Table 8."
  },
  {
    "sec_id": "sec0015",
    "sentence": "p-Values of the Mann\u2013Whitney\u2013Wilcoxon test applied to [tbl0025], [tbl0030], [tbl0035]."
  },
  {
    "sec_id": "sec0015",
    "sentence": "H0: the two groups can be considered to belong to the same population (two-sided test)."
  },
  {
    "sec_id": "sec0015",
    "sentence": "We write\u00a0\u2248\u00a00 for p-values smaller than 0.0001."
  },
  {
    "sec_id": "sec0040",
    "sentence": "We consider the three authors that published most of the H-articles using the search strategy: Author Name AND Institution AND/NOT Topic\u00a0=\u00a0(Hirsch OR h-index)."
  },
  {
    "sec_id": "sec0040",
    "sentence": "This again leads to two subsets of published articles for each of the three persons."
  },
  {
    "sec_id": "sec0040",
    "sentence": "Considering only publications of the type Articles, Letters, Reviews and Proceeding Papers, we collected for the whole period 2006\u20132010 the total number of citations received up to the date of data collection (July, 2012)."
  },
  {
    "sec_id": "sec0040",
    "sentence": "Data and summary statistics are shown in [tbl0045]."
  },
  {
    "sec_id": "sec0040",
    "sentence": "Table 9."
  },
  {
    "sec_id": "sec0040",
    "sentence": "Summary statistics for three authors related to the publication period 2006\u20132010 and citations received during the period [publication date \u2013 July 2012]."
  },
  {
    "sec_id": "sec0040",
    "sentence": "Clearly scientists who publish about the h-index received for these articles on average more citations than for their other articles published during the same period."
  },
  {
    "sec_id": "sec0040",
    "sentence": "Again we apply the Mann\u2013Whitney\u2013Wilcoxon test, showing result in [tbl0050]."
  },
  {
    "sec_id": "sec0040",
    "sentence": "Table 10."
  },
  {
    "sec_id": "sec0040",
    "sentence": "p-Values of the Mann\u2013Whitney\u2013Wilcoxon test applied to [tbl0050] H0: the two groups can be considered to belong to the same population (two-sided test)."
  },
  {
    "sec_id": "sec0040",
    "sentence": "In this section, we present anecdotal evidence that publishing on the h-index is beneficial for their authors."
  },
  {
    "sec_id": "sec0040",
    "sentence": "Beginning with Hirsch himself we see that [bib0055] is the fourth most-cited article published in PNAS, the flagship publication of the American National Academy of Sciences (!), in the year 2005.",
    "intent": "background"
  },
  {
    "sec_id": "sec0040",
    "sentence": "[bib0080] is the most-cited article ever, published in the Chinese Science Bulletin, while [bib0035] is the most-cited article ever in Scientometrics.",
    "intent": "background"
  },
  {
    "sec_id": "sec0040",
    "sentence": "[bib0165] is the third in this list.",
    "intent": "background"
  },
  {
    "sec_id": "sec0040",
    "sentence": "[bib0145] is the most-cited article in the Journal of Informetrics.",
    "intent": "background"
  },
  {
    "sec_id": "sec0040",
    "sentence": "[bib0190] is the second most-cited News Item in Nature in that year, while [bib0040] review is the most-cited article in the Annual Review of Information Science & Technology, published in the year 2010.",
    "intent": "background"
  },
  {
    "sec_id": "sec0040",
    "sentence": "[bib0140] is the most-cited article published in 2007 in Annalen der Physik, and [bib0115] is the most-cited letter published in Current Science in 2006 (and the 7th most-cited letter ever published in this journal).",
    "intent": "background"
  },
  {
    "sec_id": "sec0040",
    "sentence": "Even articles published in journals not covered by the WoS received many citations such as [bib0030], [bib0090] and [bib0075] articles in the ISSI Newsletter; [bib0070], [bib0050] and [bib0120] articles in the Chinese language journal Science Focus, and [bib0130] article in the COLLNET Journal of Scientometrics and Information Management.",
    "intent": "background"
  },
  {
    "sec_id": "sec0040",
    "sentence": "All these articles are the most-cited ones in their respective journals."
  },
  {
    "sec_id": "sec0040",
    "sentence": "Even the unpublished article introducing the so-called real h-index (actually an interpolated h-index) by [bib0125] received already 17 citations.",
    "intent": "background"
  },
  {
    "sec_id": "sec0040",
    "sentence": "Note that we fully agree with the idea that the best articles must be cited, wherever they are published."
  },
  {
    "sec_id": "sec0040",
    "sentence": "The point is that in indicator studies it rarely happens that articles outside the WoS receive a relatively high number of citations."
  },
  {
    "sec_id": "sec0050",
    "sentence": "If the introduction of the h-index would have been a first rate intellectual achievement we would not have used the term \u201chype\u201d."
  },
  {
    "sec_id": "sec0050",
    "sentence": "But we think that the h-index is more a \u2018clever find\u2019 than an original idea."
  },
  {
    "sec_id": "sec0050",
    "sentence": "It seems highly probable that, if Hirsch had not proposed this indicator then someone else might have."
  },
  {
    "sec_id": "sec0050",
    "sentence": "In a sense this was already the case as the same formula had been used much earlier by Eddington in the context of cycling ([bib0065]).",
    "intent": "similarities"
  },
  {
    "sec_id": "sec0050",
    "sentence": "Moreover, it has been shown that the h-index formalism does not satisfy some logical requirements ([bib0015], [bib0020], [bib0025], [bib0105], [bib0135], [bib0170]).",
    "intent": "background"
  },
  {
    "sec_id": "sec0050",
    "sentence": "[bib0170], for instance, show that it is possible that if the h-index of scientist S is strictly larger than the h-index of scientist T, and S and T co-author some articles then the h-index of scientist T may become the larger of the two.",
    "intent": "background"
  },
  {
    "sec_id": "sec0050",
    "sentence": "Although this seems an undesired property, not everyone agrees with this, in the sense that some colleagues claim that the requirements as proposed by Bouyssou and Marchant are not really logical ([bib0180]).",
    "intent": "background"
  },
  {
    "sec_id": "sec0050",
    "sentence": "Anyway, this leads to the question: Will the h-index stay in use?"
  },
  {
    "sec_id": "sec0050",
    "sentence": "Will it become a standard indicator like the journal impact factor, embedded in practical use and strong enough to withstand criticism as in ([bib0150])?",
    "intent": ""
  },
  {
    "sec_id": "sec0055",
    "sentence": "We have shown that the rise of the h-index can be compared to a stock market bubble."
  },
  {
    "sec_id": "sec0055",
    "sentence": "In a similar way, we could talk about T-bubbles (T representing any hyped topic): an author or journal (buyer) might generate expectations about receiving a higher number of citations (a rise in price) when he/she publishes papers about topic T, and this without any scientifically valid reason (earning capacity)."
  },
  {
    "sec_id": "sec0055",
    "sentence": "Another question is whether or not the authors or journals act as speculators who only seek to gain prestige."
  },
  {
    "sec_id": "sec0055",
    "sentence": "Clearly journals and authors who studied the h-index benefited in terms of short-term citations."
  },
  {
    "sec_id": "sec0055",
    "sentence": "Of course, authors and journals who benefited did not do this on purpose, i.e. they did not study the h-index just to increase the total number of received citations, or their personal h-index, but because they were interested in this new phenomenon."
  },
  {
    "sec_id": "sec0055",
    "sentence": "Although the rise of the h-index can be compared with stock market bubbles leading to huge profits for some, there are no real losers here."
  },
  {
    "sec_id": "sec0055",
    "sentence": "Or are there?"
  },
  {
    "sec_id": "sec0055",
    "sentence": "Maybe time spent studying the h-index and its alternatives may have been used for more important research?"
  },
  {
    "sec_id": "sec0055",
    "sentence": "We do not really dare formulate such a strong opinion, as we admit being still interested in the h-index and its consequences."
  }
]