[
  {
    "sec_id": "sec0005",
    "sentence": "[bib0070] introduced the h-index for the assessment of the research performance of scientists.",
    "intent": "background"
  },
  {
    "sec_id": "sec0005",
    "sentence": "Not only the indicator has found a wide use in a very short time, but also a series of articles were subsequently published either proposing modifications of the original h-index for its improvement, or new implementations of the proposed index."
  },
  {
    "sec_id": "sec0005",
    "sentence": "Increasingly, the h-index is proposed as an alternative to the most commonly used IF for evaluating the scientific impact of journals (see, e.g. [bib0020]; [bib0010], [bib0095], [bib0130]).",
    "intent": "background"
  },
  {
    "sec_id": "sec0005",
    "sentence": "Despite the fact that various mathematical models for the h-index have been proposed, yet little is known about the mechanisms governing the relationship between the h-index and publications (P)/citations (C) and its robustness to the latter indicators by utilizing the aforementioned models."
  },
  {
    "sec_id": "sec0005",
    "sentence": "The general perspective is that the (journal) h-index is robust to changes in number of publications and citations."
  },
  {
    "sec_id": "sec0005",
    "sentence": "[bib0045] for instance deduce that h-indices are robust to small variations in the publication/citation data and even to significant changes in the C values of the papers of interest, by investigating the robustness of the h-index to missing or wrong citation records.",
    "intent": "background"
  },
  {
    "sec_id": "sec0005",
    "sentence": "[bib0030] have theoretically shown that a significant number of papers significantly cited must be published to increase the h-index.",
    "intent": "background"
  },
  {
    "sec_id": "sec0005",
    "sentence": "In the same lines, [bib0115] found, by utilizing theoretical models, that a relative small number of highly cited publications have a small influence on the h-index.",
    "intent": "background"
  },
  {
    "sec_id": "sec0005",
    "sentence": "According to [bib0100], the h-index is less sensitive to the increase in the number of citations and it does not penalize a journal for publishing a larger number of papers.",
    "intent": "background"
  },
  {
    "sec_id": "sec0005",
    "sentence": "For a more applied examination concerning the robustness of the h-index we refer the interested reader to [bib0145].",
    "intent": "background"
  },
  {
    "sec_id": "sec0005",
    "sentence": "However, the latter claims have not been examined thoroughly up to now, especially in the context of the h-index of a research journal."
  },
  {
    "sec_id": "sec0005",
    "sentence": "One may ask: what are small variations in P, C and how they can be quantified?"
  },
  {
    "sec_id": "sec0005",
    "sentence": "This paper tries to fill this gap and answer the following question; how the h-index varies according to specific changes in the number of P and C?"
  },
  {
    "sec_id": "sec0005",
    "sentence": "This research question cannot be addressed without specifying a mathematical relation between h, P and C."
  },
  {
    "sec_id": "sec0005",
    "sentence": "Hence, by relying on some of the well-established mathematical functions relating h-index with P, C, an empirical contribution to the issue of quantifying the sensitivity of the h-index by adopting a statistical modeling view is attempted, within the Bayesian paradigm."
  },
  {
    "sec_id": "sec0005",
    "sentence": "Bayesian methods permit model flexibility and appropriateness and the present study shall attempt to highlight the practical benefits of the Bayesian view of statistics."
  },
  {
    "sec_id": "sec0005",
    "sentence": "In this context, it shall be also attempted to answer which model is more robust when compared to the others."
  },
  {
    "sec_id": "sec0005",
    "sentence": "The proposed methodology is illustrated utilizing two different datasets consisting of the h-indices, P and C of the journals in the fields of ecology and forestry included in the Web of Science (WoS) (Collection date: March, 2013 and November 2011 for ecology and forestry journals respectively)."
  },
  {
    "sec_id": "sec0005",
    "sentence": "The total samples consisted of 264,519 and 71,683 research publications from 134 ecology and 54 forestry, scientific journals, respectively, thus constituting two diverse groups of data suitable for credible inferences."
  },
  {
    "sec_id": "sec0005",
    "sentence": "For more details on the collected data see [bib0090].",
    "intent": "background"
  },
  {
    "sec_id": "sec0010",
    "sentence": "Statistics uses two major paradigms, classical (or conventional or frequentist) and Bayesian."
  },
  {
    "sec_id": "sec0010",
    "sentence": "Bayesian methods can incorporate scientific hypothesis in the analysis through the prior distribution and also have the advantage of being applied to problems with too complex structures that cannot be solved through classical statistics ([bib0005]).",
    "intent": "background"
  },
  {
    "sec_id": "sec0010",
    "sentence": "Many statistical models are currently too complex to be fitted using classical statistical methods, but they can be fitted using Bayesian computational methods."
  },
  {
    "sec_id": "sec0010",
    "sentence": "Inference for classical statistical modeling traditionally is based on the Maximum Likelihood (ML), where parameter estimates and corresponding confidence intervals are valid only for large samples."
  },
  {
    "sec_id": "sec0010",
    "sentence": "In contrast, Bayesian inference is exact for any sample, regardless of its size."
  },
  {
    "sec_id": "sec0010",
    "sentence": "Another distinctive characteristic of the Bayesian paradigm is that the data are treated as a fixed quantity and the parameters as random variables."
  },
  {
    "sec_id": "sec0010",
    "sentence": "Hence, in this sense, every parameter is assigned distributions, in contrast to classical statistics, where parameters are treated as fixed unknown constants."
  },
  {
    "sec_id": "sec0010",
    "sentence": "Although Bayesian inference has been criticized for the use of the prior distribution, alternatively to utilizing an informative prior distribution it is also possible to specify ignorance in Bayesian analysis (i.e. we do not know anything about the parameters of interest) by assigning an uninformative (or vague or diffuse) prior."
  },
  {
    "sec_id": "sec0010",
    "sentence": "By the term uninformative prior, we mean assigning to the parameter a prior distribution with a very large variance."
  },
  {
    "sec_id": "sec0010",
    "sentence": "In a general setting, under Bayesian inference we denote by \u03b8\u00a0=\u00a0(\u03b81, \u03b82, \u2026, \u03b8k)t the vector of a set of, say k, unobserved parameters, and by x the observed data."
  },
  {
    "sec_id": "sec0010",
    "sentence": "Bayesian inference is based on Bayes\u2019 theorem, according to which the posterior distribution, denoted by p(\u03b8|x) is given by:(1)p(\u03b8|x)=p(x|\u03b8)\u22c5p(\u03b8)p(x)=p(x|\u03b8)\u22c5p(\u03b8)\u222b\u03b8p(x|\u03b8)\u22c5p(\u03b8)d\u03b8."
  },
  {
    "sec_id": "sec0010",
    "sentence": "Eq. [eq0005] states that the probability of parameters \u03b8 given the data x is proportional to the likelihood function L(\u03b8)\u00a0=\u00a0p(x|\u03b8) and the prior distribution of \u03b8, p(\u03b8), i.e.:posterior\u221dlikelihood\u00d7prior."
  },
  {
    "sec_id": "sec0010",
    "sentence": "The latter constitutes the intuitive basis of model-based Bayesian inference combining the information that we know before (through prior distribution), updated using the likelihood function (the data) in order to obtain the posterior distribution which gives information about the parameter of interest."
  },
  {
    "sec_id": "sec0010",
    "sentence": "The most challenging issue in Bayesian inference is \u2013 as is well known \u2013 the normalizing term p(x) (often called the marginal likelihood) in the denominator of Eq. [eq0005], due to that in most modeling cases p(x) includes complex high-dimensional integrals which are analytically intractable."
  },
  {
    "sec_id": "sec0010",
    "sentence": "Due to this issue, the problem of generating samples from the posterior distribution p(\u03b8|x) is not straightforward."
  },
  {
    "sec_id": "sec0010",
    "sentence": "Only after the mid-1980s the implementation of simulation-based computing algorithms like Markov chain Monte Carlo (McMC) ([bib0055]) on widely accessible powerful computers helped to overcome these problems and led to an explosion of interest in Bayesian modeling ([bib0105]).",
    "intent": "background"
  },
  {
    "sec_id": "sec0010",
    "sentence": "Markov chain simulation yields a sample from the posterior distribution p(\u03b8|x) of a parameter."
  },
  {
    "sec_id": "sec0010",
    "sentence": "One of the most widely used McMC techniques is Gibbs sampler ([bib0050], [bib0060]).",
    "intent": "background"
  },
  {
    "sec_id": "sec0010",
    "sentence": "A brief description of the Gibbs sampler iterative scheme for obtaining posterior samples for parameters \u03b8 is presented below:(a) Choose initial values for \u03b8\u00a0=\u00a0(\u03b81, \u03b82, \u2026, \u03b8k)t: \u03b810,\u03b820,\u2026,\u03b8k0(b) Sample value \u03b81(1) from the conditional distribution p(\u03b81|\u03b82(0),\u03b83(0),\u2026,\u03b8k(0),x), \u03b82(1) from p(\u03b82|\u03b81(1),\u03b83(1),...,\u03b8k(0),x),\u2026\u03b8k1 from p(\u03b8k|\u03b81(1),\u03b82(1),\u2026,\u03b8k\u22121(1),x).(c) Repeat step (b) an adequate number of iterations (e.g. N\u00a0=\u00a010,000, 100,000) in order to obtain the posterior distribution of each \u03b8i (i\u00a0=\u00a01, 2, \u2026, k)."
  },
  {
    "sec_id": "sec0010",
    "sentence": "During these iterative schemes, the monitoring of the convergence of the algorithm is required."
  },
  {
    "sec_id": "sec0010",
    "sentence": "From a theoretical point of view, convergence of the algorithm implies convergence to the stationary distribution of the parameter, which in this case of Bayesian inference is the posterior distribution."
  },
  {
    "sec_id": "sec0010",
    "sentence": "In practice, there are several diagnostics for checking this, both visual and more formal."
  },
  {
    "sec_id": "sec0010",
    "sentence": "Trace plots (or history plots) are for example one visual way for examining convergence."
  },
  {
    "sec_id": "sec0010",
    "sentence": "If the chains of posterior samples, plotted against the sampling time, appear stable in certain areas of the parameter space, there is indication of convergence."
  },
  {
    "sec_id": "sec0010",
    "sentence": "For a detailed presentation of formal diagnostic techniques for assessing convergence we refer the interested reader to [bib0025].",
    "intent": "background"
  },
  {
    "sec_id": "sec0010",
    "sentence": "When convergence is reached then after discarding the first B posterior samples we then consider the remaining {\u03b8(B+1), \u03b8(B+2), \u2026, \u03b8(N)} samples."
  },
  {
    "sec_id": "sec0010",
    "sentence": "Summary measures, such as the median or the mean of the posterior distribution can be used as point estimates for the parameters \u03b8, whereas the \u03b1/2 and 1\u00a0\u2212\u00a0\u03b1/2 posterior quantiles can be used to construct the (1\u00a0\u2212\u00a0\u03b1)100% posterior credible intervals for the \u03b8s."
  },
  {
    "sec_id": "sec0010",
    "sentence": "In the field of scientometrics in general \u2013 and particularly of research assessment with h-type indices \u2013 techniques from Bayesian statistics have hardly been used."
  },
  {
    "sec_id": "sec0010",
    "sentence": "Hence, the utilization of a Bayesian statistical modeling view may also serve as a guideline for future research applying Bayesian inference."
  },
  {
    "sec_id": "sec0010",
    "sentence": "The few examples of applying Bayesian methods in scientometrics include the paper of [bib0080], utilizing Bayesian networks to examine relationships between bibliometric indices (see also the recent publication of [bib0015] presenting applications based on Bayesian networks) and [bib0090] performing parameter estimation from a Bayesian modeling perspective, by statistically fitting the most well-established mathematical models for the h-index using a McMC sampling scheme.",
    "intent": "background"
  },
  {
    "sec_id": "sec0010",
    "sentence": "The proposed by [bib0090] methodology was illustrated utilizing the two previously presented journal bibliometric data and assuming typical alternative distributions for count data such as the values of the h-index.",
    "intent": "uses"
  },
  {
    "sec_id": "sec0010",
    "sentence": "The results revealed significant differences among the fitted models as concerns their fit."
  },
  {
    "sec_id": "sec0010",
    "sentence": "Most suitable models for the association between the h-index and P, C were found to be the Gl\u00e4nzel\u2013Schubert model ([bib0135]) and a three-parameter Hirsch model[fn0005] ([bib0150]), whereas the negative binomial (NB) distribution assumed for the h-index values has been found to be a useful alternative to the commonly utilized Gaussian distribution.",
    "intent": "background"
  },
  {
    "sec_id": "sec0010",
    "sentence": "For the current analysis the best fitted models as were identified in [bib0090] are utilized, i.e. the Gaussian Gl\u00e4nzel\u2013Schubert model ([bib0135]), and the three-parameter Hirsch model ([bib0150]) assuming a Gaussian and a NB distribution for the h-index values.",
    "intent": "uses"
  },
  {
    "sec_id": "sec0010",
    "sentence": "In addition, based on further research conducted by the author, an alternative mathematical function is included that was found to perform similarly with the three previously described models."
  },
  {
    "sec_id": "sec0010",
    "sentence": "The proposed function is a modification of the classic Lotkaian model h\u00a0=\u00a0P1/\u03b1 of [bib0035] (see also [bib0045]) that depends on C and a single parameter \u03b1 through:(2)h=\u03b1\u22122\u03b1\u22121A1/\u03b1,where A=C\u03b1\u22122=P\u03b1\u22121\u03b1\u22122 and \u03b1\u00a0>\u00a02 (see [tbl0010] for the mathematical forms of the fitted statistical models in the current analysis).",
    "intent": "extends"
  },
  {
    "sec_id": "sec0010",
    "sentence": "Attempts to fit models based on a dynamic temporal h-index (see [bib0040]) resulted in poor fit and thus the latter models were excluded from further analyses.",
    "intent": "uses"
  },
  {
    "sec_id": "sec0010",
    "sentence": "Table 1."
  },
  {
    "sec_id": "sec0010",
    "sentence": "Theoretical models for the h-index based on P and C."
  },
  {
    "sec_id": "sec0010",
    "sentence": "Specifically, the theoretical mathematical model functions of [tbl0010] are utilized in order to fit Bayesian regression-type models of the following general form:(3)Hi\u223cf(hi|\u03b8i)\u03b8i=h(\u03bci)\u03bci=g(P,C)where Hi is the random variable of the theoretical h-index following distribution f (i.e. either the Gaussian or the Negative Binomial distribution), \u03b8i\u00a0=\u00a0h(\u00b7) denotes the link function of the mean h-index to each of the functions in [tbl0010] (being h(\u03bci)\u00a0=\u00a0\u03bci and h(\u03bci)=r(1\u2212qi)qi for the Gaussian and the negative binomial distribution, respectively), and finally g(\u00b7) denotes each of the 4 theoretical functions tested."
  },
  {
    "sec_id": "sec0010",
    "sentence": "(i\u00a0=\u00a0(1, 2, \u2026, 130)) and i\u00a0=\u00a0(1, 2, \u2026, 54) for the ecology and forestry journals, respectively)."
  },
  {
    "sec_id": "sec0010",
    "sentence": "As already described in Section [sec0015], in order to implement Bayesian inference concerning the parameters of the four h-index regression-type models, one has to specify both the likelihood and the prior distributions for the models\u2019 parameters."
  },
  {
    "sec_id": "sec0010",
    "sentence": "Then \u2013 after obtaining the posterior distribution \u2013 summary measures and density plots can be used to describe the posterior parameter estimates."
  },
  {
    "sec_id": "sec0010",
    "sentence": "To illustrate this, expressions [eq0025], [eq0030], [eq0035], [eq0040] describe the Gl\u00e4nzel\u2013Schubert Gaussian model in Bayesian notation:(4)hi\u223cNormalcPi1/(\u03b1+1)\u22c5CiPi\u03b1/(\u03b1+1),\u03c3,priors:(5)\u03b1\u223cNormal(1,100),(6)c\u223cNormal(0,100),(7)\u03c4\u223cGamma(0.001,0.001)where \u03c4\u00a0=\u00a01/\u03c3 the precision and subscript i the sample size."
  },
  {
    "sec_id": "sec0010",
    "sentence": "Hence, the parameters \u03b1 and c are given independent non-informative priors with mean one and zero respectively and with some precision."
  },
  {
    "sec_id": "sec0010",
    "sentence": "Additionally, the precision is picked from a Gamma distribution with a specified mean and shape parameter."
  },
  {
    "sec_id": "sec0010",
    "sentence": "[fig0015] in [sec0050] shows part of the WinBUGS program ([bib0085]) that describes the prior distribution of the parameters and the likelihood of the data for one of the fitted models (the Gl\u00e4nzel\u2013Schubert model \u2013 ecology field).",
    "intent": "background"
  },
  {
    "sec_id": "sec0010",
    "sentence": "Sensitivity analysis is an extremely useful methodological tool ([bib0125]).",
    "intent": "background"
  },
  {
    "sec_id": "sec0010",
    "sentence": "A number of studies have previously demonstrated that \u201cgoodness of fit\u201d alone is insufficient in reliably classifying the credibility of a model and sensitivity analysis is commonly employed as a secondary method for evaluating the suitability of a particular model ([bib0120]).",
    "intent": "background"
  },
  {
    "sec_id": "sec0010",
    "sentence": "In this stage we proceed with exploring the effect of P and C on the h-index via suitable sensitivity analysis techniques."
  },
  {
    "sec_id": "sec0010",
    "sentence": "Inference with the proposed scheme is implemented by McMC posterior simulation, allowing formal sensitivity analysis with respect to prior and likelihood assumptions of the original model analysis."
  },
  {
    "sec_id": "sec0010",
    "sentence": "Specifically, inference for alternative scenarios is derived via the implementation of a multivariate probabilistic sensitivity analysis-type scheme, where sensitivity analysis is obtained by increasing each parameter by a given percentage while leaving all others constant and quantifying the change in the model's output."
  },
  {
    "sec_id": "sec0010",
    "sentence": "By this, it is made possible to quantify in an accurate way the magnitude of the effects each one of P and C has on the h-index."
  },
  {
    "sec_id": "sec0010",
    "sentence": "In this context, we utilize distinct values for either P or C keeping the other covariate fixed at its median value for the model including both P and C, and then sample from the posterior density of the response by sampling from the posterior of the covariates\u2019 coefficient estimates."
  },
  {
    "sec_id": "sec0010",
    "sentence": "The use of the posterior samples obtained by the Bayesian inference instead of fixed estimates for the parameters of the mathematical models constitutes the probabilistic nature of the proposed methodology."
  },
  {
    "sec_id": "sec0010",
    "sentence": "There are certain advantages when following this approach; the probabilistic sensitivity analysis under a Bayesian framework proposed in this paper is chosen for certain desirable properties such as the ability to introduce uncertainty inherent in the parameters of interest, by using samples from their posterior distributions instead of the standard static sensitivity analysis where arbitrary values are usually assigned to them."
  },
  {
    "sec_id": "sec0010",
    "sentence": "This feature is desirable at least for the mathematical models examined here since that some of the parameters are not unknown but restricted to certain intervals."
  },
  {
    "sec_id": "sec0010",
    "sentence": "Furthermore, when multiple parameters are estimated from the same model, it is likely that correlations will be induced between them."
  },
  {
    "sec_id": "sec0010",
    "sentence": "Probabilistic sensitivity analyses schemes adequately account for the latter since that by using the posterior output we preserve the potential correlation structure, an important aspect especially in estimating (non)-linear functionals."
  },
  {
    "sec_id": "sec0010",
    "sentence": "To implement this scheme we use the posterior samples for the parameters derived from the fit of the Bayesian models based on the functions of [tbl0010]."
  },
  {
    "sec_id": "sec0010",
    "sentence": "Hence, we conduct Bayesian posterior estimation and then export the posterior samples of parameters of interest to another statistical program that allows implementing the probabilistic sensitivity analysis."
  },
  {
    "sec_id": "sec0010",
    "sentence": "Sensitivity of the h-index for our analysis is visually determined by plots of input vs."
  },
  {
    "sec_id": "sec0010",
    "sentence": "the output values and more formally by utilizing the sensitivity index (SI) given by:(8)SI=hmax\u2212hminhmax,where hmax and hmin denote the maximum and minimum output values resulting from varying the input over its entire range ([bib0075]).",
    "intent": "background"
  },
  {
    "sec_id": "sec0010",
    "sentence": "SI ranges between 0 and 1, with larger values indicating higher sensitivity."
  },
  {
    "sec_id": "sec0010",
    "sentence": "Bayesian inference is implemented with the use of an McMC sampling algorithm, as described previously."
  },
  {
    "sec_id": "sec0010",
    "sentence": "For specifying the priors, low information prior distributions were used (i.e. Gaussian distributions with zero mean and very large variance), truncated though accordingly to comply with the theoretical specification range for each parameter as is shown in [tbl0010]."
  },
  {
    "sec_id": "sec0010",
    "sentence": "To fit the theoretical functions under the Bayesian framework the WinBUGS software was used."
  },
  {
    "sec_id": "sec0010",
    "sentence": "WinBUGS uses McMC methods to generate samples from the posterior distribution of the specified models."
  },
  {
    "sec_id": "sec0010",
    "sentence": "Model selection was performed based upon Bayesian model comparison and model selection criteria."
  },
  {
    "sec_id": "sec0010",
    "sentence": "Specifically, the mean of the posterior deviance (D\u00af) is utilized, based upon the deviance:(9)D(\u03b8)=\u22122logp(x|\u03b8),where p(x|\u03b8) is the likelihood and \u03b8 some parameter."
  },
  {
    "sec_id": "sec0010",
    "sentence": "According to Eq. [eq0050], high values of D(\u03b8) indicate low values for the likelihood which accordingly means that the model does not fit the data well."
  },
  {
    "sec_id": "sec0010",
    "sentence": "From a Bayesian perspective, since the deviance D(\u03b8) is a function of the \u03b8 parameter which is assumed as having a posterior distribution, D(\u03b8) also has a posterior distribution."
  },
  {
    "sec_id": "sec0010",
    "sentence": "Averaging the posterior deviance values obtained by McMC we obtain the mean of the posterior deviance, with smaller values being preferable (Full details on D\u00af can be found in [bib0140]).",
    "intent": "background"
  },
  {
    "sec_id": "sec0010",
    "sentence": "The posterior results for the models\u2019 parameters have been obtained by using 5,000 iterations as initial burn-in period and an additional sample of 50,000 iterations."
  },
  {
    "sec_id": "sec0010",
    "sentence": "Sensitivity analyses are performed with the use of the R software ([bib0110]).",
    "intent": "uses"
  },
  {
    "sec_id": "sec0010",
    "sentence": "The WinBUGS code for all fitted models and the data as well as the R code for performing sensitivity analyses is available upon request by the author."
  },
  {
    "sec_id": "sec0035",
    "sentence": "[tbl0015] provides the fit statistics for the analyzed models under Bayesian inference."
  },
  {
    "sec_id": "sec0035",
    "sentence": "As is observed, the Egghe-Rousseau model under a negative binomial distribution is a competitive alternative to the other three best fitted models identified in previous analyses ([bib0090]), especially for the forestry data.",
    "intent": "differences"
  },
  {
    "sec_id": "sec0035",
    "sentence": "However best fit is shown by the Gl\u00e4nzel\u2013Schubert model for both journal categories, as shown by the mean deviance values D\u00af."
  },
  {
    "sec_id": "sec0035",
    "sentence": "Table 2."
  },
  {
    "sec_id": "sec0035",
    "sentence": "Mean deviance (D\u00af) for the fitted models."
  },
  {
    "sec_id": "sec0035",
    "sentence": "The corresponding posterior distributions of the deviance values for the eight fitted models are presented in the following violin plots ([fig0005])."
  },
  {
    "sec_id": "sec0035",
    "sentence": "The plots provide an additional visual indication as concerns the selection of the best model."
  },
  {
    "sec_id": "sec0035",
    "sentence": "Posterior medians for the models\u2019 parameters are summarized in [tbl0020]."
  },
  {
    "sec_id": "sec0035",
    "sentence": "Table 3."
  },
  {
    "sec_id": "sec0035",
    "sentence": "Posterior parameter estimates (medians) along with the 95% credible intervals of the theoretical models for the h-index, obtained from simulation of 50,000 values."
  },
  {
    "sec_id": "sec0035",
    "sentence": "History plots of the posterior samples of parameters (see for example [fig0010] for the parameters \u03b1 and c of the Gl\u00e4nzel\u2013Schubert model) indicated no lack of convergence for all fitted models."
  },
  {
    "sec_id": "sec0035",
    "sentence": "Next we proceed with the sensitivity analysis results as described in Section [sec0015], performed for the four selected theoretical models."
  },
  {
    "sec_id": "sec0035",
    "sentence": "Two separate sensitivity analyses are performed, first by utilizing the complete data output on P, C (see [tbl0035], [tbl0040] in [sec0050] for the descriptive statistics of the three variables\u2019 values used for the analysis) for the two journal categories, and subsequently using artificial values of the two variables to examine locally the sensitivity of h using distinct selected values for P, C near their medians (i.e. the range between \u221230% and 30% of P, C values around their medians with increments of 5%)."
  },
  {
    "sec_id": "sec0035",
    "sentence": "[tbl0025], [tbl0030] show the values of SIs for the complete publication/citation data and the \u2013 local to the median \u2013 values, respectively."
  },
  {
    "sec_id": "sec0035",
    "sentence": "Table 4."
  },
  {
    "sec_id": "sec0035",
    "sentence": "Sensitivity index for the tested models (complete data output)."
  },
  {
    "sec_id": "sec0035",
    "sentence": "Table 5."
  },
  {
    "sec_id": "sec0035",
    "sentence": "Sensitivity index for the tested models (\u221230% to 30% range of P, C values around their medians)."
  },
  {
    "sec_id": "sec0035",
    "sentence": "[fig0020], [fig0025] in [sec0050] depict the h-index values obtained by the sensitivity analysis on the complete data."
  },
  {
    "sec_id": "sec0035",
    "sentence": "For the varying levels of P, C percentiles from the overall publication/citation distribution in each field are utilized (i.e. the 5%, 10%, 25%, 50%, 75%, 90% and 95%)."
  },
  {
    "sec_id": "sec0035",
    "sentence": "It is clear from the inspection of the graphs that the h-index as a function of the C- and P-percentiles shows a convex trend."
  },
  {
    "sec_id": "sec0035",
    "sentence": "The corresponding progressive values of SIs for the two journal categories are shown in [fig0030], [fig0035]."
  },
  {
    "sec_id": "sec0035",
    "sentence": "Interestingly, it is the selected distribution for the data that mostly characterizes the shape of the curves for the h-index and the SIs, rather than the mathematical functions."
  },
  {
    "sec_id": "sec0035",
    "sentence": "The results in [tbl0025], [tbl0030] and the corresponding figures indicate that all models exhibit similar patterns in terms of sensitivity of the h-index to the varying levels of P, C."
  },
  {
    "sec_id": "sec0035",
    "sentence": "However, higher and lower levels of sensitivity are shown by the Gl\u00e4nzel\u2013Schubert model."
  },
  {
    "sec_id": "sec0035",
    "sentence": "Indeed, less sensitive to changes is the Gl\u00e4nzel\u2013Schubert model that measures changes in the number of publications (see [fig0020], [fig0025], [fig0030], [fig0035]), keeping the number of citations at their median."
  },
  {
    "sec_id": "sec0035",
    "sentence": "In addition, especially constraining the sensitivity analysis at a local range around the median values of C, P we find that the Gl\u00e4nzel-Schubert model is the most sensitive in terms of citations (see [tbl0030])."
  },
  {
    "sec_id": "sec0035",
    "sentence": "A general behavior seems to be followed in all tested models where the h-index is approximately robust up to the 10\u201325th percentile of the total citation distribution of the journals in the specific field and then inflates (see [fig0020], [fig0025])."
  },
  {
    "sec_id": "sec0035",
    "sentence": "This is also verified by the inspection of the progress of SIs ([fig0030], [fig0035]), where the increase of the h-index's sensitivity is apparent between the 10th and 25th percentile of the C distribution."
  },
  {
    "sec_id": "sec0035",
    "sentence": "A similar fluctuation is observed at the 95th percentile of the citation distribution in both datasets."
  },
  {
    "sec_id": "sec0035",
    "sentence": "Sensitivity with regard to changes in publications does not increase after the 95th percentile of the P distribution, as is the case with C."
  },
  {
    "sec_id": "sec0035",
    "sentence": "Again this characteristic applies to both datasets used for our analyses."
  },
  {
    "sec_id": "sec0035",
    "sentence": "The similar patterns of sensitivity in both fields of research could serve as a guide for the editor of any given journal on steps (s)he should undertake in order to grow the h-index of the journal."
  },
  {
    "sec_id": "sec0035",
    "sentence": "Hence, it seems that in order to substantially increase a journal's h-index, it is required the journal's citation output to reach at least the citations of the 10th percentile of the citation distribution in the specific field (e.g., approximately 52 and 755 citations for forestry and ecology, respectively) or, in other words, the journal should be among the 90% most cited journals."
  },
  {
    "sec_id": "sec0035",
    "sentence": "Similarly, retaining the number of citations at a constant level, one has to achieve a large reduction in publications to achieve a significant increase in h."
  },
  {
    "sec_id": "sec0040",
    "sentence": "This paper aimed at investigating for the first time in a systematic way the sensitivity of the journal h-index to changes in the number of publications and citations, by utilizing some of the most popular h-index mathematical models."
  },
  {
    "sec_id": "sec0040",
    "sentence": "In doing this, the Bayesian paradigm was followed as regards the statistical methodology, offering a different view of model-based inference compared to classical statistics."
  },
  {
    "sec_id": "sec0040",
    "sentence": "The results showed that a model, including both C and P as explanatories for h is more sensitive to changes in C than models relying solely on C, especially when restricting these changes locally around the median C."
  },
  {
    "sec_id": "sec0040",
    "sentence": "Examination of the h-index's sensitivity to large variations of C, P revealed a pattern for almost all models, with the h-index values exhibiting robust behavior up to a certain value for C and inflating afterwards."
  },
  {
    "sec_id": "sec0040",
    "sentence": "Robustness of the h-index is considerably more apparent for P in comparison to C, verifying the theoretical beliefs."
  },
  {
    "sec_id": "sec0040",
    "sentence": "Clearly, the number of citations shows a stronger effect on the h-index in comparison to the number of publications, at least when utilizing the Gl\u00e4nzel\u2013Schubert mathematical function."
  },
  {
    "sec_id": "sec0040",
    "sentence": "Recognizing that although this initial analysis is far from exhaustive, the latter findings may prove useful for editorial policies, for instance, in assisting journal editors that seek to increase the reputation of their journal in terms of their respective h-index values."
  },
  {
    "sec_id": "sec0040",
    "sentence": "In doing this, the particular estimates from each field could be utilized for testing scenarios associated with varying the input parameters of P, C and gaining insight on how a specific journal's h-index varies according to these scenarios."
  },
  {
    "sec_id": "sec0040",
    "sentence": "The proposed methodology is currently applied also to other h-type indices for comparing their robustness with that of the h-index and this is a subject of ongoing research."
  },
  {
    "sec_id": "sec0055",
    "sentence": "Conceived and designed the analysis: Chrisovalantis Malesios."
  },
  {
    "sec_id": "sec0055",
    "sentence": "Collected the data: Chrisovalantis Malesios."
  },
  {
    "sec_id": "sec0055",
    "sentence": "Contributed data or analysis tools: Chrisovalantis Malesios."
  },
  {
    "sec_id": "sec0055",
    "sentence": "Performed the analysis: Chrisovalantis Malesios."
  },
  {
    "sec_id": "sec0055",
    "sentence": "Wrote the paper: Chrisovalantis Malesios."
  },
  {
    "sec_id": "sec0050",
    "sentence": ""
  },
  {
    "sec_id": "sec0050",
    "sentence": "Table A1."
  },
  {
    "sec_id": "sec0050",
    "sentence": "Descriptive statistics for the h-index, P and C (Ecology journals)."
  },
  {
    "sec_id": "sec0050",
    "sentence": "Table A2."
  },
  {
    "sec_id": "sec0050",
    "sentence": "Descriptive statistics for the h-index, P and C (Forestry journals)."
  },
  {
    "sec_id": "sec0050",
    "sentence": ""
  }
]