[
  {
    "sec_id": "sec0005",
    "sentence": "Classifying journals into research areas is an essential subject for bibliometric studies."
  },
  {
    "sec_id": "sec0005",
    "sentence": "A classification system can assist with various problems; for instance, it can be used to demarcate research areas (e.g., [bib0075], [bib0220]), to evaluate and compare the impact of research across scientific fields (e.g., [bib0125], [bib0210]), and to study the interdisciplinarity of research (e.g., [bib0175], [bib0180]).",
    "intent": "background"
  },
  {
    "sec_id": "sec0005",
    "sentence": "The two most important multidisciplinary bibliographic databases, Web of Science (WoS) and Scopus, both provide a journal classification system."
  },
  {
    "sec_id": "sec0005",
    "sentence": "Previous studies have compared the two databases from various perspectives (for a review of the literature, see [bib0215], Section [sec0030]), but a systematic comparison of the accuracy of the journal classification systems of the two databases has not been performed.",
    "intent": "background"
  },
  {
    "sec_id": "sec0005",
    "sentence": "Thus, this study is focused on examining and comparing the accuracy of the WoS and Scopus journal classification systems."
  },
  {
    "sec_id": "sec0005",
    "sentence": "This paper is organized as follows."
  },
  {
    "sec_id": "sec0005",
    "sentence": "We first provide some background information on various classification systems in Section [sec0010]."
  },
  {
    "sec_id": "sec0005",
    "sentence": "Then, Section [sec0030] defines the criteria we use to identify journals for which classifications may be questionable."
  },
  {
    "sec_id": "sec0005",
    "sentence": "Next, Section [sec0035] introduces the data we use and provides some basic statistics on the data."
  },
  {
    "sec_id": "sec0005",
    "sentence": "Section [sec0040] reports the results of our analysis."
  },
  {
    "sec_id": "sec0005",
    "sentence": "Discussion and conclusions follow in Section [sec0065]."
  },
  {
    "sec_id": "sec0010",
    "sentence": "Many different classification systems of scientific literature are available, both at the level of journals and at the level of individual publications."
  },
  {
    "sec_id": "sec0010",
    "sentence": "The following subsections first introduce some currently available mono- and multidisciplinary classification systems and then provide an in-depth discussion on the WoS and Scopus journal classification systems."
  },
  {
    "sec_id": "sec0010",
    "sentence": "A mono-disciplinary classification system covers publications in one particular research area and usually provides a classification at a relatively high level of detail."
  },
  {
    "sec_id": "sec0010",
    "sentence": "For instance, EconLit, the American Economic Association's electronic bibliography database, offers the Journal of Economic Literature (JEL) classification system."
  },
  {
    "sec_id": "sec0010",
    "sentence": "This system provides a classification of publications in the area of economics."
  },
  {
    "sec_id": "sec0010",
    "sentence": "Another example can be found in the Chemical Abstracts database, which indexes literature in chemistry and related areas."
  },
  {
    "sec_id": "sec0010",
    "sentence": "[bib0060] indicates that it classifies publications into 80 different sections, which can be further aggregated into five broad headings (see also [bib0165]).",
    "intent": "background"
  },
  {
    "sec_id": "sec0010",
    "sentence": "Additionally, in the area of medicine, Medical Subject Headings (MeSH) is used by the U.S. National Library of Medicine for indexing and cataloging medical publications ([bib0205]).",
    "intent": "background"
  },
  {
    "sec_id": "sec0010",
    "sentence": "MeSH categories are organized in a hierarchical structure."
  },
  {
    "sec_id": "sec0010",
    "sentence": "The categories are assigned at the level of individual publications (see also [bib0035]).",
    "intent": "background"
  },
  {
    "sec_id": "sec0010",
    "sentence": "Compared with mono-disciplinary classification systems, multidisciplinary systems have a broad coverage of research areas."
  },
  {
    "sec_id": "sec0010",
    "sentence": "Well-known examples are the WoS and Scopus classification systems, which are further discussed in Section [sec0025]."
  },
  {
    "sec_id": "sec0010",
    "sentence": "Unlike mono-disciplinary classification systems, multidisciplinary classification systems typically work at the level of journals rather than individual publications."
  },
  {
    "sec_id": "sec0010",
    "sentence": "Besides the WoS and Scopus classification systems, there are various other multidisciplinary classification systems, for instance the system of Science-Metrix, the system of the National Science Foundation (NSF) in the US, the UCSD classification system, and the system of the Australian and New Zealand Standard Research Classification (ANZSRC)."
  },
  {
    "sec_id": "sec0010",
    "sentence": "Science-Metrix assigns \u201cindividual journals to single, mutually exclusive categories via a hybrid approach combining algorithmic methods and expert judgment\u201d ([bib0010], p.",
    "intent": "background"
  },
  {
    "sec_id": "sec0010",
    "sentence": "66)."
  },
  {
    "sec_id": "sec0010",
    "sentence": "The Science-Metrix system includes 176 categories."
  },
  {
    "sec_id": "sec0010",
    "sentence": "The NSF system also offers a mutually exclusive classification of journals, but it is more aggregated, consisting of only 125 categories ([bib0045]).",
    "intent": "background"
  },
  {
    "sec_id": "sec0010",
    "sentence": "The system is used in the Science & Engineering Indicators of the NSF."
  },
  {
    "sec_id": "sec0010",
    "sentence": "A more detailed classification system is the so-called University of California, San Diego (UCSD) classification system."
  },
  {
    "sec_id": "sec0010",
    "sentence": "This system, which includes more than 500 categories, has been constructed in a largely algorithmic way."
  },
  {
    "sec_id": "sec0010",
    "sentence": "The construction of the UCSD classification system is discussed by [bib0030].",
    "intent": "background"
  },
  {
    "sec_id": "sec0010",
    "sentence": "The ANZSRC's Field of Research (FoR) classification system has a three-level hierarchical structure."
  },
  {
    "sec_id": "sec0010",
    "sentence": "Journals are classified at the top level and at the intermediate level."
  },
  {
    "sec_id": "sec0010",
    "sentence": "Journals can have multiple classifications."
  },
  {
    "sec_id": "sec0010",
    "sentence": "Furthermore, [bib0075] designed a two-level hierarchical classification system, which can be applied at the levels of both journals and publications.",
    "intent": "background"
  },
  {
    "sec_id": "sec0010",
    "sentence": "They adopted a top-bottom strategy; specifically, they first defined categories on the basis of the experience of bibliometric studies and external experts."
  },
  {
    "sec_id": "sec0010",
    "sentence": "They then assigned journals and individual publications to the categories."
  },
  {
    "sec_id": "sec0010",
    "sentence": "This classification system has for instance been used for measuring interdisciplinarity."
  },
  {
    "sec_id": "sec0010",
    "sentence": "In their analysis of interdisciplinarity, [bib0225] explain that instead of the WoS subject categories they use the more aggregated classification system developed by [bib0075].",
    "intent": "background"
  },
  {
    "sec_id": "sec0010",
    "sentence": "Algorithmic strategies have been regularly used to construct multidisciplinary classification systems."
  },
  {
    "sec_id": "sec0010",
    "sentence": "Algorithmic approaches to construct classification systems at the level of journals have been studied by for instance [bib0025], [bib0065], and [bib0190].",
    "intent": "background"
  },
  {
    "sec_id": "sec0010",
    "sentence": "A more recent development is the algorithmic construction of classification systems at the level of individual publications rather than journals."
  },
  {
    "sec_id": "sec0010",
    "sentence": "[bib0220] developed a methodology for algorithmically constructing classification systems at the level of individual publications on the basis of citation relations between publications.",
    "intent": "background"
  },
  {
    "sec_id": "sec0010",
    "sentence": "Their approach has for instance been used in the calculation of field-normalized citation impact indicators ([bib0195]).",
    "intent": "background"
  },
  {
    "sec_id": "sec0010",
    "sentence": "WoS, produced by Thomson Reuters, and Scopus, produced by Elsevier, are the two most important multidisciplinary bibliographic databases."
  },
  {
    "sec_id": "sec0010",
    "sentence": "They both include various types of sources, such as journals, conference proceedings, and books."
  },
  {
    "sec_id": "sec0010",
    "sentence": "Moreover, they both provide a classification system at the level of journals, and they both allow journals to have multiple classifications."
  },
  {
    "sec_id": "sec0010",
    "sentence": "However, although WoS and Scopus have many common characteristics, they also differ in various aspects, for instance in their coverage of journals, in their collection policy, and importantly, in their classification of journals."
  },
  {
    "sec_id": "sec0010",
    "sentence": "Many studies have compared the two databases."
  },
  {
    "sec_id": "sec0010",
    "sentence": "According to a recent literature review ([bib0215], Section [sec0030]), previous studies comparing WoS and Scopus are mainly focused on two aspects.",
    "intent": "background"
  },
  {
    "sec_id": "sec0010",
    "sentence": "One is the coverage of the databases (e.g., [bib0135], [bib0145], [bib0155], [bib0170]) and the other is the accuracy of the databases when used to assess research output and impact at different levels, ranging from individual researchers to departments, institutes, and countries (e.g., [bib0015], [bib0020], [bib0145], [bib0150]).",
    "intent": "background"
  },
  {
    "sec_id": "sec0010",
    "sentence": "However, no study has systematically compared WoS and Scopus in terms of the accuracy of their journal classification systems."
  },
  {
    "sec_id": "sec0010",
    "sentence": "There is no documentation describing at a reasonable level of detail the methodology used to construct the WoS and Scopus journal classification systems."
  },
  {
    "sec_id": "sec0010",
    "sentence": "In the case of WoS, [bib0185] have offered a brief description of the way in which categories are constructed.",
    "intent": "background"
  },
  {
    "sec_id": "sec0010",
    "sentence": "According to Pudovkin and Garfield, when WoS was established, a heuristic and manual method was adopted to assign journals to categories, and after this, the so-called Hayne-Coulson algorithm was used to assign new journals."
  },
  {
    "sec_id": "sec0010",
    "sentence": "This algorithm is based on a combination of cited and citing data, but it has never been published."
  },
  {
    "sec_id": "sec0010",
    "sentence": "Besides this, [bib0110], [bib0120], and [bib0130] have indicated that the WoS classification system is based on a comprehensive consideration of citation patterns, titles of journals, and expert opinion.",
    "intent": "background"
  },
  {
    "sec_id": "sec0010",
    "sentence": "In the case of Scopus, there seems to be no information at all on the construction of its classification system."
  },
  {
    "sec_id": "sec0010",
    "sentence": "It should be mentioned that in the most recent versions of WoS two classification systems are available, namely a system of categories and a system of research areas."
  },
  {
    "sec_id": "sec0010",
    "sentence": "The system of categories is more detailed."
  },
  {
    "sec_id": "sec0010",
    "sentence": "This system, which is the traditional classification system of WoS and the system on which we focus our attention in this paper, consists of around 250 categories and covers the sciences, social sciences, and arts and humanities."
  },
  {
    "sec_id": "sec0010",
    "sentence": "The system of research areas, which has become available in WoS more recently, is less detailed and comprises around 150 areas."
  },
  {
    "sec_id": "sec0010",
    "sentence": "Besides these two systems, Thomson Reuters also has a classification system for its Essential Science Indicators."
  },
  {
    "sec_id": "sec0010",
    "sentence": "This system consists of 22 subject areas in the sciences and social sciences."
  },
  {
    "sec_id": "sec0010",
    "sentence": "It does not cover the arts and humanities."
  },
  {
    "sec_id": "sec0010",
    "sentence": "The Scopus journal classification system is called the All Science Journal Classification (ASJC)."
  },
  {
    "sec_id": "sec0010",
    "sentence": "It consists of two levels."
  },
  {
    "sec_id": "sec0010",
    "sentence": "The bottom level has 304 categories, which is somewhat more than the about 250 categories in the WoS classification system."
  },
  {
    "sec_id": "sec0010",
    "sentence": "The top level includes 27 categories."
  },
  {
    "sec_id": "sec0010",
    "sentence": "The WoS and Scopus journal classification systems are frequently used in bibliometric studies, especially the WoS system."
  },
  {
    "sec_id": "sec0010",
    "sentence": "However, knowledge about the accuracy of the WoS and Scopus classification systems is very limited."
  },
  {
    "sec_id": "sec0010",
    "sentence": "[bib0185] acknowledged that in the WoS classification system \u201cjournals are assigned to categories by subjective, heuristic methods.",
    "intent": "background"
  },
  {
    "sec_id": "sec0010",
    "sentence": "In many fields these categories are sufficient but in many areas of research these \u2018classifications\u2019 are crude and do not permit the user to quickly learn which journals are most closely related.\u201d Similarly, [bib0070] stated that \u201cthe heuristic methods used by Thomson Scientific \u2026 for categorizing journals are by no means perfect, even though citation analysis informs their decisions.\u201d The accuracy of a classification system can seriously influence bibliometric studies.",
    "intent": "background"
  },
  {
    "sec_id": "sec0010",
    "sentence": "For instance, [bib0125] investigated the use of the WoS categories for calculating field-normalized citation impact indicators.",
    "intent": "background"
  },
  {
    "sec_id": "sec0010",
    "sentence": "They focused specifically on two research areas, namely Library and Information Science and Science and Technology Studies."
  },
  {
    "sec_id": "sec0010",
    "sentence": "Their conclusion is that \u201cnormalizations using (the WoS) categories might seriously harm the quality of the evaluation\u201d."
  },
  {
    "sec_id": "sec0010",
    "sentence": "A similar conclusion was reached by [bib0210] in a study of the use of the WoS categories for calculating field-normalized citation impact indicators in medical research areas.",
    "intent": "similarities"
  },
  {
    "sec_id": "sec0010",
    "sentence": "The accuracy of the WoS and Scopus journal classification systems has been a continuous issue of concern, and researchers have therefore explored a number of approaches to improve these classification systems."
  },
  {
    "sec_id": "sec0010",
    "sentence": "Gl\u00e4nzel and colleagues have studied several approaches to validate and improve WoS-based classification systems ([bib0105], [bib0200], [bib0230]).",
    "intent": "background"
  },
  {
    "sec_id": "sec0010",
    "sentence": "They have also proposed an improved way of handling publications in multidisciplinary journals ([bib0080][bib0085]).",
    "intent": "background"
  },
  {
    "sec_id": "sec0010",
    "sentence": "Related to this, [bib0140] have studied an approach to improve the field delineation provided by categories in the WoS classification system.",
    "intent": "background"
  },
  {
    "sec_id": "sec0010",
    "sentence": "The SCImago research group has made a number of attempts to improve the Scopus classification system ([bib0100], [bib0090], [bib0095]).",
    "intent": "background"
  },
  {
    "sec_id": "sec0010",
    "sentence": "There are still no systematic, large-scale analyses of the accuracy of the WoS and Scopus journal classification systems."
  },
  {
    "sec_id": "sec0010",
    "sentence": "Given the importance of these classification systems both in bibliometric research and in applied bibliometric work, a comparative study of the accuracy of the WoS and Scopus classification systems is necessary and urgent."
  },
  {
    "sec_id": "sec0010",
    "sentence": "Such a study is presented in this paper."
  },
  {
    "sec_id": "sec0030",
    "sentence": "Two types of approaches can be distinguished for assessing the accuracy of journal classification systems."
  },
  {
    "sec_id": "sec0030",
    "sentence": "One is the expert-based approach and the other is the bibliometric approach."
  },
  {
    "sec_id": "sec0030",
    "sentence": "Applying the expert-based approach at a large scale is challenging."
  },
  {
    "sec_id": "sec0030",
    "sentence": "No expert has sufficient knowledge to assess the classification of journals in all scientific disciplines, so a large number of experts would need to be involved."
  },
  {
    "sec_id": "sec0030",
    "sentence": "In the case of the bibliometric approach, a further distinction can be made between text-based and citation-based approaches."
  },
  {
    "sec_id": "sec0030",
    "sentence": "Text-based approaches could for instance assess whether the textual similarity of publications in journals assigned to the same category is higher than the textual similarity of publications in journals assigned to different categories."
  },
  {
    "sec_id": "sec0030",
    "sentence": "However, in this paper, we do not explore this possibility further."
  },
  {
    "sec_id": "sec0030",
    "sentence": "Instead, we take a citation-based approach to assess the accuracy of journal classification systems."
  },
  {
    "sec_id": "sec0030",
    "sentence": "Various types of citation relations, such as direct citation relations, bibliographic coupling relations, and co-citation relations, can be used to measure the relatedness of journals."
  },
  {
    "sec_id": "sec0030",
    "sentence": "In this paper, we use direct citation relations."
  },
  {
    "sec_id": "sec0030",
    "sentence": "This is because \u201ca co-citation or bibliographic coupling relation requires two direct citation relations\u201d ([bib0220]), which means that bibliographic coupling and co-citation relations are more indirect signals of the relatedness of journals than direct citation relations.",
    "intent": "background"
  },
  {
    "sec_id": "sec0030",
    "sentence": "The use of direct citation relations between journals has a long history, going back to work by Narin and colleagues in the 1970s ([bib0055], [bib0160]).",
    "intent": "background"
  },
  {
    "sec_id": "sec0030",
    "sentence": "The use of direct citation relations is also supported by [bib0115], who study the algorithmic construction of classification systems at the level of individual publications.",
    "intent": "background"
  },
  {
    "sec_id": "sec0030",
    "sentence": "They conclude that the use of direct citation relations yields more accurate results than the use of bibliographic coupling or co-citation relations."
  },
  {
    "sec_id": "sec0030",
    "sentence": "Of course, we acknowledge that citation relations provide only a partial perspective on the relatedness of journals."
  },
  {
    "sec_id": "sec0030",
    "sentence": "As already mentioned, the relatedness of journals can also be assessed using non-citation-based approaches, in particular expert-based approaches and text-based bibliometric approaches."
  },
  {
    "sec_id": "sec0030",
    "sentence": "These approaches may provide a different perspective on the relatedness of journals."
  },
  {
    "sec_id": "sec0030",
    "sentence": "A purely citation-based approach therefore does not allow us to draw final conclusions on the correctness of the classification of a journal, but it may provide strong signals that certain journals are likely to be misclassified."
  },
  {
    "sec_id": "sec0030",
    "sentence": "Intuitively, our approach based on direct citation relations can be explained as follows."
  },
  {
    "sec_id": "sec0030",
    "sentence": "On the one hand, we expect journals in the same category to be significantly related to each other."
  },
  {
    "sec_id": "sec0030",
    "sentence": "In other words, citation relations between journals within the same category should be relatively strong."
  },
  {
    "sec_id": "sec0030",
    "sentence": "By contrast, journals in different categories may be only weakly linked or may even be completely unrelated."
  },
  {
    "sec_id": "sec0030",
    "sentence": "Thus, the rationale of our approach can be summarized as follows: A journal should cite or be cited by journals within its own category with a high frequency in comparison with journals outside its category."
  },
  {
    "sec_id": "sec0030",
    "sentence": "Based on this basic principle, we define two criteria to identify journals with questionable classifications."
  },
  {
    "sec_id": "sec0030",
    "sentence": "One criterion is that if a journal has only a very small number of citation relations with other journals within its own category, then we believe the classification of the journal to be questionable."
  },
  {
    "sec_id": "sec0030",
    "sentence": "The other criterion is that if a journal has many citation relations with journals in a category to which the journal itself does not belong, then it seems likely that the journal incorrectly has not been assigned to this category."
  },
  {
    "sec_id": "sec0030",
    "sentence": "In order to define the two criteria more formally, we first introduce the notion of the relatedness of a journal and a category."
  },
  {
    "sec_id": "sec0030",
    "sentence": "Let ni,c denote the number of citations between journal i and journals in category c, counting both citations from journal i to journals in category c and citations from journals in category c to journal i."
  },
  {
    "sec_id": "sec0030",
    "sentence": "Furthermore, let ti denote the total number of citations of journal i, counting both citations from journal i to other journals and citations from other journals to journal i."
  },
  {
    "sec_id": "sec0030",
    "sentence": "Then, the relatedness of journal i and category c is defined asri,c=ni,cti.In the calculation of the relatedness ri,c, only citations for which both the citing and the cited publication were published within the period of analysis (2010\u20132014 in our case; see Section [sec0035]) are considered."
  },
  {
    "sec_id": "sec0030",
    "sentence": "The direction of a citation is ignored, so no distinction is made between incoming and outgoing citations."
  },
  {
    "sec_id": "sec0030",
    "sentence": "Furthermore, journal self-citations, which are citations to earlier publications in the same journal, are excluded from the calculation of the relatedness ri,c."
  },
  {
    "sec_id": "sec0030",
    "sentence": "This is because journal self-citations do not provide useful information for determining the relatedness of a journal and a category."
  },
  {
    "sec_id": "sec0030",
    "sentence": "Additionally, it should be noted that the sum over all categories c of the number of citations between journal i and journals in category c, that is \u2211cni,c, will typically be greater than ti, the total number of citations of journal i."
  },
  {
    "sec_id": "sec0030",
    "sentence": "This is caused by the fact that WoS and Scopus often assign journals to more than one category."
  },
  {
    "sec_id": "sec0030",
    "sentence": "Based on the notion of the relatedness of a journal and a category, the two criteria that we use in this paper to study the accuracy of a classification system can be expressed as follows:"
  },
  {
    "sec_id": "sec0030",
    "sentence": "Criterion I. A journal i is assigned to a category c, but the number of citations between journal i and category c is relatively small, that is ri,c\u00a0\u2264\u00a0\u03b1, with the threshold \u03b1 equal to for instance 0.05, 0.1, or 0.2."
  },
  {
    "sec_id": "sec0030",
    "sentence": "Criterion II. A journal i is not assigned to a category c, but the number of citations between journal i and category c is relatively large, that is ri,c\u00a0\u2265\u00a0\u03b2, with the threshold \u03b2 equal to for instance 0.5, 0.6, 0.7, 0.8 or 0.9."
  },
  {
    "sec_id": "sec0030",
    "sentence": "Criterion I is used to select journals that have weak connections with their assigned categories, while Criterion II is used to identify journals that are not assigned to categories with which they have strong connections."
  },
  {
    "sec_id": "sec0030",
    "sentence": "If a journal satisfies either of the two criteria, it can be concluded that its assignment to categories seems questionable."
  },
  {
    "sec_id": "sec0030",
    "sentence": "One point is worth highlighting."
  },
  {
    "sec_id": "sec0030",
    "sentence": "It would be difficult to use our citation-based criteria to examine the classification of journals with a quite small number of citations, for instance ti\u00a0<\u00a0100."
  },
  {
    "sec_id": "sec0030",
    "sentence": "Our citation-based approach does not provide sufficient evidence to evaluate the classification of these journals."
  },
  {
    "sec_id": "sec0030",
    "sentence": "However, if we completely exclude journals with ti\u00a0<\u00a0100 from our analysis, this could affect the relatedness of the remaining journals and categories in an undesirable way."
  },
  {
    "sec_id": "sec0030",
    "sentence": "Let us take the WoS category ASIAN STUDIES as an example to further clarify this point."
  },
  {
    "sec_id": "sec0030",
    "sentence": "61 journals are assigned to this category, of which there are 53 for which ti\u00a0<\u00a0100."
  },
  {
    "sec_id": "sec0030",
    "sentence": "If we completely exclude these 53 journals from our analysis, the relatedness of the eight remaining ASIAN STUDIES journals with the ASIAN STUDIES category will most likely be strongly reduced."
  },
  {
    "sec_id": "sec0030",
    "sentence": "It may then incorrectly seem as if these eight journals should not have been assigned to the ASIAN STUDIES category."
  },
  {
    "sec_id": "sec0030",
    "sentence": "To avoid this problem, we do not exclude any journals when determining the relatedness of journals and categories."
  },
  {
    "sec_id": "sec0030",
    "sentence": "However, because our citation-based criteria are not sufficiently reliable for journals with a small number of citations, we leave out these journals when presenting the results of our analysis."
  },
  {
    "sec_id": "sec0035",
    "sentence": "Our analysis is based on data from the in-house WoS and Scopus databases of the Centre for Science and Technology Studies (CWTS) at Leiden University."
  },
  {
    "sec_id": "sec0035",
    "sentence": "For WoS, journals in three citation indices are included, namely the Science Citation Index Expanded (SCIE), the Social Sciences Citation Index (SSCI), and the Arts & Humanities Citation Index (A&HCI)."
  },
  {
    "sec_id": "sec0035",
    "sentence": "It should be noted that conference proceedings and books are excluded both in WoS and in Scopus; only journals and book series are included."
  },
  {
    "sec_id": "sec0035",
    "sentence": "For simplicity, in this paper the term \u2018journal\u2019 is used to refer both to journals and to book series."
  },
  {
    "sec_id": "sec0035",
    "sentence": "As explained in Section [sec0025], WoS provides two classification systems, namely a system of categories and a system of research areas."
  },
  {
    "sec_id": "sec0035",
    "sentence": "Our focus in this paper is on the WoS categories classification system."
  },
  {
    "sec_id": "sec0035",
    "sentence": "We retrieved from the WoS and Scopus databases all journals that have publications between 2010 and 2014.[fn0005] This five-year time window was determined based on two considerations."
  },
  {
    "sec_id": "sec0035",
    "sentence": "On the one hand, journal classification systems are not entirely stable."
  },
  {
    "sec_id": "sec0035",
    "sentence": "The category assignment of a journal in WoS and Scopus sometimes changes, and in some cases entirely new categories are established in these classification systems."
  },
  {
    "sec_id": "sec0035",
    "sentence": "The longer the time window that is used, the more the analysis becomes sensitive to changes in a classification system."
  },
  {
    "sec_id": "sec0035",
    "sentence": "On the other hand, as indicated by [bib0115], the use of direct citation relations requires a sufficiently long time widow.",
    "intent": "background"
  },
  {
    "sec_id": "sec0035",
    "sentence": "The choice of a five-year time window is a trade-off between on the one hand the stability of journal classification systems and on the other hand the accuracy of our approach based on direct citation relations."
  },
  {
    "sec_id": "sec0035",
    "sentence": "During our five-year period of analysis, the producers of the databases have changed the category assignments of some journals."
  },
  {
    "sec_id": "sec0035",
    "sentence": "This was handled by taking the most recent category assignments of a journal."
  },
  {
    "sec_id": "sec0035",
    "sentence": "[tbl0005] shows some basic statistics on the classification systems of the two databases."
  },
  {
    "sec_id": "sec0035",
    "sentence": "In the case of Scopus, it should be noted that in the Scopus classification system, which consists of two levels, journals can be assigned both to categories at the top level and to categories at the bottom level."
  },
  {
    "sec_id": "sec0035",
    "sentence": "In [tbl0005], all category assignments in the Scopus classification system are counted, both at the top level and at the bottom level."
  },
  {
    "sec_id": "sec0035",
    "sentence": "Table 1."
  },
  {
    "sec_id": "sec0035",
    "sentence": "Statistics on the assignment of journals to categories in WoS and Scopus."
  },
  {
    "sec_id": "sec0035",
    "sentence": "As can be seen in [tbl0005], the number of Scopus journals included in the analysis is almost twice as large as the number of WoS journals, and Scopus also includes 80 more categories than WoS."
  },
  {
    "sec_id": "sec0035",
    "sentence": "Furthermore, although both databases often assign journals to multiple categories, we found that Scopus tends to assign journals to more categories than WoS."
  },
  {
    "sec_id": "sec0035",
    "sentence": "WoS assigns journals to at most six categories, whereas in Scopus there turns out to be a journal that is assigned to 27 categories.[fn0010] Additionally, we found that the average number of categories to which journals belong equals 1.6 in WoS and 2.1 in Scopus."
  },
  {
    "sec_id": "sec0035",
    "sentence": "This shows that on average journals have significantly more category assignments in Scopus than in WoS."
  },
  {
    "sec_id": "sec0035",
    "sentence": "[fig0005] displays the distribution of journals in WoS and Scopus based on the number of categories to which they are assigned."
  },
  {
    "sec_id": "sec0035",
    "sentence": "As can be seen, almost 60% of all journals in WoS belong to only one category, whereas in Scopus more than 60% of all journals are assigned to two or more categories."
  },
  {
    "sec_id": "sec0040",
    "sentence": "First of all, it should be mentioned that journals with ti\u00a0<\u00a0100 will not be included in the presentation of the results of our analysis."
  },
  {
    "sec_id": "sec0040",
    "sentence": "As discussed in Section [sec0030], our citation-based approach may not be sufficiently reliable for these journals."
  },
  {
    "sec_id": "sec0040",
    "sentence": "WoS has 1390 journals with ti\u00a0<\u00a0100, accounting for 11% of the total number of WoS journals, whereas Scopus has 5808 journals with ti\u00a0<\u00a0100, which is 24% of the total.[fn0015] Hence, Scopus has more journals with ti\u00a0<\u00a0100 than WoS not only in an absolute sense but also from a relative point of view."
  },
  {
    "sec_id": "sec0040",
    "sentence": "Taking a further look at Scopus journals with ti\u00a0<\u00a0100, it turns out that they can be roughly divided into three groups."
  },
  {
    "sec_id": "sec0040",
    "sentence": "One group consists of arts and humanities journals, another group consists of newly included journals, and a third group consists of non-English language journals."
  },
  {
    "sec_id": "sec0040",
    "sentence": "As already explained in Section [sec0030], we emphasize that all journals, including those with ti\u00a0<\u00a0100, are taken into account in the calculation of the relatedness of journals and categories."
  },
  {
    "sec_id": "sec0040",
    "sentence": "The following subsections present the results of our analysis."
  },
  {
    "sec_id": "sec0040",
    "sentence": "Sections [sec0045], [sec0050] provide the results obtained using Criteria I and II, respectively."
  },
  {
    "sec_id": "sec0040",
    "sentence": "Section [sec0055] reports the results obtained by combining Criteria I and II."
  },
  {
    "sec_id": "sec0040",
    "sentence": "Section [sec0060] presents an in-depth analysis for the field of Library and Information Science."
  },
  {
    "sec_id": "sec0040",
    "sentence": "We note that detailed results of our analysis are available online[fn0020] and are also provided as supplementary material."
  },
  {
    "sec_id": "sec0040",
    "sentence": "A journal satisfies Criterion I if it is assigned to a certain category while the number of citations between the journal and other journals belonging to the same category is relatively small."
  },
  {
    "sec_id": "sec0040",
    "sentence": "More precisely, a journal i satisfies Criterion I if it is assigned to a certain category c even though ri,c is below a certain threshold \u03b1."
  },
  {
    "sec_id": "sec0040",
    "sentence": "We use three values for the parameter \u03b1."
  },
  {
    "sec_id": "sec0040",
    "sentence": "By using multiple parameter values, we get insight into the sensitivity of our results to the choice of the parameter value."
  },
  {
    "sec_id": "sec0040",
    "sentence": "One parameter value that we use is \u03b1\u00a0=\u00a00.05."
  },
  {
    "sec_id": "sec0040",
    "sentence": "Using this parameter value, a journal satisfies Criterion I if the journal belongs to a category while the citations between the journal and other journals belonging to the same category account for less than 5% of the total number of citations of the journal."
  },
  {
    "sec_id": "sec0040",
    "sentence": "The other parameter values that we use are \u03b1\u00a0=\u00a00.1 and \u03b1\u00a0=\u00a00.2."
  },
  {
    "sec_id": "sec0040",
    "sentence": "Before we present the results obtained using Criterion I, it should be noted that the classification systems of both WoS and Scopus include a number of special categories."
  },
  {
    "sec_id": "sec0040",
    "sentence": "WoS and Scopus both have a category that covers journals with a broad multidisciplinary scope, such as Nature, Science, and PLoS ONE.[fn0025] Besides this, WoS also has a number of categories with words such as \u2018multidisciplinary\u2019, \u2018interdisciplinary\u2019, or \u2018general\u2019 in their label."
  },
  {
    "sec_id": "sec0040",
    "sentence": "Examples of these categories are AGRICULTURE, MULTIDISCIPLINARY and SOCIAL SCIENCES, INTERDISCIPLINARY."
  },
  {
    "sec_id": "sec0040",
    "sentence": "Likewise, in the case of Scopus, there are categories with \u2018miscellaneous\u2019 in their label."
  },
  {
    "sec_id": "sec0040",
    "sentence": "Most categories in the classification systems of WoS and Scopus are intended to represent scientific fields, but this is not the case for the special categories discussed above."
  },
  {
    "sec_id": "sec0040",
    "sentence": "These special categories are not intended to represent scientific fields."
  },
  {
    "sec_id": "sec0040",
    "sentence": "However, Criterion I aims to test whether a journal belonging to a certain category is reasonably well connected, in terms of citations, to other journals belonging to the same category."
  },
  {
    "sec_id": "sec0040",
    "sentence": "This criterion is meaningful only if a category is intended to represent a scientific field."
  },
  {
    "sec_id": "sec0040",
    "sentence": "For categories that do not have such a function and that instead aim to cover a more heterogeneous or multidisciplinary set of journals, Criterion I is not meaningful."
  },
  {
    "sec_id": "sec0040",
    "sentence": "Because of this, we do not use Criterion I to examine the accuracy of assignments of journals to the above-discussed special categories."
  },
  {
    "sec_id": "sec0040",
    "sentence": "In the rest of this paper, we will refer to these special categories simply as multidisciplinary categories."
  },
  {
    "sec_id": "sec0040",
    "sentence": "In the case of WoS, there are 13 multidisciplinary categories, which are listed in [tbl0070] in Appendix."
  },
  {
    "sec_id": "sec0040",
    "sentence": "As already mentioned, the Scopus classification system has two levels and journals can be assigned to categories at both levels."
  },
  {
    "sec_id": "sec0040",
    "sentence": "The top-level Scopus categories are seen as multidisciplinary categories in this paper."
  },
  {
    "sec_id": "sec0040",
    "sentence": "In total, Scopus has 53 multidisciplinary categories."
  },
  {
    "sec_id": "sec0040",
    "sentence": "These are the category MULTIDISCIPLINARY and the 26 other top-level categories and within each of these 26 categories a bottom-level miscellaneous category such as MATHEMATICS (MISCELLANEOUS) or MEDICINE (MISCELLANEOUS)."
  },
  {
    "sec_id": "sec0040",
    "sentence": "[tbl0010] provides some basic statistics on the assignment of journals to categories in WoS and Scopus when journals with ti\u00a0<\u00a0100 and assignments of journals to multidisciplinary categories are excluded."
  },
  {
    "sec_id": "sec0040",
    "sentence": "The table shows the number of journals that belong to at least one non-multidisciplinary category and the number of assignments of journals to non-multidisciplinary categories."
  },
  {
    "sec_id": "sec0040",
    "sentence": "As can be seen in the table, in the case of Scopus the constraints that we have introduced cause a much larger decrease in the number of journals and the number of journal-category assignments than in the case of WoS."
  },
  {
    "sec_id": "sec0040",
    "sentence": "Table 2."
  },
  {
    "sec_id": "sec0040",
    "sentence": "Statistics on the assignment of journals to categories in WoS and Scopus (excluding journals with ti\u00a0<\u00a0100 and excluding assignments to multidisciplinary categories)."
  },
  {
    "sec_id": "sec0040",
    "sentence": "[tbl0015] reports for both WoS and Scopus and for three values of the threshold \u03b1 the number of journals and the number of journal-category assignments that satisfy Criterion I."
  },
  {
    "sec_id": "sec0040",
    "sentence": "A journal satisfies Criterion I if at least one of its category assignments satisfies the criterion."
  },
  {
    "sec_id": "sec0040",
    "sentence": "As can be seen, both databases have assigned a significant number of journals to categories that according to Criterion I seem to be inappropriate."
  },
  {
    "sec_id": "sec0040",
    "sentence": "As can be expected, the number of journals and journal-category assignments satisfying Criterion I increases as the threshold \u03b1 increases."
  },
  {
    "sec_id": "sec0040",
    "sentence": "Moreover, no matter which threshold \u03b1 is considered, Scopus performs substantially worse than WoS, not only in the absolute number of journals and journal-category assignments satisfying Criterion I but, more importantly, also in the percentage of journals and journal-category assignments satisfying the criterion."
  },
  {
    "sec_id": "sec0040",
    "sentence": "For \u03b1\u00a0=\u00a00.05 and \u03b1\u00a0=\u00a00.1, the percentage of journals and journal-category assignments satisfying Criterion I is more than two times higher for Scopus than for WoS."
  },
  {
    "sec_id": "sec0040",
    "sentence": "Nevertheless, even in the case of WoS, for \u03b1\u00a0=\u00a00.1 we still find that 16% of the journals have one or more questionable category assignments."
  },
  {
    "sec_id": "sec0040",
    "sentence": "Table 3."
  },
  {
    "sec_id": "sec0040",
    "sentence": "Summary of the results from Criterion I (excluding journals with ti\u00a0<\u00a0100 and excluding assignments to multidisciplinary categories)."
  },
  {
    "sec_id": "sec0040",
    "sentence": "Next, we identify WoS and Scopus categories with a high percentage of journals satisfying Criterion I."
  },
  {
    "sec_id": "sec0040",
    "sentence": "The identified categories may be seen as the most problematic categories in the two databases, because many of the journals belonging to these categories are only weakly connected to each other in terms of citations."
  },
  {
    "sec_id": "sec0040",
    "sentence": "We select categories that include at least 10 journals with ti\u00a0\u2265\u00a0100 and that, for \u03b1\u00a0=\u00a00.1, have at least 50% of their journals satisfying Criterion I."
  },
  {
    "sec_id": "sec0040",
    "sentence": "The results for WoS and Scopus are reported in [tbl0020], [tbl0025], respectively."
  },
  {
    "sec_id": "sec0040",
    "sentence": "In the case of WoS 17 categories have been identified, whereas in the case of Scopus 76 categories have been identified, so more than four times as many as in the case of WoS."
  },
  {
    "sec_id": "sec0040",
    "sentence": "There are three categories that have been identified in the case of both databases: ARCHITECTURE, BIOPHYSICS, and MEDICAL LABORATORY TECHNOLOGY."
  },
  {
    "sec_id": "sec0040",
    "sentence": "Table 4."
  },
  {
    "sec_id": "sec0040",
    "sentence": "Categories in which at least 50% of the journals satisfy Criterion I (WoS; \u03b1\u00a0=\u00a00.1; excluding journals with ti\u00a0<\u00a0100)."
  },
  {
    "sec_id": "sec0040",
    "sentence": "Table 5."
  },
  {
    "sec_id": "sec0040",
    "sentence": "Categories in which at least 50% of the journals satisfy Criterion I (Scopus; \u03b1\u00a0=\u00a00.1; excluding journals with ti\u00a0<\u00a0100)."
  },
  {
    "sec_id": "sec0040",
    "sentence": "A journal satisfies Criterion II if it is not assigned to a certain category while the number of citations between the journal and other journals that do belong to the category is relatively large."
  },
  {
    "sec_id": "sec0040",
    "sentence": "More precisely, a journal i satisfies Criterion II if it is not assigned to a certain category c even though ri,c is above a certain threshold \u03b2."
  },
  {
    "sec_id": "sec0040",
    "sentence": "Like in the previous section, we use multiple parameter values."
  },
  {
    "sec_id": "sec0040",
    "sentence": "Five different values are used for the parameter \u03b2."
  },
  {
    "sec_id": "sec0040",
    "sentence": "[tbl0030] presents for both WoS and Scopus and for five values of the threshold \u03b2 the number of journals that satisfy Criterion II.[fn0030] As can be expected, as the threshold \u03b2 increases, the number of journals satisfying Criterion II decreases."
  },
  {
    "sec_id": "sec0040",
    "sentence": "For \u03b2\u00a0=\u00a00.9, there is no WoS journal satisfying Criterion II and there are only two Scopus journals satisfying the criterion."
  },
  {
    "sec_id": "sec0040",
    "sentence": "Even for \u03b2\u00a0=\u00a00.5, less than 5% of all journals in WoS and Scopus satisfy Criterion II."
  },
  {
    "sec_id": "sec0040",
    "sentence": "Hence, it turns out that according to Criterion II both databases perform reasonably well."
  },
  {
    "sec_id": "sec0040",
    "sentence": "Both databases sometimes do not assign a journal to a category even though in terms of citations the journal is strongly connected to the category, but this happens only in a relatively limited number of cases."
  },
  {
    "sec_id": "sec0040",
    "sentence": "Looking at the percentages reported in [tbl0030], it can be seen that WoS performs somewhat better than Scopus."
  },
  {
    "sec_id": "sec0040",
    "sentence": "Table 6."
  },
  {
    "sec_id": "sec0040",
    "sentence": "Summary of the results from Criterion II (excluding journals with ti\u00a0<\u00a0100)."
  },
  {
    "sec_id": "sec0040",
    "sentence": "For each database, we further identify categories for which there are at least 10 journals that are not assigned to the category but that according to Criterion II, with \u03b2\u00a0=\u00a00.6, should be assigned to it."
  },
  {
    "sec_id": "sec0040",
    "sentence": "The results for WoS and Scopus are presented in [tbl0035], [tbl0040], respectively."
  },
  {
    "sec_id": "sec0040",
    "sentence": "In both tables, the first column lists the categories to which journals should have been assigned according to Criterion II, but to which they are not assigned."
  },
  {
    "sec_id": "sec0040",
    "sentence": "Comparing the two tables, we note that some similarities can be observed."
  },
  {
    "sec_id": "sec0040",
    "sentence": "The categories ECONOMICS and ENGINEERING, ELECTRICAL & ELECTRONIC in [tbl0035] are similar to the categories ECONOMICS AND ECONOMETRICS and ELECTRICAL AND ELECTRONIC ENGINEERING in [tbl0040]."
  },
  {
    "sec_id": "sec0040",
    "sentence": "Table 7."
  },
  {
    "sec_id": "sec0040",
    "sentence": "Categories for which there are at least 10 journals that are not assigned to the category but that according to Criterion II should be assigned to it (WoS; \u03b2\u00a0=\u00a00.6; excluding journals with ti\u00a0<\u00a0100)."
  },
  {
    "sec_id": "sec0040",
    "sentence": "Table 8."
  },
  {
    "sec_id": "sec0040",
    "sentence": "Categories for which there are at least 10 journals that are not assigned to the category but that according to Criterion II should be assigned to it (Scopus; \u03b2\u00a0=\u00a00.6; excluding journals with ti\u00a0<\u00a0100)."
  },
  {
    "sec_id": "sec0040",
    "sentence": "We now combine Criteria I and II to examine the journals with the most questionable category assignments in WoS and Scopus."
  },
  {
    "sec_id": "sec0040",
    "sentence": "A journal satisfies both Criterion I and Criterion II if on the one hand it has weak connections, in terms of citations, with its assigned categories while on the other hand it has a strong connection with a category to which it is not assigned."
  },
  {
    "sec_id": "sec0040",
    "sentence": "More precisely, our focus is on journals for which the current category assignments all satisfy Criterion I, while there is an alternative category assignment that satisfies Criterion II."
  },
  {
    "sec_id": "sec0040",
    "sentence": "For these journals, we can conclude that their assignment to categories is even more questionable than for a journal that satisfies only one of the two criteria."
  },
  {
    "sec_id": "sec0040",
    "sentence": "The results discussed below are obtained using the parameter values \u03b1\u00a0=\u00a00.1 and \u03b2\u00a0=\u00a00.6."
  },
  {
    "sec_id": "sec0040",
    "sentence": "In WoS, there is only one journal that satisfies the combined Criteria I and II, namely Australian Journal of Management."
  },
  {
    "sec_id": "sec0040",
    "sentence": "This journal belongs to the category MANAGEMENT, even though its relatedness with this category is only 0.07."
  },
  {
    "sec_id": "sec0040",
    "sentence": "However, Australian Journal of Management is actually strongly connected with the category BUSINESS, FINANCE, with a relatedness of 0.74."
  },
  {
    "sec_id": "sec0040",
    "sentence": "The aims and scope statement of the journal is as follows:The objectives of the Australian Journal of Management are to encourage and publish research in the field of management \u2026 Consistent with the policy, the Australian Journal of Management publishes peer-reviewed research in accounting, applied economics, finance, industrial relations, political science, psychology, statistics, and other disciplines."
  },
  {
    "sec_id": "sec0040",
    "sentence": "This is providing that the application is to management and research in areas such as marketing, corporate strategy, operations management, organisation development, decision analysis, and other problem-focused paradigms.[fn0035]In the aims and scope statement, several fields such as management, accounting, applied economics, finance, etc."
  },
  {
    "sec_id": "sec0040",
    "sentence": "are mentioned."
  },
  {
    "sec_id": "sec0040",
    "sentence": "However, taking a further look at journals related to Australian Journal of Management, it turns out that none of the ten journals that have most citation relations with Australian Journal of Management belong to the category MANAGEMENT."
  },
  {
    "sec_id": "sec0040",
    "sentence": "Instead, nine of these journals are assigned to the category BUSINESS, FINANCE."
  },
  {
    "sec_id": "sec0040",
    "sentence": "It seems that WoS has classified Australian Journal of Management based on its title and perhaps also its aims and scope statement; however, from a citation perspective, the classification of this journal should be reconsidered."
  },
  {
    "sec_id": "sec0040",
    "sentence": "The objectives of the Australian Journal of Management are to encourage and publish research in the field of management \u2026 Consistent with the policy, the Australian Journal of Management publishes peer-reviewed research in accounting, applied economics, finance, industrial relations, political science, psychology, statistics, and other disciplines."
  },
  {
    "sec_id": "sec0040",
    "sentence": "This is providing that the application is to management and research in areas such as marketing, corporate strategy, operations management, organisation development, decision analysis, and other problem-focused paradigms.[fn0035]"
  },
  {
    "sec_id": "sec0040",
    "sentence": "In Scopus, there are 32 journals that satisfy the combined Criteria I and II."
  },
  {
    "sec_id": "sec0040",
    "sentence": "The list of journals is shown in [tbl0075] in Appendix."
  },
  {
    "sec_id": "sec0040",
    "sentence": "We now discuss two journals in more detail."
  },
  {
    "sec_id": "sec0040",
    "sentence": "Like in the case of WoS, we consider a journal with an assignment to a management-related category, namely Cooperation and Conflict."
  },
  {
    "sec_id": "sec0040",
    "sentence": "In Scopus, this journal is assigned to the category STRATEGY AND MANAGEMENT."
  },
  {
    "sec_id": "sec0040",
    "sentence": "However, it turns out that the journal has an extremely weak connection with this category, with a relatedness of 0.01; conversely, the journal is strongly connected with the category POLITICAL SCIENCE AND INTERNATIONAL RELATIONS, with a relatedness of 0.67."
  },
  {
    "sec_id": "sec0040",
    "sentence": "Cooperation and Conflict states its scope in a very explicit way: \u201cthe aim of Cooperation and Conflict is to promote research on and understanding of international relations\u201d.[fn0040] This statement is in full agreement with the results obtained by taking a citation perspective, and it contradicts the category assignment of the journal in Scopus."
  },
  {
    "sec_id": "sec0040",
    "sentence": "As a second example, we take Mobilization, which is a journal assigned to the category TRANSPORTATION in Scopus."
  },
  {
    "sec_id": "sec0040",
    "sentence": "It turns out that the journal has no citation relations at all with this category (relatedness of 0.00), while it has a strong connection in terms of citations with the category SOCIOLOGY AND POLITICAL SCIENCE (relatedness of 0.64)."
  },
  {
    "sec_id": "sec0040",
    "sentence": "The journal summarizes its scope as follows:Mobilization is a review of research about social and political movements, strikes, riots, protests, insurgencies, revolutions, and other forms of contentious politics."
  },
  {
    "sec_id": "sec0040",
    "sentence": "Its goal is to advance the systematic, scholarly, and scientific study of these phenomena, and to provide a forum for the discussion of methodologies, theories, and conceptual approaches across the disciplines of sociology, political science, social psychology, and anthropology.[fn0045]Based on this statement, it is clear that Mobilization should be assigned to the category SOCIOLOGY AND POLITICAL SCIENCE instead of the category TRANSPORTATION, which confirms our citation-based findings."
  },
  {
    "sec_id": "sec0040",
    "sentence": "The examples of Cooperation and Conflict and Mobilization also provide evidence that our citation-based criteria give useful indications of misclassified journals."
  },
  {
    "sec_id": "sec0040",
    "sentence": "Mobilization is a review of research about social and political movements, strikes, riots, protests, insurgencies, revolutions, and other forms of contentious politics."
  },
  {
    "sec_id": "sec0040",
    "sentence": "Its goal is to advance the systematic, scholarly, and scientific study of these phenomena, and to provide a forum for the discussion of methodologies, theories, and conceptual approaches across the disciplines of sociology, political science, social psychology, and anthropology.[fn0045]"
  },
  {
    "sec_id": "sec0040",
    "sentence": "Based on the three journals discussed above, we conclude that journals satisfying the combined Criteria I and II can be classified into at least two types."
  },
  {
    "sec_id": "sec0040",
    "sentence": "One type refers to journals for which there is a discrepancy between on the one hand their title and their scope statement and on the other hand what they have actually published."
  },
  {
    "sec_id": "sec0040",
    "sentence": "Australian Journal of Management is an example of such a journal."
  },
  {
    "sec_id": "sec0040",
    "sentence": "Based on its scope statement, its WoS category assignment seems reasonable, but the scope statement itself may not be fully accurate."
  },
  {
    "sec_id": "sec0040",
    "sentence": "The second type refers to journals that seem to have been assigned to a category based only on their title."
  },
  {
    "sec_id": "sec0040",
    "sentence": "An example is Mobilization."
  },
  {
    "sec_id": "sec0040",
    "sentence": "The title of this journal seems to have been misinterpreted and the scope statement seems to have been ignored, leading to an incorrect category assignment in Scopus."
  },
  {
    "sec_id": "sec0040",
    "sentence": "In this subsection, we take the field of Library and Information Science (LIS) as an example to conduct a more in-depth analysis."
  },
  {
    "sec_id": "sec0040",
    "sentence": "We choose to focus on the LIS field because many readers of this paper are likely to be familiar with this field."
  },
  {
    "sec_id": "sec0040",
    "sentence": "The analysis that we present can also be helpful to examine whether the criteria that we use to identify journals with questionable category assignments are appropriate and whether they yield meaningful results."
  },
  {
    "sec_id": "sec0040",
    "sentence": "In WoS the LIS field is represented by the category INFORMATION SCIENCE & LIBRARY SCIENCE, whereas it is represented by the category LIBRARY & INFORMATION SCIENCES in Scopus."
  },
  {
    "sec_id": "sec0040",
    "sentence": "WoS and Scopus have respectively 85 and 209 LIS journals."
  },
  {
    "sec_id": "sec0040",
    "sentence": "The differences in journal coverage between the WoS and Scopus LIS categories are shown in [tbl0045]."
  },
  {
    "sec_id": "sec0040",
    "sentence": "As can be seen, there are 54 journals that are assigned to the LIS category both in WoS and in Scopus."
  },
  {
    "sec_id": "sec0040",
    "sentence": "However, there are also a substantial number of journals that are included in both databases but that belong to the LIS category in only one of the databases."
  },
  {
    "sec_id": "sec0040",
    "sentence": "This finding is in accordance with the study by [bib0005], who also pointed out differences in journal coverage between the LIS categories in WoS and Scopus.",
    "intent": "similarities"
  },
  {
    "sec_id": "sec0040",
    "sentence": "Of the 85 and 209 LIS journals in WoS and Scopus, there are respectively 75 and 143 with ti\u00a0\u2265\u00a0100."
  },
  {
    "sec_id": "sec0040",
    "sentence": "In the rest of this subsection, results are presented only for these journals."
  },
  {
    "sec_id": "sec0040",
    "sentence": "Table 9."
  },
  {
    "sec_id": "sec0040",
    "sentence": "Comparison of LIS journals in WoS and Scopus."
  },
  {
    "sec_id": "sec0040",
    "sentence": "We first examine the assignment of journals to the WoS and Scopus LIS categories from the point of view of Criterion I."
  },
  {
    "sec_id": "sec0040",
    "sentence": "More specifically, we identify journals in WoS and Scopus that belong to the LIS category while the citations between the journal and other journals belonging to the LIS category account for less than 10% of the total number of citations of the journal."
  },
  {
    "sec_id": "sec0040",
    "sentence": "So we apply Criterion I using the parameter value \u03b1\u00a0=\u00a00.1. [tbl0050], [tbl0055] report for WoS and Scopus the journals with an assignment to the LIS category that satisfies Criterion I."
  },
  {
    "sec_id": "sec0040",
    "sentence": "WoS has eight LIS journals (11% of the total number of LIS journals in WoS) satisfying Criterion I, whereas Scopus has 29 LIS journals (20%) satisfying the criterion."
  },
  {
    "sec_id": "sec0040",
    "sentence": "There are four journals (indicated in bold in [tbl0050], [tbl0055]) that satisfy Criterion I in both databases."
  },
  {
    "sec_id": "sec0040",
    "sentence": "We note that some journals (e.g., Information Systems Research) are assigned to the LIS category in both databases but satisfy Criterion I in only one of the two databases."
  },
  {
    "sec_id": "sec0040",
    "sentence": "Table 10."
  },
  {
    "sec_id": "sec0040",
    "sentence": "LIS journals satisfying Criterion I (WoS; \u03b1\u00a0=\u00a00.1; excluding journals with ti\u00a0<\u00a0100)."
  },
  {
    "sec_id": "sec0040",
    "sentence": "Table 11."
  },
  {
    "sec_id": "sec0040",
    "sentence": "LIS journals satisfying Criterion I (Scopus; \u03b1\u00a0=\u00a00.1; excluding journals with ti\u00a0<\u00a0100)."
  },
  {
    "sec_id": "sec0040",
    "sentence": "We now turn to Criterion II, so we identify journals that are not assigned to the LIS category while the number of citations between the journal and journals belonging to the LIS category is relatively large."
  },
  {
    "sec_id": "sec0040",
    "sentence": "We use the parameter value \u03b2\u00a0=\u00a00.6. In the case of WoS, there turn out to be no journals that satisfy Criterion II."
  },
  {
    "sec_id": "sec0040",
    "sentence": "In the case of Scopus, there are three journals that satisfy the criterion."
  },
  {
    "sec_id": "sec0040",
    "sentence": "These journals are Portal: Libraries and the Academy, which is assigned to the categories COMPUTER SCIENCE APPLICATIONS and INFORMATION SYSTEMS, Online (Wilton, Connecticut), which belongs to the category DEVELOPMENT, and Public Services Quarterly, which is assigned to the categories ACCOUNTING and PUBLIC ADMINISTRATION."
  },
  {
    "sec_id": "sec0040",
    "sentence": "These three journals do not belong to the LIS category in Scopus even though for each of these journals citations between the journal and journals belonging to the LIS category account for more than 60% of the total number of citations of the journal."
  },
  {
    "sec_id": "sec0040",
    "sentence": "Researchers in the field of bibliometrics and scientometrics may also expect Journal of Informetrics to satisfy Criterion II in the case of Scopus."
  },
  {
    "sec_id": "sec0040",
    "sentence": "Journal of Informetrics is focused strongly on bibliometric and scientometric studies, but it is not assigned to the LIS category in Scopus (unlike for instance Scientometrics, which does belong to the LIS category)."
  },
  {
    "sec_id": "sec0040",
    "sentence": "Taking a further look at this specific case, it turns out that Journal of Informetrics has a relatively strong connection with the LIS category, with a relatedness of 0.45."
  },
  {
    "sec_id": "sec0040",
    "sentence": "Although it does not satisfy Criterion II for \u03b2\u00a0=\u00a00.6, we still find that LIS is the category with which Journal of Informetrics has the strongest connection in terms of citations."
  },
  {
    "sec_id": "sec0040",
    "sentence": "In fact, the relatedness of Journal of Informetrics with the LIS category turns out to be higher than the total relatedness of the journal with the five categories to which it is assigned in Scopus (i.e., APPLIED MATHEMATICS, COMPUTER SCIENCE APPLICATIONS, MANAGEMENT SCIENCE & OPERATIONS RESEARCH, MODELING & SIMULATION, and STATISTICS & PROBABILITY)."
  },
  {
    "sec_id": "sec0040",
    "sentence": "We are also interested in exploring the accuracy of other category assignments of LIS journals."
  },
  {
    "sec_id": "sec0040",
    "sentence": "For instance, Scientometrics is assigned not only to the LIS category in Scopus but also to the category LAW."
  },
  {
    "sec_id": "sec0040",
    "sentence": "We aim to examine whether the assignment of Scientometrics to the category LAW seems justified."
  },
  {
    "sec_id": "sec0040",
    "sentence": "We use Criterion I to identify LIS journals that have weak connections with other categories to which they are assigned."
  },
  {
    "sec_id": "sec0040",
    "sentence": "Like above, we use the parameter value \u03b1\u00a0=\u00a00.1. The results are shown in [tbl0060], [tbl0065]."
  },
  {
    "sec_id": "sec0040",
    "sentence": "It turns out that WoS has five LIS journals with questionable assignments to other categories, whereas Scopus has 38 LIS journals with assignments to other categories that seem questionable."
  },
  {
    "sec_id": "sec0040",
    "sentence": "There are three LIS journals that have questionable category assignments in both databases (indicated in bold in [tbl0060], [tbl0065]), namely International Journal of Geographical Information Science, Ethics and Information Technology, and Journal of Health Communication."
  },
  {
    "sec_id": "sec0040",
    "sentence": "Table 12."
  },
  {
    "sec_id": "sec0040",
    "sentence": "Assignments of LIS journals to other categories satisfying Criterion I (WoS; \u03b1\u00a0=\u00a00.1; excluding journals with ti\u00a0<\u00a0100)."
  },
  {
    "sec_id": "sec0040",
    "sentence": "Table 13."
  },
  {
    "sec_id": "sec0040",
    "sentence": "Assignments of LIS journals to other categories satisfying Criterion I (Scopus; \u03b1\u00a0=\u00a00.1; excluding journals with ti\u00a0<\u00a0100)."
  },
  {
    "sec_id": "sec0065",
    "sentence": "This study examined and compared the accuracy of the WoS and Scopus journal classification systems."
  },
  {
    "sec_id": "sec0065",
    "sentence": "Based on direct citation relations between journals and categories, we defined two criteria to examine the category assignments of journals."
  },
  {
    "sec_id": "sec0065",
    "sentence": "Criterion I was used to identify journals that in terms of citations have weak connections with their assigned categories, and Criterion II was used to identify journals that are not assigned to categories with which they have strong connections."
  },
  {
    "sec_id": "sec0065",
    "sentence": "If a journal satisfies either of these two criteria, it can be concluded that the classification of the journal is questionable."
  },
  {
    "sec_id": "sec0065",
    "sentence": "Furthermore, we also used the combined Criteria I and II to identify journals that have weak connections with all their assigned categories while they have a strong connection with a category to which they are not assigned."
  },
  {
    "sec_id": "sec0065",
    "sentence": "These can be seen as the journals with the most questionable classification."
  },
  {
    "sec_id": "sec0065",
    "sentence": "Our most important findings regarding the accuracy of the WoS and Scopus journal classification systems can be summarized as follows."
  },
  {
    "sec_id": "sec0065",
    "sentence": "First, WoS performs much better than Scopus according to Criterion I."
  },
  {
    "sec_id": "sec0065",
    "sentence": "Using the parameter values \u03b1\u00a0=\u00a00.05 and \u03b1\u00a0=\u00a00.1, the percentage of journals and journal-category assignments satisfying Criterion I is more than two times higher for Scopus than for WoS."
  },
  {
    "sec_id": "sec0065",
    "sentence": "Hence, in Scopus journals are assigned to categories with which they are only weakly connected much more frequently than in WoS."
  },
  {
    "sec_id": "sec0065",
    "sentence": "Second, based on Criterion II, WoS and Scopus both perform reasonably well, with WoS having a somewhat better performance than Scopus."
  },
  {
    "sec_id": "sec0065",
    "sentence": "For all parameter values that were considered, less than 5% of all journals in WoS and Scopus satisfy Criterion II."
  },
  {
    "sec_id": "sec0065",
    "sentence": "In other words, if a journal is strongly connected to a category, WoS and Scopus typically assign the journal to that category."
  },
  {
    "sec_id": "sec0065",
    "sentence": "Third, WoS also presents a significantly better result than Scopus based on the combined Criteria I and II."
  },
  {
    "sec_id": "sec0065",
    "sentence": "In WoS there is only one journal satisfying the combined criteria, whereas in Scopus there are 32."
  },
  {
    "sec_id": "sec0065",
    "sentence": "Our results suggest that WoS and especially Scopus tend to be too lenient in assigning journals to categories."
  },
  {
    "sec_id": "sec0065",
    "sentence": "A significant share of the journals in both databases, but especially in Scopus, seem to have assignments to too many categories."
  },
  {
    "sec_id": "sec0065",
    "sentence": "The databases could adopt a stricter policy in assigning journals to categories."
  },
  {
    "sec_id": "sec0065",
    "sentence": "Such a policy could be supported by the use of citation analysis."
  },
  {
    "sec_id": "sec0065",
    "sentence": "In addition to our main findings summarized above, there are two points worth emphasizing."
  },
  {
    "sec_id": "sec0065",
    "sentence": "First, Scopus sometimes has confusing category labels."
  },
  {
    "sec_id": "sec0065",
    "sentence": "In particular, Scopus sometimes has two categories with very similar labels."
  },
  {
    "sec_id": "sec0065",
    "sentence": "Examples are the categories LINGUISTICS & LANGUAGE and LANGUAGE & LINGUISTICS and the categories INFORMATION SYSTEMS & MANAGEMENT and MANAGEMENT INFORMATION SYSTEMS."
  },
  {
    "sec_id": "sec0065",
    "sentence": "This problem could be addressed either by merging categories with similar labels or by improving the labels of these categories to make sure the differences between the categories are more clear."
  },
  {
    "sec_id": "sec0065",
    "sentence": "Second, lack of transparency is a weakness of both the WoS and the Scopus classification system."
  },
  {
    "sec_id": "sec0065",
    "sentence": "We did not find proper documentation of the methods used to construct and update the WoS and Scopus classification systems."
  },
  {
    "sec_id": "sec0065",
    "sentence": "It should be emphasized that our analysis is based only on direct citation relations between journals and categories."
  },
  {
    "sec_id": "sec0065",
    "sentence": "As already mentioned, other non-citation-based approaches, in particular text-based and expert-based approaches, could also be used for assessing the accuracy of journal classification systems."
  },
  {
    "sec_id": "sec0065",
    "sentence": "These approaches are probably more effective for journals with only a small number of citation relations, for instance newly established journals."
  },
  {
    "sec_id": "sec0065",
    "sentence": "In this paper, we did not take non-citation-based approaches into consideration."
  },
  {
    "sec_id": "sec0065",
    "sentence": "Hence, when we conclude that the assignment of a journal is questionable, one should be aware that this conclusion is drawn purely from a citation perspective."
  },
  {
    "sec_id": "sec0065",
    "sentence": "In some cases, another perspective may lead to a different conclusion."
  },
  {
    "sec_id": "sec0065",
    "sentence": "For instance, our citation perspective suggests that Australian Journal of Management, discussed in Section [sec0055], is misclassified in WoS, but an expert judgment based on the scope statement of the journal may result in a different conclusion."
  },
  {
    "sec_id": "sec0065",
    "sentence": "Furthermore, when a citation-based approach is taken, the effectiveness of the use of direct citation relations might be questioned in some fields of science."
  },
  {
    "sec_id": "sec0065",
    "sentence": "This is the case especially in fields in which scientific journals play a less significant role and in which sources such as books, which are not properly covered in WoS and Scopus, are more important."
  },
  {
    "sec_id": "sec0065",
    "sentence": "By considering only direct citation relations between journals, a significant share of the scientific communication in these fields is ignored, which might have a negative effect on the accuracy of our analysis."
  },
  {
    "sec_id": "sec0065",
    "sentence": "Other citation-based approaches, for instance using bibliographic coupling relations instead of direct citation relations, may offer a solution."
  },
  {
    "sec_id": "sec0065",
    "sentence": "Two journals belonging to the same category may for instance have hardly any direct citation relations with each other, but they may refer a lot to the same books, and therefore they may have many bibliographic coupling relations."
  },
  {
    "sec_id": "sec0065",
    "sentence": "To further explore this possibility, we tested a bibliographic coupling approach in the WoS category CULTURAL STUDIES."
  },
  {
    "sec_id": "sec0065",
    "sentence": "Using a direct citation approach, 61% of the journals in the CULTURAL STUDIES category satisfy Criterion I (\u03b1\u00a0=\u00a00.1; see [tbl0020])."
  },
  {
    "sec_id": "sec0065",
    "sentence": "Using a bibliographic coupling approach, it turns out that a similar result is obtained.[fn0050] Hence, we have no clear evidence to support the idea that in some fields a bibliographic coupling approach may be more suitable than a direct citation approach."
  },
  {
    "sec_id": "sec0065",
    "sentence": "In the case of a direct citation approach, it could be suggested that in the calculation of the relatedness between a journal and a category only the outgoing citations of a journal should be considered instead of both the incoming and the outgoing citations."
  },
  {
    "sec_id": "sec0065",
    "sentence": "Certain journals, for instance journals focused on methodological topics, may be cited by journals from many different categories."
  },
  {
    "sec_id": "sec0065",
    "sentence": "For these journals, it might perhaps be better to consider only their outgoing citations in the calculation of relatedness."
  },
  {
    "sec_id": "sec0065",
    "sentence": "This may be worth studying in future research."
  },
  {
    "sec_id": "sec0065",
    "sentence": "Additionally, as already mentioned in Section [sec0010], WoS and Scopus differ in their coverage of scientific literature."
  },
  {
    "sec_id": "sec0065",
    "sentence": "It could be argued that differences in coverage may have an effect on our analysis."
  },
  {
    "sec_id": "sec0065",
    "sentence": "For instance, if Scopus covers relatively more journals than WoS in research fields in which it is relatively difficult to produce an accurate journal classification, then this could to some degree explain why in our analysis the classification system of Scopus appears to be less accurate than the WoS classification system."
  },
  {
    "sec_id": "sec0065",
    "sentence": "On the other hand, [bib0155] indicate that, even though Scopus has a broader coverage than WoS in all fields of science, the two databases have similar biases in their coverage of fields.",
    "intent": "background"
  },
  {
    "sec_id": "sec0065",
    "sentence": "In our analysis, we have focused mainly on relative rather than absolute statistics (e.g., the percentage of journals satisfying a criterion rather than the absolute number of journals satisfying a criterion)."
  },
  {
    "sec_id": "sec0065",
    "sentence": "In this way, we have corrected for the fact that Scopus covers more journals than WoS."
  },
  {
    "sec_id": "sec0065",
    "sentence": "However, we did not correct for possible differences between WoS and Scopus in the distribution of journals over fields."
  },
  {
    "sec_id": "sec0065",
    "sentence": "The effect of such differences could be examined in future research by comparing the classification accuracy of WoS and Scopus at the level of individual fields."
  },
  {
    "sec_id": "sec0065",
    "sentence": "Another topic for future research could be the issue of differences in the size of categories."
  },
  {
    "sec_id": "sec0065",
    "sentence": "Some categories are much larger than others in terms of their number of journals and publications."
  },
  {
    "sec_id": "sec0065",
    "sentence": "This has certain consequences for our analysis."
  },
  {
    "sec_id": "sec0065",
    "sentence": "For instance, in the case of a small category, it may be hardly possible for a journal to have a reasonably high relatedness with the category."
  },
  {
    "sec_id": "sec0065",
    "sentence": "Therefore it can be expected that many journals belonging to the category will satisfy Criterion I."
  },
  {
    "sec_id": "sec0065",
    "sentence": "This may be caused not so much by the misclassification of these journals but more by the small size of the category."
  },
  {
    "sec_id": "sec0065",
    "sentence": "On the other hand, in the case of a large category, there may be other problems."
  },
  {
    "sec_id": "sec0065",
    "sentence": "A large category may for instance be of a heterogeneous nature and may cover multiple fields that are hardly connected to each other."
  },
  {
    "sec_id": "sec0065",
    "sentence": "Our Criteria I and II are unable to detect this problem."
  },
  {
    "sec_id": "sec0065",
    "sentence": "The issue of category size may be studied in more detail in future research."
  },
  {
    "sec_id": "sec0065",
    "sentence": "Finally, it should be noted that the usefulness of journal classification systems can be questioned at a more fundamental level."
  },
  {
    "sec_id": "sec0065",
    "sentence": "Multidisciplinary journals such as Nature, PNAS, and Science do not fit well in a classification system at the level of journals."
  },
  {
    "sec_id": "sec0065",
    "sentence": "With the increasing popularity of large multidisciplinary open access journals, such as PLoS ONE and Scientific Reports, this problem is becoming more and more serious."
  },
  {
    "sec_id": "sec0065",
    "sentence": "An increasing share of all scientific publications appear in multidisciplinary journals, and these publications cannot be properly classified at the journal level."
  },
  {
    "sec_id": "sec0065",
    "sentence": "This makes it increasingly important to develop multidisciplinary classification systems at the level of individual publications rather than at the journal level."
  },
  {
    "sec_id": "sec0065",
    "sentence": "Algorithmic approaches to construct such publication-level classification systems have been studied in a number of recent papers ([bib0040], [bib0050], [bib0115], [bib0220]).",
    "intent": "background"
  },
  {
    "sec_id": "sec0065",
    "sentence": "The resulting classification systems are likely to play an important role in future bibliometric analyses."
  },
  {
    "sec_id": "sec0046",
    "sentence": "Conceived and designed the analysis: Qi Wang, Ludo Waltman."
  },
  {
    "sec_id": "sec0046",
    "sentence": "Collected the data: Qi Wang, Ludo Waltman."
  },
  {
    "sec_id": "sec0046",
    "sentence": "Performed the analysis: Qi Wang."
  },
  {
    "sec_id": "sec0046",
    "sentence": "Wrote the paper: Qi Wang, Ludo Waltman."
  },
  {
    "sec_id": "sec0100",
    "sentence": ""
  },
  {
    "sec_id": "sec0100",
    "sentence": "Table A1."
  },
  {
    "sec_id": "sec0100",
    "sentence": "WoS multidisciplinary categories."
  },
  {
    "sec_id": "sec0100",
    "sentence": "Table A2."
  },
  {
    "sec_id": "sec0100",
    "sentence": "Journals satisfying both Criterion I and Criterion II (Scopus; \u03b1\u00a0=\u00a00.1; \u03b2\u00a0=\u00a00.6; excluding journals with ti\u00a0<\u00a0100)."
  },
  {
    "sec_id": "sec0095",
    "sentence": "The following are the supplementary data to this article:Download : Download spreadsheet (839KB)Download : Download spreadsheet (2MB)"
  }
]