[
  {
    "sec_id": "sec0005",
    "sentence": "With the rapid development of the Internet, nowadays most of the research papers are published online, which has significantly accelerated the publication of research findings and resulted in a large number of scientific papers."
  },
  {
    "sec_id": "sec0005",
    "sentence": "Ranking scientific publications is thus becoming increasingly important for uncovering the quality of academic works and evaluating the performance of researchers ([bib0050], [bib0120], [bib0135], [bib0165]; [bib0205]).",
    "intent": "background"
  },
  {
    "sec_id": "sec0005",
    "sentence": "Though many ranking algorithms have been proposed and intensively studied, these methods only focus on the global ranking, i.e. ranking the general significance of papers."
  },
  {
    "sec_id": "sec0005",
    "sentence": "A long-neglected practical issue for both policy makers and scientists themselves is to identify the representative work of individual scientist ([bib0075]).",
    "intent": "background"
  },
  {
    "sec_id": "sec0005",
    "sentence": "This is actually a very practical problem as it helps universities and foundation managers to evaluate the achievement and potential of researchers, and help them finally decide who should be hired and to whom the grant should be given ([bib0100]).",
    "intent": "background"
  },
  {
    "sec_id": "sec0005",
    "sentence": "In the literature, there are already many methods proposed for ranking scientific publications."
  },
  {
    "sec_id": "sec0005",
    "sentence": "The most straightforward and widely used method is the citation count ([bib0065]).",
    "intent": "background"
  },
  {
    "sec_id": "sec0005",
    "sentence": "However, this method neglects by which the paper is being cited, so the ranking obtained by the citation count cannot objectively reflect the true quality of papers."
  },
  {
    "sec_id": "sec0005",
    "sentence": "If two papers have similar citation counts, the one cited by important papers is more likely to have higher quality than the one cited by less important papers."
  },
  {
    "sec_id": "sec0005",
    "sentence": "Accordingly, Google's PageRank algorithm ([bib0010]) was introduced to rank scientific papers ([bib0015], [bib0055], [bib0105]).",
    "intent": "background"
  },
  {
    "sec_id": "sec0005",
    "sentence": "Instead of the hyperlink network, PageRank in this case is applied to the citation network."
  },
  {
    "sec_id": "sec0005",
    "sentence": "In this algorithm, each paper is assigned with an initial score and the score of papers are updated iteratively."
  },
  {
    "sec_id": "sec0005",
    "sentence": "The paper cited by high score papers obtains a high score."
  },
  {
    "sec_id": "sec0005",
    "sentence": "The final stable scores are used as the indicator of the significance of papers."
  },
  {
    "sec_id": "sec0005",
    "sentence": "PageRank, however, still has several obvious shortcomings such as sensitive to malicious manipulations ([bib0180]) and ignorant of time information ([bib0060], [bib0110]).",
    "intent": "motivation background"
  },
  {
    "sec_id": "sec0005",
    "sentence": "Many variations such as the PageRank with Prior ([bib0170]), LeaderRank ([bib0090]), NonlinearRank ([bib0180]), CiteRank ([bib0160]) and SPRank ([bib0210]) have been developed to address these issues.",
    "intent": "background"
  },
  {
    "sec_id": "sec0005",
    "sentence": "Meanwhile, the idea of PageRank has also been applied to ranking the influence of journals ([bib0005], [bib0070]) and scientific achievement of researchers ([bib0175]).",
    "intent": "background"
  },
  {
    "sec_id": "sec0005",
    "sentence": "Despite the wide usage of the citation count and the success of PageRank in revealing the paper quality, these two methods are not appropriate for identifying the representative work of individual researcher (see a very recent comment in reference [bib0080]).",
    "intent": "background"
  },
  {
    "sec_id": "sec0005",
    "sentence": "This is due to the fact that the contribution of authors in a paper is different ([bib0155]).",
    "intent": "background"
  },
  {
    "sec_id": "sec0005",
    "sentence": "A high quality paper could not be the representative work of all its authors."
  },
  {
    "sec_id": "sec0005",
    "sentence": "For instance, it can happen that a physicist who mainly work in condensed matter collaborates once with an expert in biology by providing some analysis tools and finally publishes a very highly cited paper in a top biology journal."
  },
  {
    "sec_id": "sec0005",
    "sentence": "As this paper is only a side interest of the physicist, it should not be considered as his/her representative work."
  },
  {
    "sec_id": "sec0005",
    "sentence": "Therefore, the representative work of a researcher might not be simply his/her most highly cited paper nor the paper published in top journals."
  },
  {
    "sec_id": "sec0005",
    "sentence": "This requires us to consider a personalized ranking combining the quality and relevance of the papers, instead of the traditional ranking of the papers\u2019 general importance."
  },
  {
    "sec_id": "sec0005",
    "sentence": "In fact, the problem of the personalized ranking is widely studied in other fields such as the online recommendation (i.e. personalized ranking of online items) ([bib0095]) and the traffic navigation (i.e. personalized ranking of routes) ([bib0185]).",
    "intent": "background"
  },
  {
    "sec_id": "sec0005",
    "sentence": "Yet, the problem of personalized ranking in Scientometrics is still a new problem."
  },
  {
    "sec_id": "sec0005",
    "sentence": "The most relevant works are the ones in which the contribution of different coauthors in a paper is ranked ([bib0145]).",
    "intent": "background"
  },
  {
    "sec_id": "sec0005",
    "sentence": "In this paper, we argue that the representative work of a researcher should be an important paper in his/her area of expertise."
  },
  {
    "sec_id": "sec0005",
    "sentence": "To rank papers for each scientist and identify his/her representative work, we propose a self-avoiding preferential diffusion (SPD) process on the citation network which is constructed with the citation data from American Physical Society (APS)."
  },
  {
    "sec_id": "sec0005",
    "sentence": "Similar approach such as the self-avoiding random walks has been designed for searching complex network ([bib0085]).",
    "intent": "similarities"
  },
  {
    "sec_id": "sec0005",
    "sentence": "To validate our method, we make use of the Nobel prize winning papers of the Nobel laureates."
  },
  {
    "sec_id": "sec0005",
    "sentence": "We find that these papers are ranked rather low in each Nobel laureate's personal ranking list if the citation count and PageRank are used."
  },
  {
    "sec_id": "sec0005",
    "sentence": "With SPD, the ranking of the Nobel prize winning papers can be significantly improved, which suggests the high effectiveness of our method."
  },
  {
    "sec_id": "sec0005",
    "sentence": "Moreover, we test the robustness of the SPD method by considering the cases where only partial publication data are available and malicious citation behaviors exist."
  },
  {
    "sec_id": "sec0005",
    "sentence": "The results show that SPD can still highly rank the true representative papers."
  },
  {
    "sec_id": "sec0005",
    "sentence": "In addition, we find that the correlation between SPD and citation ranking can be used to indicate whether the research of a scientist is consistency-oriented or diversity-oriented."
  },
  {
    "sec_id": "sec0005",
    "sentence": "The research patterns of different scientists, universities and countries are finally discussed with this correlation."
  },
  {
    "sec_id": "sec0010",
    "sentence": "Uncovering the intrinsic quality of papers is one of the most fundamental issues in Scientometrics."
  },
  {
    "sec_id": "sec0010",
    "sentence": "In the literature, a large number of works have been devoted to solve this problem."
  },
  {
    "sec_id": "sec0010",
    "sentence": "The ranking algorithms such as PageRank ([bib0010]) and CiteRank ([bib0160]) are based on iterative processes on citation networks.",
    "intent": "background"
  },
  {
    "sec_id": "sec0010",
    "sentence": "[bib0205] designed an iterative ranking algorithm on the author-paper multiplex network with both citation links and authorship links.",
    "intent": "background"
  },
  {
    "sec_id": "sec0010",
    "sentence": "Besides these iterative algorithms, [bib0115] made use of a paper's citation time series to compute the so-called fitness to estimate its intrinsic quality.",
    "intent": "background"
  },
  {
    "sec_id": "sec0010",
    "sentence": "[bib0165] derived a mechanistic model for the citation dynamics of individual papers, allowing the citation histories of papers from different journals and disciplines to collapse into a single curve.",
    "intent": "background"
  },
  {
    "sec_id": "sec0010",
    "sentence": "To achieve a more objective measure of a paper's impact, [bib0135] studied the universality of citation distribution, which makes the papers from different fields comparable.",
    "intent": "background"
  },
  {
    "sec_id": "sec0010",
    "sentence": "Research combining authors and papers also attracted much attention."
  },
  {
    "sec_id": "sec0010",
    "sentence": "From the paper citation network, [bib0130] constructed a citation network between authors and accordingly rank the influence of scientists based on a credit diffusion process.",
    "intent": "background"
  },
  {
    "sec_id": "sec0010",
    "sentence": "To distinguish an author's contribution in a paper, [bib0145] developed a collective credit allocation model which is applied on a local citation network.",
    "intent": "background"
  },
  {
    "sec_id": "sec0010",
    "sentence": "[bib0035] investigated authors\u2019 contributions to a research article with the tensor analysis in interconnected multilayer networks.",
    "intent": "background"
  },
  {
    "sec_id": "sec0010",
    "sentence": "[bib0080] investigated with questionnaires whether an author's highest cited paper is considered as his/her best work.",
    "intent": "background"
  },
  {
    "sec_id": "sec0010",
    "sentence": "Other researchers also seek to uncover statistical patterns in the scientific career trajectory."
  },
  {
    "sec_id": "sec0010",
    "sentence": "[bib0125] quantified the reputation and its impact in academic careers, and revealed that an author's reputation dominates the annual citation rate.",
    "intent": "background"
  },
  {
    "sec_id": "sec0010",
    "sentence": "[bib0040] studied the changing of institutions in scientists\u2019 career and found that career movements are characterized by a high degree of stratification in institutional ranking.",
    "intent": "background"
  },
  {
    "sec_id": "sec0010",
    "sentence": "By aggregating information from scientific publication data, ranking of entities at higher levels (e.g. journals, universities and countries) can be obtained."
  },
  {
    "sec_id": "sec0010",
    "sentence": "[bib0150] applied the input-output analysis to ranking journals.",
    "intent": "background"
  },
  {
    "sec_id": "sec0010",
    "sentence": "[bib0030] constructed a hiring network and found a common and steeply hierarchical structure which can be directly used to generate a ranking of different universities\u2019 prestige.",
    "intent": "background"
  },
  {
    "sec_id": "sec0010",
    "sentence": "[bib0190] analyzed the publication database at the level of single urban areas and identified the key cities in the production and consumption of knowledge in Physics as a function of time.",
    "intent": "background"
  },
  {
    "sec_id": "sec0010",
    "sentence": "[bib0025] discussed, at the macro-level of nations, the contribution of research funding and rate of international collaboration to research performance.",
    "intent": "background"
  },
  {
    "sec_id": "sec0010",
    "sentence": "Although many existing works focused on the ranking issues, the identification of individual author's representative work has not been systematically studied in the literature."
  },
  {
    "sec_id": "sec0010",
    "sentence": "In this paper, we designed a self-avoiding preferential diffusion (SPD) process to tackle this problem."
  },
  {
    "sec_id": "sec0010",
    "sentence": "In fact, similar processes have been employed to solve various problems in network science."
  },
  {
    "sec_id": "sec0010",
    "sentence": "[bib0085] developed a self-avoiding random walk model for searching complex networks.",
    "intent": "background"
  },
  {
    "sec_id": "sec0010",
    "sentence": "[bib0140] used the maps of random walks on complex networks to detect community structure.",
    "intent": "background"
  },
  {
    "sec_id": "sec0010",
    "sentence": "[bib0195] introduced the traditional mass diffusion and heat conduction processes on user-product network to generate personalized recommendation.",
    "intent": "background"
  },
  {
    "sec_id": "sec0010",
    "sentence": "[bib0020] predicted the drug-target interactions in medical science via the network-based diffusion.",
    "intent": "background"
  },
  {
    "sec_id": "sec0015",
    "sentence": "To rank the publications of a specific researcher, the most straightforward way is to compute the ranking of all the papers with some existing methods such as the citation count or PageRank, and then extract the ranking of the papers written by the researcher."
  },
  {
    "sec_id": "sec0015",
    "sentence": "This is actually widely used nowadays by researchers when they are asked to list their representative works in the proposals or application to awards."
  },
  {
    "sec_id": "sec0015",
    "sentence": "For instance, researchers often select the most highly cited papers as their representative works."
  },
  {
    "sec_id": "sec0015",
    "sentence": "In this paper, we propose a self-avoiding preferential diffusion (SPD) process which generates the personalized ranking of papers for each researcher."
  },
  {
    "sec_id": "sec0015",
    "sentence": "The detailed explanation of the citation count, PageRank and SPD methods are presented below."
  },
  {
    "sec_id": "sec0015",
    "sentence": "Citation count. This is the most straightforward and widely used method to rank articles."
  },
  {
    "sec_id": "sec0015",
    "sentence": "In the citation network, the citation count is simply the indegree of a node."
  },
  {
    "sec_id": "sec0015",
    "sentence": "For paper \u03b1, its citation count is(1)k\u03b1in=\u2211\u03b2=1NA\u03b2\u03b1where A\u03b2\u03b1 is a component in the adjacency matrix of the citation network."
  },
  {
    "sec_id": "sec0015",
    "sentence": "A\u03b2\u03b1\u00a0=\u00a01 indicates that paper \u03b2 cites paper \u03b1, and A\u03b2\u03b1\u00a0=\u00a00 otherwise."
  },
  {
    "sec_id": "sec0015",
    "sentence": "The personal ranking of papers for researcher i is obtained by sorting k\u03b1 of i's papers in a descending order."
  },
  {
    "sec_id": "sec0015",
    "sentence": "PageRank. PageRank is the algorithm used by Google for its search engine."
  },
  {
    "sec_id": "sec0015",
    "sentence": "It assigns a score s\u03b1 to denote the attractiveness of the webpage \u03b1."
  },
  {
    "sec_id": "sec0015",
    "sentence": "Webpage \u03b1 obtains a higher score if many other important webpages point to it."
  },
  {
    "sec_id": "sec0015",
    "sentence": "From the physical perspective, PageRank describes a random walk process on a directed network, where the score s\u03b1 is proportional to the frequency of visits to a particular node \u03b1 by a random walker."
  },
  {
    "sec_id": "sec0015",
    "sentence": "In the PageRank algorithm, the parameter c (0\u00a0\u2264\u00a0c\u00a0\u2264\u00a01) called return probability is introduced, which represents the probability for a random walker to jump to a random node, and (1\u00a0\u2212\u00a0c) is the probability for the random walker to continue walking through the directed links."
  },
  {
    "sec_id": "sec0015",
    "sentence": "In this way, the node \u03b1's centrality score at time t (t\u00a0\u2265\u00a01) is given by(2)s\u03b1(t)=c+(1\u2212c)\u2211\u03b2=1NA\u03b2\u03b1k\u03b2out(1\u2212\u03b4k\u03b2out,0)+1N\u03b4k\u03b2out,0s\u03b2(t\u22121),where \u03b4a,b\u00a0=\u00a01 when a\u00a0=\u00a0b, and \u03b4a,b\u00a0=\u00a00 otherwise."
  },
  {
    "sec_id": "sec0015",
    "sentence": "k\u03b2out is the outdegree of node \u03b2 (i.e. number of papers that \u03b2 cites)."
  },
  {
    "sec_id": "sec0015",
    "sentence": "Initially, we assign each node one unit of initial score, namely s\u03b1(0)\u00a0=\u00a01 for \u03b1\u00a0=\u00a01, 2, \u2026, N."
  },
  {
    "sec_id": "sec0015",
    "sentence": "The typical value of the return probability is 0.15 ([bib0010]).",
    "intent": "uses"
  },
  {
    "sec_id": "sec0015",
    "sentence": "The final score of each node is defined as the steady value after the convergence of s\u03b1(t)."
  },
  {
    "sec_id": "sec0015",
    "sentence": "The personal ranking of papers for researcher i is obtained by sorting s\u03b1 of i's papers in a descending order when s\u03b1 reaches the stable state."
  },
  {
    "sec_id": "sec0015",
    "sentence": "In Eq. [eq0010], we do not use the factor N to normalize s\u03b1 of each node, so the final PageRank scores do not sum up to 1 but sum up to N."
  },
  {
    "sec_id": "sec0015",
    "sentence": "As we focus on the ranking of papers, un-normalized PageRank scores will give the exactly same ranking results as the normalized PageRank scores."
  },
  {
    "sec_id": "sec0015",
    "sentence": "Self-avoiding preferential diffusion The basic idea of the SPD method is that the representative works of a researcher should be the important papers in his/her field of expertise."
  },
  {
    "sec_id": "sec0015",
    "sentence": "To quantify whether a paper \u03b1 is in author i's field of expertise, we compute the value that \u03b1 receives from a two-step diffusion starting from i's other papers (not \u03b1 itself."
  },
  {
    "sec_id": "sec0015",
    "sentence": "Since the purpose of the diffusion is to identify the relation between a paper and the other papers, the diffusion should be self-avoiding, to avoid the value started from a paper to go back to the starting paper)."
  },
  {
    "sec_id": "sec0015",
    "sentence": "If the received value is high, the papers which cite i's other papers also cite \u03b1, indicating that \u03b1 is indeed in i's field of expertise."
  },
  {
    "sec_id": "sec0015",
    "sentence": "The diffusion process is preferential in the second step towards the high indegree (i.e. citation) nodes."
  },
  {
    "sec_id": "sec0015",
    "sentence": "Taken together, if a paper \u03b1 receives a large value in SPD, \u03b1 should be a highly cited paper in i's field of expertise."
  },
  {
    "sec_id": "sec0015",
    "sentence": "We call such kind of papers as i's representative works."
  },
  {
    "sec_id": "sec0015",
    "sentence": "The SPD method can be illustrated in an intuitive way in [fig0005]."
  },
  {
    "sec_id": "sec0015",
    "sentence": "An author i has written four papers \u03b11, \u03b12, \u03b13 and \u03b14 which are cited by papers \u03b21, \u03b22, \u03b23, \u03b24 and \u03b25."
  },
  {
    "sec_id": "sec0015",
    "sentence": "\u03b31 and \u03b32 are the papers cited by \u03b21 to \u03b25 but not written by author i."
  },
  {
    "sec_id": "sec0015",
    "sentence": "To get the final SPD scores of \u03b11 to \u03b14, one has to compute a two-step diffusion starting from each of these four papers."
  },
  {
    "sec_id": "sec0015",
    "sentence": "[fig0005] shows a visual representation of the diffusion process starting from \u03b11 as an example (so only \u03b11 has initial value 1, others have 0)."
  },
  {
    "sec_id": "sec0015",
    "sentence": "In step 1, the initial value placed on \u03b11 is evenly distributed to the papers which cite it (i.e. both \u03b21 and \u03b22 get 1/2, see the values on nodes after step 1 in [fig0005])."
  },
  {
    "sec_id": "sec0015",
    "sentence": "In step 2, the values on \u03b21 and \u03b22 are evenly redistributed back to the papers cited by them."
  },
  {
    "sec_id": "sec0015",
    "sentence": "As \u03b21 cites three papers (\u03b11, \u03b12 and \u03b14), each of them gets one third of \u03b21's value, i.e. 1/2\u00a0\u00d71/3\u00a0=1/6."
  },
  {
    "sec_id": "sec0015",
    "sentence": "As \u03b22 cites two papers (\u03b11 and \u03b31), each of them gets one half of \u03b22's value, i.e. 1/2\u00a0\u00d71/2\u00a0=1/4."
  },
  {
    "sec_id": "sec0015",
    "sentence": "In total, \u03b11 gets 1/6\u00a0+1/4\u00a0=5/12, \u03b12 gets 1/6, \u03b14 gets 1/6 and \u03b31 gets 1/4."
  },
  {
    "sec_id": "sec0015",
    "sentence": "The diffusion process is set to be biased to the highly cited papers in the second step."
  },
  {
    "sec_id": "sec0015",
    "sentence": "Specifically, we multiply the received value of each paper by the paper's citation number, which makes the values of \u03b11, \u03b12, \u03b14 and \u03b31 to be 5/12\u00a0\u00d7\u00a02\u00a0=5/6, 1/6\u00a0\u00d72\u00a0=\u00a01/3, 1/6\u00a0\u00d71\u00a0=\u00a01/6 and 1/4\u00a0\u00d72\u00a0=\u00a01/2 respectively."
  },
  {
    "sec_id": "sec0015",
    "sentence": "Finally, as the diffusion process is self-avoiding, the value going back to \u03b11 is set to be 0."
  },
  {
    "sec_id": "sec0015",
    "sentence": "As such, the values received by \u03b11, \u03b12, \u03b14 and \u03b31 after the second diffusion step are respectively 0, 1/3, 1/6 and 1/2 (see the values on nodes after step 2 in [fig0005])."
  },
  {
    "sec_id": "sec0015",
    "sentence": "The final SPD score of a node is obtained by aggregating the received values with the diffusion starting from each of i's papers (i.e. \u03b11, \u03b12, \u03b13, \u03b14)."
  },
  {
    "sec_id": "sec0015",
    "sentence": "Note that the final SPD scores of \u03b31 and \u03b32 will be ignored because our aim is to rank author i's papers but \u03b31 and \u03b32 are not written by i."
  },
  {
    "sec_id": "sec0015",
    "sentence": "Mathematically, the SPD method can be expressed as follows."
  },
  {
    "sec_id": "sec0015",
    "sentence": "The author-paper bipartite network is denoted by the matrix B in which Bi\u03b1\u00a0=\u00a01 indicates that researcher i is an author of paper \u03b1."
  },
  {
    "sec_id": "sec0015",
    "sentence": "Here, we denote b\u2192i as the ith row of matrix B, i.e. a row vector recording which papers are written by i."
  },
  {
    "sec_id": "sec0015",
    "sentence": "The citation network again is denoted by matrix A in which A\u03b2\u03b1\u00a0=\u00a01 indicates that paper \u03b2 cites paper \u03b1."
  },
  {
    "sec_id": "sec0015",
    "sentence": "In the self-avoiding preferential diffusion (SPD), the scores of i's papers can be simply expressed as(3)fi\u2192=bi\u2192W,where the matrix W is the transfer matrix with each component W\u03b1\u03b2 representing the value that \u03b2 receives from the two-step self-avoiding preferential diffusion starting from \u03b1."
  },
  {
    "sec_id": "sec0015",
    "sentence": "The diffusion starts with value 1 on paper \u03b1."
  },
  {
    "sec_id": "sec0015",
    "sentence": "In the first step, the initial value on \u03b1 is evenly distributed to the papers \u03b3 which cite it (i.e. each of these papers receives 1/k\u03b1in value)."
  },
  {
    "sec_id": "sec0015",
    "sentence": "Therefore, the equation for the value V\u03b1\u03b3 that a paper \u03b3 receives from \u03b1 in the first step is(4)V\u03b1\u03b3=A\u03b3\u03b1k\u03b1in.In the second step, the value on a paper \u03b3 is evenly redistributed back to the papers \u03b2 cited by it (i.e. each of these papers receives V\u03b1\u03b3/k\u03b3out value)."
  },
  {
    "sec_id": "sec0015",
    "sentence": "As we have multiple \u03b3 papers, the value a paper \u03b2 receives is the summation of the values diffused from these papers."
  },
  {
    "sec_id": "sec0015",
    "sentence": "The equation for the value U\u03b1\u03b2 that a paper \u03b2 receives in the second step is(5)U\u03b1\u03b2=\u2211\u03b3=1NA\u03b3\u03b2V\u03b1\u03b3k\u03b3out.As the diffusion process is preferential self-avoiding, the value U\u03b1\u03b2 has to be multiplied by k\u03b2in (i.e. to make the diffusion biased to highly cited papers) and 1\u00a0\u2212\u00a0\u03b4\u03b1\u03b2 (i.e. to make the diffusion self-avoiding)."
  },
  {
    "sec_id": "sec0015",
    "sentence": "Here, \u03b4\u03b1\u03b2\u00a0=\u00a01 if \u03b1\u00a0=\u00a0\u03b2, 0 otherwise."
  },
  {
    "sec_id": "sec0015",
    "sentence": "\u03b4\u03b1\u03b2 ensures that the value starting from one paper cannot return to itself."
  },
  {
    "sec_id": "sec0015",
    "sentence": "Therefore, W\u03b1\u03b2 can be expressed by(6)W\u03b1\u03b2=(1\u2212\u03b4\u03b1\u03b2)k\u03b2inU\u03b1\u03b2=(1\u2212\u03b4\u03b1\u03b2)k\u03b2in\u2211\u03b3=1NA\u03b3\u03b2V\u03b1\u03b3k\u03b3out=(1\u2212\u03b4\u03b1\u03b2)k\u03b2ink\u03b1in\u2211\u03b3=1NA\u03b3\u03b1A\u03b3\u03b2k\u03b3out.In fact, this two-step diffusion starting from \u03b2 can be regarded as computing weighted co-citations between paper \u03b2 and i's other papers."
  },
  {
    "sec_id": "sec0015",
    "sentence": "fi\u2192 in Eq. [eq0015] is the obtained vector recording the final SPD scores of all papers."
  },
  {
    "sec_id": "sec0015",
    "sentence": "The personalized ranking of i's papers can be obtained by sorting i's papers in fi\u2192 in descending order."
  },
  {
    "sec_id": "sec0015",
    "sentence": "The key difference between SPD and the well-known PageRank method is that SPD evaluates a paper based on both the importance of the paper in the citation network and its relevance to other papers of the author, while PageRank only considers the paper's importance but disregards its relevance."
  },
  {
    "sec_id": "sec0015",
    "sentence": "In SPD, the information of relevance naturally emerges from the diffusion process, as only the values from the authors\u2019 papers can diffuse to the paper we want to evaluate (see [fig0005])."
  },
  {
    "sec_id": "sec0015",
    "sentence": "As such, the higher value a paper receives, the more relevant and important it is to the author's other papers."
  },
  {
    "sec_id": "sec0015",
    "sentence": "However, in PageRank, the diffusion is global, i.e. the diffusion starts from all the papers and stops at the steady state."
  },
  {
    "sec_id": "sec0015",
    "sentence": "As such, the higher value a paper receives, the more important it is with respect to all the papers in the whole citation network."
  },
  {
    "sec_id": "sec0015",
    "sentence": "Due to the above reason, SPD can outperform PageRank in identifying the representative works."
  },
  {
    "sec_id": "sec0020",
    "sentence": "To validate the effectiveness of the SPD method, we make use of the data from the American Physical Society (APS) journals.[fn0005] In this data, we identify the Nobel laureates whose articles published in APS are awarded the Nobel prize from 1950 to 2008 (see Supplementary Note 1 for details)."
  },
  {
    "sec_id": "sec0020",
    "sentence": "We find 32 such Nobel laureates in total."
  },
  {
    "sec_id": "sec0020",
    "sentence": "For each Nobel laureate, the Nobel prize winning paper is widely accepted as his/her representative work."
  },
  {
    "sec_id": "sec0020",
    "sentence": "Therefore, we compute the mean rank of these Nobel prize winning papers in each Nobel laureate's personal ranking list to examine the effectiveness of a method."
  },
  {
    "sec_id": "sec0020",
    "sentence": "The smaller the mean rank is, the better the ranking method performs."
  },
  {
    "sec_id": "sec0020",
    "sentence": "As the Nobel prize will significantly boost the attention to the prize winning paper and bring a lot of citations accordingly, the citation count can already accurately identify the Nobel prize winning paper for each Nobel laureate (see SI)."
  },
  {
    "sec_id": "sec0020",
    "sentence": "However, a much harder problem here is to identify the Nobel prize winning paper among the Nobel laureate's papers before he/she wins the Nobel prize."
  },
  {
    "sec_id": "sec0020",
    "sentence": "Therefore, we apply the SPD algorithm to ranking each Nobel laureate's paper one year before the Nobel prize is received."
  },
  {
    "sec_id": "sec0020",
    "sentence": "The results of the citation count, PageRank and SPD methods are reported in [fig0010] where we show the rank of the Nobel prize winning papers with these methods."
  },
  {
    "sec_id": "sec0020",
    "sentence": "In [fig0010], each arm is the result of a Nobel laureate."
  },
  {
    "sec_id": "sec0020",
    "sentence": "The circles from the core to the periphery represent the ranks of his/her top-20 papers."
  },
  {
    "sec_id": "sec0020",
    "sentence": "The closer the circle to the core, the higher the rank is."
  },
  {
    "sec_id": "sec0020",
    "sentence": "The ranking positions of the Nobel prize winning papers are marked by black, red and green respectively when the citation count, PageRank and SPD methods are applied."
  },
  {
    "sec_id": "sec0020",
    "sentence": "One can see that in general the green circles are closer to the core than the black and red circles, indicating that the SPD method outperforms the other two methods in identifying each author's high quality paper."
  },
  {
    "sec_id": "sec0020",
    "sentence": "Quantitatively speaking, when SPD is applied, the average rank of the Nobel prize winning papers is 3.59."
  },
  {
    "sec_id": "sec0020",
    "sentence": "The average ranks are respectively 4.03 and 3.93 for the citation count and PageRank methods."
  },
  {
    "sec_id": "sec0020",
    "sentence": "Among these 32 Nobel laureates, 62.5% of their highest ranked papers by SPD are the Nobel prize winning papers."
  },
  {
    "sec_id": "sec0020",
    "sentence": "This percentage is 53.1% and 59.4% for Pagerank and citation count, respectively."
  },
  {
    "sec_id": "sec0020",
    "sentence": "In addition, we compare the SPD method with two other well-known ranking algorithms, i.e. the CiteRank ([bib0160]) and PageRank with prior ([bib0170]).",
    "intent": "uses"
  },
  {
    "sec_id": "sec0020",
    "sentence": "The average rank of the Nobel prize winning papers are respectively 3.69 and 6.38 for these two methods, which are also worse than that of the SPD method (see Supplementary Note 3)."
  },
  {
    "sec_id": "sec0020",
    "sentence": "A well-performed ranking algorithm should be able to tolerate incomplete or inaccurate data."
  },
  {
    "sec_id": "sec0020",
    "sentence": "Here we consider two scenarios."
  },
  {
    "sec_id": "sec0020",
    "sentence": "In some real cases, we cannot obtain the complete data set of the citation network."
  },
  {
    "sec_id": "sec0020",
    "sentence": "In this situation, we need to identify the authors\u2019 representative works with partial information about the citation network."
  },
  {
    "sec_id": "sec0020",
    "sentence": "To model this scenario, we randomly remove 50% links from the citation network."
  },
  {
    "sec_id": "sec0020",
    "sentence": "The results are reported in \u201cData missing\u201d column of [tbl0005]."
  },
  {
    "sec_id": "sec0020",
    "sentence": "We again consider the papers of the Nobel laureates and compare the rank of their Nobel prize winning papers before and after the data reduction."
  },
  {
    "sec_id": "sec0020",
    "sentence": "The results of SPD, PageRank and citation count methods are presented."
  },
  {
    "sec_id": "sec0020",
    "sentence": "One can see that the mean rank of these prized papers in all these three methods changes slightly after 50% data are lost, indicating the robustness of these methods against random missing data."
  },
  {
    "sec_id": "sec0020",
    "sentence": "Table 1."
  },
  {
    "sec_id": "sec0020",
    "sentence": "The robustness of the SPD method against data missing and name ambiguity."
  },
  {
    "sec_id": "sec0020",
    "sentence": "The SPD method is compared with the PageRank and the citation count methods."
  },
  {
    "sec_id": "sec0020",
    "sentence": "In this table, SPD (50%), PageRank (50%) and Citation (50%) indicate the cases when these methods are applied to the network with half data missing."
  },
  {
    "sec_id": "sec0020",
    "sentence": "We did not find any paper with higher citation than this Nobel laureate's Nobel prize winning paper one year before he was awarded with the Nobel prize."
  },
  {
    "sec_id": "sec0020",
    "sentence": "However, this wrong paper can have higher PageRank score than the Nobel laureates Nobel prize winning paper."
  },
  {
    "sec_id": "sec0020",
    "sentence": "In citation networks, one of the major challenges is the name ambiguity, i.e. many authors have the same names such that it is sometimes very hard to know who is the true author of a paper."
  },
  {
    "sec_id": "sec0020",
    "sentence": "In this context, when one tries to identify a scientist's representative work, it is very likely that some papers written by other scientists are regarded as his/her publications."
  },
  {
    "sec_id": "sec0020",
    "sentence": "If the wrong papers are with high citations, these papers may appear to be the target scientist's representative works given the citation count method is applied."
  },
  {
    "sec_id": "sec0020",
    "sentence": "To model this scenario, we consider again the 32 Nobel laureates."
  },
  {
    "sec_id": "sec0020",
    "sentence": "For each of them, we randomly select a paper with very high citation (citation higher than the Nobel laureate's most highly cited paper) and assume that this paper is mis-categorized as his/her paper."
  },
  {
    "sec_id": "sec0020",
    "sentence": "We investigate the rank of this wrong paper in the citation count method and the SPD method in \u201cName Ambiguity\u201d column of [tbl0005]."
  },
  {
    "sec_id": "sec0020",
    "sentence": "One can see that if the citation count and PageRank methods are applied, the wrong paper is always ranked on the top (i.e. it is mistakenly regarded as the representative works of the Nobel laureates)."
  },
  {
    "sec_id": "sec0020",
    "sentence": "However, if the SPD method is used, the rank of the wrong paper is well suppressed, indicating the robustness of the SPD method against name ambiguity."
  },
  {
    "sec_id": "sec0020",
    "sentence": "In addition, we examine an improved name ambiguity scenario that is closer to reality."
  },
  {
    "sec_id": "sec0020",
    "sentence": "Specifically, for each Nobel laureate, we pick up an author whose family name and the first name are similar to those of the Nobel laureate."
  },
  {
    "sec_id": "sec0020",
    "sentence": "The highest cited paper published by this author is mistakenly regarded as the Nobel laureate's paper."
  },
  {
    "sec_id": "sec0020",
    "sentence": "The results show that SPD can effectively suppress the mean rank of these wrong papers than the citation count and PageRank methods (see Supplementary Note 4)."
  },
  {
    "sec_id": "sec0020",
    "sentence": "In fact, the effectiveness of the SPD method partially comes from the ability of the method in quantifying the contribution of different authors in a paper."
  },
  {
    "sec_id": "sec0020",
    "sentence": "For an author of a paper, if the paper's research problem is not similar to that of his/her previous papers, the paper is not within his/her expertise so the author may not be a main contributor of a paper."
  },
  {
    "sec_id": "sec0020",
    "sentence": "In this case, even if the paper is highly cited, it should not be considered as the author's representative work."
  },
  {
    "sec_id": "sec0020",
    "sentence": "As usually the main contributor is listed as the first author and the corresponding author (usually the last author), we calculate the probability of the identified representative works (the top-L ranked papers) to be the author's first author or the corresponding author as an additional metric measuring the effectiveness of different ranking algorithms."
  },
  {
    "sec_id": "sec0020",
    "sentence": "To this end, we randomly select 1000 scientists who publish more than 30 papers after 1980 and identify their representative works with the citation, PageRank and SPD methods."
  },
  {
    "sec_id": "sec0020",
    "sentence": "For each method, we calculate the probability that identified representative works of these scientists are either their first or last author papers."
  },
  {
    "sec_id": "sec0020",
    "sentence": "The results are shown in [fig0015]."
  },
  {
    "sec_id": "sec0020",
    "sentence": "One can see that the SPD method has a higher such probability than the citation and PageRank methods."
  },
  {
    "sec_id": "sec0020",
    "sentence": "This indicates that SPD outperforms the other two methods in identifying the author's main contributing papers, which is one of the key factors for finding researcher's representative works."
  },
  {
    "sec_id": "sec0020",
    "sentence": "To further understand the effectiveness of the SPD method, we study in detail three outstanding anonymous scientists in the filed of complex networks as examples."
  },
  {
    "sec_id": "sec0020",
    "sentence": "Each of them has already published over 50 scientific papers in APS, so it is nontrivial to identify their representative works."
  },
  {
    "sec_id": "sec0020",
    "sentence": "In [fig0020], we compare the ranking results of the citation count and the SPD methods."
  },
  {
    "sec_id": "sec0020",
    "sentence": "For each scientist, his/her top-10 papers by the citation count method is listed in descending order on the left, and his/her top-10 papers by the SPD method is listed in descending order on the right."
  },
  {
    "sec_id": "sec0020",
    "sentence": "The same papers are connected by a curve."
  },
  {
    "sec_id": "sec0020",
    "sentence": "Clearly, these scientists exhibit different patterns in research."
  },
  {
    "sec_id": "sec0020",
    "sentence": "The citation ranking of author 1's papers is very similar to the SPD ranking."
  },
  {
    "sec_id": "sec0020",
    "sentence": "However, the citation ranking of author 3's papers is very different from the SPD ranking."
  },
  {
    "sec_id": "sec0020",
    "sentence": "The results on author 2 is between author 1 and author 3."
  },
  {
    "sec_id": "sec0020",
    "sentence": "These features imply that author 1's research interest is more concentrated and consistent."
  },
  {
    "sec_id": "sec0020",
    "sentence": "Most of his/her highly cited papers are relevant to his other papers."
  },
  {
    "sec_id": "sec0020",
    "sentence": "However, author 3's research interest is more diverse and widespread."
  },
  {
    "sec_id": "sec0020",
    "sentence": "Some of his/her highly cited papers are his/her side interest and result from collaboration with other scientists."
  },
  {
    "sec_id": "sec0020",
    "sentence": "We have actually confirmed this implication by checking the number of collaborators and the number of research fields they listed on their personal research web pages."
  },
  {
    "sec_id": "sec0020",
    "sentence": "Author 1 lists 10 collaborators, 2 research fields."
  },
  {
    "sec_id": "sec0020",
    "sentence": "Author 2 lists 94 collaborators, 12 research fields."
  },
  {
    "sec_id": "sec0020",
    "sentence": "Author 3 lists 130 collaborators, 12 research fields."
  },
  {
    "sec_id": "sec0020",
    "sentence": "Furthermore, the results indicate that one can use the correlation between the citation rank and SPD rank to measure the research patterns of scientists (i.e. research consistency versus research diversity)."
  },
  {
    "sec_id": "sec0020",
    "sentence": "We also investigate the evolution of the representative works of these three scientists, see the Supplementary Note 6 and Supplementary Fig."
  },
  {
    "sec_id": "sec0020",
    "sentence": "4 in SI."
  },
  {
    "sec_id": "sec0020",
    "sentence": "We finally move to study the representative work at higher levels, i.e. the journal, institute and country levels."
  },
  {
    "sec_id": "sec0020",
    "sentence": "If we regard journals, institutes or countries as scientists, we can do the above analysis again and investigate whether their research is consistency-oriented or diversity-oriented."
  },
  {
    "sec_id": "sec0020",
    "sentence": "To quantify this effect, we compute the Kendall's tau rank correlation \u03c4 of the top-1000 papers published after year 2000 by the citation count method and the SPD method."
  },
  {
    "sec_id": "sec0020",
    "sentence": "A high correlation coefficient \u03c4 indicates a consistency-oriented research pattern."
  },
  {
    "sec_id": "sec0020",
    "sentence": "A low \u03c4, on the other hand, indicates a diversity-oriented research pattern."
  },
  {
    "sec_id": "sec0020",
    "sentence": "The results are shown in [fig0025]."
  },
  {
    "sec_id": "sec0020",
    "sentence": "At the journal level, the Phys."
  },
  {
    "sec_id": "sec0020",
    "sentence": "Rev."
  },
  {
    "sec_id": "sec0020",
    "sentence": "C (Scope: Nuclear physics) has a highest \u03c4, indicating that it is the most focused journal in APS family."
  },
  {
    "sec_id": "sec0020",
    "sentence": "Rev."
  },
  {
    "sec_id": "sec0020",
    "sentence": "Mod."
  },
  {
    "sec_id": "sec0020",
    "sentence": "Phys. has the lowest \u03c4, indicating that it is the most highly interdisciplinary journal in APS family."
  },
  {
    "sec_id": "sec0020",
    "sentence": "An interesting phenomenon is that Phys."
  },
  {
    "sec_id": "sec0020",
    "sentence": "Rev."
  },
  {
    "sec_id": "sec0020",
    "sentence": "Lett. (PRL), as a comprehensive physics journal, has rather high \u03c4."
  },
  {
    "sec_id": "sec0020",
    "sentence": "This is because many papers published in PRL are from two specific physics fields (See Supplementary Note 7 and Supplementary Fig."
  },
  {
    "sec_id": "sec0020",
    "sentence": "5 in SI)."
  },
  {
    "sec_id": "sec0020",
    "sentence": "At the institute and country levels, we only show the results of the 10 well-known institutes and 10 major countries."
  },
  {
    "sec_id": "sec0020",
    "sentence": "At the institute level, one can see that the physics research of Princeton, Harvard and Standford are more diversity-oriented."
  },
  {
    "sec_id": "sec0020",
    "sentence": "At the country level, the physics research in USA and Japan are more consistency-oriented while the physics research in China and India are more diversity-oriented."
  },
  {
    "sec_id": "sec0020",
    "sentence": "The results may look strange at the first glance."
  },
  {
    "sec_id": "sec0020",
    "sentence": "However, China and India are still emerging in research and are still looking for its own area of expertise."
  },
  {
    "sec_id": "sec0020",
    "sentence": "When they collaborate with developed countries and publish highly cited papers, these papers will be considered as the side interest of these two countries, which leads to a low \u03c4 of China and India."
  },
  {
    "sec_id": "sec0035",
    "sentence": "In many cases such as promotion and proposal writing, researchers are asked to list a number of their representative works."
  },
  {
    "sec_id": "sec0035",
    "sentence": "However, how to identify the representative works of researchers is a significant challenge, as researchers tend to publish more nowadays."
  },
  {
    "sec_id": "sec0035",
    "sentence": "One of the most commonly-used way to find the representative works is to select the most highly cited papers."
  },
  {
    "sec_id": "sec0035",
    "sentence": "Though simple, this method might lead to some problems as the researcher only contributes some techniques but not the main contributor of the highly cited paper."
  },
  {
    "sec_id": "sec0035",
    "sentence": "Such a highly cited paper should not be considered as the researcher's representative work."
  },
  {
    "sec_id": "sec0035",
    "sentence": "In this paper, we propose a self-avoiding preferential diffusion process in the citation network to solve this problem."
  },
  {
    "sec_id": "sec0035",
    "sentence": "The local diffusion can effectively detect whether a paper is relevant to the author's other papers."
  },
  {
    "sec_id": "sec0035",
    "sentence": "The preferential mechanism incorporates the citation number in the diffusion process."
  },
  {
    "sec_id": "sec0035",
    "sentence": "Taken together, the self-avoiding preferential diffusion method selects the representative work of a scientist as an important paper in his/her expertise field."
  },
  {
    "sec_id": "sec0035",
    "sentence": "To validate our method, we carry out a series of experiments based on the APS journals\u2019 citation data."
  },
  {
    "sec_id": "sec0035",
    "sentence": "We investigate the average rank of the Nobel prize winning papers in each Nobel laureate's publication list."
  },
  {
    "sec_id": "sec0035",
    "sentence": "The average ranks obtained with our method, PageRank method and citation count method are respectively 3.59, 3.93 and 4.03, indicating the higher effectiveness of our method than the other two methods."
  },
  {
    "sec_id": "sec0035",
    "sentence": "In addition, we find that our method has a much better robustness when some noisy information exist in the citation data."
  },
  {
    "sec_id": "sec0035",
    "sentence": "Note that even though we use the Nobel prize data to evaluate our method, it does not mean our method can only be applied to the Nobel laureates."
  },
  {
    "sec_id": "sec0035",
    "sentence": "In fact, our method can be used to identify the representative work of the normal researchers."
  },
  {
    "sec_id": "sec0035",
    "sentence": "We finally show in the paper that our method can be used to reveal scientists\u2019 research patterns."
  },
  {
    "sec_id": "sec0035",
    "sentence": "By comparing the ranking of citation count and self-avoiding preferential diffusion, one can distinguish whether a scientist's research is consistency-oriented or diversity-oriented."
  },
  {
    "sec_id": "sec0035",
    "sentence": "Our method is valuable from practical point of view."
  },
  {
    "sec_id": "sec0035",
    "sentence": "First of all, this method can be useful for the researchers."
  },
  {
    "sec_id": "sec0035",
    "sentence": "Usually, a researcher can identify his/her representative works better than other people."
  },
  {
    "sec_id": "sec0035",
    "sentence": "However, as each person has his/her own standard for selecting the representative works, the selected representative works can be messy and hard to compare across different authors."
  },
  {
    "sec_id": "sec0035",
    "sentence": "For instance, some people may consider the papers published in the top journals as the representative works; some may consider the most highly cited papers as the representative works; some others may consider the papers highlighted in the journal cover or media as the representative works."
  },
  {
    "sec_id": "sec0035",
    "sentence": "Our method provides for the first time a quantitative method as a reference for authors to select their representative works."
  },
  {
    "sec_id": "sec0035",
    "sentence": "Secondly, this method can be useful for the decision makers."
  },
  {
    "sec_id": "sec0035",
    "sentence": "When the representative works are not provided by the researchers, the decision makers may have to identify the representative works themselves."
  },
  {
    "sec_id": "sec0035",
    "sentence": "When some online websites want to establish scientists\u2019 research profiles automatically (like researchgate.net), our method can be used to generate the representative works for each scientist."
  },
  {
    "sec_id": "sec0035",
    "sentence": "In addition, our method can be useful to select representative works for research projects, research groups, universities and even countries."
  },
  {
    "sec_id": "sec0035",
    "sentence": "Finally, our method can be used to study the research pattern of researchers."
  },
  {
    "sec_id": "sec0035",
    "sentence": "In fact, there is a number of extensions that can be made in the future."
  },
  {
    "sec_id": "sec0035",
    "sentence": "For instance, one can use the self-avoiding preferential diffusion to identify the credit of different authors in a paper."
  },
  {
    "sec_id": "sec0035",
    "sentence": "If a paper is ranked as a representative work in one author's ranking list while ranked lowly in the other authors\u2019 ranking list, the former mentioned author should be assigned with more credit of the paper."
  },
  {
    "sec_id": "sec0035",
    "sentence": "Moreover, the current method disregards the information of the journal."
  },
  {
    "sec_id": "sec0035",
    "sentence": "If a paper is published in a high-impact journal (such as Nature, Science, PNAS etc), the paper is more likely to be the author's representative work."
  },
  {
    "sec_id": "sec0035",
    "sentence": "A possible modification to the current method would be incorporating the journal information in the diffusion process."
  },
  {
    "sec_id": "sec0035",
    "sentence": "As the method in this paper ranks an author's papers based on the citation structure, a new paper with high quality can be ranked as the author's representative work only after it accumulates enough citation information."
  },
  {
    "sec_id": "sec0035",
    "sentence": "Such delay might be able to be corrected by incorporating some additional information such as journal, coauthor, PACS code etc."
  },
  {
    "sec_id": "sec0035",
    "sentence": "Furthermore, the representative work can be also defined in a personalized way from the perspective of users who consume authors\u2019 publications."
  },
  {
    "sec_id": "sec0035",
    "sentence": "This is to some degree related to the \u201crecommendation\u201d problem in computer science, i.e. finding the most relevant objects for users."
  },
  {
    "sec_id": "sec0035",
    "sentence": "We believe that the SPD method can be extended to solve this problem."
  },
  {
    "sec_id": "sec0035",
    "sentence": "One can define the diffusion in SPD starting from the published papers or interested papers of the user."
  },
  {
    "sec_id": "sec0035",
    "sentence": "By simply computing how much value each of the author's paper receives, one can already obtain a reasonable ranking of the author's papers where the papers closely related to the user's interest tend to be ranked higher."
  },
  {
    "sec_id": "sec0035",
    "sentence": "Most ideally, after the method is mature enough, an online website could be built such that researchers can go and check their own representative works."
  },
  {
    "sec_id": "sec0035",
    "sentence": "This is a potential practical application of our method."
  },
  {
    "sec_id": "sec0050",
    "sentence": "The following are the supplementary data to this article:"
  },
  {
    "sec_id": "sec0050",
    "sentence": "Download : Download Acrobat PDF file (697KB)"
  }
]