[
  {
    "sec_id": "sec0005",
    "sentence": "Human capital is the accumulated skill and knowledge of human beings ([bib0020]) and an important factor in individual, firm and national economic growth ([bib0045]).",
    "intent": "background"
  },
  {
    "sec_id": "sec0005",
    "sentence": "This is because individuals with more or higher quality human capital achieve higher performance ([bib0095]) and produce higher quality goods ([bib0165]).",
    "intent": "background"
  },
  {
    "sec_id": "sec0005",
    "sentence": "In Norway, for example, estimates from National Statistics and The Ministry of Finance suggest that the present value of human capital amounts to between 71% and 81% of national wealth ([bib0105]).",
    "intent": "background"
  },
  {
    "sec_id": "sec0005",
    "sentence": "Human capital is similar to physical means of production ([bib0030]); as in the case of investments in physical means, human capital investments can improve output.",
    "intent": "similarities"
  },
  {
    "sec_id": "sec0005",
    "sentence": "The most important investments to be made in human capital are education and on-the-job training ([bib0030]).",
    "intent": "background"
  },
  {
    "sec_id": "sec0005",
    "sentence": "The majority of students experience negative net earnings while in school."
  },
  {
    "sec_id": "sec0005",
    "sentence": "This can be considered the cost of investing in human capital through schooling, and the monetary returns on such investments have been found to be significant at each stage of the educational process ([bib0050]).",
    "intent": "background"
  },
  {
    "sec_id": "sec0005",
    "sentence": "Training also has an important effect on the relationship between earnings and age, and because the income of trained individuals tends to lie below marginal productivity during training and becomes equal afterwards, these individuals\u2019 income increases sharply at the end of their training period before levelling off ([bib0030]).",
    "intent": "background"
  },
  {
    "sec_id": "sec0005",
    "sentence": "As far as researchers are concerned, the total number of times their papers have been cited is a good proxy for their human capital; i.e., their ability to do quality research at the frontiers of their discipline ([bib0085]).",
    "intent": "background"
  },
  {
    "sec_id": "sec0005",
    "sentence": "Such an operational measure of a scientist's skills or human capital has gradually become more important because the number of citations is now frequently examined when decisions are made with regard to funding, promotion, and career advancement in academia ([bib0100]).",
    "intent": "background"
  },
  {
    "sec_id": "sec0005",
    "sentence": "Moreover, the number of citations is commonly used when evaluating journals, departments and research institutions (see [bib0060]).",
    "intent": "background"
  },
  {
    "sec_id": "sec0005",
    "sentence": "Thus, the widespread use of citation counts at all levels in academia indicates that scientists and decision-makers perceive that those institutions in which scientists in total have many citations are also institutions with plenty of human capital."
  },
  {
    "sec_id": "sec0005",
    "sentence": "This article aims to analyze how different factors influence the number of times an article is being cited using data from the five most recognized transportation journals."
  },
  {
    "sec_id": "sec0005",
    "sentence": "We look at the articles published in these journals between 2000 and 2005 and count how many citations each of them received in late 2012."
  },
  {
    "sec_id": "sec0005",
    "sentence": "This paper extends the work done by [bib0115] in two key ways.",
    "intent": "extends differences"
  },
  {
    "sec_id": "sec0005",
    "sentence": "First, it takes into account the authors\u2019 total experience, or on-the-job-training, before they wrote the article in question, operationalized by way of the total number of articles they have published previously in peer reviewed scientific journals."
  },
  {
    "sec_id": "sec0005",
    "sentence": "Second, the total number of times their previous works has been cited is introduced as an explanatory variable indicating the authors\u2019 skills or total human capital at the time they published the article in question."
  },
  {
    "sec_id": "sec0005",
    "sentence": "As mentioned previously, the number of times an author is cited signifies his or her ability to conduct quality research at the frontiers of his or her discipline."
  },
  {
    "sec_id": "sec0005",
    "sentence": "Summing up, compared with [bib0115] special focus is placed here on analysing how authors\u2019 experience and skills both influence the number of citations their articles will achieve.",
    "intent": "differences"
  },
  {
    "sec_id": "sec0005",
    "sentence": "The remainder of this article is organized as follows."
  },
  {
    "sec_id": "sec0005",
    "sentence": "Section [sec0010] presents literature on human capital and the authors\u2019 hypotheses on the influence of authors\u2019 experience and skills on citation counts."
  },
  {
    "sec_id": "sec0005",
    "sentence": "In Section [sec0015], a review of the literature on factors influencing citation counts is presented along with our hypotheses related to the influence of selected author, article and journal characteristics on citation counts."
  },
  {
    "sec_id": "sec0005",
    "sentence": "The methodology applied is presented in Section [sec0035], followed by the estimation results in Section [sec0055]."
  },
  {
    "sec_id": "sec0005",
    "sentence": "Finally, in Section [sec0060], the findings are discussed and summarized."
  },
  {
    "sec_id": "sec0010",
    "sentence": "The relationship between productivity and experience has been investigated in sectors as diverse as baseball ([bib0135]) and venture capital firms ([bib0095]).",
    "intent": "background"
  },
  {
    "sec_id": "sec0010",
    "sentence": "In science the relationship has been addressed using age as a proxy for experience ([bib0055]).",
    "intent": "background"
  },
  {
    "sec_id": "sec0010",
    "sentence": "However, past performance is a much better predictor of scientific productivity than age ([bib0175]).",
    "intent": "background"
  },
  {
    "sec_id": "sec0010",
    "sentence": "Thus, researchers who are productive at a young age tend to be more productive when they are older, as opposed to researchers who are less productive at a young age."
  },
  {
    "sec_id": "sec0010",
    "sentence": "For this reason, instead of age, this article uses the number of previous publications to provide a measure of experience."
  },
  {
    "sec_id": "sec0010",
    "sentence": "Based on the above, experience can be considered an investment in human capital as such, offering increased productivity through higher citation rates."
  },
  {
    "sec_id": "sec0010",
    "sentence": "However, there are diminishing returns to experience ([bib0040], [bib0145]), meaning that an additional unit of experience yields less and less additional human capital.",
    "intent": "background"
  },
  {
    "sec_id": "sec0010",
    "sentence": "Whilst the number of previous publications by authors is an indicator of the authors\u2019 experience, their total number of previous citations describes their skills to a larger extent."
  },
  {
    "sec_id": "sec0010",
    "sentence": "The argument for including the number of previous citations as an explanatory variable is twofold."
  },
  {
    "sec_id": "sec0010",
    "sentence": "First, better known scientists tend to receive more credit than less well-known scientists, even if their work is similar ([bib0150]).",
    "intent": "background"
  },
  {
    "sec_id": "sec0010",
    "sentence": "Frequently cited researchers generally have higher status than researchers who are cited less frequently."
  },
  {
    "sec_id": "sec0010",
    "sentence": "Because status influences perceptions of quality, those with high status often receive favourable assessments ([bib0015]), which in turn can increase their odds of being cited.",
    "intent": "background"
  },
  {
    "sec_id": "sec0010",
    "sentence": "Higher status does not only influence perceptions of quality."
  },
  {
    "sec_id": "sec0010",
    "sentence": "Scientists with high status are also more likely to attract tangible resources, such as research funding and outstanding graduate students, which can result in research of higher quality ([bib0150]).",
    "intent": "background"
  },
  {
    "sec_id": "sec0010",
    "sentence": "Second, many citations indicate that previous articles written by the author(s) have been at the frontier of research, i.e., of high quality."
  },
  {
    "sec_id": "sec0010",
    "sentence": "However, empirical studies cast doubts on previous number of citations as measure of authors\u2019 skills because an article citation record also seems to be affected by factors that are not directly linked to the scientific quality of it, for example its number of words in the title, place in the alphabet of the first author etc."
  },
  {
    "sec_id": "sec0010",
    "sentence": "([bib0115]).",
    "intent": "background"
  },
  {
    "sec_id": "sec0010",
    "sentence": "Despite the last caveats, we expect to find a positive association between citation count and the number of previous citations ([bib0175]). Based on the above discussion, we derive the following two hypotheses:H1Author experience affects the number of times the article is cited, in that the relationship between the numbers of times an article is cited and the author's total number of previous publications increases concavely.H2Author skills affect the number of times the article is cited, in that articles written by authors who have been cited many times previously are more frequently cited.",
    "intent": "uses"
  },
  {
    "sec_id": "sec0010",
    "sentence": "H1"
  },
  {
    "sec_id": "sec0010",
    "sentence": "Author experience affects the number of times the article is cited, in that the relationship between the numbers of times an article is cited and the author's total number of previous publications increases concavely."
  },
  {
    "sec_id": "sec0010",
    "sentence": "H2"
  },
  {
    "sec_id": "sec0010",
    "sentence": "Author skills affect the number of times the article is cited, in that articles written by authors who have been cited many times previously are more frequently cited."
  },
  {
    "sec_id": "sec0015",
    "sentence": "The main objective of this study is to investigate the influence of authors\u2019 experience on citation counts."
  },
  {
    "sec_id": "sec0015",
    "sentence": "This is done by testing [enun0005] and [enun0010]."
  },
  {
    "sec_id": "sec0015",
    "sentence": "To isolate the effect of the number of previous publications and citations on citation counts, we control for a set of variables identified in previous research to correlate with citation counts."
  },
  {
    "sec_id": "sec0015",
    "sentence": "Broadly speaking, these factors can be related to author characteristics, article characteristics or journal characteristics."
  },
  {
    "sec_id": "sec0015",
    "sentence": "A number of studies have found that articles written by authors from more than one country are more frequently cited than articles where all authors are from the same country (e.g. [bib0010], [bib0115], [bib0130]).",
    "intent": "background"
  },
  {
    "sec_id": "sec0015",
    "sentence": "Authors of multinational articles are more likely to belong, or have access to, separate research networks than authors from just one country, which suggests that such articles can be expected to be spread to a wider audience of researchers faster when they have been written by authors from more than one country ([bib0115]).",
    "intent": "background"
  },
  {
    "sec_id": "sec0015",
    "sentence": "Moreover, because the start-up cost of international research projects is likely to exceed the start-up cost of a national project, it is to be expected that such projects are only initiated when a really good idea exists."
  },
  {
    "sec_id": "sec0015",
    "sentence": "Research projects based on good ideas may in turn be expected to generate more citations."
  },
  {
    "sec_id": "sec0015",
    "sentence": "Several studies conclude that the number of times an article is cited increases significantly by its number of authors ([bib0025], [bib0070], [bib0130]).",
    "intent": "background"
  },
  {
    "sec_id": "sec0015",
    "sentence": "It has been suggested that this association is the result of the larger scientific network of n\u00a0+\u00a01 authors, than that of n authors only ([bib0115]).",
    "intent": "background"
  },
  {
    "sec_id": "sec0015",
    "sentence": "Moreover, articles written by more than one author may benefit from a division of labour."
  },
  {
    "sec_id": "sec0015",
    "sentence": "Articles written by authors whose surname begins with a letter close to the beginning of the alphabet are more frequently cited than articles written by authors whose surname is at the end of the alphabet ([bib0185]).",
    "intent": "background"
  },
  {
    "sec_id": "sec0015",
    "sentence": "Such an association could be related to the function that allows for search results in abstract and citation databases to be sorted according to the alphabetical position of the first author's surname."
  },
  {
    "sec_id": "sec0015",
    "sentence": "Based on this discussion, we derive the following hypothesis with regard to the above author characteristics:H3(a) Articles written by authors from more than one country are more frequently cited than those written by authors from just one country, (b) articles written by several authors are more frequently cited than articles written by one author only (c) articles written by authors in which the first author's surname is early in the alphabet are more frequently cited than when his/her surname is at the end of the alphabet."
  },
  {
    "sec_id": "sec0015",
    "sentence": "H3"
  },
  {
    "sec_id": "sec0015",
    "sentence": "(a) Articles written by authors from more than one country are more frequently cited than those written by authors from just one country, (b) articles written by several authors are more frequently cited than articles written by one author only (c) articles written by authors in which the first author's surname is early in the alphabet are more frequently cited than when his/her surname is at the end of the alphabet."
  },
  {
    "sec_id": "sec0015",
    "sentence": "A number of studies have found a positive association between the number of times an article is cited and the length of its reference list (e.g. [bib0115], [bib0140], [bib0195]).",
    "intent": "background"
  },
  {
    "sec_id": "sec0015",
    "sentence": "It has been suggested that this is because references make an article more visible ([bib0090]).",
    "intent": "background"
  },
  {
    "sec_id": "sec0015",
    "sentence": "Because researchers might ask to be notified electronically when their own articles are cited, it is reasonable to assume that, all other things being equal, an article with many references will generate more attention than an article with fewer references."
  },
  {
    "sec_id": "sec0015",
    "sentence": "Moreover, researchers may feel indebted to researchers who have cited their work and may be inclined to return the citation ([bib0170], [bib0215]).",
    "intent": "background"
  },
  {
    "sec_id": "sec0015",
    "sentence": "The title is considered the most important element of scientific articles ([bib0120]).",
    "intent": "background"
  },
  {
    "sec_id": "sec0015",
    "sentence": "Its primary function is to draw readers\u2019 attention and indicate the article's content in a short glimpse, thus leading to initial selection or rejection of the article ([bib0220]).",
    "intent": "background"
  },
  {
    "sec_id": "sec0015",
    "sentence": "Consequently, titles are an important marketing tool as hundreds of articles are published every year and compete with each other to be read ([bib0120]).",
    "intent": "background"
  },
  {
    "sec_id": "sec0015",
    "sentence": "It has been argued that shorter titles might be more frequently cited because long or confusing titles may act as deterrents to further reading ([bib0200]).",
    "intent": "background"
  },
  {
    "sec_id": "sec0015",
    "sentence": "Moreover, articles with short titles make it less laborious to refer to them."
  },
  {
    "sec_id": "sec0015",
    "sentence": "These arguments gain support from empirical studies (e.g. [bib0115], [bib0120], [bib0155]).",
    "intent": "background"
  },
  {
    "sec_id": "sec0015",
    "sentence": "However, other works indicate that a higher number of citations is positively correlated the length of the article's title ([bib0110]) because a longer title is more likely to contain any given search term in electronic databases ([bib0180]), i.e., they become better marketed.",
    "intent": "background"
  },
  {
    "sec_id": "sec0015",
    "sentence": "Finally, older articles are, all else equal, more frequently cited than ones published more recently ([bib0035], [bib0125]).",
    "intent": "background"
  },
  {
    "sec_id": "sec0015",
    "sentence": "This is reasonable because citations accumulate over time."
  },
  {
    "sec_id": "sec0015",
    "sentence": "On the basis of this discussion, we derive the following hypothesis with regard to article characteristics:H4(a) The number of times an article is cited increases with the number of works it refers to, (b) from previous research it is ambiguous how the length of an article's title affects its number of citations and (c) the number of times an article is cited increases with the number of years since publication."
  },
  {
    "sec_id": "sec0015",
    "sentence": "H4"
  },
  {
    "sec_id": "sec0015",
    "sentence": "(a) The number of times an article is cited increases with the number of works it refers to, (b) from previous research it is ambiguous how the length of an article's title affects its number of citations and (c) the number of times an article is cited increases with the number of years since publication."
  },
  {
    "sec_id": "sec0015",
    "sentence": "The average citation rate of the journal in which an article is published has been found to be the single most important factor driving citations to an article ([bib0125], [bib0190]).",
    "intent": "background"
  },
  {
    "sec_id": "sec0015",
    "sentence": "This is mainly because the academic threshold level for an article to be accepted varies a lot between journals."
  },
  {
    "sec_id": "sec0015",
    "sentence": "Based on this, we derive the following hypothesis:H5The journal in which an article is published affects the number of times it is cited."
  },
  {
    "sec_id": "sec0015",
    "sentence": "All other things being equal, articles published in recognized journals with high impact factors are more frequently cited than articles published in more unknown journals."
  },
  {
    "sec_id": "sec0015",
    "sentence": "As far as our selected five journals are concerned, impact factor surveys and results from earlier studies showed the following citation ranking: Transportation Part B\u00a0>\u00a0Transportation Science\u00a0>\u00a0Transportation\u00a0>\u00a0Transportation Part A\u00a0>\u00a0Journal of Transport Economics and Policy ([bib0115]).",
    "intent": "background"
  },
  {
    "sec_id": "sec0015",
    "sentence": "Our hypothesis is that the same ranking will apply with our extended dataset."
  },
  {
    "sec_id": "sec0015",
    "sentence": "H5"
  },
  {
    "sec_id": "sec0015",
    "sentence": "The journal in which an article is published affects the number of times it is cited."
  },
  {
    "sec_id": "sec0015",
    "sentence": "All other things being equal, articles published in recognized journals with high impact factors are more frequently cited than articles published in more unknown journals."
  },
  {
    "sec_id": "sec0015",
    "sentence": "As far as our selected five journals are concerned, impact factor surveys and results from earlier studies showed the following citation ranking: Transportation Part B\u00a0>\u00a0Transportation Science\u00a0>\u00a0Transportation\u00a0>\u00a0Transportation Part A\u00a0>\u00a0Journal of Transport Economics and Policy ([bib0115]).",
    "intent": "background"
  },
  {
    "sec_id": "sec0015",
    "sentence": "Our hypothesis is that the same ranking will apply with our extended dataset."
  },
  {
    "sec_id": "sec0035",
    "sentence": "The data presented in this article were collected from Scopus, the world's largest abstract and citation database of peer-reviewed literature (www.scopus.com)."
  },
  {
    "sec_id": "sec0035",
    "sentence": "The database was searched in order to obtain data from the articles published in the following five internationally most highly recognized peer-reviewed transportation journals: Transportation (TR), Transportation Research Part A (PA), Transportation Research Part B (PB), Transportation Science (TS) and Journal of Transport Economics and Policy (JT)."
  },
  {
    "sec_id": "sec0035",
    "sentence": "Data on all articles published in the above-mentioned journals in the five-year period from January 1, 2000, to December 31, 2004, are analyzed as of December 27, 2012; i.e., 8\u201312 years after they were published."
  },
  {
    "sec_id": "sec0035",
    "sentence": "These particular time periods were chosen because they allow sufficient time for articles to reveal their scientific impact."
  },
  {
    "sec_id": "sec0035",
    "sentence": "In total, the dataset includes 779 articles, which on average have been cited 28.1 times as of December 27, 2012."
  },
  {
    "sec_id": "sec0035",
    "sentence": "[tbl0005] summarizes the variables explored in this study."
  },
  {
    "sec_id": "sec0035",
    "sentence": "The dependent variable, i.e., the number of article citations (CI), refers to the number of times each article in our dataset has been cited in Scopus by December 27, 2012."
  },
  {
    "sec_id": "sec0035",
    "sentence": "The explanatory variables are grouped in variables indicating (1) authors\u2019 characteristics; (2) articles\u2019 characteristics and (3) the name of the journal in which the article is published."
  },
  {
    "sec_id": "sec0035",
    "sentence": "Table 1."
  },
  {
    "sec_id": "sec0035",
    "sentence": "Summary statistics of the dataset."
  },
  {
    "sec_id": "sec0035",
    "sentence": "Articles written by first authors whose surname begin with the letter A are given the value 1, a first author whose surname begins with the letter B is given the value 2, etc."
  },
  {
    "sec_id": "sec0035",
    "sentence": "The pairwise correlation matrix of the explanatory variables is shown in [tbl0010]."
  },
  {
    "sec_id": "sec0035",
    "sentence": "As expected, the highest correlation coefficient (0.63) is between authors\u2019 total previous number of publications (PP) and their previous number of total citations (PC)."
  },
  {
    "sec_id": "sec0035",
    "sentence": "Table 2."
  },
  {
    "sec_id": "sec0035",
    "sentence": "Pairwise correlation matrix of the explanatory variables."
  },
  {
    "sec_id": "sec0035",
    "sentence": "Note: Decimal points were removed."
  },
  {
    "sec_id": "sec0035",
    "sentence": "Abbreviations are defined in [tbl0005]."
  },
  {
    "sec_id": "sec0035",
    "sentence": "Note: Decimal points were removed."
  },
  {
    "sec_id": "sec0035",
    "sentence": "Abbreviations are defined in [tbl0005]."
  },
  {
    "sec_id": "sec0035",
    "sentence": "Indicates correlation coefficients statistically significant at a 5 percent level or better."
  },
  {
    "sec_id": "sec0035",
    "sentence": "Although Scopus is the world's largest abstract and citation database of peer-reviewed literature, a disadvantage relates to older articles."
  },
  {
    "sec_id": "sec0035",
    "sentence": "It has been reported that the database is not complete for the years prior to 1995 (www.scopus.com)."
  },
  {
    "sec_id": "sec0035",
    "sentence": "As a result, for some of the most experienced researchers, i.e., those who published articles prior to 1995, our dataset might underestimate their values of PP and PC."
  },
  {
    "sec_id": "sec0035",
    "sentence": "Moreover, both CI and PC include self-citations."
  },
  {
    "sec_id": "sec0035",
    "sentence": "Despite these caveats we believe that we have collected a good and unique dataset for the purposes of our study."
  },
  {
    "sec_id": "sec0035",
    "sentence": "The dependent variable in our study, i.e., the number of citations, is a non-negative integer."
  },
  {
    "sec_id": "sec0035",
    "sentence": "This suggests the application of count-data regression methods that can account for the integer nature of the data."
  },
  {
    "sec_id": "sec0035",
    "sentence": "The benchmark parametric model for count data is the Poisson distribution ([bib0075]).",
    "intent": "uses"
  },
  {
    "sec_id": "sec0035",
    "sentence": "The Poisson model is defined by the following equation:(1)Pni=\u03bbiniexp\u03bbini!"
  },
  {
    "sec_id": "sec0035",
    "sentence": "In the above equation, P(ni) is the probability of article i having n citations, and \u03bbi is the expected number of citations for article i."
  },
  {
    "sec_id": "sec0035",
    "sentence": "Poisson regression models are estimated by specifying the Poisson parameter \u03bbi, i.e., the expected number of times article i is cited as a function of explanatory variables."
  },
  {
    "sec_id": "sec0035",
    "sentence": "The explanatory variables in our study are listed in [tbl0005]."
  },
  {
    "sec_id": "sec0035",
    "sentence": "The most common relationship between explanatory variables and the Poisson parameter is the log-linear model ([bib0210]).(2)\u03bbi=exp\u03b2Xiwhichistheequivalentofln\u03bbi=\u03b2Xi",
    "intent": "background"
  },
  {
    "sec_id": "sec0035",
    "sentence": "In the above equation, Xi is a vector of the explanatory variables of article i and \u03b2 is a vector representing the parameters to be estimated."
  },
  {
    "sec_id": "sec0035",
    "sentence": "However, a limitation of the Poisson distribution is that the variance of the data is restrained to be equal to the mean."
  },
  {
    "sec_id": "sec0035",
    "sentence": "Overdispersion (variance greater than the mean) or underdispersion (variance less than the mean) of data violates this constraint and leads to biased coefficient estimates ([bib0160]).",
    "intent": "motivation background"
  },
  {
    "sec_id": "sec0035",
    "sentence": "Because the variance of our dependent variable is greater than its mean, we had to reject the Poisson distribution."
  },
  {
    "sec_id": "sec0035",
    "sentence": "Instead, a negative binomial model was estimated because it allows the variance of the dependent variable to be larger than the mean ([bib0210]).",
    "intent": "differences"
  },
  {
    "sec_id": "sec0035",
    "sentence": "Negative binomial regression has been applied in several studies to assess the influence of various factors on citation counts (e.g. [bib0065], [bib0080], [bib0205])",
    "intent": "background"
  },
  {
    "sec_id": "sec0035",
    "sentence": "The negative binomial model is derived by adding an error term \u03b5i to the expected number of citations \u03bbi in Eq. [eq0010]."
  },
  {
    "sec_id": "sec0035",
    "sentence": "We then have that for each observation i(3)\u03bbi=exp\u03b2Xi+\u03b5iwhere exp\u03b5 in [eq0015] has a gamma distribution with mean one and variance \u03c4."
  },
  {
    "sec_id": "sec0035",
    "sentence": "The parameter \u03c4 is often referred to as the overdispersion parameter because it allows the variance of the dependent variable to be greater than its mean."
  },
  {
    "sec_id": "sec0035",
    "sentence": "To evaluate the impact of the different explanatory variables on an article's citation count the following negative binomial regression model is employed:(4)\u03bb=CI=exp\u03b20+\u03b2PPPP\u03b1+\u03b2PCPC+\u03b2ANAN+\u03b2NANA+\u03b2ACAC+\u03b2RFRF+\u03b2WTWT+\u03b2YPYP+\u03b2TRTR+\u03b2PAPA+\u03b2PBPB+\u03b2TSTS+\u03b5"
  },
  {
    "sec_id": "sec0035",
    "sentence": "The analysis is made at article level and the symbols have the same definitions as in [tbl0005]."
  },
  {
    "sec_id": "sec0035",
    "sentence": "It follows from the hypotheses presented in Section [sec0010] that articles written by experienced researchers, as measured by the number of prior publications (PP), will more frequently be cited than articles written by less experienced researchers."
  },
  {
    "sec_id": "sec0035",
    "sentence": "However, the return of one additional unit of experience on CI is expected to be higher for unexperienced researchers, i.e., with few prior publications, than for experienced researchers."
  },
  {
    "sec_id": "sec0035",
    "sentence": "Hence, we assume that CI increases concavely with PP; that is (\u2202CI/\u2202PP)>0and(\u22022CI/\u2202PP2)<0. From [eq0020] follows that (\u2202CI/\u2202PP)=CI\u00d7\u03b1\u03b2PPPP\u03b1\u22121and(\u22022CI/\u2202PP2)=\u03b1CI\u03b2PP\u03b1\u22121PP\u03b1\u22122+\u03b1\u03b2PP2XPP2\u03b1\u22121."
  },
  {
    "sec_id": "sec0035",
    "sentence": "Consequently, in order to meet the conditions placed on the signs of the first and second derivatives of CI with respect to PP, \u03b2PP\u00a0>\u00a00 and 0\u00a0<\u00a0\u03b1\u00a0<\u00a01 in Eq. [eq0020][fn0005]."
  },
  {
    "sec_id": "sec0035",
    "sentence": "Moreover, equation [eq0020] implies that the relationship between CI and j,j=PC,AN,NA,AC,RF,WT,YP,TR,PA,PB,TS is semi-loglinear and the elasticity of CI with respect to j, ELjCI can be written as ELjCI=\u2202CI/\u2202j\u00d7j/CI=\u03b2j\u00d7j,j=PC,AN,NA,AC,RF,WT,YP,TR,PA,PB,TS"
  },
  {
    "sec_id": "sec0035",
    "sentence": "Hence, a marginal change in j by one unit changes CI by (\u03b2j\u00d7CI) units and by (100\u00d7\u03b2j)%."
  },
  {
    "sec_id": "sec0035",
    "sentence": "Our earlier hypotheses imply that \u03b2AN,\u03b2WT,<0."
  },
  {
    "sec_id": "sec0035",
    "sentence": "The remaining parameters are expected to have a positive impact on citation count (CI), i.e., \u03b2PC,\u03b2RF,\u03b2NA,\u03b2AC,\u03b2YP,\u03b2TR,\u03b2PA,\u03b2PB,\u03b2TS>0."
  },
  {
    "sec_id": "sec0035",
    "sentence": "The previously referred to ranking of the actual journals themselves also implies that we would expect \u03b2PB>\u03b2TS>\u03b2TR>\u03b2PA."
  },
  {
    "sec_id": "sec0055",
    "sentence": "[tbl0015] provides results for the negative binomial regression model, i.e., of Eq. [eq0020], using 779 articles published between 2000 and 2004 in five transportation journals."
  },
  {
    "sec_id": "sec0055",
    "sentence": "The value of \u03b1 in Eq. [eq0020] was found by letting its value run over small intervals, and then choosing the value that minimizes the value of Akaike Information Criterion (AIC) ([bib0005]).",
    "intent": "uses"
  },
  {
    "sec_id": "sec0055",
    "sentence": "This resulted in \u03b1\u00a0=\u00a00.261."
  },
  {
    "sec_id": "sec0055",
    "sentence": "Hence, the value of \u03b1 is in line with the assumptions that we made in Section [sec0050]."
  },
  {
    "sec_id": "sec0055",
    "sentence": "Table 3."
  },
  {
    "sec_id": "sec0055",
    "sentence": "Results of the negative binomial regression analysis (dependent variable: citations per article, n\u00a0=\u00a0779, AIC\u00a0=\u00a06650)[tblfn0010]."
  },
  {
    "sec_id": "sec0055",
    "sentence": "Level of significance: *** indicates p\u00a0<\u00a00.01, ** indicates p\u00a0<\u00a00.05, * indicates p\u00a0<\u00a00.10 (two-tailed)."
  },
  {
    "sec_id": "sec0055",
    "sentence": "All estimated parameters have signs in the hypothesized directions."
  },
  {
    "sec_id": "sec0055",
    "sentence": "An increase in the number of previous publications by the authors (PP), the number of references in the articles (RF), years since publication (YP) and the number of countries the authors are from (AC) significantly increases the number of times an article is cited (CI)."
  },
  {
    "sec_id": "sec0055",
    "sentence": "More precisely, when RF, YP and AC increase by one unit, the number of citations will increase by 1.4%, 6.0% and 17.7%, respectively."
  },
  {
    "sec_id": "sec0055",
    "sentence": "Moreover, the place of the first author in the alphabet (AN) and the number of words in the title (WT) reduce how frequently an article is cited; an increase in AN and WT by one unit decreases the number of times an article is cited by 0.7% and 1.9%, respectively."
  },
  {
    "sec_id": "sec0055",
    "sentence": "Finally, [tbl0015] shows that the articles in Transportation Research Part B (PB) are most frequently cited whilst those in Journal of Transport Economics and Policy (JT) are least frequently cited."
  },
  {
    "sec_id": "sec0055",
    "sentence": "Articles in PB are, on average, cited 75% more frequently than articles in JT."
  },
  {
    "sec_id": "sec0055",
    "sentence": "However, the previous number of times authors are cited (PC) does not significantly influence how often their coming articles are referred to."
  },
  {
    "sec_id": "sec0055",
    "sentence": "This may partly come from the high correlation between the number of previous publications (PP) and PC (see [tbl0010]), and partly from the fact that many factors that only loosely signal authors skills (for example AN and WT), affect how many times an article is cited."
  },
  {
    "sec_id": "sec0055",
    "sentence": "Let us have a closer look at the relationship between the number of times an article is cited (CI) and the authors\u2019 experience, as measured by their total number of previous publications (PP)."
  },
  {
    "sec_id": "sec0055",
    "sentence": "After controlling for article, other author and journal characteristics, the results of this study confirm that the ability to conduct quality research at the frontier of a discipline increases concavely with the authors\u2019 experience."
  },
  {
    "sec_id": "sec0055",
    "sentence": "The illustrations in [fig0005], [fig0010] are based on the results in [tbl0015]."
  },
  {
    "sec_id": "sec0055",
    "sentence": "[fig0005] shows the relationship between CI and PP and Figure shows 2 the relationship between marginal increase in CI(\u2202CI/\u2202PP)=\u03b1\u03b2PPPP\u03b1\u22121\u00d7CI and PP when all other explanatory variables have their average values as denoted in [tbl0005]."
  },
  {
    "sec_id": "sec0055",
    "sentence": "[fig0005] illustrates that approximately 10 years after being published[fn0010], an article written by authors with no previous publications will, on average, have been cited nearly 18 times."
  },
  {
    "sec_id": "sec0055",
    "sentence": "An article written by authors who have 10 prior publications in total, can, during the same period of time, be expected to receive 24 citations, i.e., 34% more citations than articles written by only inexperienced researchers."
  },
  {
    "sec_id": "sec0055",
    "sentence": "It is evident from the figure that the predicted number of citations increases sharply at the beginning of a researcher's career before it levels off; articles written by authors with a total of 20 prior publications can, for example, expect only one more citation than articles from authors with 10 prior publications."
  },
  {
    "sec_id": "sec0055",
    "sentence": "The same thing is shown in [fig0010] by the marginal effect on CI of increasing PP."
  },
  {
    "sec_id": "sec0055",
    "sentence": "The return to scale on researchers\u2019 skills or human capital from experience seems to diminish rapidly."
  },
  {
    "sec_id": "sec0055",
    "sentence": "The marginal effect on the number of expected citations from the tenth publication is, for example, only 21% of the marginal effect of the first publication."
  },
  {
    "sec_id": "sec0055",
    "sentence": "This suggests that researchers tend to learn the craft of research fairly quickly."
  },
  {
    "sec_id": "sec0060",
    "sentence": "This study employs data from research published in five highly regarded transportation journals in order to examine how different factors influence the number of times an article is cited."
  },
  {
    "sec_id": "sec0060",
    "sentence": "The estimated results correspond, in general, to previous studies with regard to the direction and extent to which the various explanatory variables influence an article's citation count."
  },
  {
    "sec_id": "sec0060",
    "sentence": "In this study, special focus is placed on analysing how researchers\u2019 skills, as measured by the number of times their articles are cited, are influenced by their previous experience or human capital, as measured by their total number of publications prior to the articles in question."
  },
  {
    "sec_id": "sec0060",
    "sentence": "We find that research by scientists with many prior scientific publications tends to be more frequently cited than research by inexperienced researchers."
  },
  {
    "sec_id": "sec0060",
    "sentence": "This suggests that there is a positive association between experience and the human capital of scientists."
  },
  {
    "sec_id": "sec0060",
    "sentence": "However, the effect of experience on human capital diminishes rapidly."
  },
  {
    "sec_id": "sec0060",
    "sentence": "Thus, investments in scientists\u2019 human capital through education can reduce the relatively steep learning curve currently observed among inexperienced scientists."
  },
  {
    "sec_id": "sec0060",
    "sentence": "The above findings offer practical advice to researchers, research institutions and funders of research."
  },
  {
    "sec_id": "sec0060",
    "sentence": "Investments in human capital are primarily done through education and training ([bib0030]).",
    "intent": "background"
  },
  {
    "sec_id": "sec0060",
    "sentence": "The effect of training on the human capital of scientists is confirmed in our study, which suggests that experienced scientists, to a greater degree than less experienced ones, do possess the skills and knowledge needed to conduct high quality research."
  },
  {
    "sec_id": "sec0060",
    "sentence": "However, in order to somewhat smoothen the learning curve most scientists experience in writing their first articles intended for publication in scientific journals, they could attend courses and seminars on topics such as academic writing, critical reading of academic texts and the handling of relevant ethical issues."
  },
  {
    "sec_id": "sec0060",
    "sentence": "Such training could help young researchers attain skills and knowledge that would enable them to better conduct research at the frontier of their discipline."
  },
  {
    "sec_id": "sec0060",
    "sentence": "By investing more in scientists\u2019 human capital through education in the craft of research, young researchers would not have to use their first scientific articles as part of their \u201ceducation\u201d or research training."
  },
  {
    "sec_id": "sec0060",
    "sentence": "Research institutions benefit by having a high stock of human capital in their organizations."
  },
  {
    "sec_id": "sec0060",
    "sentence": "It is therefore in their interests to educate and train their own employees."
  },
  {
    "sec_id": "sec0060",
    "sentence": "This could be done by offering courses in the craft of research and by financing the cost of having experienced scientists review articles written by less-experienced researchers prior to submission to journals."
  },
  {
    "sec_id": "sec0060",
    "sentence": "Moreover, research institutions ought to require, or at least encourage, their PhD candidates to write their thesis as a collection of articles instead of as monographs."
  },
  {
    "sec_id": "sec0060",
    "sentence": "This provides the candidates with vital training in how scientific articles are written."
  },
  {
    "sec_id": "sec0060",
    "sentence": "Funders of research ought to favour research teams with a high level of experience, measured by the number of prior publications, when allocating their resources."
  },
  {
    "sec_id": "sec0060",
    "sentence": "The rationale for this is that projects with participants who have a high number of publications will be more likely to produce high quality research."
  },
  {
    "sec_id": "sec0060",
    "sentence": "Finally, it should be observed that our study \u2013 in line with all empirical studies \u2013 does have weaknesses due to erroneous data reports, as well as the validities of the variables and omitted variables."
  },
  {
    "sec_id": "sec0060",
    "sentence": "In particular, the use of citation counts as a proxy for human capital is a debatable issue."
  },
  {
    "sec_id": "sec0060",
    "sentence": "Moreover, this study has focused on articles published purely in transportation journals."
  },
  {
    "sec_id": "sec0060",
    "sentence": "It may therefore be difficult to generalize our results to other fields of research."
  },
  {
    "sec_id": "sec0060",
    "sentence": "Despite the above limitations, this paper nevertheless offers an attempt to determine how a scientist's ability to conduct research at the frontier of a discipline, i.e., the scientist's human capital, is related to his or her of experience in writing and having published scientific articles previously."
  }
]