[
  {
    "sec_id": "sec0005",
    "sentence": "Paper citation count itself and various quantities derived from it are used as influential indicators of research impact ([bib0080], [bib0095]).",
    "intent": "background"
  },
  {
    "sec_id": "sec0005",
    "sentence": "At the same time, it is well known that the cumulative number of citations received by academic publications strongly depends on paper age and field ([bib0225], [bib0245]).",
    "intent": "background"
  },
  {
    "sec_id": "sec0005",
    "sentence": "Old papers have had more time to acquire citations than recent ones, and their advantage is further enhanced by the preferential attachment mechanism ([bib0055], [bib0160]).",
    "intent": "background"
  },
  {
    "sec_id": "sec0005",
    "sentence": "While heterogeneous paper fitness and paper aging possibly attenuate the advantage of old nodes ([bib0155]; Wang, Song, & Barab\u00e1si, 2013), empirical evidence typically shows that citation count is still biased toward old nodes (see [bib0135]; [bib0160], [bib0180], among others).",
    "intent": "background"
  },
  {
    "sec_id": "sec0005",
    "sentence": "In addition, different academic fields adopt very different citation practices (see [bib0025] for a review on the topic), which results in a strong dependence of the mean number of citations on academic field, as shown in several works ([bib0030], [bib0120]; [bib0195], among others).",
    "intent": "background"
  },
  {
    "sec_id": "sec0005",
    "sentence": "A natural question arises: how can we \u201cfairly\u201d use citation-based indicators to compare papers from different fields and of different age?"
  },
  {
    "sec_id": "sec0005",
    "sentence": "The problem of comparing papers from different fields is usually referred to as the field-normalization problem."
  },
  {
    "sec_id": "sec0005",
    "sentence": "Several approaches to address this question have been proposed in the literature (see [bib0270] for a recent review).",
    "intent": "background"
  },
  {
    "sec_id": "sec0005",
    "sentence": "A particularly simple approach is to divide each paper's citation count by the mean number of citations for papers of the same field published in the same year."
  },
  {
    "sec_id": "sec0005",
    "sentence": "The results by [bib0195] suggested that this indicator, called relative citation count, produces a ranking that is statistically consistent with the hypothesis of a ranking that is not biased by field and age.",
    "intent": "background"
  },
  {
    "sec_id": "sec0005",
    "sentence": "This finding has been challenged by subsequent works by [bib0010] and [bib0265], which leaves the debate on age- and field-normalization procedures still open.",
    "intent": "background"
  },
  {
    "sec_id": "sec0005",
    "sentence": "In this article, we analyze a large dataset from Microsoft Academic Graph ([bib0230]) to show that existing indicators of impact, including the relative citation count, fail to produce rankings that are not biased by age and field.",
    "intent": "motivation uses"
  },
  {
    "sec_id": "sec0005",
    "sentence": "To simultaneously assess these biases, we present a new procedure based on the Mahalanobis distance ([bib0125]).",
    "intent": "extends"
  },
  {
    "sec_id": "sec0005",
    "sentence": "This permits to compare the ranking by a given indicator with those obtained with a simulated unbiased sampling, and hence to quantify the overall ranking bias."
  },
  {
    "sec_id": "sec0005",
    "sentence": "An analytic result derived in this paper allows us to assess the contribution of each field to the overall ranking bias."
  },
  {
    "sec_id": "sec0005",
    "sentence": "It is worth noticing that while we focus on the biases by age and field, our bias assessment procedure can be easily extended to detect any other kind of information bias."
  },
  {
    "sec_id": "sec0005",
    "sentence": "We also present the first systematic study of the possible bias by field of the PageRank score ([bib0035]) and of its age-rescaled version introduced by [bib0135] at article-level.",
    "intent": "background uses"
  },
  {
    "sec_id": "sec0005",
    "sentence": "The motivation to analyze these network-based indicators comes from the finding that they outperform other metrics in identifying expert-selected milestone papers ([bib0135]).",
    "intent": "background"
  },
  {
    "sec_id": "sec0005",
    "sentence": "However, the application of PageRank and its variants to academic citation networks focused on datasets composed of papers from a single field ([bib0045]; [bib0135]; [bib0130]; [bib0250]; [bib0275]; [bib0285]).",
    "intent": "background"
  },
  {
    "sec_id": "sec0005",
    "sentence": "While the possible bias by scientific field of eigenvector-based algorithms has been explored by [bib0255] at journal-level, the PageRank score's possible bias by academic field at article-level is (to our best knowledge) still unexplored and we are the first authors to address it.",
    "intent": "motivation background"
  },
  {
    "sec_id": "sec0005",
    "sentence": "We introduce two novel indicators of impact motivated by the z-score: age- and field-rescaled citation count RAF(c) and age- and field-rescaled PageRank RAF(p)."
  },
  {
    "sec_id": "sec0005",
    "sentence": "We find that the novel indicators produce paper rankings that are much less biased by age and field than the rankings produced by the other analyzed indicators."
  },
  {
    "sec_id": "sec0005",
    "sentence": "Nevertheless, also the Mahalanobis distance observed for the new indicators is not statistically consistent with ones obtained for a simulated unbiased process."
  },
  {
    "sec_id": "sec0005",
    "sentence": "This indicates that the problem of achieving an ideal unbiased ranking of the publications remains open."
  },
  {
    "sec_id": "sec0005",
    "sentence": "The rest of our article is organized as follows: Section [sec0010] describes the analyzed dataset of publications obtained from the Microsoft Academic Graph."
  },
  {
    "sec_id": "sec0005",
    "sentence": "Section [sec0015] presents existing paper-level impact indicators and reports their bias by scientific field."
  },
  {
    "sec_id": "sec0005",
    "sentence": "In Section [sec0030], we introduce a rescaling procedure for citation count and PageRank scores motivated by the z-score."
  },
  {
    "sec_id": "sec0005",
    "sentence": "In Section [sec0050], we introduce a general procedure to test for any kind of ranking bias, and present its application to assess the field and age bias of the rankings by the indicators studied here."
  },
  {
    "sec_id": "sec0005",
    "sentence": "In Section [sec0085], we conclude by discussing possible limitations of our analysis and future research directions."
  },
  {
    "sec_id": "sec0010",
    "sentence": "We analyze a bibliographic dataset which was provided for the KDD Cup 2016.[fn0005] This data is a dump of the Microsoft Academic Graph (MAG) and contains more than 126 millions of publications and more than 467 millions citations ([bib0230]).",
    "intent": "uses"
  },
  {
    "sec_id": "sec0010",
    "sentence": "Each publication is also endowed with various properties such as unique ID, publication date, title and journal ID."
  },
  {
    "sec_id": "sec0010",
    "sentence": "We pre-processed the data (details are provided in [sec0090]) to remove from the analysis papers with incomplete information, ending up with N\u00a0=\u00a018\u00a0193\u00a0082 unique publications and E\u00a0=\u00a0109\u00a0719\u00a0182 citations."
  },
  {
    "sec_id": "sec0010",
    "sentence": "The MAG has a field classification at paper level ([bib0230]).",
    "intent": "background"
  },
  {
    "sec_id": "sec0010",
    "sentence": "In the KDD cup dump, there are 19 main fields and numerous subfields up to 3 hierarchical levels of subsubfields."
  },
  {
    "sec_id": "sec0010",
    "sentence": "However, all the different subfields can belong to several main fields, meaning that each publication can belong to more than one main field."
  },
  {
    "sec_id": "sec0010",
    "sentence": "We use here the field classification at the highest hierarchical level, i.e., we only consider the 19 main fields."
  },
  {
    "sec_id": "sec0010",
    "sentence": "When calculating the citation count and PageRank score of papers (see Section [sec0015]), we consider the publications that belong to more than one field only once."
  },
  {
    "sec_id": "sec0010",
    "sentence": "In this way, we do not modify the number of citations that each paper receives and gives, and we do not change the topology of the network on which the PageRank scores are calculated."
  },
  {
    "sec_id": "sec0010",
    "sentence": "On the other hand, in agreement with [bib0265], to compute the fields\u2019 size (see [tbl0010] in [sec0090]) and the field-rescaled metrics (see Sections [sec0015] and [sec0030]), each publication can be considered multiple times in the analysis, once for each field the publication belongs to.",
    "intent": "similarities"
  },
  {
    "sec_id": "sec0010",
    "sentence": "In this way, each field is represented by all its publications even if some of these are shared with other fields."
  },
  {
    "sec_id": "sec0010",
    "sentence": "Before moving to the next Sections, we devote our attention to two main assumptions of our analysis."
  },
  {
    "sec_id": "sec0010",
    "sentence": "First, we assume that the Microsoft Academic data provide a representative sample of the population of publications and of their citations."
  },
  {
    "sec_id": "sec0010",
    "sentence": "This assumption is motivated by the findings of independent analyses of the Microsoft Academic dataset ([bib0090], [bib0100]) that have shown that its coverage is comparable to other popular academic databases, such as Scopus and Web of Science.",
    "intent": "background"
  },
  {
    "sec_id": "sec0010",
    "sentence": "Second, to quantify the bias by field of impact indicators, we assume that the fields are given by the Microsoft Academic's field classification scheme at its highest hierarchical level."
  },
  {
    "sec_id": "sec0010",
    "sentence": "In the literature, there is no general agreement on which field classification scheme should be used to classify papers and there is an entire stream of works investigating issues related to this ([bib0005]; [bib0050]; [bib0185]; [bib0235]; [bib0290]).",
    "intent": "background"
  },
  {
    "sec_id": "sec0010",
    "sentence": "In particular, the choice of a suitable aggregation level has been shown to be delicate: by considering the most aggregate fields, heterogeneities in the subfields\u2019 citation patterns might be hidden ([bib0180], [bib0240]) \u2013 this effect has been shown to be magnified when iterative ranking algorithms are used instead of citation count ([bib0260]).",
    "intent": "background"
  },
  {
    "sec_id": "sec0010",
    "sentence": "On the other hand, increasing the resolution of the field classification may lead to largely-overlapping fields or to hardly interpretable fields."
  },
  {
    "sec_id": "sec0010",
    "sentence": "For example, [bib0105] show that the MAG fields at the second highest level are too detailed and, for this reason, the authors suggest that they should not be used for field-normalization purposes.",
    "intent": "background"
  },
  {
    "sec_id": "sec0010",
    "sentence": "We leave to future research the important study of how different classification schemes impact the biases of rankings and how our results generalize to other data sets."
  },
  {
    "sec_id": "sec0015",
    "sentence": "We now define the four existing metrics analyzed in this work: citation count c, relative citation count cf, PageRank score p, age-rescaled PageRank score RA(p) (Section [sec0020])."
  },
  {
    "sec_id": "sec0015",
    "sentence": "Furthermore, we show that these metrics are severely biased by scientific field (Section [sec0025])."
  },
  {
    "sec_id": "sec0015",
    "sentence": "Citation count, c. The citation count ci of node i is simply the number of citations received by paper i."
  },
  {
    "sec_id": "sec0015",
    "sentence": "In terms of the citation network's adjacency matrix A (in a directed network, Aij\u00a0=\u00a01 if node j points to node i, Aij\u00a0=\u00a00 otherwise), we can express the citation count as ci\u00a0=\u00a0\u2211jAij."
  },
  {
    "sec_id": "sec0015",
    "sentence": "Relative citation count, cf. To overcome citation count's bias by paper age and academic field, [bib0195] defined the relative citation count cif of paper i as cif:=ci/\u03bciY(c), where \u03bciY(c) denotes the mean citation count for papers published in the same field and year as paper i.",
    "intent": "background"
  },
  {
    "sec_id": "sec0015",
    "sentence": "Throughout this paper, we always refer to the 19 main fields provided in the MAG dataset."
  },
  {
    "sec_id": "sec0015",
    "sentence": "PageRank, p. Citation count and metrics built on it share an important limitation: the citations a paper receives are all counted the same, regardless of the importance of the citing paper."
  },
  {
    "sec_id": "sec0015",
    "sentence": "A possible way to overcome this limitation \u2013 recognized already in the 70s in the scientometrics community ([bib0175] \u2013 is to take into account the whole structure of the paper-paper citation network.",
    "intent": "background"
  },
  {
    "sec_id": "sec0015",
    "sentence": "In this spirit, eigenvector-based metrics take as input the citation network's adjacency matrix A."
  },
  {
    "sec_id": "sec0015",
    "sentence": "This class of metrics have been applied in various research domains including scientometrics ([bib0015]; [bib0175]), Web information retrieval ([bib0035], [bib0115]), social science ([bib0020], [bib0110]) \u2013 see ([bib0065]; [bib0075], [bib0085]) for a review.",
    "intent": "background"
  },
  {
    "sec_id": "sec0015",
    "sentence": "Among these metrics, we focus on Google's PageRank score ([bib0035]).",
    "intent": "uses"
  },
  {
    "sec_id": "sec0015",
    "sentence": "This was originally devised to rank webpages in the World Wide Web and has attracted considerable interest of the scientometrics community."
  },
  {
    "sec_id": "sec0015",
    "sentence": "The rationale behind its application to citation networks is that citations coming from influential papers should count more than citations from obscure articles."
  },
  {
    "sec_id": "sec0015",
    "sentence": "The PageRank scores of papers are contained in a vector p defined by the following equation(1)p=\u03b1Pp+(1\u2212\u03b1)v,where \u03b1 is a parameter of the algorithm (called damping factor), P is the random-walk transition matrix with elements Pij=Aij/kjout, kjout=\u2211lAlj is the number of references in paper j, and v is a uniform teleportation vector with elements vi=1/N for all papers i."
  },
  {
    "sec_id": "sec0015",
    "sentence": "Eq. [eq0005] can be interpreted as the stationary equation of a stochastic process on the citation network."
  },
  {
    "sec_id": "sec0015",
    "sentence": "In this process, a random walker is placed on each paper and he/she either follows a citation edge with probability \u03b1, or jumps to a randomly chosen paper with probability 1\u00a0\u2212\u00a0\u03b1."
  },
  {
    "sec_id": "sec0015",
    "sentence": "When the number of walkers on each paper reaches a stationary value, we obtain the PageRank score of a paper i by calculating the fraction of walker on this paper."
  },
  {
    "sec_id": "sec0015",
    "sentence": "There is no universal criterion to choose the value of the damping factor \u03b1."
  },
  {
    "sec_id": "sec0015",
    "sentence": "In agreement with [bib0045], we set \u03b1\u00a0=\u00a00.5 which corresponds to a random walker covering paths of length two before teleporting to a random node, as opposed to paths of length close to seven expected with the often used value \u03b1\u00a0=\u00a00.85.",
    "intent": "similarities"
  },
  {
    "sec_id": "sec0015",
    "sentence": "[bib0045] argue that the choice \u03b1\u00a0=\u00a00.5 better reflects the actual surfing behavior of researchers than \u03b1\u00a0=\u00a00.85.",
    "intent": "background"
  },
  {
    "sec_id": "sec0015",
    "sentence": "PageRank is based on a static, time-aggregated perspective of the considered network."
  },
  {
    "sec_id": "sec0015",
    "sentence": "In general, such perspective has been shown to be limiting for the analysis of evolving networks ([bib0130]; [bib0220], Wider, et al., 2014).",
    "intent": "motivation background"
  },
  {
    "sec_id": "sec0015",
    "sentence": "While the resulting metric's bias towards old papers has already been studied in the literature ([bib0045], [bib0130], [bib0135], [bib0140]), its possible bias by academic field is still unexplored and we address it in Section [sec0025].",
    "intent": "motivation background"
  },
  {
    "sec_id": "sec0015",
    "sentence": "Age-rescaled PageRank, RA(p). To suppress the age bias of PageRank, [bib0135] proposed to rescale the PageRank score by comparing each paper's score with the scores of papers of similar age.",
    "intent": "background"
  },
  {
    "sec_id": "sec0015",
    "sentence": "Assuming that the papers are ordered by older to younger, one computes the mean value \u03bciA(p) and the standard deviation \u03c3iA(p) of PageRank scores over \u0394p papers around i, i.e. j\u00a0\u2208\u00a0[i\u00a0\u2212\u00a0\u0394p/2, i\u00a0+\u00a0\u0394p/2]."
  },
  {
    "sec_id": "sec0015",
    "sentence": "Consequently, the rescaled PageRank score RiA(p) of paper i is defined as(2)RiA(p)=pi\u2212\u03bciA(p)\u03c3iA(p).[bib0135] applied rescaled PageRank to the network of physics papers published by the American Physical Society journals to show that the resulting ranking is not biased by paper age and, as a result, it allows us to identify seminal publication much earlier than rankings by metrics that are biased against recent papers.",
    "intent": "background"
  },
  {
    "sec_id": "sec0015",
    "sentence": "In the following, we set \u0394p\u00a0=\u00a01000 as in [bib0135].",
    "intent": "uses"
  },
  {
    "sec_id": "sec0015",
    "sentence": "After having described a set of existing metrics, we now apply them to the MAG dataset to show that the rankings that they produce are biased by scientific field."
  },
  {
    "sec_id": "sec0015",
    "sentence": "For a ranking that is not biased by scientific field, the number of top-ranked publications from each field should be proportional to the total number of publications from that field."
  },
  {
    "sec_id": "sec0015",
    "sentence": "In other words, for an unbiased ranking, we expect(3)\u03bcf=z100Kfpapers from field f among the top z% papers in the ranking, where Kf is the total number of publications from field f ([bib0195]).",
    "intent": "background"
  },
  {
    "sec_id": "sec0015",
    "sentence": "In the following, we denote by kf(m) the number of publications from field f in the top-1% of the ranking by metric m."
  },
  {
    "sec_id": "sec0015",
    "sentence": "We restrict our analysis to z\u00a0%\u00a0=1%; results for other values of z are available upon request from the authors."
  },
  {
    "sec_id": "sec0015",
    "sentence": "In the top panels of [fig0005], we illustrate the field bias of citation count, c, and relative citation count, cf."
  },
  {
    "sec_id": "sec0015",
    "sentence": "The presence of strong biases is evident for both metrics because there are fields whose ratio kf(m)/Kf is far away from the expected value 0.01."
  },
  {
    "sec_id": "sec0015",
    "sentence": "In particular, Environmental Science is extremely over-represented in the top of the ranking by citation count."
  },
  {
    "sec_id": "sec0015",
    "sentence": "We argue that this bias comes from the fact that publications from this field have a mean citation count almost twice as big compared to publications belonging to other fields (see [tbl0010])."
  },
  {
    "sec_id": "sec0015",
    "sentence": "For relative citation count, we find a better agreement with what we would expect from an unbiased indicator."
  },
  {
    "sec_id": "sec0015",
    "sentence": "However, relatively large deviations are still evident, especially for the field of Political Science."
  },
  {
    "sec_id": "sec0015",
    "sentence": "In the bottom panels of [fig0005], we report the distributions of c and cf for each field."
  },
  {
    "sec_id": "sec0015",
    "sentence": "These panels show that the bias by field is not limited to the top 1% papers in the ranking, but it arises from systematic differences between the score distributions across different fields."
  },
  {
    "sec_id": "sec0015",
    "sentence": "For example, when looking at the distribution of c, papers in the field of Political Science have consistently smaller probability to have more than one citation compared to other fields."
  },
  {
    "sec_id": "sec0015",
    "sentence": "For a detailed discussion about the bias of the ranking by cf, we refer to [sec0120]."
  },
  {
    "sec_id": "sec0015",
    "sentence": "[fig0010] reports the same analysis for PageRank scores, p, and age-rescaled PageRank scores, RA(p)."
  },
  {
    "sec_id": "sec0015",
    "sentence": "This figure provides the first study of the dependence of PageRank score on academic field."
  },
  {
    "sec_id": "sec0015",
    "sentence": "The top panels of [fig0010] show that the top positions of both rankings are biased by field, and both rankings overestimate the impact of publications in the field of Environmental Science."
  },
  {
    "sec_id": "sec0015",
    "sentence": "Again, we argue that this happens because the mean indegree of publications from Environmental Science is approximately twice as big compared to publications that belong to other fields (see [tbl0010])."
  },
  {
    "sec_id": "sec0015",
    "sentence": "From the bottom-left panel of [fig0010], we find that the full distribution of scores of Page Rank have a similar shape, but different broadness."
  },
  {
    "sec_id": "sec0015",
    "sentence": "These differences are slightly smaller for the age-rescaled PageRank, with the exception of the field of Environmental Science (see bottom right panel of [fig0010])."
  },
  {
    "sec_id": "sec0030",
    "sentence": "In this section, we introduce two novel indicators of paper impact: the age- and field-rescaled citation count, RAF(c), and the age- and field-rescaled PageRank, RAF(p)."
  },
  {
    "sec_id": "sec0030",
    "sentence": "The two indicators, RAF(c) and RAF(p), are obtained from citation count c and PageRank score p, respectively, through a rescaling procedure."
  },
  {
    "sec_id": "sec0030",
    "sentence": "This procedure is based on the z-score and is aimed at suppressing age and field bias."
  },
  {
    "sec_id": "sec0030",
    "sentence": "The idea of using the z-score is not new in scientometrics ([bib0030], [bib0120], [bib0135]; [bib0145]; [bib0160]; [bib0280]); our new indicators can be considered as variants of the indicator based on the z-score studied by [bib0280] and their main difference is explained below.",
    "intent": "differences"
  },
  {
    "sec_id": "sec0030",
    "sentence": "To calculate the age- and field-rescaled citation count RiAF(c) of a paper i belonging to a field f, we first compute the mean \u03bciAF(c) and the standard deviation \u03c3iAF(c) of the citation count of papers of the same field and of similar age as paper i."
  },
  {
    "sec_id": "sec0030",
    "sentence": "In particular, \u03bciAF(c) and \u03c3iAF(c) are computed over the papers that belong to the same field f as paper i and that are among the \u0394c closest papers to i as measured by the distance |i\u00a0\u2212\u00a0j| between their rank by age."
  },
  {
    "sec_id": "sec0030",
    "sentence": "Then, the age- and field-rescaled citation count score RiAF(c) is defined as(4)RiAF(c)=ci\u2212\u03bciAF(c)\u03c3iAF(c).The averaging window size \u0394c is a parameter of the method, which we set to \u0394c\u00a0=\u00a01000."
  },
  {
    "sec_id": "sec0030",
    "sentence": "Differently from [bib0280], for the computation of the z-score, we use temporal windows with the same number of publications, which in general corresponds to real-time intervals of different duration.",
    "intent": "differences"
  },
  {
    "sec_id": "sec0030",
    "sentence": "This choice is supported by recent findings ([bib0170]) that indicate that in citation networks, time is better defined by number of publications than by real time.",
    "intent": "background"
  },
  {
    "sec_id": "sec0030",
    "sentence": "Furthermore, rescaled metrics based on the z-score with fixed temporal-window duration have already been shown to underperform with respect to the relative citation count cf in the task of producing an unbiased ranking ([bib0280]).",
    "intent": "background"
  },
  {
    "sec_id": "sec0030",
    "sentence": "Our analysis (not shown) confirms that when the temporal windows are of a fixed temporal length, the bias removal is inferior to that achieved with temporal windows containing a fixed number of publications."
  },
  {
    "sec_id": "sec0030",
    "sentence": "For these reasons, we do not include metrics based on z-score with fixed temporal-window duration in our analysis."
  },
  {
    "sec_id": "sec0030",
    "sentence": "Differently from the relative citation count cf, RAF(c) is expected to have not only uniform mean value across different publication dates and fields, but also uniform standard deviation."
  },
  {
    "sec_id": "sec0030",
    "sentence": "This should lead to a more balanced ranking of the papers."
  },
  {
    "sec_id": "sec0030",
    "sentence": "We show in the following that this is indeed the case."
  },
  {
    "sec_id": "sec0030",
    "sentence": "Previous works have shown that PageRank is biased towards old papers in scientific citation networks ([bib0045], [bib0130], [bib0140]).",
    "intent": "background"
  },
  {
    "sec_id": "sec0030",
    "sentence": "Moreover, we have shown in Section [sec0015] that PageRank score p is biased by scientific domain."
  },
  {
    "sec_id": "sec0030",
    "sentence": "To simultaneously suppress these two biases, we propose the age- and field-rescaled PageRank score RAF(p)."
  },
  {
    "sec_id": "sec0030",
    "sentence": "RAF(p) is defined similarly as RAF(c): we compute the mean value \u03bciAF(p) and the standard deviation \u03c3iAF(p) of the PageRank scores of the papers that belong to the same field as paper i and that are among the \u0394p closest papers to i as measured by the distance |i\u00a0\u2212\u00a0j| between their rank by age."
  },
  {
    "sec_id": "sec0030",
    "sentence": "The age- and field-rescaled PageRank score is then defined as(5)RiAF(p)=pi\u2212\u03bciAF(p)\u03c3iAF(p).In the following, we set \u0394p\u00a0=\u00a01000."
  },
  {
    "sec_id": "sec0030",
    "sentence": "In the top panels of [fig0015], we show that in the top-1% of the rankings by RAF(p) and RAF(c) each field appears well represented."
  },
  {
    "sec_id": "sec0030",
    "sentence": "In fact, the deviations from the expected value are very small especially if compared to the deviations of the other rankings (see top panels in [fig0005], [fig0010])."
  },
  {
    "sec_id": "sec0030",
    "sentence": "In the bottom panels of [fig0015], we report that the full score distributions for papers from different fields collapse extremely well top of each other thanks to the rescaling procedure."
  },
  {
    "sec_id": "sec0050",
    "sentence": "We begin this Section by introducing a new methodology to assess a ranking's bias based on the Mahalanobis distance (Section [sec0055])."
  },
  {
    "sec_id": "sec0050",
    "sentence": "Then, we use this to quantify the bias by field (Section [sec0070]) and the bias by age and field (Section [sec0075])."
  },
  {
    "sec_id": "sec0050",
    "sentence": "While [fig0005], [fig0010] illustrate the substantial field bias of the existing metrics, the bias is much weaker (if any) for the new age- and field-rescaled metrics in Figure [fig0015] ."
  },
  {
    "sec_id": "sec0050",
    "sentence": "Now we quantify this improvement by extending the statistical tests of bias suppression presented by [bib0135], [bib0190], [bib0195], [bib0265].",
    "intent": "extends"
  },
  {
    "sec_id": "sec0050",
    "sentence": "Similarly to these works, we assume that a ranking is unbiased if its properties are consistent with those of an unbiased selection process."
  },
  {
    "sec_id": "sec0050",
    "sentence": "Let us first analyze the problem of assessing the bias by field."
  },
  {
    "sec_id": "sec0050",
    "sentence": "Consider an urn which contains N marbles, each of them corresponding to one of the publications present in our dataset."
  },
  {
    "sec_id": "sec0050",
    "sentence": "An unbiased selection process then corresponds to sampling from this urn at random without replacement a fixed number n\u00a0=\u00a0\u230aN\u00a0\u00d7\u00a00.01\u230b of publications."
  },
  {
    "sec_id": "sec0050",
    "sentence": "From the extracted sample, we count the number of publications that belong to each field f, kf, and record these numbers in the vector k\u2192=(k1,\u2026,kF)T; here F denotes the number of fields."
  },
  {
    "sec_id": "sec0050",
    "sentence": "The probability to observe a certain vector, k\u2192, is given by the multivariate hypergeomentric distribution (MHD)(6)Pk\u2192=\u220ffFKfkfNnwhere Kf is the total number of publications in field f."
  },
  {
    "sec_id": "sec0050",
    "sentence": "Following this selection process, among the n extracted publications, the expected number of publications for field f is \u03bcf\u00a0=\u00a0n\u00a0Kf/N."
  },
  {
    "sec_id": "sec0050",
    "sentence": "Assume that the actual ranking by a given metric m features kf(m) publications from field f in the top 1% of its ranking."
  },
  {
    "sec_id": "sec0050",
    "sentence": "In general, the observed kf(m) deviates from its expected value \u03bcf."
  },
  {
    "sec_id": "sec0050",
    "sentence": "A simple approach to quantify this deviation would consist in computing the z-score, defined as zf(m):=(kf(m)\u2212\u03bcf)/\u03c3f, where \u03c3f is the expected standard deviation for field f according to the MHD specified by Eq. [eq0030]."
  },
  {
    "sec_id": "sec0050",
    "sentence": "There are however two shortcomings of the z-score."
  },
  {
    "sec_id": "sec0050",
    "sentence": "First, the z-score only gives partial information for a MHD \u2013 how far from the expected values we are in units of standard deviations \u2013 but it does not provide information on how statistically significant the deviations are."
  },
  {
    "sec_id": "sec0050",
    "sentence": "Second, to quantify the overall bias of a given indicator m, we would need to aggregate the z-scores from the different fields."
  },
  {
    "sec_id": "sec0050",
    "sentence": "For example, we could take the average z-score, but this would neglect the correlation between the different fields coming from the constraint n=\u2211fkf(m)."
  },
  {
    "sec_id": "sec0050",
    "sentence": "To overcome these two problems, we follow a different approach."
  },
  {
    "sec_id": "sec0050",
    "sentence": "We first run various numerical simulations that reproduce the unbiased selection process."
  },
  {
    "sec_id": "sec0050",
    "sentence": "These simulations produce a set of ranking vectors which are distributed according to Eq. [eq0030] around the vector of expected values, \u03bc\u2192=(\u03bc1,\u2026,\u03bcm)."
  },
  {
    "sec_id": "sec0050",
    "sentence": "Differently from ([bib0190]), we do not estimate the confidence interval for the different fields separately.",
    "intent": "differences"
  },
  {
    "sec_id": "sec0050",
    "sentence": "We calculate instead the Mahalanobis distance (dM, [bib0125] and [sec0115]) for each simulated vector from \u03bc\u2192, and construct the distribution of dM's obtained by the simulated unbiased selection process.",
    "intent": "uses"
  },
  {
    "sec_id": "sec0050",
    "sentence": "The inset of the left panel of [fig0020] reports the distribution of the dM for 1\u00a0000\u00a0000 simulations."
  },
  {
    "sec_id": "sec0050",
    "sentence": "The distribution is centered around its mean value of 4.18 and the upper bound for the 95% confidence level is around 5.37."
  },
  {
    "sec_id": "sec0050",
    "sentence": "[fn0010] For an ideal unbiased ranking, we would expect its dM to fall into the 95% confidence interval of the distribution of the dM obtained from the simulated unbiased sampling process."
  },
  {
    "sec_id": "sec0050",
    "sentence": "The methodology presented above is easily generalized to simultaneously assess a ranking's bias by age and field."
  },
  {
    "sec_id": "sec0050",
    "sentence": "To add the temporal dimension to the bias assessment procedure, we split the publications into T equally-sized age groups, and repeat the above analysis by using F\u00a0\u00d7\u00a0T different categories of publications."
  },
  {
    "sec_id": "sec0050",
    "sentence": "In Section [sec0075], we set F\u00a0=\u00a019 representing the number of fields and T\u00a0=\u00a040 as in ([bib0135]), and thus we obtain 760 age-field groups of different sizes.",
    "intent": "uses"
  },
  {
    "sec_id": "sec0050",
    "sentence": "The rankings produced by different metrics differ greatly by their dM (see [fig0020])."
  },
  {
    "sec_id": "sec0050",
    "sentence": "As expected, the metrics that are not field-rescaled (c, RA(p), and p) are far from being unbiased."
  },
  {
    "sec_id": "sec0050",
    "sentence": "At the same time, relative citation count that is rescaled by field performs only slightly better than PageRank which is ignorant of any field information."
  },
  {
    "sec_id": "sec0050",
    "sentence": "The best results by a wide margin are achieved by our metrics, RAF(c) and RAF(p), obtained using the new rescaling."
  },
  {
    "sec_id": "sec0050",
    "sentence": "Nevertheless, both these metrics fail to meet the 95% upper bound achieved by simulated unbiased rankings."
  },
  {
    "sec_id": "sec0050",
    "sentence": "As disappointing as it may seem, this finding is not entirely surprising as the proposed rescaling procedures focus on equalizing the first two moments of the respective quantities (c and p) whereas the quantities\u2019 distributions can differ also by higher moments."
  },
  {
    "sec_id": "sec0050",
    "sentence": "To understand which field contributes the most to the resulting dM values, we derived an alternative analytic expression for the dM(7)dM(k\u2192,\u03bc\u2192)2=\u2211iFzi21\u2212kiNwhere we omit the metric superscript (m) from the notation for zi and k\u2192 for simplicity."
  },
  {
    "sec_id": "sec0050",
    "sentence": "We have proven this formula analytically for F\u00a0=\u00a03, 4, 5, 6, and we have numerically tested it for F\u00a0=\u00a019 and 760 (see [sec0115]); it remains open to prove it in arbitrary dimensions."
  },
  {
    "sec_id": "sec0050",
    "sentence": "In [tbl0005], we report the individual fields\u2019 contributions to the dM2 calculated using Eq. [eq0035]."
  },
  {
    "sec_id": "sec0050",
    "sentence": "We find that Biology and Computer Science are the fields which give the biggest contributions to the dM2 for the rankings by citation count and relative citation count, respectively."
  },
  {
    "sec_id": "sec0050",
    "sentence": "This could not have been detected by looking at the deviations from the expected values."
  },
  {
    "sec_id": "sec0050",
    "sentence": "Indeed, in [fig0005] we only see that Environmental Science and Political Science have the largest deviations."
  },
  {
    "sec_id": "sec0050",
    "sentence": "For the novel indicators, approximately one third of the dM2 of RAF(c) is explained by the field of Economics and approximately one fourth of the dM2 of RAF(p) is explained by the field of Mathematics."
  },
  {
    "sec_id": "sec0050",
    "sentence": "Table 1."
  },
  {
    "sec_id": "sec0050",
    "sentence": "The individual contribution zi2(1\u2212ki/N) of each field i to the dM of the different metrics."
  },
  {
    "sec_id": "sec0050",
    "sentence": "The bold values mark the fields that give the largest contribution to the dM of each metric."
  },
  {
    "sec_id": "sec0050",
    "sentence": "The bold values mark the fields that give the largest contribution to the dM of each metric."
  },
  {
    "sec_id": "sec0050",
    "sentence": "In addition, we also find that the dM's contributions across different fields assume values in a relatively broad range."
  },
  {
    "sec_id": "sec0050",
    "sentence": "This suggests that findings on rankings\u2019 bias by field may strongly depend on which disciplines are included or not in the analysis."
  },
  {
    "sec_id": "sec0050",
    "sentence": "We argue that arbitrary choices on which fields to include should be avoided in future research on field-normalization of impact indicators."
  },
  {
    "sec_id": "sec0050",
    "sentence": "To summarize, our bias suppression test allows us not only to estimate the level of bias (dM) of the various metrics, but also to quantify which percentage of the total bias (dM2) of an indicator is explained by each single field."
  },
  {
    "sec_id": "sec0050",
    "sentence": "While the analysis of the previous section focused on the ranking bias by field, in this section we use the dM to simultaneously assess the bias by age and field of a given ranking."
  },
  {
    "sec_id": "sec0050",
    "sentence": "In [fig0025], we show the dM's for the different indicators and for the 95% confidence interval for the simulated unbiased selection process using 40\u00a0\u00d7\u00a019 age-field types of publications."
  },
  {
    "sec_id": "sec0050",
    "sentence": "For citation count, PageRank, relative citation count and age-rescaled PageRank we have to reject the hypothesis that the rankings of these indicators are not biased by age and field."
  },
  {
    "sec_id": "sec0050",
    "sentence": "For the improved indicators, age- and field-rescaled citation count and PageRank, we also have to reject the null hypothesis, even though they are much closer to the 95% confidence interval."
  },
  {
    "sec_id": "sec0050",
    "sentence": "It is worth to notice that age-rescaled PageRank, an indicator developed to only remove PageRank's bias by age ([bib0135]), is significantly less biased compared to relative citation count, an indicator specifically designed to simultaneously remove bias by age and field.",
    "intent": "background"
  },
  {
    "sec_id": "sec0050",
    "sentence": "To visualize the field and age bias of the rankings by the analyzed indicators, we use heatmaps in the age-field group plane (see [fig0030])."
  },
  {
    "sec_id": "sec0050",
    "sentence": "In these heatmaps, each cell represents a field-age group, and its color indicates the level of bias."
  },
  {
    "sec_id": "sec0050",
    "sentence": "A white cell indicates that the number of papers in the respective age-field group falls into the 95% confidence level (C95%) determined with the simulations."
  },
  {
    "sec_id": "sec0050",
    "sentence": "Hence, white means that no bias is detected for that age-field group."
  },
  {
    "sec_id": "sec0050",
    "sentence": "While for representing the bias towards or against a group of papers, we use blue (overestimation) and red (underestimation)."
  },
  {
    "sec_id": "sec0050",
    "sentence": "To obtain a range of over/under-estimation, the brightness of the colors ranges from white (no bias) to intense blue/red."
  },
  {
    "sec_id": "sec0050",
    "sentence": "The most intense colors indicate that the number of papers from that age-field group is 5 standard deviation smaller/bigger than the expected value."
  },
  {
    "sec_id": "sec0050",
    "sentence": "The top panel of [fig0030] shows that, independently of field, citation count and PageRank systematically over-represent old papers and under-represent recent papers."
  },
  {
    "sec_id": "sec0050",
    "sentence": "This is in agreement with the findings of several other works ([bib0045], [bib0130], [bib0135], [bib0160]).",
    "intent": "similarities"
  },
  {
    "sec_id": "sec0050",
    "sentence": "The only exception is Political Science which is usually underestimated independently of paper age."
  },
  {
    "sec_id": "sec0050",
    "sentence": "We argue that this happens because this is the smallest field in the data set, and it has become an academic discipline by itself much later compared to most of the other fields[fn0015]."
  },
  {
    "sec_id": "sec0050",
    "sentence": "Also, the oldest papers in most fields are under-represented by citation count, which reflects the change of citation practices over time."
  },
  {
    "sec_id": "sec0050",
    "sentence": "The middle panels of [fig0030] show that the relative citation count and age-rescaled PageRank suppress large part of the biases of the original metrics, yet specific fields are consistently overestimated or underestimated."
  },
  {
    "sec_id": "sec0050",
    "sentence": "For example, both age-rescaled PageRank and relative citation count under-represent papers belonging to the field of Chemistry."
  },
  {
    "sec_id": "sec0050",
    "sentence": "A peculiarity of relative citation count is that it over-represents both the oldest as well as the most recent papers at the cost of the other papers."
  },
  {
    "sec_id": "sec0050",
    "sentence": "The bottom panels of [fig0030] show the heatmaps for the new indicators age- and field- rescaled citation count RAF(c) and PageRank RAF(p)."
  },
  {
    "sec_id": "sec0050",
    "sentence": "We find that the respective rankings are much less biased towards specific fields compared to all the other analyzed measures."
  },
  {
    "sec_id": "sec0050",
    "sentence": "However, there are two patterns: for RAF(c) recent publications tend to be underestimated for some fields, whereas for RAF(p) recent publication tend to be overestimated for almost all fields."
  },
  {
    "sec_id": "sec0050",
    "sentence": "These rather systematic patterns must have their roots in changes of the citation and PageRank score distributions with time."
  },
  {
    "sec_id": "sec0050",
    "sentence": "Since our rescaling procedure was fixing the first two moments of these distributions, the observed patterns come from differences in higher moments."
  },
  {
    "sec_id": "sec0050",
    "sentence": "Thus, the distributions of RAF(c) and RAF(p) are aligned only partially for papers of different age."
  },
  {
    "sec_id": "sec0085",
    "sentence": "To summarize, in this paper we have analyzed a large citation network from the Microsoft Academic Graph to show that the rankings of papers by well-known indicators are extremely biased by age and field."
  },
  {
    "sec_id": "sec0085",
    "sentence": "The level of bias of the rankings has been quantified with a new statistical framework based on the Mahalanobis distance."
  },
  {
    "sec_id": "sec0085",
    "sentence": "This framework has allowed us to simultaneously quantify the age and field biases of the analyzed rankings, and to determine which groups of papers give the largest contributions to the observed bias."
  },
  {
    "sec_id": "sec0085",
    "sentence": "To allow other researcher to easily implement our statistical test for ranking bias, we make the respective code publicly available[fn0020] together with a quick tutorial on how to use it.[fn0025] In addition, we have also introduced two new indicators of paper impact, rescaled citation count RAF(c) and rescaled PageRank RAF(p) that produce much less biased rankings than existing indicators."
  },
  {
    "sec_id": "sec0085",
    "sentence": "In particular, the ranking by RAF(p) is approximately three times less biased compared to the least biased existing metrics, relative citation count and age-rescaled PageRank."
  },
  {
    "sec_id": "sec0085",
    "sentence": "The contribution of our results to the debate on the validity of field-normalization procedures is threefold."
  },
  {
    "sec_id": "sec0085",
    "sentence": "First, our findings are in agreement with the conclusions of [bib0010] and [bib0265] which argued that the relative citation count introduced by [bib0195] can be insufficient to effectively remove citation count's bias by age and field.",
    "intent": "similarities"
  },
  {
    "sec_id": "sec0085",
    "sentence": "Second, we show the importance of testing indicators using an accurate statistical procedure, such the one introduced in this paper."
  },
  {
    "sec_id": "sec0085",
    "sentence": "Indeed, for the least-biased indicators analyzed, RAF(c) and RAF(p), no clear indication of bias is found at first glance."
  },
  {
    "sec_id": "sec0085",
    "sentence": "However, when using the statistical test based on the Mahalanobis distance, we find a significant discrepancy between their rankings and those coming from unbiased sampling process."
  },
  {
    "sec_id": "sec0085",
    "sentence": "We argue that including higher-order momenta (such as the skewness) in the rescaling procedure can be an efficient way to further reduce the rankings\u2019 level of bias."
  },
  {
    "sec_id": "sec0085",
    "sentence": "Third, by deriving an explicit formula to calculate the contribution of each field to the bias of a ranking, we find that the these contributions assume a broad range of values."
  },
  {
    "sec_id": "sec0085",
    "sentence": "We obtain similar findings also for the contributions to the age-field bias."
  },
  {
    "sec_id": "sec0085",
    "sentence": "This means that the level of bias of rankings depends heavily on which years or fields are included in the analysis."
  },
  {
    "sec_id": "sec0085",
    "sentence": "For this reason, in future research on age and field normalization of indicators, it is essential to clearly motivate which years and fields are included in the analysis, avoiding arbitrary or uncritical decisions."
  },
  {
    "sec_id": "sec0085",
    "sentence": "To address the bias by age and field of ranking of papers, we have first divided the papers in groups with similar age and from the same field."
  },
  {
    "sec_id": "sec0085",
    "sentence": "Then, we considered only the sizes of these groups to define an unbiased selection process from which we obtained a statistical null model for an unbiased ranking."
  },
  {
    "sec_id": "sec0085",
    "sentence": "In principle, additional information can be included into the null model to correct for other effects."
  },
  {
    "sec_id": "sec0085",
    "sentence": "For example, including information about the co-authorship network would permit to correct for the effect of this network on the growth and structure of the citation network ([bib0205]; [bib0210]).",
    "intent": "background"
  },
  {
    "sec_id": "sec0085",
    "sentence": "In this way, we would gain a better understanding of how the social dimension of science contributes to the field and age biases of impact indicators."
  },
  {
    "sec_id": "sec0085",
    "sentence": "We emphasize that removing the biases addressed in this paper and those that come from social aspects is of primary importance not only for scholarly publication databases, but also for several other information systems, such as the WWW or online social networks ([bib0215]).",
    "intent": "background"
  },
  {
    "sec_id": "sec0085",
    "sentence": "As a matter of fact, every day scholars and on-line users explore available knowledge using recommender systems based on ranking algorithms."
  },
  {
    "sec_id": "sec0085",
    "sentence": "This challenges us to design more sophisticated filtering and ranking procedures to avoid biases that can systematically hide relevant contents or only show information too similar to what the users already know."
  },
  {
    "sec_id": "sec0085",
    "sentence": "While we have analyzed in detail the presence of age and field bias in the ranking, it still remains to evaluate the actual ranking performance of the newly proposed indicators in artificial data ([bib0150]) or in real data where the ground truth is provided by some external source ([bib0060]; [bib0135]).",
    "intent": "future_work"
  },
  {
    "sec_id": "sec0085",
    "sentence": "Another important issue is the comparison between metrics based on citation count and metrics that take the whole citation network into account to determine papers\u2019 score."
  },
  {
    "sec_id": "sec0085",
    "sentence": "Our analysis (see Section D) shows that the rankings by the least-biased indicators RAF(c) (citation-based) and RAF(p) (network-based) are positively correlated, still substantially different."
  },
  {
    "sec_id": "sec0085",
    "sentence": "Can we use the extra-information provided by the network to enhance our ability to identify highly-significant publications?"
  },
  {
    "sec_id": "sec0085",
    "sentence": "Our intuition and the results presented by [bib0045] and by [bib0135] for specific research fields suggest that this is the case.",
    "intent": "similarities"
  },
  {
    "sec_id": "sec0085",
    "sentence": "Yet, we need additional analysis to validate this conjecture in larger datasets such as the one analyzed in this article."
  },
  {
    "sec_id": "sec0085",
    "sentence": "To conclude, by reducing the age and field biases from indicators of scientific impact and by extending the existing statistical tests for biases, we contribute to the challenge of quantifying and suppressing biases of rankings in information systems."
  },
  {
    "sec_id": "sec0090",
    "sentence": "In this work, we analyzed the dump of the Microsoft Academic Graph (MAG) released for the KDD Cup 2016 ([bib0230]), a competition linked to a prestigious computer science conference on knowledge discovery and data mining (KDD).",
    "intent": "uses"
  },
  {
    "sec_id": "sec0090",
    "sentence": "Among the primary interests of the community organizing the KDD Cup, there are the technical challenges related to web-scale data collection and aggregation."
  },
  {
    "sec_id": "sec0090",
    "sentence": "For this reason, the released data for the KDD Cup 2016 went through only basic processing.[fn0030] Each publication in the dataset is endowed with its unique identifier, paperid, publication date, references to other publications, and its field of study."
  },
  {
    "sec_id": "sec0090",
    "sentence": "When analyzing the data, we do not distinguish the publications by their type (paper, review, book, etc.)."
  },
  {
    "sec_id": "sec0090",
    "sentence": "Further, we also do not differentiate between different types of journals and take into account all of them: for example, we do not distinguish between a citation coming (or going) from (or to) a letter or a book."
  },
  {
    "sec_id": "sec0090",
    "sentence": "We argue that it is important to keep various types of journals and publications because different fields adopt not only different citation norms, but also different ways to communicate their results."
  },
  {
    "sec_id": "sec0090",
    "sentence": "For example, computer science researchers commonly publish results in conference proceedings, while physics authors tend to prefer articles or letters."
  },
  {
    "sec_id": "sec0090",
    "sentence": "At the same time, we are aware that different types of publications might have different citation characteristics."
  },
  {
    "sec_id": "sec0090",
    "sentence": "However, good indicators should ideally be able to account for heterogeneities among publications and citation norms across different communities and produce unbiased rankings without the need for arbitrary choices about which types of articles to include in the analysis."
  },
  {
    "sec_id": "sec0090",
    "sentence": "In addition, similarly as [bib0265] and differently from [bib0195], we do not exclude publications which do not receive citations.",
    "intent": "similarities differences"
  },
  {
    "sec_id": "sec0090",
    "sentence": "As mentioned in Section [sec0010], the MAG has a field classification scheme with 4 hierarchical levels."
  },
  {
    "sec_id": "sec0090",
    "sentence": "The field assignment is based on an internal algorithm that uses a machine learning approach ([bib0230]).",
    "intent": "uses"
  },
  {
    "sec_id": "sec0090",
    "sentence": "In our work, similarly to [bib0195], we are only interested in impact metric normalization at the most coarse-grained level.",
    "intent": "similarities"
  },
  {
    "sec_id": "sec0090",
    "sentence": "To this aim, in our analysis, we focus only on the 19 main fields as listed in [tbl0010]."
  },
  {
    "sec_id": "sec0090",
    "sentence": "Discussing the possible limitations of the classification approach by MAS and the dependence of our results on the adopted classification scheme is a relevant subject for future research but goes beyond the scope of this manuscript."
  },
  {
    "sec_id": "sec0090",
    "sentence": "We only included in the analysis papers for which the following information are available: (1) unique identifier (ID); (2) complete publication date (yyyy/mm/dd) crucial for the temporal rescaling procedure that is explained in the following; (3) DOI or journal-id, in order to be able to retrieve the publication; (4) assignment to at least one of the main 19 fields."
  },
  {
    "sec_id": "sec0090",
    "sentence": "We discard from our analysis publications for which one or more of these four properties are missing."
  },
  {
    "sec_id": "sec0090",
    "sentence": "With this filtering procedure, we obtain N\u00a0=\u00a018\u00a0193\u00a0082 unique publications and E\u00a0=\u00a0109\u00a0719\u00a0182 citations."
  },
  {
    "sec_id": "sec0090",
    "sentence": "We first observe that the distributions of both incoming and outgoing edges are broad (see [fig0035])."
  },
  {
    "sec_id": "sec0090",
    "sentence": "Both these distribution in fact have long and heavy tails."
  },
  {
    "sec_id": "sec0090",
    "sentence": "In addition, we also observe strong variations of the mean citation count across fields (see [tbl0010] for details)."
  },
  {
    "sec_id": "sec0090",
    "sentence": "For example, publications belonging to the field of Environmental Science and of Political Science have mean citation count two times bigger and smaller, respectively, compared to the average citation count across all fields."
  },
  {
    "sec_id": "sec0090",
    "sentence": "In agreement with the findings by [bib0195], [bib0225], [bib0245], the strong variety in mean citation count per publication for the various fields confirms that the corresponding communities exhibit different citation behavior, which calls for field normalization procedures.",
    "intent": "similarities"
  },
  {
    "sec_id": "sec0090",
    "sentence": "Table A.2."
  },
  {
    "sec_id": "sec0090",
    "sentence": "Main fields."
  },
  {
    "sec_id": "sec0090",
    "sentence": "The 19 parent main fields identified by Microsoft Academic Graph with their number of publications and average citations."
  },
  {
    "sec_id": "sec0090",
    "sentence": "The second to last row reports the total number of publications considering multiple times publications that belong to more than one fields, whereas the last row reports the total number of unique publications and the average citation count."
  },
  {
    "sec_id": "sec0090",
    "sentence": "Here, we address the following question: to which extent is the KDD dump of the MAG in accordance with the most updated online version of the MAG?[fn0035] For this comparison, we divided the 49\u00a0296\u00a0327 analyzed paper-field pairs (one paper-field pair is composed of a paper and the fields that paper belongs to) into 760 age and field groups, as described in Section [sec0050]."
  },
  {
    "sec_id": "sec0090",
    "sentence": "From each group, we randomly choose 0.1% of papers."
  },
  {
    "sec_id": "sec0090",
    "sentence": "Following this procedure, we obtained a representative sample with respect to field and age composed of approximately 50\u00a0000 papers."
  },
  {
    "sec_id": "sec0090",
    "sentence": "First, we have matched the paper ID in hexadecimal format present in the data released for the KDD Cup to the paper ID in int64 format present in the on-line version of the MAG."
  },
  {
    "sec_id": "sec0090",
    "sentence": "For 50 papers, we manually verified that the paper IDs were exactly the same in the two datasets, albeit represented in different formats."
  },
  {
    "sec_id": "sec0090",
    "sentence": "Then, using the Academic Knowledge Api,[fn0040] we have downloaded the number of citations for each sampled paper."
  },
  {
    "sec_id": "sec0090",
    "sentence": "For the 2.3% of the sampled papers, we were not able to find their corresponding paper in the online MAG."
  },
  {
    "sec_id": "sec0090",
    "sentence": "For 50 unmatched papers, we found out that these were papers with duplicates in the KDD Cup data, i.e. these papers are present in the KDD data with two distinct IDs, and only one of the two IDs is present in the MAG."
  },
  {
    "sec_id": "sec0090",
    "sentence": "For the matched papers (97.7% of the sample), we compared the number of citations reported in the KDD dump of the MAG with the number of citations reported on the online version of the MAG."
  },
  {
    "sec_id": "sec0090",
    "sentence": "Since the online MAG has a longer time span than the KDD data, in the absence of noise, we would expect the number of citations in the KDD data to be smaller than or equal to the number of citations reported in the online MAG."
  },
  {
    "sec_id": "sec0090",
    "sentence": "We find that the two citation counts are highly correlated ([fig0040]), and only the 2.2% of the sampled papers have more citations in the KDD data compared to the online version of the MAG."
  },
  {
    "sec_id": "sec0090",
    "sentence": "This sets a lower boundary for the error in the percentage of papers with wrong number of citations to about 2.2%."
  },
  {
    "sec_id": "sec0090",
    "sentence": "To summarize, after our filtering procedure, we find that the data released for KDD Cup 2016 has about 2.3% of papers with duplicates."
  },
  {
    "sec_id": "sec0090",
    "sentence": "In addition, about 2.2% of the matched papers have errors in their citation count."
  },
  {
    "sec_id": "sec0090",
    "sentence": "This means that we have correct citation information for about 95.6% of the analyzed papers."
  },
  {
    "sec_id": "sec0115",
    "sentence": "The Mahalanobis distance (dM) is an established measure in statistics which generalizes the concept of z-score to multivariate distributions by taking into account also possible correlations between the random variables ([bib0125]).",
    "intent": "background"
  },
  {
    "sec_id": "sec0115",
    "sentence": "Its definition reads(B.1)dM(x\u2192,y\u2192)=(x\u2192\u2212y\u2192)TS\u22121(x\u2192\u2212y\u2192)where S\u22121 is the inverse of the covariance matrix, x\u2192 and y\u2192 are two vectors containing the random variables."
  },
  {
    "sec_id": "sec0115",
    "sentence": "When the covariance matrix is diagonal, i.e. the random variables are not correlated, than the dM is equivalent to the square root of the sum of the squares of the z-scores."
  },
  {
    "sec_id": "sec0115",
    "sentence": "In Section [sec0070], we have used Eq. [eq0035], an expression for the dM valid when the covariance matrix comes from a Multivariate Hypergeometric Distribution (MHD), i.e., when the elements of the matrix are(B.2)Sij=\u03b4ij(Ki(N\u2212Ki))\u22121\u2212\u03b4ijKiKj\u03b3\u2200i,j=1,\u2026,F\u22121where \u03b4ij is the Kronecker delta, Ki is the number of papers of category i, N=\u2211iFKi is the total number of papers, F is the number of paper categories, \u03b3\u00a0=\u00a0n(N\u00a0\u2212\u00a0n)/N2(N\u00a0\u2212\u00a01) and n is the number of sampled papers."
  },
  {
    "sec_id": "sec0115",
    "sentence": "It is worthy to remember that even though we have F different categories, we only have F\u00a0\u2212\u00a01 degrees of freedom."
  },
  {
    "sec_id": "sec0115",
    "sentence": "Here, we derive Eq. [eq0035] for the case of a MHD in three dimensions, i.e., for F\u00a0=\u00a03."
  },
  {
    "sec_id": "sec0115",
    "sentence": "In this case, the covariance matrix is 2\u00a0\u00d7\u00a02:(B.3)S=\u03b3K1(N\u2212K1)\u2212K1K2\u2212K1K2K2(N\u2212K2)and the inverse of the covariance matrix is(B.4)S\u22121=1\u03b3det(S)K2(N\u2212K2)K1K2K1K2K1(N\u2212K1)where det(S)\u00a0=\u00a0K1(N\u00a0\u2212\u00a0K1)K2(N\u00a0\u2212\u00a0K2)\u00a0\u2212\u00a0(K1K2)2 denotes the determinant of the covariance matrix, S."
  },
  {
    "sec_id": "sec0115",
    "sentence": "Then, let us consider two random column vectors extracted from a 3-dimensional MHD, x\u2192=(x1,x2,x3)T and y\u2192=(y1,y2,y3)T such that n=\u2211i=13xi=\u2211i=13yi where n is the number of sampled papers."
  },
  {
    "sec_id": "sec0115",
    "sentence": "Substituting Eq. [eq0055] in Eq. [eq0040], we write the square of the dM between x\u2192 and y\u2192 asdM(x\u2192,y\u2192)2=1\u03b3det(S)x1\u2212y1x2\u2212y2K2(N\u2212K2)+K1K2+K1K2K1(N\u2212K1)x1\u2212y1x2\u2212y2=1\u03b3det(S)(x1\u2212y1)2K2(N\u2212K2)+(x2\u2212y2)2K1(N\u2212K1)+2(x1\u2212y1)(x2\u2212y2)(K1K2))=1\u03b3det(S)(x1\u2212y1)2K2(K1+K3)+(x2\u2212y2)2K1(K2+K3)+2(x1\u2212y1)(x2\u2212y2)(K1K2)=1\u03b3det(S)(x1\u2212y1)2K2K3+(x2\u2212y2)2K1K3+(x1\u2212y1)+(x2\u2212y2)2K1K2where we have used N=\u2211i=13Ki."
  },
  {
    "sec_id": "sec0115",
    "sentence": "Recalling that n=\u2211i=13xi=\u2211i=13yi, we know that (x1\u00a0\u2212\u00a0y1)\u00a0+\u00a0(x2\u00a0\u2212\u00a0y2)\u00a0=\u00a0(x3\u00a0\u2212\u00a0y3), so we write(B.5)dM(x\u2192,y\u2192)2=1\u03b3det(S)(x1\u2212y1)2K2K3+(x2\u2212y2)2K1K3+(x3\u2212y3)2K1K2Then, by using the relation det(S)=N\u220fi=13Ki, we have:(B.6)dM(x\u2192,y\u2192)2=1\u03b3\u2211i=13(xi\u2212yi)2NKi;noticing from Eq. [eq0045] that \u03b3\u00a0=\u00a0Si,i/(Ki(N\u00a0\u2212\u00a0Ki)), we obtain(B.7)dM(x\u2192,y\u2192)2=\u2211i=13(xi\u2212yi)2SiiKi(N\u2212Ki)NKi=\u2211i=13(xi\u2212yi)2Sii1\u2212KiNFinally, if we choose one of the two vectors to contain the expected values, \u03bci, we re-obtain Eq. [eq0035] since (xi\u2212\u03bci)2/Sii=zi2."
  },
  {
    "sec_id": "sec0115",
    "sentence": "To be precise, the covariance matrix is not defined for i\u00a0=\u00a03, however the relation \u03b3=\u03c332/(K3(N\u2212K3)) holds and therefore also the final result."
  },
  {
    "sec_id": "sec0115",
    "sentence": "Using Mathematica or similar softwares, it is easy to prove analytically that eq."
  },
  {
    "sec_id": "sec0115",
    "sentence": "[eq0035] holds for small dimensions."
  },
  {
    "sec_id": "sec0115",
    "sentence": "We have verified it until 6 dimensions."
  },
  {
    "sec_id": "sec0115",
    "sentence": "Moreover, we have numerically tested this formula by calculating the dM's between the ranking vectors of the indicators and the vector of expected values, \u03bc\u2192, with two different alternative methods: (1) by using Eq. [eq0040], i.e., by inverting the covariance matrix, and (2) by using the eigenvalue decomposition of the covariance matrix.[fn0045] The results of the three methods were all compatible with each other up to 10 decimal digits."
  },
  {
    "sec_id": "sec0115",
    "sentence": "The advantage of using Eq. [eq0035] is that we can calculate the dM between two arbitrary vectors without dealing with any (computationally slow) matrix inversion or diagonalization, and the number of needed calculations scales linearly with the number of dimensions."
  },
  {
    "sec_id": "sec0115",
    "sentence": "Importantly, Eq. [eq0035] allows also to assess the individual contribution of each dimension (i.e. of each category) to the dM2."
  },
  {
    "sec_id": "sec0115",
    "sentence": "To our best knowledge, we are the first ones to have derived such explicit formula for dM when the covariance matrix and the random vectors come from a MHD."
  },
  {
    "sec_id": "sec0120",
    "sentence": "According to [bib0195], the distribution of the cf indicator is log-normal:(C.1)F(cf)dcf=1\u03c3cf2\u03c0e\u2212[log(cf)\u2212\u03bc]2/2\u03c32dcfwhere \u03bc\u00a0=\u2212\u00a0\u03c32/2 and \u03c3 is fitted from the data.",
    "intent": "background"
  },
  {
    "sec_id": "sec0120",
    "sentence": "When Eq. [eq0080] is verified, then also the distributions of citation count, ci, for all the individual fields, i, are lognormal:(C.2)F(ci)dci=1\u03c3ci2\u03c0e\u2212[log(ci)\u2212log(c0)\u2212\u03bc]2/2\u03c32dciwhere c0 is the mean of ci."
  },
  {
    "sec_id": "sec0120",
    "sentence": "For lognormal distributions the variance is proportional to the square of the mean and the constant of proportionality is (e\u03c32\u22121)."
  },
  {
    "sec_id": "sec0120",
    "sentence": "From Eq. [eq0085], we see that the citation counts ci are distributed lognormally with mean e\u03bc+log(c0)+\u03c32/2 and variance (e\u03c32\u22121)e2\u03bc+2log(c0)+\u03c32."
  },
  {
    "sec_id": "sec0120",
    "sentence": "Recalling that \u03bc\u00a0=\u2212\u00a0\u03c32/2, we have that the mean is c0, as it is expected, while the variance becomes (e\u03c32\u22121)c02."
  },
  {
    "sec_id": "sec0120",
    "sentence": "Thus, when eq."
  },
  {
    "sec_id": "sec0120",
    "sentence": "[eq0080] is verified, the variance of the empirical distribution of the citations for each field has to be proportional to the square of the mean citation count."
  },
  {
    "sec_id": "sec0120",
    "sentence": "Moreover, the constant of proportionality has to be (e\u03c32\u22121) for every field and year."
  },
  {
    "sec_id": "sec0120",
    "sentence": "The analytic result just presented is in line with Eq. [eq0080] given in Appendix C of [bib0135].",
    "intent": "similarities"
  },
  {
    "sec_id": "sec0120",
    "sentence": "There it is shown that a rescaling procedure based on diving the original score by their first moment works if the ratio between standard deviation and mean is constant."
  },
  {
    "sec_id": "sec0120",
    "sentence": "In the case of the relative citation ratio, we can calculate analytically such constant using the lognormal distribution and obtain the fitting parameter \u03c32."
  },
  {
    "sec_id": "sec0120",
    "sentence": "In [fig0045], we report the distribution of \u03c32 obtained by calculating the empirical ratio between the variance and the square of the mean, r, and by inverting the relation r=(e\u03c32\u22121) for every field and year."
  },
  {
    "sec_id": "sec0120",
    "sentence": "If the universality claim was correct, we would expect a narrow distribution of \u03c32."
  },
  {
    "sec_id": "sec0120",
    "sentence": "By contrast, we find that \u03c32 ranges between 0 and 8 across different fields and years."
  },
  {
    "sec_id": "sec0120",
    "sentence": "We argue that the broad range of \u03c32 is the reason why the first moment rescaling introduced in ([bib0195]) does not work in the analyzed dataset.",
    "intent": "motivation"
  },
  {
    "sec_id": "sec0125",
    "sentence": "In Section [sec0050], we have shown that the rankings by citation count and PageRank can be substantially leveled off across different fields and age groups through a rescaling procedure based on the z-score."
  },
  {
    "sec_id": "sec0125",
    "sentence": "The two resulting indicators, RAF(p) and RAF(c), are the least biased among the indicators considered in this paper."
  },
  {
    "sec_id": "sec0125",
    "sentence": "It is important to notice that while citation count has a direct interpretation and it is widely used in research evaluation ([bib0270]), PageRank score is a more sophisticated quantity which has not yet be turned into a standard tool for research assessment.",
    "intent": "background"
  },
  {
    "sec_id": "sec0125",
    "sentence": "If the rankings by rescaled PageRank and rescaled citation count brought similar information, rescaled citation count might be preferred due to its simpler interpretation and easier computation."
  },
  {
    "sec_id": "sec0125",
    "sentence": "Differently from the citation count, PageRank score uses information on the whole network topology to compute each paper's score."
  },
  {
    "sec_id": "sec0125",
    "sentence": "While there exists no universal criterion to decide whether PageRank score leads to a better ranking than the citation count, the results by [bib0045] and [bib0135] suggest that in citation networks, PageRank score improves our ability to find groundbreaking publications in the data.",
    "intent": "background"
  },
  {
    "sec_id": "sec0125",
    "sentence": "On the other hand, a node that received many citations is more likely to achieve larger PageRank score \u2013 [bib0070] showed that PageRank score is on average proportional to citation count for uncorrelated networks.",
    "intent": "background"
  },
  {
    "sec_id": "sec0125",
    "sentence": "We address now the question: To what extent the rankings by (rescaled) PageRank and (rescaled) citation count differ? We focus on two correlations: (1) the correlation between citation count and PageRank, which has been of interest for previous studies ([bib0040], [bib0070], [bib0165]) due to the essential role played by PageRank algorithm in determining the success of Google's Web search engine; (2) the correlation between the two rescaled indicators RAF(c) and RAF(p).",
    "intent": "uses"
  },
  {
    "sec_id": "sec0125",
    "sentence": "The measured correlations are all positive, significantly larger than zero, yet significantly smaller than one (see [tbl0015])."
  },
  {
    "sec_id": "sec0125",
    "sentence": "This is interesting as it may point out that, in analogy with the findings by [bib0045], [bib0135], [bib0200], network topology brings useful information that is neglected by citation count.",
    "intent": "similarities"
  },
  {
    "sec_id": "sec0125",
    "sentence": "Whether the additional information used by PageRank metric can be used to identify groups of significant papers will be the subject of future research."
  },
  {
    "sec_id": "sec0125",
    "sentence": "Table D.3."
  },
  {
    "sec_id": "sec0125",
    "sentence": "Correlations between the metrics."
  },
  {
    "sec_id": "sec0125",
    "sentence": "The four columns represent (from left to right): Pearson's correlation coefficient r, r restricted to papers that received at least ten citations, Spearman's rank correlation coefficient \u03c1, and \u03c1 restricted to papers that received at least ten citations."
  },
  {
    "sec_id": "sec0125",
    "sentence": "Differently than the rankings by citation count and PageRank score (not shown here), the top papers identified by RAF(c) and RAF(p) come from diverse historical period and diverse fields."
  },
  {
    "sec_id": "sec0125",
    "sentence": "Due to the lack of time bias, also very recent papers can reach the top of the rankings by RAF(c) and RAF(p)."
  },
  {
    "sec_id": "sec0125",
    "sentence": "It would be instructive to look at the top papers as ranked by rescaled citation count and rescaled PageRank."
  },
  {
    "sec_id": "sec0125",
    "sentence": "However, the original MAG datasets presents noisy entries, as reported by the KDD cup 2016 (see [sec0090] for more details), and it causes the scores of some recent papers to be over-estimated, which makes some of the entries in the top-20 of the rankings by the rescaled scores unreliable."
  },
  {
    "sec_id": "sec0125",
    "sentence": "For this reason, we do not show the rankings here."
  },
  {
    "sec_id": "sec0125",
    "sentence": "At the same, this problem does not affect the statistical results presented in the previous Sections."
  }
]