[
  {
    "sec_id": "sec0005",
    "sentence": "On first sight, the h-index, defined as the largest number h of publications which have received at least h citation each, does not depend explicitly on any parameter."
  },
  {
    "sec_id": "sec0005",
    "sentence": "However, one can easily introduce a prefactor and require that the h publications have received at least q*h citations each."
  },
  {
    "sec_id": "sec0005",
    "sentence": "This arbitrariness was already noted by [bib0015], [bib0020] as well as [bib0010].",
    "intent": "background"
  },
  {
    "sec_id": "sec0005",
    "sentence": "[bib0050] utilized the prefactor to define a generalized index.",
    "intent": "background"
  },
  {
    "sec_id": "sec0005",
    "sentence": "I have recently analyzed the citation records of 26 physicists and showed that the prefactor can substantially influence the ranking ([bib0045]).",
    "intent": "background"
  },
  {
    "sec_id": "sec0005",
    "sentence": "A disadvantage of the h-index is that further citations to the publications in the h-core, i.e., the h-defining set of publications, do not have any effect."
  },
  {
    "sec_id": "sec0005",
    "sentence": "To overcome this disadvantage, [bib0005] proposed the g-index as the largest number g of papers which have received at least g2 citations together, or equivalently at least g citations on average ([bib0040]).",
    "intent": "background"
  },
  {
    "sec_id": "sec0005",
    "sentence": "Again this definition does not explicitly involve any parameter, but like the h-index, it is arbitrary in so far as one can also utilize a prefactor and demand that the g papers should have received at least q*g2 citations together or q*g citations on average."
  },
  {
    "sec_id": "sec0005",
    "sentence": "This generalization has also been proposed already by [bib0050] in a slightly different way allowing for non-integer index values.",
    "intent": "similarities"
  },
  {
    "sec_id": "sec0005",
    "sentence": "In the present paper I present a case study of the arbitrariness by investigating the generalized g-index for the citation records of 26 physicists in analogy to my previous investigation of the generalized h-index ([bib0045]).",
    "intent": "similarities"
  },
  {
    "sec_id": "sec0005",
    "sentence": "Like for the h-index, the prefactor q influences the ranking in terms of the generalized g-index, but the effect is not so strong, because the averaging in the definition of the g-index smoothes the citation distribution curves."
  },
  {
    "sec_id": "sec0005",
    "sentence": "Consequently, a prefactor q\u00a0=\u00a02 leads only to very small changes in the ranking."
  },
  {
    "sec_id": "sec0005",
    "sentence": "On the other hand, for this value of q the sizes of the 26 g-cores are of the same order as those of the h-cores and thus much smaller than the cores for the original g-index."
  },
  {
    "sec_id": "sec0005",
    "sentence": "Consequently the precision problem, namely to verify that all papers in the core have indeed been published by the investigated author and that no highly cited publications are missed, is substantially reduced."
  },
  {
    "sec_id": "sec0005",
    "sentence": "This means that a major disadvantage of the g-index in comparison with the determination of the h-index can be avoided without losing the advantages of the g-index."
  },
  {
    "sec_id": "sec0005",
    "sentence": "The paper is organized as follows: In the next section the definition of the generalized g-index is given and visualized; changes in the ranking for the 26 datasets are shown and discussed."
  },
  {
    "sec_id": "sec0005",
    "sentence": "In the following section the results for the prefactor q\u00a0=\u00a02 are compared with the usual h-index and the A-index."
  },
  {
    "sec_id": "sec0005",
    "sentence": "In a final section further discussions and concluding remarks are given."
  },
  {
    "sec_id": "sec0010",
    "sentence": "The citation records of 26 physicists from my home Institute of Physics at Chemnitz University of Technology have been obtained from the Web of Science in January and February 2007 ([bib0055]) and used for an investigation of the g-index ([bib0035]).",
    "intent": "uses"
  },
  {
    "sec_id": "sec0010",
    "sentence": "All data were thoroughly checked with regard to homonyms in order to confirm the integrity of the raw data."
  },
  {
    "sec_id": "sec0010",
    "sentence": "The determination of the g-index can be visualized by depicting the averaged citation distributions as in [fig0005], where the average number of citations(1)c\u00af(r)=1r\u2211i=1rc(i),is plotted versus the rank r which each paper gets by sorting according to the number of citations c\u00af(r)."
  },
  {
    "sec_id": "sec0010",
    "sentence": "The intersection of these histograms with the diagonal c\u00af(r)=r yields the g-indices, i.e. c\u00af(g)=g."
  },
  {
    "sec_id": "sec0010",
    "sentence": "Due to the discreteness of the citation distribution, this condition is not always fulfilled and in order to be precise, one has to determine the largest value of g which satisfies(2)g\u2264c\u00af(g)This condition implies that c\u00af(g+1)<g+1."
  },
  {
    "sec_id": "sec0010",
    "sentence": "It is equivalent to the original definition by [bib0005] in terms of the sum of citations(3)s(r)=\u2211i=1rc(i)=rc\u00af(r),namely that g is the largest rank for which(4)s(g)\u2265g2.According to Eq. [eq0010] the g-index gives approximately the average number of citations in the g-core.",
    "intent": "background"
  },
  {
    "sec_id": "sec0010",
    "sentence": "Similarly, the A-index gives the average number of citations in the h-core(5)c\u00af(h)=A.I have already previously discussed the g-index for the present datasets in comparison with h and A ([bib0035]).",
    "intent": "background"
  },
  {
    "sec_id": "sec0010",
    "sentence": "Using a piecewise linear interpolation of the average number of citations between c\u00af(r) and c\u00af(r+1) what corresponds to an integration of the original histogram for the citation distribution c(r) as proposed by [bib0050] one can define a continuous index g\u02dc which exactly fulfills c\u00af(g\u02dc)=g\u02dc.",
    "intent": "uses"
  },
  {
    "sec_id": "sec0010",
    "sentence": "A slightly different continuous version was already suggested by [bib0030] and utilized in my previous comparison ([bib0035]).",
    "intent": "similarities"
  },
  {
    "sec_id": "sec0010",
    "sentence": "It is visualized in [fig0005] for two datasets, but shall not be further analyzed in the following."
  },
  {
    "sec_id": "sec0010",
    "sentence": "The usual integer results are obtained by truncating the interpolated index values, which means taking the floor function g=g\u02dc."
  },
  {
    "sec_id": "sec0010",
    "sentence": "The slope of the above utilized diagonal in [fig0005] is given by q\u00a0=\u00a0tan(\u03b1) where \u03b1\u00a0=\u00a045\u00b0 is the angle between the diagonal and the horizontal axis, so that q\u00a0=\u00a01."
  },
  {
    "sec_id": "sec0010",
    "sentence": "Thus choosing a different angle \u03b1 and in that way a different slope q\u00a0=\u00a0tan(\u03b1) just means an arbitrary prefactor in the definition of the generalized g\u03b1-index, c\u00af(g\u03b1)=tan(\u03b1)g\u03b1=qg\u03b1."
  },
  {
    "sec_id": "sec0010",
    "sentence": "Again, to be precise one has to search for the largest value of g\u03b1 which satisfies(6)qg\u03b1\u2264c\u00af(g\u03b1)what implies c\u00af(g\u03b1+1)<q(g\u03b1+1)."
  },
  {
    "sec_id": "sec0010",
    "sentence": "In the following I visualize the influence of the proportionality factor q or, equivalently, of the angle \u03b1 on the ranking."
  },
  {
    "sec_id": "sec0010",
    "sentence": "For this purpose I analyze how changing the size of the core of the most influential publications within all datasets alters the ranking."
  },
  {
    "sec_id": "sec0010",
    "sentence": "The datasets are labeled from A to Z from highest to lowest values of h as in the previous investigations."
  },
  {
    "sec_id": "sec0010",
    "sentence": "The averaged citation curves of datasets H, J, M, O, P, and Q are presented in [fig0005]."
  },
  {
    "sec_id": "sec0010",
    "sentence": "Obviously choosing another angle instead of 45\u00b0 for the diagonal leads to different values of g\u03b1 and sometimes to a different ranking of the scientists."
  },
  {
    "sec_id": "sec0010",
    "sentence": "The dependence of the indices g\u03b1 on q is shown in [fig0010]."
  },
  {
    "sec_id": "sec0010",
    "sentence": "Here the datasets have been sorted using the original g-index so that the middle line for \u03b1\u00a0=\u00a045\u00b0, i.e. q\u00a0=\u00a01 is monotonously increasing in the plot."
  },
  {
    "sec_id": "sec0010",
    "sentence": "The angle \u03b1 has been increased and decreased in steps of 5\u00b0."
  },
  {
    "sec_id": "sec0010",
    "sentence": "Corresponding values for q are denoted in [tbl0005]."
  },
  {
    "sec_id": "sec0010",
    "sentence": "This table includes also the accumulated number n(g\u03b1) of papers that belong to all the g-cores for a given \u03b1, i.e., how many papers contribute to the 26\u00a0g\u03b1-indices; this is equivalent to summing the g\u03b1 values for each \u03b1."
  },
  {
    "sec_id": "sec0010",
    "sentence": "Table 1."
  },
  {
    "sec_id": "sec0010",
    "sentence": "Pearson's correlation coefficients \u03ba and Spearman's rank-order correlation coefficients \u03bas between the original g-index and the g\u03b1-values for the data shown in [fig0010], [fig0015]; the correlation coefficients after excluding the top 3 and the bottom 3 datasets from the sample are also given; all correlation coefficients are significant at the 0.001 level as determined by the t distribution."
  },
  {
    "sec_id": "sec0010",
    "sentence": "q is the slope of the g\u03b1-determining line (compare [fig0005]) and n(g\u03b1) is the accumulated number of papers in all g-cores for each value of \u03b1."
  },
  {
    "sec_id": "sec0010",
    "sentence": "In [fig0010] already for \u03b1\u00a0=\u00a050\u00b0 small fluctuations can be detected which interrupt the monotony."
  },
  {
    "sec_id": "sec0010",
    "sentence": "For larger values of \u03b1 and q the deviations increase and appear for different datasets, so that the ranking is changed more frequently."
  },
  {
    "sec_id": "sec0010",
    "sentence": "But in comparison with the respective erratic changes of h\u03b1 which were presented in my previous investigation ([bib0045]) the fluctuations of g\u03b1 are relatively small.",
    "intent": "differences"
  },
  {
    "sec_id": "sec0010",
    "sentence": "This is not surprising, because the averaging of the citation frequencies leads to rather smooth distribution functions of c\u00af(r) in comparison with c(r)."
  },
  {
    "sec_id": "sec0010",
    "sentence": "These smoother functions appear in [fig0005] already, showing smaller steps than the corresponding original citation distributions."
  },
  {
    "sec_id": "sec0010",
    "sentence": "The deviations are stronger for smaller values of q and \u03b1 decreasing toward 0, where the lowly cited publications in the long tail of the citation distributions become relevant, too."
  },
  {
    "sec_id": "sec0010",
    "sentence": "But also in this range due to the averaging the fluctuations are relatively small compared to the respective behavior of the h\u03b1-index."
  },
  {
    "sec_id": "sec0010",
    "sentence": "The changes in the ranking are visualized in [fig0015]."
  },
  {
    "sec_id": "sec0010",
    "sentence": "Some ranks fluctuate strongly for large \u03b1."
  },
  {
    "sec_id": "sec0010",
    "sentence": "Note that in this range only few papers contribute and thus the smoothing effect due to the averaging is small, because not so many citation frequencies are averaged."
  },
  {
    "sec_id": "sec0010",
    "sentence": "Otherwise the changes are small and usually monotonous."
  },
  {
    "sec_id": "sec0010",
    "sentence": "At the top of the ranking nothing is altered, and at the bottom small changes lead to tied ranks and sometimes to interchanged ranks."
  },
  {
    "sec_id": "sec0010",
    "sentence": "A noteworthy exception is the dataset G which rises from rank 12 for g5\u00b0 to 9 before dropping to 13.5 and ending again at rank 12 for g85\u00b0."
  },
  {
    "sec_id": "sec0010",
    "sentence": "The strongest drop occurs for scientist N from 11 to 18.5, the largest improvement for researcher X from 23 to 11 monotonously except for one instance."
  },
  {
    "sec_id": "sec0010",
    "sentence": "Similarly scientist P advances from rank 13.5 for g5\u00b0 to rank 5 for g85\u00b0 also monotonously except for one instance."
  },
  {
    "sec_id": "sec0010",
    "sentence": "On the other hand researcher H remains at ranks 7, 7.5, or 8 for \u03b1\u00a0=\u00a05\u00b0 up to \u03b1\u00a0=\u00a080\u00b0 and only then drops fast to rank 12.0."
  },
  {
    "sec_id": "sec0010",
    "sentence": "In order to quantify these changes, Pearson's correlation coefficients \u03ba and Spearman's rank-order correlation coefficients \u03bas between the original g-index and the g\u03b1-values are presented in [tbl0005]."
  },
  {
    "sec_id": "sec0010",
    "sentence": "In principle, when comparing rank orders, one should use Spearman's correlation coefficients."
  },
  {
    "sec_id": "sec0010",
    "sentence": "However, as there are several studies which have utilized Pearson analysis, I also show the respective values in [tbl0005]."
  },
  {
    "sec_id": "sec0010",
    "sentence": "For the Pearson analysis the correlations are very strong, with correlation coefficients close to 1 and smaller than 0.985 only for the extreme cases of \u03b1\u00a0=\u00a05\u00b0 and \u03b1\u00a0=\u00a085\u00b0."
  },
  {
    "sec_id": "sec0010",
    "sentence": "The rank-order correlation coefficients are slightly smaller, because small differences in the index values can lead to larger deviations of the ranks especially if several datasets are tied, i.e. have identical index values and thus the same rank."
  },
  {
    "sec_id": "sec0010",
    "sentence": "But in the present case even these coefficients remain larger than 0.97 except for \u03b1\u00a0=\u00a05\u00b0 and \u03b1\u00a0=\u00a085\u00b0."
  },
  {
    "sec_id": "sec0010",
    "sentence": "In conclusion, exploiting the arbitrariness of the g-index leads to small changes in the ranking."
  },
  {
    "sec_id": "sec0010",
    "sentence": "In order to test whether the large correlation coefficients might be caused by the relatively stable ranks of the top and bottom datasets, I have repeated the analysis excluding the top 3 and bottom 3 datasets."
  },
  {
    "sec_id": "sec0010",
    "sentence": "The calculated correlation coefficients for this subset are smaller, see [tbl0005], but still above 0.94 except for \u03b1\u00a0=\u00a05\u00b0 and \u03b1\u00a0=\u00a085\u00b0."
  },
  {
    "sec_id": "sec0015",
    "sentence": "The total number of papers in all the g-cores for \u03b1\u00a0=\u00a045\u00b0 is n(g45\u00b0)\u00a0=\u00a0623, see [tbl0005]."
  },
  {
    "sec_id": "sec0015",
    "sentence": "This is much larger than the accumulated number of papers in the h-cores which comprise 387 papers."
  },
  {
    "sec_id": "sec0015",
    "sentence": "As a consequence the determination of the original g-index is much more involved than the calculation of the h-index, because many more publications have to be checked with respect to the question whether they have really been published by the investigated author."
  },
  {
    "sec_id": "sec0015",
    "sentence": "In my view, this enlarged precision problem is the major disadvantage of the g-index."
  },
  {
    "sec_id": "sec0015",
    "sentence": "Choosing a prefactor q\u00a0>\u00a01 of course reduces the size of the cores."
  },
  {
    "sec_id": "sec0015",
    "sentence": "In particular, for \u03b1\u00a0=\u00a065\u00b0 one finds n(g65\u00b0)\u00a0=\u00a0380 so that it is tempting to use this value of \u03b1 and replace the original g-index by g65\u00b0."
  },
  {
    "sec_id": "sec0015",
    "sentence": "However, \u03b1\u00a0=\u00a065\u00b0 corresponds to a proportionality factor q\u00a0=\u00a02.14 which is somewhat awkward."
  },
  {
    "sec_id": "sec0015",
    "sentence": "Therefore, I propose to utilize the prefactor q\u00a0=\u00a02, corresponding to \u03b1\u00a0=\u00a063.4\u00b0, see [fig0005]."
  },
  {
    "sec_id": "sec0015",
    "sentence": "The total number of papers in the g-cores then amounts to n(g63.4\u00b0)\u00a0=\u00a0395."
  },
  {
    "sec_id": "sec0015",
    "sentence": "In order to simplify the notation in the following I shall utilize q instead of \u03b1 as the characterizing subscript for the generalized g-index, so that g63.4\u00b0\u00a0\u2261\u00a0g2."
  },
  {
    "sec_id": "sec0015",
    "sentence": "The resulting values are presented in [tbl0010] in comparison with the values of the original g-index and the h-index."
  },
  {
    "sec_id": "sec0015",
    "sentence": "The ratio between g2 and g ranges from 0.56 (researcher Y) to 0.68 (researchers E and I), on average it is 0.63\u00a0\u00b1\u00a00.03."
  },
  {
    "sec_id": "sec0015",
    "sentence": "The small standard deviation suggests that the changes in the ranking are small, this is verified by the values in [tbl0010]: The ranks in terms of g and g2 differ by at most one position, except for researcher O."
  },
  {
    "sec_id": "sec0015",
    "sentence": "But this is an unusual case which can be related to tied ranks: O, R and S, X are tied for g, while R, X and O, S (as well as Q, V) are tied for g2."
  },
  {
    "sec_id": "sec0015",
    "sentence": "It is interesting to note, that although the prefactor leads to much smaller values of the g2-index, the number of tied papers does not increase: There are 16 papers in 8 ties for g, and 16 papers in 7 ties for g2."
  },
  {
    "sec_id": "sec0015",
    "sentence": "In comparison, there are 14 papers in 5 ties for h."
  },
  {
    "sec_id": "sec0015",
    "sentence": "Table 2."
  },
  {
    "sec_id": "sec0015",
    "sentence": "Values of the h-index, the g-index, the A-index, and the g\u03b1-index for the 26 datasets, where a prefactor q\u00a0=\u00a02 corresponding to \u03b1\u00a0=\u00a063.4\u00b0 is utilized (g63.4\u00b0\u00a0\u2261\u00a0g2); the datasets are sorted using the g\u03b1-index; the rank order for the indices is given by (index)."
  },
  {
    "sec_id": "sec0015",
    "sentence": "For tied papers the average rank is calculated."
  },
  {
    "sec_id": "sec0015",
    "sentence": "The comparison between h and g2 shows larger differences."
  },
  {
    "sec_id": "sec0015",
    "sentence": "The ratio between g2 and h ranges from 0.69 (Q) to 1.50 (X), on average it is 1.02\u00a0\u00b1\u00a00.18."
  },
  {
    "sec_id": "sec0015",
    "sentence": "In correspondence with the relatively large standard deviation, the rankings differ substantially, e.g. for P and Q the same value h\u00a0=\u00a013 puts them at rank 16, but the different results of g2\u00a0=\u00a016 and 9 correspond to ranks 8.5 and 22.5, respectively."
  },
  {
    "sec_id": "sec0015",
    "sentence": "This reflects the strongly different citation distributions: the g\u03b1-index awards non-homogeneous citation impact of the highly-cited publications."
  },
  {
    "sec_id": "sec0015",
    "sentence": "This is of course also true for the A-index."
  },
  {
    "sec_id": "sec0015",
    "sentence": "In fact, the effect is even stronger, as can be seen from [tbl0010], where the g2-values are between h and A in most cases."
  },
  {
    "sec_id": "sec0015",
    "sentence": "The exceptions can be traced back to the discreteness of the h- and the g2-index and would not appear, if the continuous versions were used."
  },
  {
    "sec_id": "sec0015",
    "sentence": "This can be seen from the definitions, because h<g\u02dc2 implies c\u00af(h)>c\u00af(g\u02dc2)=2g\u02dc2 and therefore A/2>g\u02dc2>h."
  },
  {
    "sec_id": "sec0015",
    "sentence": "In this way the A-index counterbalances the disadvantage of the h-index, namely that the more-than-h citations to the publications in the h-core are not taken into account."
  },
  {
    "sec_id": "sec0015",
    "sentence": "So in principle, one does not need the g2-index."
  },
  {
    "sec_id": "sec0015",
    "sentence": "However, utilizing the A-index means that one has first to determine the h-index and thus one ends up with two characteristic values for each researcher."
  },
  {
    "sec_id": "sec0015",
    "sentence": "The question then is, whether this is helpful."
  },
  {
    "sec_id": "sec0015",
    "sentence": "In my view, the g-index or rather the g2-index is sufficient."
  },
  {
    "sec_id": "sec0015",
    "sentence": "The relatively small differences between the indices can be quantified: Pearson's correlation coefficients \u03ba and Spearman's rank-order correlation coefficients \u03bas which are given in [tbl0015], are all very close to 1."
  },
  {
    "sec_id": "sec0015",
    "sentence": "The very large values for the comparison of g and g2 are not surprising in view of the large values in [tbl0005]."
  },
  {
    "sec_id": "sec0015",
    "sentence": "But also the comparison with h and A yields values larger than 0.95 for the Pearson and larger than 0.91 for the Spearman analysis."
  },
  {
    "sec_id": "sec0015",
    "sentence": "Only the correlation between h and A is not quite so strong."
  },
  {
    "sec_id": "sec0015",
    "sentence": "But I do not think, that this justifies the need for both indices."
  },
  {
    "sec_id": "sec0015",
    "sentence": "In any case, all these indices are quite noisy indicators if one wants to employ them for measuring the scientific impact of the publication record of a researcher."
  },
  {
    "sec_id": "sec0015",
    "sentence": "Due to this intrinsic uncertainty the small differences should not be utilized to value one researcher better or worse than the other."
  },
  {
    "sec_id": "sec0015",
    "sentence": "Table 3."
  },
  {
    "sec_id": "sec0015",
    "sentence": "Correlation coefficients between h, g, g2, A."
  },
  {
    "sec_id": "sec0015",
    "sentence": "Values for Spearman's rank order correlation coefficients are given in the upper right triangle, values for Pearson's correlation coefficients are presented in the lower left triangle."
  },
  {
    "sec_id": "sec0015",
    "sentence": "This leads to the question, which of the discussed indices should be discarded."
  },
  {
    "sec_id": "sec0015",
    "sentence": "As already mentioned, A cannot be kept alone, because it depends on h."
  },
  {
    "sec_id": "sec0015",
    "sentence": "Because of its simplicity, one might want to favor h instead of g and g2."
  },
  {
    "sec_id": "sec0015",
    "sentence": "However, it appears somewhat unfair that more than h citations to the papers in the h-core do not have an effect."
  },
  {
    "sec_id": "sec0015",
    "sentence": "Therefore, from this point of view h should be discarded."
  },
  {
    "sec_id": "sec0015",
    "sentence": "Due to the apparently unnecessarily large g-cores, g should be discarded in favor of g63.4\u00b0 from a practical point of view."
  },
  {
    "sec_id": "sec0015",
    "sentence": "Whether the proportionality factor q\u00a0=\u00a02 is the best choice remains an open question."
  },
  {
    "sec_id": "sec0015",
    "sentence": "I have previously argued for the generalized h-index ([bib0045]) that very large values of q should not be used, because then too few highly cited papers are taken into account.",
    "intent": "background"
  },
  {
    "sec_id": "sec0015",
    "sentence": "On the other hand very small values of q emphasize the long tail of lowly cited publications and are therefore also not suitable."
  },
  {
    "sec_id": "sec0015",
    "sentence": "[bib0025] have critizised the missing theoretical foundation of the h-index as well as the g-index.",
    "intent": "background"
  },
  {
    "sec_id": "sec0015",
    "sentence": "They propose to determine the scientific impact or the scholarly influence by defining an influence function which is then evaluated for the complete citation profile yielding the qi-index."
  },
  {
    "sec_id": "sec0015",
    "sentence": "Obviously this aggravates the precision problem, because all publications of a scientist are taken into account."
  },
  {
    "sec_id": "sec0015",
    "sentence": "While [bib0025] agree that additional citations should always increase the influence functions, they question the g-index, because it gives the same weight to all additional citations to publications in the g-core and no weight to the lowly-cited papers.",
    "intent": "background"
  },
  {
    "sec_id": "sec0015",
    "sentence": "Rather they favor diminishing marginal influence so that the first citation to a given publication has the highest impact, while a further citation to an already highly-cited paper is considered less significant and is attributed a smaller influence; which is even vanishing if the most cited paper is concerned."
  },
  {
    "sec_id": "sec0015",
    "sentence": "This is a plausible concept and shows that it is quite subjective, whether one prefers one or another variant of the bibliometric measures."
  },
  {
    "sec_id": "sec0015",
    "sentence": "However, due to practical considerations it is rather unlikely that the much more involved determination of the qi-index will be performed in large evaluations, in spite of the sound mathematical foundation on which it is based."
  },
  {
    "sec_id": "sec0020",
    "sentence": "One cannot define the same best value of q for all evaluations."
  },
  {
    "sec_id": "sec0020",
    "sentence": "It is convenient to use the standard q\u00a0=\u00a01."
  },
  {
    "sec_id": "sec0020",
    "sentence": "But I have already suggested ([bib0045]) that values of q\u00a0>\u00a01 might be more practical for top scientists with a much more skewed citation record.",
    "intent": "background"
  },
  {
    "sec_id": "sec0020",
    "sentence": "In particular, for the generalized h-index I have proposed to utilize a proportionality factor of q\u00a0=\u00a03 for comparing eminent scientists, because such a relatively large q value would reasonably reduce the size of their h-cores which is unnecessarily large for the original definition with q\u00a0=\u00a01."
  },
  {
    "sec_id": "sec0020",
    "sentence": "For the generalized g\u03b1-index this would correspond to a prefactor of q\u00a0=\u00a05.4 if the objective is again to get about the same accumulated core sizes."
  },
  {
    "sec_id": "sec0020",
    "sentence": "For a group of more average scientists like in the present study, in comparison with the original h-index the above discussed prefactor q\u00a0=\u00a02 for the generalized g-index appears to be reasonable."
  },
  {
    "sec_id": "sec0020",
    "sentence": "For an evaluation of a group of junior scientists I have proposed to use a value of 1/3 as proportionality factor of the generalized h-index in order to achieve a better distinguishability by increasing the size of the h-cores."
  },
  {
    "sec_id": "sec0020",
    "sentence": "Judging from the accumulated number of papers in the 26 cores this would correspond to q\u00a0=\u00a00.9 in the case of the generalized index g\u03b1."
  },
  {
    "sec_id": "sec0020",
    "sentence": "In conclusion, now I recommend to use the generalized index g\u03b1 instead of the h-index, the A-index, and also instead of the original g-index."
  },
  {
    "sec_id": "sec0020",
    "sentence": "For top scientists with high citation numbers I suggest to utilize the prefactor q\u00a0=\u00a05, for more average scientists q\u00a0=\u00a02, and for junior people q\u00a0=\u00a01."
  }
]