[
  {
    "sec_id": "sec0005",
    "sentence": "Research evaluation and the specific instruments used in its service constitute one of the main topics of debate in contemporary academia and in higher education policy."
  },
  {
    "sec_id": "sec0005",
    "sentence": "Although motivated by many political, social and economic reasons, the increased attention towards assessing research can be explained by governments\u2019 need to monitor and manage the performance of higher education institutions, by the need to elicit accountability of these institutions to stakeholders and also by the quest to base funding decisions on objective evidence ([bib0150]).",
    "intent": "background"
  },
  {
    "sec_id": "sec0005",
    "sentence": "While there is consensus among academics and policy makers on the importance of competitive, high quality research for economic and social prosperity, there is no universally accepted instrument for assessing research performance, quantifying scientific impact or measuring scholarly influence."
  },
  {
    "sec_id": "sec0005",
    "sentence": "The lack of a unique answer to such scientometric problems and the idea that divergent, even contradictory evaluations are always possible is a recurrent theme in the recent literature \u2013 see for instance [bib0125], [bib0245] and [bib0005].",
    "intent": "background"
  },
  {
    "sec_id": "sec0005",
    "sentence": "On a fundamental level all types of evaluation, including scientometric appraisal and the many indicators in its toolkit, hinge on the idea of aggregation and on the specific form that the aggregative process takes."
  },
  {
    "sec_id": "sec0005",
    "sentence": "The way in which specific informational inputs are combined to yield evaluative outcomes is critical."
  },
  {
    "sec_id": "sec0005",
    "sentence": "This fact has sparked an already long debate in scientometrics, particularly in the wake of the h-index ([bib0115]) and its many variants like the g-index ([bib0060]) which, in essence, only offer an alternative aggregation of the underlying citation data.",
    "intent": "background"
  },
  {
    "sec_id": "sec0005",
    "sentence": "The moral of the continuing debates surrounding the h-index, of the separate debates around the journal impact factor as well as the moral of the more recent discussions hosted in the pages of this very journal regarding size-independent indicators versus efficiency indicators ([bib0010]) is that in order to be confident in the outcomes of an evaluation it is crucial to be confident in the instrument used to conduct it.",
    "intent": "background"
  },
  {
    "sec_id": "sec0005",
    "sentence": "As aggregated scientometric indicators have become more important within national assessment processes and international university rankings, their properties, advantages and limitations have attracted increased attention, and the meaningful use of citation data has become a critical issue in research evaluation and in policy decisions ([bib0215]).",
    "intent": "background"
  },
  {
    "sec_id": "sec0005",
    "sentence": "There seems to be an indisputable consensus in the scientometric community regarding the fact that aggregated indicators are inadequate for the purpose of research evaluation since each indicator, taken separately, can only provide a partial and potentially distorted view of the performance attained by a specific unit of assessment ([bib0110], [bib0145], [bib0210], [bib0220], [bib0230]).",
    "intent": "motivation background"
  },
  {
    "sec_id": "sec0005",
    "sentence": "This wisdom has been affirmed a fortiori following the introduction of the Hirsch index in 2005 and the wave of Hirsch-type indicators ([bib0045], [bib0180]) that were subsequently proposed as improvements.",
    "intent": "background"
  },
  {
    "sec_id": "sec0005",
    "sentence": "The overt consensus regarding the rejection of single-number indicators such as the h-index has as its corollary an implicit consensus around a more general principle: when faced with the option between an aggregated approach and a disaggregated approach to research evaluation the latter is to be preferred to the former."
  },
  {
    "sec_id": "sec0005",
    "sentence": "In other words, one should use research evaluation instruments that discard as little information as possible and offer a wide and comparatively rich picture of performance.[fn0005] One of the contemporary research evaluation instruments that adhere to these desiderata is given by characteristic scores and scales (CSS) for scientific impact assessment ([bib0100], [bib0185]) which represent an effort towards achieving a multi-dimensional, disaggregated perspective regarding research performance.",
    "intent": "background"
  },
  {
    "sec_id": "sec0005",
    "sentence": "The CSS method was proposed in the late 1980s to assess the eminence of scientific journals on the basis of the citations received by the articles they publish and its cornerstone idea is that of allowing a parameter-free characterization of citation distributions in such a way that impact classes are defined recursively by appealing to successive (arithmetic) means found within a given empirical distribution."
  },
  {
    "sec_id": "sec0005",
    "sentence": "The approach is highly relevant to scientometric evaluation because it addresses one of the fundamental problems associated with the adequate statistical treatment of citation data \u2013 the skewness of science ([bib0020], [bib0190]) which makes analysis through standard statistical practice difficult and potentially biased.",
    "intent": "background"
  },
  {
    "sec_id": "sec0005",
    "sentence": "The aim of this article is to explore a theoretically grounded proposal to modify CSS by changing the reference thresholds used in this evaluative instrument from arithmetic means to medians."
  },
  {
    "sec_id": "sec0005",
    "sentence": "To the knowledge of the author this possibility has only been noted in a single previous study ([bib0070]) where it received only a formal, theoretical exploration in a continuous Lotkaian framework.",
    "intent": "background"
  },
  {
    "sec_id": "sec0005",
    "sentence": "All empirical studies devoted to the application of CSS (see Section [sec0015]) have so far relied on the original mean-based approach."
  },
  {
    "sec_id": "sec0005",
    "sentence": "As a result, to date there are neither empirical analyses that leverage median-based CSS, nor factual comparisons of any results produced by this instrument with results relying on the mean-based approach."
  },
  {
    "sec_id": "sec0005",
    "sentence": "This article addressed these knowledge gaps by examining both mean and median-based CSS in an application to citation data of journals indexed in the Web of Science categories Information Science and Library Science, Social Work, Microscopy and Thermodynamics."
  },
  {
    "sec_id": "sec0005",
    "sentence": "The article also offers a practical implementation of the CSS algorithms in the freely available R language and environment for statistical computing."
  },
  {
    "sec_id": "sec0005",
    "sentence": "More generally, the article argues in favor of a disaggregated, inclusive approach to research evaluation and performance assessment."
  },
  {
    "sec_id": "sec0005",
    "sentence": "The article is structured as follows: Section [sec0010] presents the CSS mechanism in more detail, reviews the state of the art with regard to the use of this instrument and puts forward the arguments that justify the need for the alternative, median-based approach; this section also examines the theoretical implications of this shift and provides information on the data used in the empirical investigation together with adjacent methodological notes."
  },
  {
    "sec_id": "sec0005",
    "sentence": "Section [sec0030] presents the comparative results of the empirical analyses and highlights the distinctiveness inherent in the application of median-based CSS to citation data."
  },
  {
    "sec_id": "sec0005",
    "sentence": "Section [sec0055] summarizes the results and provides a few concluding remarks."
  },
  {
    "sec_id": "sec0010",
    "sentence": "The fundamental idea of CSS is that of recursively defining certain performance classes for a given empirical distribution of published papers based on the observed number of citations they receive.[fn0010] Considering a set of n papers published in a particular field of science one starts by sorting in descending order the observed citations {Xi}i=1n received by each paper."
  },
  {
    "sec_id": "sec0010",
    "sentence": "An ordered list of the form X1*\u2265X2*\u2265\u2026\u2265Xn* is obtained and the parameters \u03b20\u00a0=\u00a00 and v0=n are defined to derive the characteristic scores and scales of the citation distribution."
  },
  {
    "sec_id": "sec0010",
    "sentence": "\u03b21 is now given by the initial sample mean of the full distribution of citations:(1)\u03b21=\u2211i=1nXin=\u2211i=1nXi*v0"
  },
  {
    "sec_id": "sec0010",
    "sentence": "and the value v1 is jointly defined by(2)Xv1*\u2265\u03b21andXv1+1*<\u03b21."
  },
  {
    "sec_id": "sec0010",
    "sentence": "Starting from these foundations the procedure can be iterated in the form(3)\u03b2k=\u2211i=1vk\u22121Xi*vk\u22121"
  },
  {
    "sec_id": "sec0010",
    "sentence": "to define subsequent sub-sample means with the understanding that vk is chosen so that(4)Xvk*\u2265\u03b2kandXvk+1*<\u03b2k,k\u22652."
  },
  {
    "sec_id": "sec0010",
    "sentence": "In theory the iteration can proceed until vk=1 for some k\u00a0>\u00a00, in other words until a \u03b2k threshold value is reached that is so high it only allows a single (i.e. the most highly cited) paper above it, thus rendering the process of computing a further mean redundant."
  },
  {
    "sec_id": "sec0010",
    "sentence": "As a result of the iteration process one can expect to obtain an increasing sequence \u03b20\u00a0\u2264\u00a0\u03b21\u00a0\u2264\u2026 and a decreasing sequence v0\u2265v1\u2265\u2026; these yield distinct classes of papers based on their citation characteristics."
  },
  {
    "sec_id": "sec0010",
    "sentence": "In the initial description of the CSS method ([bib0185]) the following five classes were proposed: class 0, made up entirely by uncited papers, the class of \u201cpoorly cited\u201d papers defined on the interval (\u03b20, \u03b21), the class of \u201cfairly cited\u201d papers defined on [\u03b21, \u03b22), \u201cremarkably cited\u201d papers defined on the interval [\u03b22, \u03b23) and, finally, the class of \u201coutstandingly cited\u201d papers defined as belonging to the interval [\u03b23, \u221e).",
    "intent": "background"
  },
  {
    "sec_id": "sec0010",
    "sentence": "It is of course possible to opt for more or fewer classes."
  },
  {
    "sec_id": "sec0010",
    "sentence": "The more recent studies either collapse the class of uncited papers into the poorly cited category (thereby obtaining a total of four classes), or use as few as three classes by further collapsing the classes of outstandingly cited and remarkably cited papers into a single category."
  },
  {
    "sec_id": "sec0010",
    "sentence": "CSS can be used in the comparative evaluation of journals, countries, research groups and even individuals to produce several interesting items of information: at a general level CSS outline the threshold values \u03b2k and the overall (full sample) distribution of papers across the five citation classes; at a more granular level CSS can be used to gauge the performance of individual units of assessment by determining the distributions of their own (sub-sample of) papers across the citation classes."
  },
  {
    "sec_id": "sec0010",
    "sentence": "This effectively leads to a benchmarking of each unit of assessment relative to (1) the overall reference set taken into consideration and (2) all other individual units of assessment that make up the reference set."
  },
  {
    "sec_id": "sec0010",
    "sentence": "The CSS method has an excellent potential to inform and enrich the general policy use of scientometric data, as argued by [bib0105].",
    "intent": "background"
  },
  {
    "sec_id": "sec0010",
    "sentence": "By dispensing with distributional assumptions altogether the CSS method is uniquely suited for the task of comparing research performance at multiple levels of analysis."
  },
  {
    "sec_id": "sec0010",
    "sentence": "It has been the focus of renewed interest in several studies that seek to identify publication and citation characteristics of scientific fields and subfields ([bib0020], [bib0025], [bib0075], [bib0130], [bib0170]), test the tail properties of scientometric distributions ([bib0080], [bib0090]), evaluate and rank scientific journals ([bib0085]) and conduct institutional and national comparisons of research performance ([bib0025], [bib0155], [bib0160]).",
    "intent": "background"
  },
  {
    "sec_id": "sec0010",
    "sentence": "CSS have also been studied from an informetric perspective by [bib0065], [bib0070].",
    "intent": "background"
  },
  {
    "sec_id": "sec0010",
    "sentence": "More recently the use of CSS has also been suggested for the assignment of institutions to meaningful groups within international university rankings ([bib0030]).",
    "intent": "background"
  },
  {
    "sec_id": "sec0010",
    "sentence": "Given the wide scale use and intuitive appeal of this scientometric instrument it is worth devoting serious thought to the theoretical and practical possibility of complementing it with similar disaggregation-oriented evaluation instruments."
  },
  {
    "sec_id": "sec0010",
    "sentence": "While its disaggregated outlook is a positive feature that makes CSS an appealing evaluation instrument, there are some aspects that deserve more critical reflection."
  },
  {
    "sec_id": "sec0010",
    "sentence": "Among them is the fact that there seems to be an inherent contradiction in the construction and use of mean-based CSS: they are meant to be applied to citation data that are known to be skewed (most often highly so), yet they rely on a measure of central tendency \u2013 the arithmetic mean \u2013 which is equally known for not being robust and representative when applied to skewed distributions."
  },
  {
    "sec_id": "sec0010",
    "sentence": "This contradiction constitutes the primary motivation for exploring in this article alternative CSS algorithms based on other measures of central tendency."
  },
  {
    "sec_id": "sec0010",
    "sentence": "Potential candidates for substituting the arithmetic mean used in the CSS method can be median values found in citation distributions or other types of means: trimmed arithmetic means, geometric means or harmonic means."
  },
  {
    "sec_id": "sec0010",
    "sentence": "Other theoretical considerations notwithstanding, the latter two prove impractical due to their calculation: if even a single value of 0 is found in the distribution (and there are bound to be uncited papers in any citation distribution) then the resulting initial threshold value will be 0 and it is not possible to construct sensible evaluation classes."
  },
  {
    "sec_id": "sec0010",
    "sentence": "Trimmed means may prove to be a workable solution but require the specification of a clear percentage of extreme values to be discarded and it is hard to offer convincing arguments that would justify, for instance, a 5% trimmed mean versus a 20% trimmed mean."
  },
  {
    "sec_id": "sec0010",
    "sentence": "Using the median not only avoids such arbitrary choices but also has powerful theoretical justifications which are common place in statistical analysis: the median is a uniquely robust measure of central tendency (it is unaffected by extreme values) and, in the case of highly skewed distributions, it is a much more representative indicator of the typical values encountered within the distribution ([bib0015], [bib0200]).",
    "intent": "background"
  },
  {
    "sec_id": "sec0010",
    "sentence": "In order to construct representative CSS for research evaluation the median seems to be a more theoretically grounded option than the arithmetic mean."
  },
  {
    "sec_id": "sec0010",
    "sentence": "Using the median in technical problems related to research evaluation already has many precedents which specifically justify this approach through the fact that in the presence of skewed citation counts the median should be used as a measure of central tendency instead of the arithmetic mean."
  },
  {
    "sec_id": "sec0010",
    "sentence": "[bib0040] use this argument in support of their m-index (an alternative to the h-index based on the median number of citations received by papers in the so-called Hirsch core).",
    "intent": "background"
  },
  {
    "sec_id": "sec0010",
    "sentence": "[bib0050] argue that although mean and median values tend to correlate the median is a better measure of central tendency to use for comparing journal citation distributions.",
    "intent": "background"
  },
  {
    "sec_id": "sec0010",
    "sentence": "In a similar vein [bib0055] incorporate the median impact factor of publications in their methodology for assessing research performance of individual scientists.",
    "intent": "background"
  },
  {
    "sec_id": "sec0010",
    "sentence": "[bib0120] explicitly suggest the use of a median normalized citation score as an alternative to the mean normalized citation score (MNCS), the \u201cnew crown indicator\u201d advocated by [bib0240].[fn0015] [bib0205] also notes that it is possible to use the median instead of the expected number of citations in the construction of the MNCS and this also yields an indicator which satisfies the properties of homogeneous normalization and consistency (as is the case for the original MNCS).",
    "intent": "background"
  },
  {
    "sec_id": "sec0010",
    "sentence": "Finally, although not strictly limited to research evaluation, it is worth noting that the idea of constructing rank groups based on median values is a methodological option used in the recent edition of U-Multirank, the European initiative to compare higher education institutions.[fn0020]"
  },
  {
    "sec_id": "sec0010",
    "sentence": "The specificity of citation data \u2013 large variability in citation counts among individual papers coupled with skewed citations among papers in any field ([bib0140]) \u2013 makes a theoretically compelling case for extending the median-based approach to the construction of CSS.",
    "intent": ""
  },
  {
    "sec_id": "sec0010",
    "sentence": "One might even argue that through this technical modification more characteristic scores and scales can be obtained."
  },
  {
    "sec_id": "sec0010",
    "sentence": "If one adheres to the idea that \u201cin bibliometrics it is desirable to find the value that is most typical\u201d ([bib0255], p.",
    "intent": "background"
  },
  {
    "sec_id": "sec0010",
    "sentence": "148, emphasis added) then a median-based approach to CSS might prove inherently more appealing than the mean-based approach."
  },
  {
    "sec_id": "sec0010",
    "sentence": "Algorithmically, the median-based CSS mirrors the functional form from the equations presented in Section [sec0015], with the obvious difference that one has to redefine the \u03b2k arithmetic mean values as mk medians."
  },
  {
    "sec_id": "sec0010",
    "sentence": "This does not pose any ostensible practical problems.[fn0025] It is, however, worthwhile to devote some thought to the theoretical implications of this shift."
  },
  {
    "sec_id": "sec0010",
    "sentence": "In statistics there is a well-known mean-median-mode inequality attributed to Karl Pearson which states that in a given distribution either \u03bc\u00a0\u2265\u00a0m\u00a0\u2265\u00a0M (if the distribution has a positive skew) or \u03bc\u00a0\u2264\u00a0m\u00a0\u2264\u00a0M (if the distribution has a negative skew), \u03bc being the arithmetic mean, m the median and M the mode ([bib0195]).",
    "intent": "background"
  },
  {
    "sec_id": "sec0010",
    "sentence": "Since citation distributions are right-skewed one would expect the inequality \u03bc\u00a0\u2265\u00a0m to hold."
  },
  {
    "sec_id": "sec0010",
    "sentence": "Since CSS rely on multiple iterations it is expected, by generalizing the mean\u2013median inequality, that each mk median will be lower than (or at most equal to) the corresponding \u03b2k mean threshold."
  },
  {
    "sec_id": "sec0010",
    "sentence": "In other words, the inequality should hold not only at the level of the complete initial distribution but also at the level of the subsequent truncated distributions.[fn0030] In theory then the change from a mean-based CSS to a median-based CSS should have the following joint effects:Ithe class of uncited papers will remain unchanged since the same absolute number of uncited papers will be related to the same overall reference set;IIthe class of poorly cited papers should be marked by a certain reduction since some of the papers classified as poorly cited under mean-based CSS will rise above the first mk threshold under the median-based approach and will therefore move to the fairly cited class; this reduction will greatly depend on the exact size of the gap between mean and median values;IIIthe classes of fairly, remarkably and outstandingly cited papers should generally be marked by a certain increase which ensues from the redistribution (across these three classes) of papers previously classified as poorly cited under mean-based CSS."
  },
  {
    "sec_id": "sec0010",
    "sentence": "the class of uncited papers will remain unchanged since the same absolute number of uncited papers will be related to the same overall reference set;"
  },
  {
    "sec_id": "sec0010",
    "sentence": "the class of poorly cited papers should be marked by a certain reduction since some of the papers classified as poorly cited under mean-based CSS will rise above the first mk threshold under the median-based approach and will therefore move to the fairly cited class; this reduction will greatly depend on the exact size of the gap between mean and median values;"
  },
  {
    "sec_id": "sec0010",
    "sentence": "the classes of fairly, remarkably and outstandingly cited papers should generally be marked by a certain increase which ensues from the redistribution (across these three classes) of papers previously classified as poorly cited under mean-based CSS."
  },
  {
    "sec_id": "sec0010",
    "sentence": "Before moving to a presentation of the data and methods a final aspect should be noted."
  },
  {
    "sec_id": "sec0010",
    "sentence": "If the mean\u2013median inequality holds for citation data[fn0035] then there is a clear practical distinction between the original mean-based CSS and the alternative median-based approach discussed in this article: mean-based CSS will naturally single out few remarkable papers and even fewer outstanding papers, while median-based CSS, which are better suited for the task of capturing more typical performance, will implicitly single out a greater number of papers as remarkable and outstanding, thus redefining high-end achievement."
  },
  {
    "sec_id": "sec0010",
    "sentence": "One might say in a sense that median-based CSS are more inclusive than the mean-based CSS because they make allowance for a greater share of papers to rank in the higher CSS classes."
  },
  {
    "sec_id": "sec0010",
    "sentence": "To conduct an empirical comparison of mean and median-based CSS raw citation counts of individual publications were retrieved from the Web of Science for all journals belonging to the categories Information Science and Library Science, Thermodynamics, Microscopy and Social work.[fn0040] Only articles, reviews and letters were taken into consideration and for each category a five year citation window was employed: all items published within the period 2009\u20132013 were taken into account, thus allowing even the more recent articles at least three years in which to accumulate citations."
  },
  {
    "sec_id": "sec0010",
    "sentence": "In order to obtain an inclusive picture of the Information Science and Library Science category Thomson Reuters\u2019 Journal Citation Reports (JCR) issued for the years 2009\u20132013 were consulted."
  },
  {
    "sec_id": "sec0010",
    "sentence": "Any journal listed within the category in at least one JCR edition was taken into account, yielding a final list of 89 journals."
  },
  {
    "sec_id": "sec0010",
    "sentence": "Each journal was also inspected individually within the JCR platform to check for publication frequency, coverage and title changes."
  },
  {
    "sec_id": "sec0010",
    "sentence": "A single journal was found to have altered its name in the period of interest: Libraries & the Cultural Record which became Information & Culture in 2012."
  },
  {
    "sec_id": "sec0010",
    "sentence": "For the purpose of analysis articles published under the two names were merged under the new name of Information & Culture, thus bringing the total number of unique journals in Information Science and Library Science to 88."
  },
  {
    "sec_id": "sec0010",
    "sentence": "The same steps were taken in the case of journals that constitute the categories Thermodynamics (where 56 journals unaffected by any title changes were identified for the 2009\u20132013 period), Microscopy (where 11 journals were identified) and Social work (where 43 journals were identified)."
  },
  {
    "sec_id": "sec0010",
    "sentence": "Four distinct citation datasets were obtained: a dataset of 18,012 documents published by the 88 journals indexed in the Information Science and Library Science category, a separate dataset of 36,631 documents published by the 56 journals indexed in the Thermodynamics category, a third dataset consisting in 5,382 documents published by the 11 journals indexed in the Microscopy category and, finally, a dataset consisting in 9,539 documents published by the 43 journals indexed in the category Social work."
  },
  {
    "sec_id": "sec0010",
    "sentence": "In total, citation data for 69,564 papers published by 198 journals were collected."
  },
  {
    "sec_id": "sec0010",
    "sentence": "It is obvious that the four subject categories chosen for analysis differ substantially with regard to the total number of journals and publications that they circumscribe and, implicitly, with regard to citation density."
  },
  {
    "sec_id": "sec0010",
    "sentence": "Microscopy and Thermodynamics are indexed in the Science Citation Index Expanded while Social work and Information Science and Library Science are indexed in the Social Science Citation Index."
  },
  {
    "sec_id": "sec0010",
    "sentence": "Citation data from the four categories have the potential to offer contrasting results regarding the effects of shifting from the mean to the median-based CSS and these categories were chosen to provide a comparative perspective regarding the outcomes that such a shift might have."
  },
  {
    "sec_id": "sec0010",
    "sentence": "To conduct an empirical comparison of mean and median-based CSS functions were written for both instruments in the R language and environment for statistical computing ([bib0165]).",
    "intent": "uses"
  },
  {
    "sec_id": "sec0010",
    "sentence": "These functions are provided in Supplementary material 1 in Appendix F."
  },
  {
    "sec_id": "sec0010",
    "sentence": "First, a global mean-based CSS function was written which is meant to be applied at the level of the full reference set taken into consideration (for example at the level of all papers published in journals indexed in Information Science and Library Science)."
  },
  {
    "sec_id": "sec0010",
    "sentence": "This global function yields the \u03b2k reference set thresholds and the corresponding partitioning of papers across the CSS classes."
  },
  {
    "sec_id": "sec0010",
    "sentence": "The reference set thresholds can then be incorporated in a further function that is meant to be applied at the level of individual units of assessment (for example to individual journals whose publications make up the full reference set) in order to obtain the partitioning of their own papers across the CSS classes."
  },
  {
    "sec_id": "sec0010",
    "sentence": "Two analogous functions were written for median-based CSS: a global function that yields the mk reference set thresholds and the global partitioning of papers at the subject category level and an adjacent function meant to be applied at the level of journals."
  },
  {
    "sec_id": "sec0010",
    "sentence": "The application of the functions yields detailed results regarding the distribution of the papers of a particular unit of assessment (in this case journals indexed in the four subject categories) across the mean and median-based CSS classes."
  },
  {
    "sec_id": "sec0010",
    "sentence": "By applying the mean and median-based algorithms four secondary datasets were obtained, one for each subject category previously mentioned."
  },
  {
    "sec_id": "sec0010",
    "sentence": "These secondary datasets contain the journal level results: the percent distribution of journal papers across the five CSS classes under both mean and median-based approaches and the changes in class composition when moving from mean to median-based CSS (for example the difference between the percent of papers ranked as poorly cited under mean-based CSS and the percent of papers ranked as poorly cited under median-based CSS)."
  },
  {
    "sec_id": "sec0010",
    "sentence": "Once these secondary datasets were obtained from the primary citation data the gaps and differences between the results of mean and median-based CSS could be analyzed."
  },
  {
    "sec_id": "sec0010",
    "sentence": "The findings are presented in the section below and the secondary datasets themselves are provided as Supplementary material 2 in Appendix F."
  },
  {
    "sec_id": "sec0030",
    "sentence": "Before discussing the comparative results of mean and median-based CSS in the four subject categories selected for analysis it is useful to first provide some preliminary information regarding the citation patterns within each category."
  },
  {
    "sec_id": "sec0030",
    "sentence": "A detailed review of the citation patterns found in the four categories is provided in [tbl0005] which presents the upper thresholds of the deciles of the distributions of citation counts (considered from lowest to highest values) within each category together with the mean values (effectively the \u03b21 thresholds from mean-based CSS) and associated standard deviations.[fn0045] One can also note that the values of the 5th decile (50th percentile) are effectively equivalent to the m1 thresholds from median-based CSS."
  },
  {
    "sec_id": "sec0030",
    "sentence": "Already a clear gap between \u03b2k and mk values is visible, widest in the case of Thermodynamics and narrowest for Social work."
  },
  {
    "sec_id": "sec0030",
    "sentence": "This already implies that the shift from mean to median based CSS should lead to a certain reduction in the class of poorly cited papers and a corresponding increase in the other classes."
  },
  {
    "sec_id": "sec0030",
    "sentence": "The subsequent section of the paper continues the exploration of this point and the detailed changes in class composition that occur when shifting from mean to median-based CSS, first at the aggregated level of subject categories, then at the more granular level of individual journals."
  },
  {
    "sec_id": "sec0030",
    "sentence": "Table 1."
  },
  {
    "sec_id": "sec0030",
    "sentence": "Descriptive statistics of citation counts: distribution by deciles, mean and standard deviation."
  },
  {
    "sec_id": "sec0030",
    "sentence": "At the general level of the four subject categories selected for analysis the application of the median-based CSS method yields significant changes compared to the mean-based approach."
  },
  {
    "sec_id": "sec0030",
    "sentence": "[tbl0010] provides a detailed account of this fact."
  },
  {
    "sec_id": "sec0030",
    "sentence": "The left side of the table presents the threshold values that emerge when applying the two alternative algorithms and the right side lists the corresponding distribution of papers across the CSS classes."
  },
  {
    "sec_id": "sec0030",
    "sentence": "For each subject category and at each step of the algorithm mean \u03b21 values are larger than m1 values, \u03b22 values are larger than m2 values and \u03b23 values are larger than m3 values."
  },
  {
    "sec_id": "sec0030",
    "sentence": "There is also a noticeable trend whereby the gaps between the initial thresholds (\u03b21\u00a0\u2212\u00a0m1) are the narrowest, while those between the successive thresholds (\u03b22\u00a0\u2212\u00a0m2 and \u03b23\u00a0\u2212\u00a0m3) become increasingly wider."
  },
  {
    "sec_id": "sec0030",
    "sentence": "At the level of the third thresholds mean\u2013median gaps reach values as high as 31.84 for Information Science and Library Science, 30.98 for Thermodynamics, 21.73 for Microscopy and 18.7 for Social work."
  },
  {
    "sec_id": "sec0030",
    "sentence": "These point-wise gaps inevitably lead to substantial variation between the distribution of papers across mean-based CSS classes and the distribution of the same papers across median-based CSS classes."
  },
  {
    "sec_id": "sec0030",
    "sentence": "These are presented in the right side of the table."
  },
  {
    "sec_id": "sec0030",
    "sentence": "Table 2."
  },
  {
    "sec_id": "sec0030",
    "sentence": "Global differences across subject categories between mean and median-based CSS."
  },
  {
    "sec_id": "sec0030",
    "sentence": "In the case of mean-based CSS a typical pattern \u2013 noted for instance in [bib0095] \u2013 emerges for each of the four subject categories: about 69 to 70% of the papers are either uncited or poorly cited, about 21 to 22% of the papers are fairly cited, about 6 to 7% are remarkably cited and only about 2 to 3% are outstandingly cited.",
    "intent": "background"
  },
  {
    "sec_id": "sec0030",
    "sentence": "These figures are also consistent with findings reported in [bib0175] and underscore the already well documented scale and replication-invariance properties of mean-based CSS: despite the diversity of scientific disciplines, despite using different aggregation levels or citation windows CSS tend to yield a stable and extraordinarily similar distribution of papers across the evaluation classes.",
    "intent": "similarities"
  },
  {
    "sec_id": "sec0030",
    "sentence": "For median-based CSS about 50% of the papers are either uncited or poorly cited (except for Social work where these two classes make up about 55% of the papers), about 23 to 24% of the papers are fairly cited, 13 to 14% are remarkably cited and about 13 to 15% are outstandingly cited."
  },
  {
    "sec_id": "sec0030",
    "sentence": "It is important to note that even though only four scientific subject categories were analyzed the results seem to converge towards a discernable pattern, similar to the pattern typical of mean-based CSS."
  },
  {
    "sec_id": "sec0030",
    "sentence": "However, more extensive applications are needed to verify whether the pattern sketched for the median-based CSS has the same stability and replicability as the 70/21/6-7/2-3 pattern found in the case of the mean-based approach."
  },
  {
    "sec_id": "sec0030",
    "sentence": "With the exception of the class of uncited papers there are visible gaps between the results of the two CSS algorithms, as argued in Section [sec0020]."
  },
  {
    "sec_id": "sec0030",
    "sentence": "For each of the four subject categories there is a considerable reduction (ranging between 19.40 and 24.54%) in the class of poorly cited papers."
  },
  {
    "sec_id": "sec0030",
    "sentence": "This decrease is mirrored by increases in the other classes."
  },
  {
    "sec_id": "sec0030",
    "sentence": "Specifically, the class of fairly cited papers increases with 1.40 to 3.61%, the class of remarkably cited papers increases with about 6 to 8% and the class of outstandingly cited papers increases by about 11 to 13%."
  },
  {
    "sec_id": "sec0030",
    "sentence": "The most striking changes when moving from mean to median-based CSS seem to occur at the level of opposite ranking classes: not only is there a substantial reduction in the class of poorly cited papers, but the better part of this reduction seems to translate as improvement in the highest ranking class of outstanding papers."
  },
  {
    "sec_id": "sec0030",
    "sentence": "The class of remarkably cited papers is affected to a lesser extent and the class of fairly cited papers is only marginally affected by the shift."
  },
  {
    "sec_id": "sec0030",
    "sentence": "Following the practice found in some previous studies ([bib0020], [bib0175]) [tbl0015] provides an additional comparative analysis which focuses not on papers, but on the share of citations that each CSS class accounts for, together with mean values, standard deviations and coefficients of variation at the level of each CSS class (with the natural exception of the uncited class which by definition includes only papers with 0 citations).",
    "intent": "background"
  },
  {
    "sec_id": "sec0030",
    "sentence": "In the case of mean-based CSS the class of poorly cited papers accounts, on average across the four subject categories, for about 25% of the total number of citations, the class of fairly cited papers accounts for about 33% of citations, that of remarkably cited papers for about 20% and the class of outstandingly cited papers for about 22%."
  },
  {
    "sec_id": "sec0030",
    "sentence": "A similar analysis of median-based CSS reveals that only 9% of the total citations are accounted for by the class of poorly cited papers, while the classes of fairly and remarkably cited papers each account for about 19% of citations."
  },
  {
    "sec_id": "sec0030",
    "sentence": "There is a significant increase in the percent of citations accounted for by the class of outstandingly cited papers: on average across the four subject categories this class accounts for no less than 53% of the total citations."
  },
  {
    "sec_id": "sec0030",
    "sentence": "Considering these comparative aspects it becomes apparent that under median-based CSS the word \u201coutstanding\u201d takes on a truly compelling empirical substance since the outstandingly cited papers now account for more than half of the entire citation output at the level of each Web of Science subject category."
  },
  {
    "sec_id": "sec0030",
    "sentence": "Recall that under mean-based CSS the outstandingly cited class of papers accounts for less than a quarter of all citations."
  },
  {
    "sec_id": "sec0030",
    "sentence": "Finally, note that for both CSS algorithms [tbl0015] indicates that larger coefficients of variation are found for the highest and lowest ranking classes (poorly and outstandingly cited papers) while visibly smaller coefficients of variation (meaning greater degrees of homogeneity) obtain in the case of the two intermediate classes of fairly and remarkably cited papers."
  },
  {
    "sec_id": "sec0030",
    "sentence": "Table 3."
  },
  {
    "sec_id": "sec0030",
    "sentence": "Percent of total citations accounted for by each CSS class, mean, standard deviation (SD) and coefficient of variation (CV) at the level of each CSS class within the four subject categories."
  },
  {
    "sec_id": "sec0030",
    "sentence": "The previous section outlined the general patterns of change that emerge when moving from mean to median-based CSS at the level of subject categories."
  },
  {
    "sec_id": "sec0030",
    "sentence": "The present section undertakes a more detailed comparison of paper distributions across the CSS classes at the level of individual journals within each subject category."
  },
  {
    "sec_id": "sec0030",
    "sentence": "From an evaluation perspective it is more interesting to see the shifts which occur at this lower level of individual units of assessment."
  },
  {
    "sec_id": "sec0030",
    "sentence": "A concise picture of the differences in class composition is provided by [fig0005] and detailed journal-level comparisons of the distributions of papers across the mean-based and median-based CSS classes are given in [fig0010] and Appendices A\u2013E."
  },
  {
    "sec_id": "sec0030",
    "sentence": "Note that the journal codes (having the form J_xy) used in these figures are given in Supplementary material 2 in Appendix F which also includes the underlying data."
  },
  {
    "sec_id": "sec0030",
    "sentence": "Careful inspection of each of the figures reveals that the trend identified at the general level of subject categories is also echoed at the individual level of journals: in the overwhelming majority of cases \u2013 163 of the 198 journals analyzed \u2013 changing mean-based CSS with median-based CSS leads to a substantial decrease (more than 10%) in the class of poorly cited papers coupled with corresponding increases in the other classes."
  },
  {
    "sec_id": "sec0030",
    "sentence": "For the Microscopy journals the reduction in the class of poorly cited papers extends as far as 25.49% (in the case of journal J_02), for Thermodynamics as far as 28.69% (J_06), for Social work as far as 35.06% (J_19) and for Information Science and Library Science as far as 40.66% (J_27)."
  },
  {
    "sec_id": "sec0030",
    "sentence": "The visible contraction of the class of poorly cited papers is the most common phenomenon associated with the shift from mean to median-based CSS."
  },
  {
    "sec_id": "sec0030",
    "sentence": "Less common phenomena are the reduction in the class of fairly cited papers (which affects only 38 of the 198 journals) and the decrease in the class of remarkably cited papers (which affects only 6 of the 198 journals)."
  },
  {
    "sec_id": "sec0030",
    "sentence": "In these rarer cases where reductions occur outside the class of poorly cited papers they are always translated upwards as increases in the class of outstandingly cited papers."
  },
  {
    "sec_id": "sec0030",
    "sentence": "As a result, with the exception of the uncited class of papers, the class of outstandingly cited papers is the only one which does not experience any reduction."
  },
  {
    "sec_id": "sec0030",
    "sentence": "At the level of this highest ranking class the shift from mean to median-based CSS either leaves journals with the same percent of outstandingly cited papers (this is the case for 36 journals) or leads to some degree of expansion which is generally non-negligible."
  },
  {
    "sec_id": "sec0030",
    "sentence": "For 94 out of the 198 journals the increase in the class of outstanding papers exceeds 5% and reaches values as high as 19.32% for Microscopy (J_10), 27.18% for Thermodynamics (J_13), 38.77% for Information Science and Library Science (J_68) and 46.71% for Social work (J_12)."
  },
  {
    "sec_id": "sec0030",
    "sentence": "In order to profile the journals which experience the highest percent increase in the class of outstandingly cited papers some additional indicators were investigated: the number of published papers, total citations, average citations per paper, h-indices and g-indices.[fn0050] Note that these journal-level indicators are included in Supplementary material 2 in Appendix F."
  },
  {
    "sec_id": "sec0030",
    "sentence": "The conclusion of this investigation is that the journals which experience the highest percent increase in the class of outstandingly cited papers also tend to score very well on the other metrics."
  },
  {
    "sec_id": "sec0030",
    "sentence": "In other words, they are journals that even typical (aggregated) scientometric indicators such as average citations per paper and the h-index indicate as being high performers."
  },
  {
    "sec_id": "sec0030",
    "sentence": "It seems that the transition from mean to median-based CSS is marked to a certain extent by a type of \u201cMatthew effect\u201d ([bib0135]) incumbent in scientific production: in general it is the journals that already had a considerable share of papers in the outstanding category under mean-based CSS that enjoy an even higher share of papers in this category under median-based CSS.",
    "intent": "background"
  },
  {
    "sec_id": "sec0030",
    "sentence": "The position of poorer performers also improves but to a lesser extent."
  },
  {
    "sec_id": "sec0030",
    "sentence": "All things considered, only 4 out of the 198 journals analyzed are completely unaffected by changing to the median-based version of CSS (two in Information Science and Library Science: J_09 and J_16; one in Social work: J_22; one in Thermodynamics: J_05)."
  },
  {
    "sec_id": "sec0030",
    "sentence": "These journals are easily identifiable in the bar chart graphs because their paper output is partitioned only between the classes of uncited and poorly cited papers under both versions of CSS."
  },
  {
    "sec_id": "sec0030",
    "sentence": "A commonality of these four journals is that their papers have jointly accumulated very few citations (at most 35 for the entire citation window)."
  },
  {
    "sec_id": "sec0030",
    "sentence": "In addition to the very small number of journals that experience no changes when shifting from mean to median-based CSS there are also several journals that are subject to very limited overall improvement."
  },
  {
    "sec_id": "sec0030",
    "sentence": "These are journals with a high proportion (more than 50%) of uncited papers, for example J_01 in Microscopy or journals J_15, J_22, J_34, J_59, J_62 in Information Science and Library Science."
  },
  {
    "sec_id": "sec0030",
    "sentence": "Similar examples are to be found in Social work (J_05, J_31) and Thermodynamics (J_03)."
  },
  {
    "sec_id": "sec0030",
    "sentence": "Before moving to the concluding section of the article it is worth stressing an important feature of the application of CSS that usually goes unrecognized."
  },
  {
    "sec_id": "sec0030",
    "sentence": "Whether based on mean or median values, one aspect that has yet to be stressed with sufficient force is that what the CSS method offers \u2013 and what perhaps constitutes a subtle and unrecognized source of its appeal \u2013 is a common language of evaluation discernable in its threshold-based classes."
  },
  {
    "sec_id": "sec0030",
    "sentence": "This common language based on terms with a highly intuitive meaning \u2013 \u201coutstanding\u201d, \u201cremarkable\u201d, \u201cfair\u201d, \u201cpoor\u201d, \u201cuncited\u201d \u2013 makes possible something that eludes aggregated, single-number indicators: a multi-dimensional assessment that immediately renders intelligible differences in performance and status."
  },
  {
    "sec_id": "sec0030",
    "sentence": "The great strength of this approach is that it has a universal application which can transcend important barriers such as those of scientific disciplines and their idiosyncratic citation practices."
  },
  {
    "sec_id": "sec0030",
    "sentence": "For example, knowing that a paper in microscopy is outstandingly cited essentially conveys the same substantive qualitative information as knowing that a paper in social work is outstandingly cited."
  },
  {
    "sec_id": "sec0030",
    "sentence": "On the other hand, knowing that a researcher in microscopy has an h-index of, for example 5, cannot offer the same qualitative information as knowing that a researcher in social work has the same h-index of 5; although in technical terms both researchers have 5 papers with at least 5 citations each, in one field this may be quite an accomplishment while in the other it may only represent a modest performance."
  },
  {
    "sec_id": "sec0030",
    "sentence": "The apparent conceptual strength of the CSS method as a common language of evaluation does not come free of caveats."
  },
  {
    "sec_id": "sec0030",
    "sentence": "One has to concede that there is an air of arbitrariness in the use of the labels that describe the CSS classes and that coercing numbers to value-laden words (which is what the CSS algorithm ultimately achieves) is anything but an exact science."
  },
  {
    "sec_id": "sec0030",
    "sentence": "Consider for example the case of Thermodynamics where, as shown in Section [sec0035], 90% of the papers have at most 28 citations."
  },
  {
    "sec_id": "sec0030",
    "sentence": "One can make the case that papers with 29 citations are quite \u201cremarkable\u201d (or even \u201coutstanding\u201d) relative to the typical citation values encountered in this category \u2013 papers belonging to the top 10% in their field are in fact usually acknowledged as representing scientific excellence ([bib0035]) \u2013 yet mean-based CSS would only label such papers as \u201cfair\u201d because they fall short of the \u03b22 threshold of 29.85 (see [tbl0010]).",
    "intent": "background"
  },
  {
    "sec_id": "sec0030",
    "sentence": "The point here is that there is a certain gap between the day-to-day use of the labels chosen to designate CSS classes and the technical meaning of these labels in the context of research evaluation via this method."
  },
  {
    "sec_id": "sec0030",
    "sentence": "Even the term \u201cuncited\u201d does not necessarily have an absolute meaning because the notion of citedness is contextually defined relative to a particular bibliometric database."
  },
  {
    "sec_id": "sec0030",
    "sentence": "It is however possible for a paper to have no citations in one database (say the Web of Science) and some citations in another (for example Scopus)."
  },
  {
    "sec_id": "sec0030",
    "sentence": "The seemingly absolute meaning of the words that make up the evaluation language should not lead one to forget the essentially relative foundations upon which these words rest."
  },
  {
    "sec_id": "sec0030",
    "sentence": "Even disaggregated research evaluation instruments such as CSS may be subject to the problem of \u201cmisplaced concreteness and false precision\u201d ([bib0110], p.",
    "intent": "background"
  },
  {
    "sec_id": "sec0030",
    "sentence": "431) which typically affects aggregated indicators."
  },
  {
    "sec_id": "sec0055",
    "sentence": "Disaggregation-oriented research evaluation instruments such as characteristic scores and scales are a powerful and persuasive alternative to aggregated indicators."
  },
  {
    "sec_id": "sec0055",
    "sentence": "They eschew the methodological pitfalls and simplifying tendencies of the latter and preserve a multidimensional view of research performance."
  },
  {
    "sec_id": "sec0055",
    "sentence": "Scientometrics should continually develop disaggregation-oriented instruments especially in light of the increased policy use of scientometric data."
  },
  {
    "sec_id": "sec0055",
    "sentence": "This article has offered a comparative analysis of mean-based and median-based characteristic scores and scales for research evaluation."
  },
  {
    "sec_id": "sec0055",
    "sentence": "Starting from the premise that there is an internal methodological tension in the construction of mean-based CSS a theoretical argument was developed in favor of the median-based alternative."
  },
  {
    "sec_id": "sec0055",
    "sentence": "As argued in Section [sec0020], median-based evaluation instruments are increasingly advocated in the scientometric literature due to the well-documented skewness of citation data."
  },
  {
    "sec_id": "sec0055",
    "sentence": "The use of median-based CSS instead of or in tandem with mean-based CSS could be viewed as a corollary of this more general trend."
  },
  {
    "sec_id": "sec0055",
    "sentence": "In this article the theoretical implications of changing from mean to median-based CSS were explored and then empirically tested on citation data of papers circumscribed to four Web of Science subject categories within a five-year citation window."
  },
  {
    "sec_id": "sec0055",
    "sentence": "At the level of subject categories the shift from mean to median-based CSS was found to produce a substantial reduction in the share of papers belonging to the poorly cited class and a corresponding increase in the other citation classes, most notably in the highest class of outstandingly cited papers which under median-based CSS accounts for more than half of all citations in each subject category."
  },
  {
    "sec_id": "sec0055",
    "sentence": "These results are determined by the mean\u2013median inequality which in the iterated case of the CSS algorithm seems to consistently lead to small gaps at the level of first-order thresholds (\u03b21\u00a0\u2212\u00a0m1) and progressively wider gaps in the case of higher-order thresholds."
  },
  {
    "sec_id": "sec0055",
    "sentence": "At the level of individual journals within each subject category the same patterns emerge and a familiar Matthew effect is found to permeate the transition from mean-based CSS to median-based CSS: journals that are already doing well under the former do even better under the latter, a fact which is most visible in the increases they accrue in the class of outstandingly cited papers."
  },
  {
    "sec_id": "sec0055",
    "sentence": "The shift from mean to median-based CSS can be justified by appealing to standard statistical practice leveraged in contexts that involve skewed data."
  },
  {
    "sec_id": "sec0055",
    "sentence": "From this perspective it might be argued that the current mean-based approach leads to a mild but nonetheless unfortunate misnomer: characteristic scores and scales are not in fact characteristic, at least not insofar as they rely on the arithmetic mean as the preferred measure of central tendency."
  },
  {
    "sec_id": "sec0055",
    "sentence": "If the idea of capturing the truly typical, characteristic performance of units of assessment outweighs the desire of reducing excellence to extreme values which naturally pull the mean upwards, then median-based CSS deserve thoughtful consideration."
  },
  {
    "sec_id": "sec0055",
    "sentence": "Whether one is inclined or not to accept a shift from mean to median-based CSS may largely depend on one's attitude towards the quantification of excellence which remains an important and legitimate part of research evaluation."
  },
  {
    "sec_id": "sec0055",
    "sentence": "While both CSS versions share the fundamental commonality of promoting a disaggregated perspective on research evaluation they differ with regard to emphasis: mean-based CSS promote a more exclusive view of excellence whereas the median-based approach promotes a more inclusive outlook."
  },
  {
    "sec_id": "sec0055",
    "sentence": "From a practical perspective, if the aim of a specific evaluation is to single out the most atypical, high-end performers, then the mean-based CSS might seem to be a natural choice."
  },
  {
    "sec_id": "sec0055",
    "sentence": "If, however, the purpose of evaluation is to gauge the more typical, characteristic performance of a unit of assessment relative to a reference group, then the median-based CSS might be more appropriate."
  },
  {
    "sec_id": "sec0055",
    "sentence": "Regardless of which approach is selected it will lead to a more comprehensive and intrinsically fairer picture than the snapshot offered by an aggregated indicator."
  },
  {
    "sec_id": "sec0060",
    "sentence": "This research was funded by the Research Institute of the University of Bucharest through a grant awarded to the author in December 2016."
  },
  {
    "sec_id": "sec0065",
    "sentence": "[fig0015]"
  },
  {
    "sec_id": "sec0070",
    "sentence": "[fig0020]"
  },
  {
    "sec_id": "sec0075",
    "sentence": "[fig0025]"
  },
  {
    "sec_id": "sec0080",
    "sentence": "[fig0030]"
  },
  {
    "sec_id": "sec0085",
    "sentence": "[fig0035]"
  },
  {
    "sec_id": "sec0095",
    "sentence": "The following are the supplementary data to this article:Download : Download Acrobat PDF file (198KB)Download : Download spreadsheet (48KB)"
  }
]