[
  {
    "sec_id": "sec0005",
    "sentence": "Patent citations, similar to paper citations, are the references of patents."
  },
  {
    "sec_id": "sec0005",
    "sentence": "Listing references is an obligation of the patent applicant, who should comply with the legal requirement to disclose the prior art derived from previous patents, and who should supply a complete description of the state of the art in the field of the invention as the technological background (Criscuolo & Verspagen, 2008; [bib0165]).",
    "intent": "background"
  },
  {
    "sec_id": "sec0005",
    "sentence": "Paper citations can be extensively applied to investigate the linkage of scientific knowledge for tracking science development ([bib0140]), revealing knowledge flow and diffusion ([bib0210]), mapping science structure ([bib0195]; [bib0315]) and so on.",
    "intent": "background"
  },
  {
    "sec_id": "sec0005",
    "sentence": "Can patent citations be used to reveal the linkage of technological knowledge?"
  },
  {
    "sec_id": "sec0005",
    "sentence": "This issue, however, has been in dispute ever since the patent citation analysis method began to be used."
  },
  {
    "sec_id": "sec0005",
    "sentence": "Many researchers believe that patent citations, which are the same as paper citations, can reflect the linkage of technological knowledge."
  },
  {
    "sec_id": "sec0005",
    "sentence": "[bib0270] suggest that patent citations can indicate linkages between companies, between technological areas, and between technology and science.",
    "intent": "background"
  },
  {
    "sec_id": "sec0005",
    "sentence": "Narin and his cooperators ([bib0035]; [bib0275]; [bib0280]; [bib0285]; [bib0290]) have used the scientific papers within patent references to measure the linkage between science and technology.",
    "intent": "background"
  },
  {
    "sec_id": "sec0005",
    "sentence": "In recent decades, patent citations have been extensively used as a proxy for measuring technological knowledge linkage ([bib0025]; [bib0085]; [bib0155]; [bib0215]; [bib0255]; [bib0335]; [bib0360]; [bib0380]; [bib0395]).",
    "intent": "background"
  },
  {
    "sec_id": "sec0005",
    "sentence": "However, some researchers ([bib0165]) hold the opposite opinions and suggest that patent citations indicate the technological knowledge linkage incompletely.",
    "intent": "background"
  },
  {
    "sec_id": "sec0005",
    "sentence": "Patent citations look like paper citations, but they are different in many respects ([bib0250]; [bib0260]).",
    "intent": "background"
  },
  {
    "sec_id": "sec0005",
    "sentence": "According to US patent laws, not only the applicant is required to provide references when filing a patent application, but also the patent examiner need to add references for judging patentability through searching the related prior art during the patent examining period.[fn0005] The survey by [bib0165] shows that inventors respond that one half patent citations indicate no knowledge spillover, since addition of citations by the patent examiner is unknown to the inventor and has no effect on the invention.",
    "intent": "background"
  },
  {
    "sec_id": "sec0005",
    "sentence": "They suggest that the inventor citations, instead of the total citations, should be taken as an indicator of knowledge flow."
  },
  {
    "sec_id": "sec0005",
    "sentence": "[bib0200] insist that simply applying patent citation data to indicate knowledge linkage is both conceptually and technologically illogical and unreasonable.",
    "intent": "background"
  },
  {
    "sec_id": "sec0005",
    "sentence": "[bib0205] further point out that only scientific papers self-cited by the inventor should be used for measuring linkage between science and technology, and the examiner citation and non-self-citation by inventor papers should be excluded due to excessive \u201cnoise\u201d.",
    "intent": "background"
  },
  {
    "sec_id": "sec0005",
    "sentence": "Obviously, it is a complex and controversial issue whether patent citations can indicate knowledge linkage or not."
  },
  {
    "sec_id": "sec0005",
    "sentence": "The disputations mainly focus on the differences of the two types of patent citations that are respectively added by applicants and examiners ([bib0015]; [bib0020]).",
    "intent": "background"
  },
  {
    "sec_id": "sec0005",
    "sentence": "[bib0165] regard examiner citations as an incomplete and noisy indicator for measuring knowledge flow and diffusion.",
    "intent": "background"
  },
  {
    "sec_id": "sec0005",
    "sentence": "However, basing their study on European Patent Office search reports, [bib0085] find that there are mainly two kinds of examiner citations: documents of particular relevance that restrict patent application claims, accounting for 36%; and references related to technological background, accounting for 62%.",
    "intent": "background"
  },
  {
    "sec_id": "sec0005",
    "sentence": "Patent attorneys anticipate citations most likely to be added by examiners, so that examiner and applicant citations may come to resemble each other closely ([bib0015]).",
    "intent": "background"
  },
  {
    "sec_id": "sec0005",
    "sentence": "That means examiner citations are relevant to applicant citations, which are used for disclosing prior art and describing technological background."
  },
  {
    "sec_id": "sec0005",
    "sentence": "[bib0205] suggest that examiner citations can indicate knowledge linkage logically because the citing behavior of examiner is regulated by patent laws.",
    "intent": "background"
  },
  {
    "sec_id": "sec0005",
    "sentence": "Despite many limitations, criticisms and disputations, by using the patent citation analysis method, many researchers have revealed technological knowledge flow, diffusion and transfer ([bib0045]; [bib0150]; [bib0295]; [bib0320]), have traced the technological trajectories and the technological frontiers ([bib0115]; [bib0120]; [bib0235]; [bib0265]), have mapped the technological knowledge domain to display its structure and its relation ([bib0180]; [bib0405]; [bib0420]; [bib0430]), have explored the technology and patent classification ([bib0365]), and even have evaluated patent, technology and innovation ability at the levels of organization, region and country ([bib0010]; [bib0030]; [bib0190]; [bib0400]; [bib0410]; [bib0430], [bib0435]).",
    "intent": "background"
  },
  {
    "sec_id": "sec0005",
    "sentence": "Similar to the paper citation analysis method, the patent citation analysis method must be provided with a basic condition or assumption: patent citations can reflect knowledge linkage."
  },
  {
    "sec_id": "sec0005",
    "sentence": "Undoubtedly, the assumption is an essential and crucial issue for the widely use of the patent citation analysis method."
  },
  {
    "sec_id": "sec0005",
    "sentence": "Only based on this condition, can technological knowledge flow and diffusion be disclosed, can the technological frontiers be traced, can the technological knowledge structure be mapped, and can technology innovations be evaluated by using the method."
  },
  {
    "sec_id": "sec0005",
    "sentence": "Therefore, we pose a hypothesis that patent citations can indicate knowledge linkage: patents are similar to or are relevant to their citations in technological knowledge, and that the linkage can be detected through measuring text similarities between them."
  },
  {
    "sec_id": "sec0005",
    "sentence": "Through the empirical research, we try to gather supporting evidence for the hypothesis."
  },
  {
    "sec_id": "sec0010",
    "sentence": "The United States Patent and Trademark Office (USPTO) provides all kinds of patent documents freely."
  },
  {
    "sec_id": "sec0010",
    "sentence": "We constructed the origin database through downloading the full text documents of USPTO patents that were granted during the 1976\u20132013 period, with over 300G storage capacity in all."
  },
  {
    "sec_id": "sec0010",
    "sentence": "In our research, only utility patents, which are the most common of all patents, were taken as the study object."
  },
  {
    "sec_id": "sec0010",
    "sentence": "There are more than four million full text documents of utility patent in the origin database."
  },
  {
    "sec_id": "sec0010",
    "sentence": "Patent citations include patent and non-patent literatures.[fn0010] Because of some limitations,[fn0015] we just select citing-cited USPTO utility patent pairs as the dataset for the research."
  },
  {
    "sec_id": "sec0010",
    "sentence": "The vast majority of USPTO patents are utility patents and most of their citations are to other USPTO patents; it means that the dataset of the citing-cited USPTO utility patent pairs is a representative sample for measuring the text similarities between patents and their citations."
  },
  {
    "sec_id": "sec0010",
    "sentence": "The utility patents granted in December 2013 and January 2009 were taken as the samples."
  },
  {
    "sec_id": "sec0010",
    "sentence": "There are more than 25 thousand utility patents granted in December 2013, and 23,505 patents among them meet the above-mentioned condition that a patent has at least one USPTO utility patent as a reference."
  },
  {
    "sec_id": "sec0010",
    "sentence": "These 23,505 patents contain 501,585 citations, which are composed of the utility patents granted by USPTO in the period of 1976\u20132013."
  },
  {
    "sec_id": "sec0010",
    "sentence": "The cited patents granted before 1976 were removed for lack of full text documents."
  },
  {
    "sec_id": "sec0010",
    "sentence": "We took these 501,585 citing-cited patent pairs, which are named citing-cited pairs, as the observation group."
  },
  {
    "sec_id": "sec0010",
    "sentence": "For comparative analysis, we randomly selected 1/30 of the utility patents granted in December 2013 and 1/10 of the utility patents granted in January 2009 as dataset of the control group."
  },
  {
    "sec_id": "sec0010",
    "sentence": "There are more than 11 thousand utility patents granted in January 2009."
  },
  {
    "sec_id": "sec0010",
    "sentence": "We obtained nearly 100 million patent pairs; one patent of each pair was granted in 2013, and the other was granted in 2009."
  },
  {
    "sec_id": "sec0010",
    "sentence": "A 4\u20135\u00a0year period is chosen as the time gap of two patents, since a patent is mostly cited 4\u20135 years after granted according to our statistical results."
  },
  {
    "sec_id": "sec0010",
    "sentence": "We removed such a kind of patent pair at least one patent of which cited the other, with the result that the two patents matched in the same pair are not in a citing-cited relationship."
  },
  {
    "sec_id": "sec0010",
    "sentence": "Finally, we obtained 990,616 patent pairs without citing-cited relationship, which are named non-citing-cited pairs, as the control group."
  },
  {
    "sec_id": "sec0015",
    "sentence": "In the field of Patent Bibliometrics, to explore and reveal the technological knowledge linkage, in addition to the controversial method of patent citation analysis, another common and important method is patent content analysis."
  },
  {
    "sec_id": "sec0015",
    "sentence": "The patent content analysis method uses some analysis techniques, such as co-word analysis ([bib0110]), semantic analysis ([bib0325]), inventions functional trees analysis ([bib0040]) and patent text mining ([bib0130]), to reveal the technological knowledge linkage ([bib0125]; [bib0135]; [bib0310]; [bib0385]; [bib0435]).",
    "intent": "background"
  },
  {
    "sec_id": "sec0015",
    "sentence": "Our hypothesis is that patent citations can indicate knowledge linkage, which means that patents and their citations should be similar or relevant in text content."
  },
  {
    "sec_id": "sec0015",
    "sentence": "Whether they are similar or not can be detected through measuring text similarities between them."
  },
  {
    "sec_id": "sec0015",
    "sentence": "It is possible that any two patents are similar to each other, but in general the text similarity between two patents without citing-cited relationship should be weaker than those with citing-cited relationship."
  },
  {
    "sec_id": "sec0015",
    "sentence": "If the text similarity value between a citing-cited pair is generally higher than that between a non-citing-cited pair (that means there exists knowledge linkage or relevance within a citing-cited pair), then the hypothesis can be accepted; otherwise, the hypothesis can be rejected."
  },
  {
    "sec_id": "sec0015",
    "sentence": "There are many methods to measure text similarity, among which the vector space model (VSM) ([bib0350]) is an important and mature one.",
    "intent": "background"
  },
  {
    "sec_id": "sec0015",
    "sentence": "[bib0220] validate the use of text mining techniques based on the VSM to detect text similarities between patent documents and scientific publications.",
    "intent": "background"
  },
  {
    "sec_id": "sec0015",
    "sentence": "[bib0005] point out that the text mining techniques based on the VSM have higher accuracy when compared with several other document similarity measuring methods.",
    "intent": "background"
  },
  {
    "sec_id": "sec0015",
    "sentence": "In our research, the text mining techniques based on cosine similarity for the VSM are used to detect similarities between patents and their citations."
  },
  {
    "sec_id": "sec0015",
    "sentence": "The method is very efficient, especially for sparse vectors (such as vectors of patent title and abstract), as only the non-zero dimensions need to be considered."
  },
  {
    "sec_id": "sec0015",
    "sentence": "Assume that there are two text documents a and b, which can be expressed by the term frequency vectors: V(a)\u00a0=\u00a0{tft1,a, tft2,a, tft3,a, \u2026, tfti,a, \u2026, tftn,a} and V(b)\u00a0=\u00a0{tft1,b, tft2,b, tft3,b, \u2026, tfti,b, \u2026, tftn,b}, in which tfti,a indicates the term frequency of term i in document a."
  },
  {
    "sec_id": "sec0015",
    "sentence": "The text similarity value can be calculated by the cosine function:(1)sim(a,b)=cos(V(a),(V(b))=V(a)\u22c5V(b)|V(a)||V(b)|"
  },
  {
    "sec_id": "sec0015",
    "sentence": "The similarity value represents the ratio of the dot product and the module product of two term frequency vectors."
  },
  {
    "sec_id": "sec0015",
    "sentence": "The above VSM method does not consider the impacts of document frequency and term frequency."
  },
  {
    "sec_id": "sec0015",
    "sentence": "In our research, term frequency (tf) is weighted by using the sub-linear scaling method ([bib0230]):(2)wft,a=1+logtft,a(tft,a>0),elsewft,a=0(tft,a=0).",
    "intent": "uses"
  },
  {
    "sec_id": "sec0015",
    "sentence": "Document frequency is weighted by using the inverse document frequency (idf) method ([bib0340]; [bib0370]):(3)idft=logNdftin which N is the number of total documents, and dft is the number of documents in which term t appears.",
    "intent": "uses"
  },
  {
    "sec_id": "sec0015",
    "sentence": "Wf-idf instead of tf-idf ([bib0345]; [bib0425]) is used as the weighting method:(4)wf\u2212idft,a=wft,a\u00d7idft",
    "intent": "uses"
  },
  {
    "sec_id": "sec0015",
    "sentence": "The wf-idf weighting method decreases the weight of common words appearing in most documents and increases the weight of terms with low document frequency, and it contributes to getting relatively better effects when measuring text similarity."
  },
  {
    "sec_id": "sec0015",
    "sentence": "In addition, for improving the accuracy of measuring text similarity, the stop words given by Lextek International are used to delete some of the most common and short function words, and the Porter stemming algorithm ([bib0330]) is applied to remove the commoner morphological and inflexional endings from words when processing patent texts.",
    "intent": "background"
  },
  {
    "sec_id": "sec0015",
    "sentence": "Using cosine similarity for the VSM with wf-idf term weighting method, we can calculate text similarity values of citing-cited and non-citing-cited pairs."
  },
  {
    "sec_id": "sec0015",
    "sentence": "Furthermore, by comparing text similarity values between the two groups, we can examine whether text similarity values of citing-cited pairs are generally higher than those of non-citing-cited pairs or not, for accepting or rejecting the hypothesis."
  },
  {
    "sec_id": "sec0020",
    "sentence": "A patent document is mainly composed of the four components: title, abstract, description and claims."
  },
  {
    "sec_id": "sec0020",
    "sentence": "Using self-made software, we calculated the text similarity values between title\u2013title (one title of which is from the citing patent and the other is from the cited patent), between abstract\u2013abstract, between description\u2013description and between claims\u2013claims derived from the 501,585 citing-cited pairs."
  },
  {
    "sec_id": "sec0020",
    "sentence": "In the same way, we calculated the text similarity values of the four components from the 990,616 non-citing-cited pairs."
  },
  {
    "sec_id": "sec0020",
    "sentence": "[tbl0005] shows the distribution of text similarity values of titles."
  },
  {
    "sec_id": "sec0020",
    "sentence": "The value varies from 0 to 1.[fn0020] The greater a value is, the more similar the two titles are."
  },
  {
    "sec_id": "sec0020",
    "sentence": "If a value is equal to one, then the two vocabularies of patent title terms are the same."
  },
  {
    "sec_id": "sec0020",
    "sentence": "There are 4285 citing-cited pairs and 17 non-citing-cited pairs whose title\u2013title text similarity values are equal to 1."
  },
  {
    "sec_id": "sec0020",
    "sentence": "It means that the former patent pairs contain more entirely similar titles than the latter pairs."
  },
  {
    "sec_id": "sec0020",
    "sentence": "If a text similarity value is equal to zero, then the two vocabularies of patent title terms are completely different."
  },
  {
    "sec_id": "sec0020",
    "sentence": "For the former pairs 47% of the values are zero, whereas for the latter pairs 79% of the values are zero."
  },
  {
    "sec_id": "sec0020",
    "sentence": "That means the former pairs contain less completely different titles than the latter pairs."
  },
  {
    "sec_id": "sec0020",
    "sentence": "For the former pairs 37% of the values are higher than 0.1, whereas for the latter pairs the percentage is 3%."
  },
  {
    "sec_id": "sec0020",
    "sentence": "For the former pairs 26% of the values are higher than 0.2, whereas for the latter pairs the proportion is not more than eight thousandths."
  },
  {
    "sec_id": "sec0020",
    "sentence": "It indicates that the title\u2013title text similarity values of citing-cited pairs are most likely higher than those of non-citing-cited pairs."
  },
  {
    "sec_id": "sec0020",
    "sentence": "Table 1."
  },
  {
    "sec_id": "sec0020",
    "sentence": "Similarity values of titles and abstracts from citing-cited and non-citing-cited pairs."
  },
  {
    "sec_id": "sec0020",
    "sentence": "[tbl0005] also shows the distribution of text similarity values of abstracts."
  },
  {
    "sec_id": "sec0020",
    "sentence": "For citing-cited pairs only 5% of the values are zero, whereas for non-citing-cited pairs 25% of the values are zero."
  },
  {
    "sec_id": "sec0020",
    "sentence": "For the former pairs 54% of the values are higher than 0.1, whereas for the latter pairs the proportion is 3%."
  },
  {
    "sec_id": "sec0020",
    "sentence": "For the former pairs 22% of the values are higher than 0.2, whereas for the latter pairs the proportion is two thousandths."
  },
  {
    "sec_id": "sec0020",
    "sentence": "It indicates that the abstract\u2013abstract text similarity values of citing-cited pairs are most likely higher than those of non-citing-cited pairs."
  },
  {
    "sec_id": "sec0020",
    "sentence": "[tbl0010] shows the distribution of text similarity values of descriptions."
  },
  {
    "sec_id": "sec0020",
    "sentence": "For citing-cited pairs 85% of the values are higher than 0.2, whereas for non-citing-cited pairs the proportion is 8%."
  },
  {
    "sec_id": "sec0020",
    "sentence": "For the former pairs 42% of the values are higher than 0.3, whereas for the latter pairs the proportion is five thousandths."
  },
  {
    "sec_id": "sec0020",
    "sentence": "It indicates that the description\u2013description text similarity values of citing-cited pairs are most likely higher than those of non-citing-cited pairs."
  },
  {
    "sec_id": "sec0020",
    "sentence": "Table 2."
  },
  {
    "sec_id": "sec0020",
    "sentence": "Similarity values of descriptions and claims from citing-cited and non-citing-cited pairs."
  },
  {
    "sec_id": "sec0020",
    "sentence": "[tbl0010] also shows the distribution of text similarity values of claims."
  },
  {
    "sec_id": "sec0020",
    "sentence": "For citing-cited pairs 76% of the values are higher than 0.1, whereas for non-citing-cited pairs the proportion is 9%."
  },
  {
    "sec_id": "sec0020",
    "sentence": "For the former pairs 34% of the values are higher than 0.2, whereas for the latter pairs the proportion is five thousandths."
  },
  {
    "sec_id": "sec0020",
    "sentence": "It indicates that the claims\u2013claims text similarity values of citing-cited pairs are most likely higher than those of non-citing-cited pairs."
  },
  {
    "sec_id": "sec0020",
    "sentence": "From [fig0005], it can be seen that the four curves of citing-cited pairs are located at the right side of those of non-citing-cited pairs."
  },
  {
    "sec_id": "sec0020",
    "sentence": "When text similarity value becomes higher and is over the threshold value (the values of titles, abstracts, claims and descriptions are about 0.05, 0.1, 0.1 and 0.2 respectively), the distribution density of the former pairs is higher than that of the latter pairs."
  },
  {
    "sec_id": "sec0020",
    "sentence": "It indicates that text similarity values of the four components of the former pairs are distributed more in the relatively higher value zone, whereas those of the latter pairs are distributed more in the relatively lower value zone."
  },
  {
    "sec_id": "sec0020",
    "sentence": "In short, the results of the local comparative analyses show that the text similarity values of the four components of citing-cited pairs are most likely higher than those of non-citing-cited pairs."
  },
  {
    "sec_id": "sec0020",
    "sentence": "However, for citing-cited pairs, 63% of the values of titles and 46% of the values of abstracts are lower than 0.1, as low as the values of non-citing-cited pairs (97% of those values are lower than 0.1)."
  },
  {
    "sec_id": "sec0020",
    "sentence": "It means that a large number of titles and abstracts from citing-cited pairs are not similar to each other."
  },
  {
    "sec_id": "sec0020",
    "sentence": "Nevertheless, it cannot be concluded that a half citing-cited pairs are not relevant in text content."
  },
  {
    "sec_id": "sec0020",
    "sentence": "Both abstracts and titles are too short to express patent documents fully and to measure text similarity accurately."
  },
  {
    "sec_id": "sec0020",
    "sentence": "Therefore, it is necessary to compare the differences of text similarities between citing-cited and non-citing-cited pairs at the global level by integrating the four components."
  },
  {
    "sec_id": "sec0020",
    "sentence": "The four components of a patent document are different in text length and function, but are related to each other in content."
  },
  {
    "sec_id": "sec0020",
    "sentence": "The patent title is an invention theme, the abstract is a brief summary, the description is an illustration to specify and disclose an invention, and the claim is a lawsuit of the extent of the protection conferred by a patent."
  },
  {
    "sec_id": "sec0020",
    "sentence": "When calculating the text similarity between two patent documents, it is necessary to consider the differences and connections of the four components."
  },
  {
    "sec_id": "sec0020",
    "sentence": "We give a simple comprehensive method to measure the text similarities of two patent documents according to the Pearson product-moment correlation coefficients of similarity values of the four components (see [tbl0015])."
  },
  {
    "sec_id": "sec0020",
    "sentence": "The comprehensive text similarity value V integrating the four components can be calculated by using the following equation:(5)V\u00a0=\u00a0wt\u00a0Vt\u00a0+\u00a0wa\u00a0Va\u00a0+\u00a0wd\u00a0Vd\u00a0+\u00a0wc\u00a0Vc\u00a0=\u00a00.147\u00a0Vt\u00a0+\u00a00.268\u00a0Va\u00a0+\u00a00.277\u00a0Vd\u00a0+\u00a00.308\u00a0Vcin which, wt, wa, wd and wc are the weights of the four components, Vt, Va, Vd and Vc are respectively the text similarity values of them (the total value of the matrix is sum\u00a0=\u00a04.780, that of title is sumt\u00a0=\u00a00.701, and the weight of title is wt\u00a0=\u00a0sumt/sum\u00a0=\u00a00.147)."
  },
  {
    "sec_id": "sec0020",
    "sentence": "Table 3."
  },
  {
    "sec_id": "sec0020",
    "sentence": "Correlation coefficients of text similarity values of the four components."
  },
  {
    "sec_id": "sec0020",
    "sentence": "Note: For any two patents that hardly have a citing-cited relationship, so we use the similarity values of the non-citing-cited pairs (990,616 in all) instead of the citing-cited pairs to calculate the correlation coefficient."
  },
  {
    "sec_id": "sec0020",
    "sentence": "Note: For any two patents that hardly have a citing-cited relationship, so we use the similarity values of the non-citing-cited pairs (990,616 in all) instead of the citing-cited pairs to calculate the correlation coefficient."
  },
  {
    "sec_id": "sec0020",
    "sentence": "Using Eq. [eq0025], the comprehensive text similarity values of citing-cited and non-citing-cited pairs were calculated (see [tbl0020])."
  },
  {
    "sec_id": "sec0020",
    "sentence": "For the former pairs 14% are lower than 0.1 and 86% of the values are higher than 0.1, whereas for the latter pairs 92% of the values are lower than 0.1 and 8% of the values are higher than 0.1. For the former pairs 37% of the values are higher than 0.2, whereas the proportion of the latter pairs is three thousandths."
  },
  {
    "sec_id": "sec0020",
    "sentence": "It indicates that most of the comprehensive text similarity values of citing-cited pairs are higher than those of non-citing-cited pairs."
  },
  {
    "sec_id": "sec0020",
    "sentence": "Table 4."
  },
  {
    "sec_id": "sec0020",
    "sentence": "Comprehensive similarity values of citing-cited and non-citing-cited pairs."
  },
  {
    "sec_id": "sec0020",
    "sentence": "From [fig0010], it can be seen that when the text similarity value is over the threshold value (about 0.1), the distributed density of citing-cited pairs is greater than that of non-citing-cited pairs."
  },
  {
    "sec_id": "sec0020",
    "sentence": "For the former pairs most values are higher than 0.1 and are distributed in the relatively higher value zone, whereas for the latter pairs most values are not more than 0.1 and are concentrated in the relatively lower value zone."
  },
  {
    "sec_id": "sec0020",
    "sentence": "The results suggest that most citations can indicate knowledge linkage well, but still a small part of citations represents knowledge linkage incompletely (for citing-cited pairs 14% of the values are lower than 0.1)."
  },
  {
    "sec_id": "sec0020",
    "sentence": "From [fig0005], [fig0010], it can be seen that the distribution curves of text similarity values are like Weibull."
  },
  {
    "sec_id": "sec0020",
    "sentence": "The 3-parameter Weibull probability density function is given by:(6)f(t)=\u03b2\u03b7(t\u2212\u03b3\u03b7)\u03b2\u22121e\u2212(t\u2212\u03b3\u03b7)\u03b2in which, \u03b2 is shape parameter, \u03b7 is scale parameter and \u03b3 is location parameter."
  },
  {
    "sec_id": "sec0020",
    "sentence": "By using the software Minitab, Weibull cumulative distribution functions of the text similarity values were fitted (see [fig0015])."
  },
  {
    "sec_id": "sec0020",
    "sentence": "It can be seen that the five curves of non-citing-cited pairs are located at the left side and are steeper than those of citing-cited pairs."
  },
  {
    "sec_id": "sec0020",
    "sentence": "That means there is a much higher probability that the similarity values of citing-cited pairs are higher than those of non-citing-cited pairs."
  },
  {
    "sec_id": "sec0020",
    "sentence": "The above results show that a small part of citations represents knowledge linkage incompletely."
  },
  {
    "sec_id": "sec0020",
    "sentence": "Some researchers ([bib0165]) believe that examiner citations carry an amount of \u201cnoise\u201d and cannot indicate knowledge linkage, but some others ([bib0205]) suggest that logically they can because the citing behavior of examiner is regulated by patent laws.",
    "intent": "background"
  },
  {
    "sec_id": "sec0020",
    "sentence": "Whether examiner citations can indicate knowledge linkage or not is the focus of the disputation."
  },
  {
    "sec_id": "sec0020",
    "sentence": "Therefore, it is necessary to investigate whose text similarity values are higher between applicant and examiner citing-cited pairs."
  },
  {
    "sec_id": "sec0020",
    "sentence": "In the observation group, 23,505 patents contain 501,585 citations, which consist of 407,207 applicant citations and 94,378 examiner citations."
  },
  {
    "sec_id": "sec0020",
    "sentence": "Examiner citations account for 19% (51% on the average patent), whereas applicant citations account for 81% (49% on the average patent) of the all citations.[fn0025] That means the majority of patent citations are listed by applicants, and the minority are added by examiners."
  },
  {
    "sec_id": "sec0020",
    "sentence": "The distributions of the comprehensive similarity values of applicant and examiner citing-cited pairs are listed in [tbl0025] (the distributions of the similarity values of the four components are listed in Supplemental Tables 1\u20132)."
  },
  {
    "sec_id": "sec0020",
    "sentence": "Table 5."
  },
  {
    "sec_id": "sec0020",
    "sentence": "Comprehensive similarity values of examiner and applicant citing-cited pairs."
  },
  {
    "sec_id": "sec0020",
    "sentence": "From [fig0020], it can be seen that the five curves of examiner citing-cited pairs are located at the right side of those of applicant citing-cited pairs."
  },
  {
    "sec_id": "sec0020",
    "sentence": "It indicates that text similarity values of the former pairs are distributed more in the relatively higher value zone, whereas those of the latter pairs are distributed more in the relatively lower value zone."
  },
  {
    "sec_id": "sec0020",
    "sentence": "From [fig0025], it can be seen that the five curves of the latter pairs are located at the left side and are steeper than those of the former pairs."
  },
  {
    "sec_id": "sec0020",
    "sentence": "That means there is a higher probability that the similarity values of the former pairs are higher than those of the latter pairs."
  },
  {
    "sec_id": "sec0020",
    "sentence": "It can be inferred that examiner citations may indicate knowledge linkage a bit better than applicant citations."
  },
  {
    "sec_id": "sec0020",
    "sentence": "The local and the global analyses of text similarity values between examiner and applicant citing-cited pairs are macroscopically performed at the level of the whole patents and their citations, and are not microcosmically performed within each patent to investigate which one of examiner and applicant citations indicate knowledge linkage better."
  },
  {
    "sec_id": "sec0020",
    "sentence": "In the observed group, 23,505 patents contain 501,585 citations, including 4002 patents with all citations listed by applicants and 7248 patents with all citations added by examiners."
  },
  {
    "sec_id": "sec0020",
    "sentence": "There are 12,255 patents with 368,574 citations added by both applicants and examiners; among them, 310,549 citations are added by applicants, accounting for 84%, and 58,025 citations are added by examiners, accounting for 16%."
  },
  {
    "sec_id": "sec0020",
    "sentence": "We took the 12,255 patents and their 368,574 citations as the study object to compare text similarities between applicant and examiner citing-cited pairs within each patent."
  },
  {
    "sec_id": "sec0020",
    "sentence": "Assume that a patent contains m applicant citations and n examiner citations."
  },
  {
    "sec_id": "sec0020",
    "sentence": "We can calculate the average text similarity value of n examiner citing-cited pairs and the average value of m applicant citing-cited pairs, and can calculate the difference of the two average values."
  },
  {
    "sec_id": "sec0020",
    "sentence": "[tbl0030] shows that the number of D+ is greater than that of D\u2212."
  },
  {
    "sec_id": "sec0020",
    "sentence": "Especially for patent claims, D+ is 1.6 times as much as D\u2212; the overall balance is 22%: 61% of the cases are favorable to that the claims of the citing patent are more relevant to the claims of cited patents added by examiners than listed by applicants, whereas 39% of the cases are unfavorable."
  },
  {
    "sec_id": "sec0020",
    "sentence": "That means there is a higher probability (at global level 56% of the cases are favorable and 44% unfavorable) that the average similarity value of examiner citing-cited pairs is higher than that of applicant citing-cited pairs within a patent."
  },
  {
    "sec_id": "sec0020",
    "sentence": "The results suggest that examiner citations may indicate knowledge linkage a bit better than applicant citations, especially for the component of claims, and that compared to applicant citations, more than half of the cases support that examiner citations are a good indicator of knowledge linkage rather than an incomplete and noisy indicator."
  },
  {
    "sec_id": "sec0020",
    "sentence": "Table 6."
  },
  {
    "sec_id": "sec0020",
    "sentence": "Comparisons of average similarity values between examiner and applicant citing-cited pairs within each patent."
  },
  {
    "sec_id": "sec0020",
    "sentence": "Note: D0 represents that the difference is equal to zero, D+ represents that the difference is greater than zero, D\u2212 represents that the difference is less than zero, and DD represents D+ minus D\u2212."
  },
  {
    "sec_id": "sec0020",
    "sentence": "Note: D0 represents that the difference is equal to zero, D+ represents that the difference is greater than zero, D\u2212 represents that the difference is less than zero, and DD represents D+ minus D\u2212."
  },
  {
    "sec_id": "sec0050",
    "sentence": "We retrieved nano-technology patents (USPC Class 977)[fn0030] in the origin database and obtained thousands of patents."
  },
  {
    "sec_id": "sec0050",
    "sentence": "We took 1123 utility patents granted in 2013 and 425 utility patents granted in 2008 as the sample."
  },
  {
    "sec_id": "sec0050",
    "sentence": "The 1123 patents contain 15,050 citations that are composed of the utility patents granted by USPTO in the period of 1976\u20132013."
  },
  {
    "sec_id": "sec0050",
    "sentence": "These 15,050 citing-cited patent pairs are regarded as the observation group."
  },
  {
    "sec_id": "sec0050",
    "sentence": "A total of 477,080 non-citing-cited patent pairs (one patent of a pair is from 2013 and the other is from 2008), are regarded as the control group."
  },
  {
    "sec_id": "sec0050",
    "sentence": "By comparing text similarity values between the two groups, we continue to verify whether patent citations indicate knowledge linkage or not in the same technological area."
  },
  {
    "sec_id": "sec0050",
    "sentence": "By using the same methods, the text similarity values of the four components of the two groups were calculated (see Supplemental Tables 3\u20134)."
  },
  {
    "sec_id": "sec0050",
    "sentence": "For citing-cited pairs, 34% of the values of titles and 48% of the values of abstracts are greater than 0.1, whereas for non-citing-cited pairs the percentages are respectively 11% and 14%."
  },
  {
    "sec_id": "sec0050",
    "sentence": "For the former pairs, 87% of the values of descriptions are greater than 0.2 and 45% of the values are greater than 0.3, whereas for the latter pairs the proportions are respectively 44% and 5%."
  },
  {
    "sec_id": "sec0050",
    "sentence": "For the former pairs, all the values of claims are greater than 0.1 and 68% of the values are greater than 0.2, whereas for the latter pairs the proportions are respectively 28% and 4%."
  },
  {
    "sec_id": "sec0050",
    "sentence": "By using Eq. [eq0025], the comprehensive text similarity values (seen in [tbl0035]) were calculated."
  },
  {
    "sec_id": "sec0050",
    "sentence": "For citing-cited pairs 16% of the values are lower than 0.1 (84% of the values are greater than 0.1), whereas for non-citing-cited pairs, 63% of the values are lower than 0.1 (37% of the values are greater than 0.1)."
  },
  {
    "sec_id": "sec0050",
    "sentence": "For the former pairs 32% of the values are greater than 0.2, whereas for the latter pairs the proportion is 4%."
  },
  {
    "sec_id": "sec0050",
    "sentence": "It indicates that there is a much higher probability that text similarity values of citing-cited pairs are higher than those of non-citing-cited pairs in the field of nano-technology."
  },
  {
    "sec_id": "sec0050",
    "sentence": "Table 7."
  },
  {
    "sec_id": "sec0050",
    "sentence": "Comprehensive similarity values in the field of nano-technology."
  },
  {
    "sec_id": "sec0050",
    "sentence": "Table 8."
  },
  {
    "sec_id": "sec0050",
    "sentence": "Relative scores of mean, median and mean rank of text similarity values of all kinds of pairs."
  },
  {
    "sec_id": "sec0050",
    "sentence": "Note: The mean, median and mean rank of text similarity values of citing-cited pairs are regarded as the base scores."
  },
  {
    "sec_id": "sec0050",
    "sentence": "The relative scores are the corresponding values divided by the base scores."
  },
  {
    "sec_id": "sec0050",
    "sentence": "For title\u2013title pairs, relative scores of median values are not listed because some median values are zero."
  },
  {
    "sec_id": "sec0050",
    "sentence": "Note: The mean, median and mean rank of text similarity values of citing-cited pairs are regarded as the base scores."
  },
  {
    "sec_id": "sec0050",
    "sentence": "The relative scores are the corresponding values divided by the base scores."
  },
  {
    "sec_id": "sec0050",
    "sentence": "For title\u2013title pairs, relative scores of median values are not listed because some median values are zero."
  },
  {
    "sec_id": "sec0050",
    "sentence": "[fig0030], [fig0035] show that the curves of citing-cited pairs are located at the right side of those of non-citing-cited pairs, and [fig0035] shows that the five curves of non-citing-cited pairs are steeper than those of citing-cited pairs."
  },
  {
    "sec_id": "sec0050",
    "sentence": "The results show that, in the field of nano-technology, the text similarity values of citing-cited pairs are distributed more in the relatively higher value zone, whereas those of non-citing-cited pairs are distributed more in the relatively lower value zone."
  },
  {
    "sec_id": "sec0055",
    "sentence": "In the article, there are eight kinds of patent pairs: non-citing-cited pairs, citing-cited pairs, applicant citing-cited pairs, examiner citing-cited pairs and the other four pairs in the field of nano-technology."
  },
  {
    "sec_id": "sec0055",
    "sentence": "For comparing the text similarity values among all kinds of pairs, the mean, median and mean rank of these text similarity values were calculated (see Supplemental Table 5[fn0035]) and the relative scores are shown in [tbl0040]."
  },
  {
    "sec_id": "sec0055",
    "sentence": "Mean rank is often used to test whether there is a statistically significant difference in scores for many variables measured at the ordinal level."
  },
  {
    "sec_id": "sec0055",
    "sentence": "[fig0040] shows that the relative scores of the two kinds of citing-cited pairs (lines 2 and 6) are much higher than those of non-citing-cited pairs (lines 1 and 5), and the relative scores of the two kinds of examiner citing-cited pairs (lines 4 and 8) are a bit higher than those of applicant citing-cited pairs (lines 3 and 6)."
  },
  {
    "sec_id": "sec0055",
    "sentence": "It can be seen that the two lines of non-citing-cited pairs (lines 1 and 5) are similar, the two lines of citing-cited pairs (line 2 and 6) are similar, the two lines of applicant citing-cited pairs (lines 3 and 7) are similar, and the two lines of examiner citing-cited pairs (lines 4 and 8) are similar, too."
  },
  {
    "sec_id": "sec0055",
    "sentence": "The gaps among the kinds of citing-cited pairs (lines 2\u20134, 6\u20138) are narrower, whereas the gaps from the kinds of citing-cited pairs (lines 2\u20134, 6\u20138) to the kinds of non-citing-cited pairs (lines 1 and 5) are wider."
  },
  {
    "sec_id": "sec0055",
    "sentence": "The two lines of applicant and examiner citing-cited pairs (lines 3 and 4) are complementary; the higher line 3 is, the lower line 4 is."
  },
  {
    "sec_id": "sec0055",
    "sentence": "The two lines of applicant and examiner citing-cited pairs in the field of nano-technology (lines 7 and 8) are complementary, too."
  },
  {
    "sec_id": "sec0055",
    "sentence": "The relative scores of the two kinds of examiner citing-cited pairs (lines 4 and 8) are the highest, whereas those of non-citing-cited pairs (lines 1 and 5) are the lowest."
  },
  {
    "sec_id": "sec0055",
    "sentence": "The relative scores of the kind of non-citing-cited pairs in the same technological area (nano-technology, line 5) are higher than those in different technological areas (line 1), but are much lower than scores of the kinds of citing-cited pairs (lines 2\u20134 and 6\u20138)."
  },
  {
    "sec_id": "sec0055",
    "sentence": "The results show that for the six kinds of citing-cited pairs, including applicant and examiner citing-cited pairs, whether from the same technological area or not, their scores are not much different."
  },
  {
    "sec_id": "sec0055",
    "sentence": "Whereas for the two kinds of non-citing-cited pairs, there are obvious differences: the scores of the kind of pairs from the same technological area (nano-technology) are much higher than those from different technological areas."
  },
  {
    "sec_id": "sec0055",
    "sentence": "It stands to reason that patents from the same technological area are more relevant than from different technological areas, but there is still a much higher probability that the text similarity values of citing-cited pairs are higher than those of non-citing-cited pairs in the field of nano-technology."
  },
  {
    "sec_id": "sec0055",
    "sentence": "For further analyzing differences of text similarity values of different kinds of patent pairs, by using the software Minitab, the differences of text similarity values between citing-cited and non-citing-cited pairs, and between examiner and applicant citing-cited pairs were tested."
  },
  {
    "sec_id": "sec0055",
    "sentence": "The Mann-Whitney ([bib0225]) tests indicate that it is statistically significant (p\u00a0=\u00a00.0000, adjusted for ties) that the text similarity values of citing-cited pairs are higher than those of non-citing-cited pairs, and that the text similarity values of examiner citing-cited pairs are higher than those of applicant citing-cited pairs, even in the field of nano-technology.",
    "intent": "background"
  },
  {
    "sec_id": "sec0055",
    "sentence": "However, hypothesis testing (significance testing) has serious limitations and flaws ([bib0055], [bib0060]).",
    "intent": "background"
  },
  {
    "sec_id": "sec0055",
    "sentence": "The results of significance test are easily and commonly misinterpreted, because the test is biased by the sample size (a large sample size can lead to some comparisons being significant) ([bib0070]).",
    "intent": "background"
  },
  {
    "sec_id": "sec0055",
    "sentence": "Hypothesis testing produces arbitrarily dichotomous yes-no answers (accepting or rejecting the null hypothesis), while discarding important information about magnitude favorable or unfavorable to the null hypothesis ([bib0105]).",
    "intent": "background"
  },
  {
    "sec_id": "sec0055",
    "sentence": "In order to determine the practical importance of difference tests, we need to measure effect size ([bib0160]; [bib0170]), which complements hypothesis testing and is helpful for making decision (it is the first criterion for evaluating a statistical claim).",
    "intent": "background"
  },
  {
    "sec_id": "sec0055",
    "sentence": "[bib0090] introduced the rank-biserial correlation as an effect size for the Mann-Whitney U test.",
    "intent": "background"
  },
  {
    "sec_id": "sec0055",
    "sentence": "It is a simple measuring method related to the common language effect size ([bib0240]; [bib0390]), and has been improved and generalized by many scholars ([bib0050]; [bib0175]; [bib0300]; [bib0415]).",
    "intent": "background"
  },
  {
    "sec_id": "sec0055",
    "sentence": "[bib0175] gives a simple difference formula, the rank-biserial correlation r\u00a0=\u00a0f\u2013u, in which f is the proportion of pairs favorable to the hypothesis and u is that not favorable.",
    "intent": "background"
  },
  {
    "sec_id": "sec0055",
    "sentence": "The correlation r is directional, with positive values indicating that the results support the hypothesis, and does not require any assumptions about the shape or spread of the two distributions."
  },
  {
    "sec_id": "sec0055",
    "sentence": "It can be calculated from U (U1 or U2) or W (W1 or W2), and from the sizes (N1 and N2) of the two groups, with the Mann-Whitney U test:(7)r\u00a0=\u00a0(U1\u00a0\u2212\u00a0U2)/(N1\u00a0\u00d7\u00a0N2)(8)U1\u00a0+\u00a0U2\u00a0=\u00a0N1\u00a0\u00d7\u00a0N2(9)U1\u00a0=\u00a0W1\u00a0\u2212\u00a0N1(N1\u00a0+\u00a01)/2in which, U is statistic and W is the rank sum of a group."
  },
  {
    "sec_id": "sec0055",
    "sentence": "Referencing to the guidelines of Pearson\u2019s r given by [bib0065], we can regard the effect size of a Mann-Whitney U test as tiny, small, medium, large and huge when rank-biserial correlation r is from [0,0.1), [0.1, 0.3), [0.3, 0.5), [0.5, 0.7), [0.7, 1] respectively.",
    "intent": "uses"
  },
  {
    "sec_id": "sec0055",
    "sentence": "[tbl0045] shows the effect sizes of differences of text similarity values."
  },
  {
    "sec_id": "sec0055",
    "sentence": "The effect sizes of difference VC\u00a0\u2212\u00a0VN are huge, except that the effect size of patent titles is medium."
  },
  {
    "sec_id": "sec0055",
    "sentence": "Among the four components, patent title is the shortest text; using short texts to measure text similarities performs poorly ([bib0245]; [bib0305]).",
    "intent": "background"
  },
  {
    "sec_id": "sec0055",
    "sentence": "For the comprehensive values, the overall balance is 0.91, which means 95.5% are favorable to the hypothesis that the text similarity values of citing-cited pairs are higher than those of non-citing-cited pairs, and only 4.5% are unfavorable."
  },
  {
    "sec_id": "sec0055",
    "sentence": "Table 9."
  },
  {
    "sec_id": "sec0055",
    "sentence": "Effect sizes of differences of text similarity values."
  },
  {
    "sec_id": "sec0055",
    "sentence": "Note: The table shows the effect sizes of differences of text similarity values of the four components and the comprehensive, between citing-cited and non-citing-cited pairs, between examiner citing-cited and non-citing-cited pairs, between applicant citing-cited and non-citing-cited pairs, between examiner and applicant citing-cited pairs, and those in the field of nano-technology."
  },
  {
    "sec_id": "sec0055",
    "sentence": "For the first test of VC\u00a0\u2212\u00a0VN, the hypothesis is the difference VC\u00a0\u2212\u00a0VN is greater than zero."
  },
  {
    "sec_id": "sec0055",
    "sentence": "For patent titles, of the total of 501,585\u00a0\u00d7\u00a0990,616\u00a0=\u00a0496,878,126,360 comparison pairs, U1\u00a0=\u00a0346,976,826,084 (70%) are favorable to the hypothesis and U2\u00a0=\u00a0149,901,300,276 (30%) are unfavorable; the favorable evidence outweighs the unfavorable 70%\u201330%, so the overall balance is 0.70 minus 0.30, yielding a rank-biserial correlation r\u00a0=\u00a0f\u00a0\u2212\u00a0u\u00a0=\u00a00.70\u20130.30\u00a0=\u00a00.40."
  },
  {
    "sec_id": "sec0055",
    "sentence": "Note: The table shows the effect sizes of differences of text similarity values of the four components and the comprehensive, between citing-cited and non-citing-cited pairs, between examiner citing-cited and non-citing-cited pairs, between applicant citing-cited and non-citing-cited pairs, between examiner and applicant citing-cited pairs, and those in the field of nano-technology."
  },
  {
    "sec_id": "sec0055",
    "sentence": "For the first test of VC\u00a0\u2212\u00a0VN, the hypothesis is the difference VC\u00a0\u2212\u00a0VN is greater than zero."
  },
  {
    "sec_id": "sec0055",
    "sentence": "For patent titles, of the total of 501,585\u00a0\u00d7\u00a0990,616\u00a0=\u00a0496,878,126,360 comparison pairs, U1\u00a0=\u00a0346,976,826,084 (70%) are favorable to the hypothesis and U2\u00a0=\u00a0149,901,300,276 (30%) are unfavorable; the favorable evidence outweighs the unfavorable 70%\u201330%, so the overall balance is 0.70 minus 0.30, yielding a rank-biserial correlation r\u00a0=\u00a0f\u00a0\u2212\u00a0u\u00a0=\u00a00.70\u20130.30\u00a0=\u00a00.40."
  },
  {
    "sec_id": "sec0055",
    "sentence": "But the effect sizes of difference VE\u00a0\u2212\u00a0VA are not large."
  },
  {
    "sec_id": "sec0055",
    "sentence": "For the comprehensive values, the overall balance is 0.26 (63% are favorable and 37% unfavorable) and the effect size is small."
  },
  {
    "sec_id": "sec0055",
    "sentence": "For the values of patent descriptions, the overall balance is only 0.08 (54% are favorable and 46% unfavorable) and the effect size is tiny; hence, it is hard to accept the hypothesis that the text similarity values of examiner citing-cited pairs are greater than those of applicant citing-cited pairs only based on patent descriptions."
  },
  {
    "sec_id": "sec0055",
    "sentence": "For patent titles, abstracts and claims, the effect sizes are small, small and medium respectively."
  },
  {
    "sec_id": "sec0055",
    "sentence": "In the field of nano-technology, the effect sizes of difference VCN\u00a0\u2212\u00a0VNN are much lower than those of VC\u00a0\u2212\u00a0VN, whereas the effect sizes of VEN\u00a0\u2212\u00a0VAN are a bit bigger than those of VE\u00a0\u2212\u00a0VA."
  },
  {
    "sec_id": "sec0055",
    "sentence": "The effect sizes of VE\u00a0\u2212\u00a0VN (VEN\u00a0\u2212\u00a0VNN) are a bit bigger than those of VC\u00a0\u2212\u00a0VN (VCN\u00a0\u2212\u00a0VNN), whereas the effect sizes of VA\u00a0\u2212\u00a0VN (VAN\u2009\u2212\u2009VNN) are a bit smaller than VC\u00a0\u2212\u00a0VN (VEN\u00a0\u2212\u00a0VNN)."
  },
  {
    "sec_id": "sec0055",
    "sentence": "In brief, for the comprehensive values, 95.5% (89% in the field of nano-technology) of the cases are in accord with the hypothesis that VC\u00a0\u2212\u00a0VN\u00a0>\u00a00 (VCN\u00a0\u2212\u00a0VNN\u00a0>\u00a00), and two-thirds (63% and 67%) of the cases are in accord with the hypotheses that VE\u00a0\u2212\u00a0VA\u00a0>\u00a00 and VEN\u00a0\u2212\u00a0VAN\u00a0>\u00a00."
  },
  {
    "sec_id": "sec0055",
    "sentence": "For the differences of VE\u00a0\u2212\u00a0VA and VEN\u00a0\u2212\u00a0VAN, the effect sizes from patent claims are bigger than from the other three components; it shows that there is more (66% and 69.5%) of the cases to support that patent claims are much more relevant to claims of cited patents added by examiners than listed by applicants."
  },
  {
    "sec_id": "sec0055",
    "sentence": "It can be suggested that in practice most certainly (95% are favorable) patent citations can indicate knowledge linkage, and examiner citations more likely (63% are favorable) indicate knowledge linkage a bit better than applicant citations, especially for the component of claims (66% are favorable)."
  },
  {
    "sec_id": "sec0055",
    "sentence": "Patent citations include two types: applicant citations and examiner citations."
  },
  {
    "sec_id": "sec0055",
    "sentence": "They involve two kinds of knowledge linkage: knowledge diffusion and knowledge relevance."
  },
  {
    "sec_id": "sec0055",
    "sentence": "Knowledge diffusion means adaptations and applications of knowledge, while knowledge relevance is approximated by knowledge similarity measure based on word, term and text, etc."
  },
  {
    "sec_id": "sec0055",
    "sentence": "For knowledge relevance, the results show that most certainly both applicant citations and examiner citations can indicate knowledge relevance."
  },
  {
    "sec_id": "sec0055",
    "sentence": "As for knowledge diffusion, some researchers ([bib0165]) suggest that only applicant citations can indicate knowledge diffusion, because inventors are unaware of examiner citations and do not utilize them for creating inventions.",
    "intent": "background"
  },
  {
    "sec_id": "sec0055",
    "sentence": "However, it is just one side of the issue, not the whole."
  },
  {
    "sec_id": "sec0055",
    "sentence": "On the other side, applicants may disclose prior art incompletely and imperfectly, and even deliberately withhold some closely related prior art that invalidates their claims ([bib0075]; [bib0185]).",
    "intent": "background"
  },
  {
    "sec_id": "sec0055",
    "sentence": "In contrast, the examiners must reference the related prior patents or publications for judging the application\u2019s patentability according to patent laws."
  },
  {
    "sec_id": "sec0055",
    "sentence": "Of course, not every invention is novel to qualify for a patent."
  },
  {
    "sec_id": "sec0055",
    "sentence": "The main requirement for obtaining a patent on an invention is that it must be novel: it must differ from all previous inventions or existing knowledge."
  },
  {
    "sec_id": "sec0055",
    "sentence": "The nature of patent examination is rejection of claims.[fn0040] Basing their study on the patent data and information from USPTO, [bib0075] point out that about 36% of examiner citations were used to reject the claims of patent applications and 76% of the granted patents had at least one rejection of claims based on prior art.",
    "intent": "background"
  },
  {
    "sec_id": "sec0055",
    "sentence": "Applicants may prefer to take patents that support rather than obviously undermine or impinge on their claims as references ([bib0145]; [bib0185]).",
    "intent": "background"
  },
  {
    "sec_id": "sec0055",
    "sentence": "They may unintentionally ignore or intentionally withhold the prior art that negates or harms the novelty of patent applications, and they may overwhelmingly submit low quality or irrelevant prior art across all areas because they cannot retrieve the relevant art as professionally as examiners can and they are not required by law to search the prior art or outsource search to professionals ([bib0075]; [bib0145]; [bib0185]).",
    "intent": "background"
  },
  {
    "sec_id": "sec0055",
    "sentence": "Examiners rarely use applicant citations in their rejections to limit or narrow patent claims, relying almost exclusively on examiner citations ([bib0075]).",
    "intent": "background"
  },
  {
    "sec_id": "sec0055",
    "sentence": "They must professionally search the most relevant prior art and must cite the best references for judging the novelty of patent applications."
  },
  {
    "sec_id": "sec0055",
    "sentence": "In addition, even if examiner citations are unknown to the inventor and are not utilized for developing the invention, it just means that examiner citations do not directly indicate knowledge flow and diffusion."
  },
  {
    "sec_id": "sec0055",
    "sentence": "Nonetheless, examiner citations may indirectly indicate knowledge flow and diffusion through affecting applicants and forcing them to amend their claims."
  },
  {
    "sec_id": "sec0055",
    "sentence": "During patent examination process, the examiner and the applicant exchange information."
  },
  {
    "sec_id": "sec0055",
    "sentence": "The examiner replies to the applicant in the office actions, in which examiner citations are listed when rejection is based on prior art."
  },
  {
    "sec_id": "sec0055",
    "sentence": "The applicant can abandon, narrow or amend some of the patent claims for avoiding prior art, or can give a reasonable explanation to the examiner for the novelty of the invention; otherwise, the applicant will not obtain a patent (but he/she can appeal)."
  },
  {
    "sec_id": "sec0055",
    "sentence": "That means examiner citations may indicate knowledge diffusion indirectly, because they are mainly used to judge patentability and compel the applicant to amend the patent claims for avoiding the prior art."
  },
  {
    "sec_id": "sec0055",
    "sentence": "This is the main cause of the results of the article: Examiner citations rather than applicant citations are more likely to relate to the citing patent closely; compared to the other three components, claims of cited patents added by examiners rather than listed by applicants are more liable to associate with claims of the citing patent in text similarity."
  },
  {
    "sec_id": "sec0055",
    "sentence": "By analyzing patent examination process, we interpret the cause of the fact that examiner citations are more likely to indicate knowledge linkage a bit better than applicant citations, especially for the component of patent claims."
  },
  {
    "sec_id": "sec0055",
    "sentence": "Preferably, examiner citations can be regarded as not only the supplement of applicant citations but also the indispensable technological background and the prior art related to the patents."
  },
  {
    "sec_id": "sec0055",
    "sentence": "We suggest that logically examiner citations can indicate knowledge linkage, in that examiner citations are mainly used for patent rejections that influence applicants and oblige them to abandon, limit or amend some of their claims for obtaining patents."
  },
  {
    "sec_id": "sec0075",
    "sentence": "By comparing text similarity values between the two groups, it can be validated that, in the vast majority of cases, text similarity values of citing-cited pairs are much higher than those of non-citing-cited pairs."
  },
  {
    "sec_id": "sec0075",
    "sentence": "The study in the field of nano-technology shows that, in the majority of cases, the results are the same although patents in the same technological area are more relevant than in different technological areas."
  },
  {
    "sec_id": "sec0075",
    "sentence": "Furthermore, by comparing text similarities between applicant and examiner citing-cited pairs, the results show that, in more cases, text similarity values of examiner citing-cited pairs are a bit higher than those of applicant citing-cited pairs."
  },
  {
    "sec_id": "sec0075",
    "sentence": "Preferably, examiner citations can be regarded as not only the supplement of applicant citations but also the more important technological background and the prior art closely related to the patents."
  },
  {
    "sec_id": "sec0075",
    "sentence": "Compared to applicant citations, logically examiner citations are a good indicator of knowledge linkage rather than an incomplete and noisy indicator."
  },
  {
    "sec_id": "sec0075",
    "sentence": "In short, the results suggest that almost certainly patent citations can indicate knowledge linkage, and more likely examiner citations can indicate knowledge linkage a bit better than applicant citations, especially for the component of patent claims."
  },
  {
    "sec_id": "sec0075",
    "sentence": "Therefore, we accept the hypothesis that patent citations can indicate knowledge linkage, although a small part of citations represents knowledge linkage incompletely."
  },
  {
    "sec_id": "sec0075",
    "sentence": "In recent several decades, patent citations have been widely used as a very important proxy for exploring linkage between technology and science, for measuring technological knowledge diffusion and relevance, for revealing technological development tracking and even for evaluating the importance, impact or quality of patents."
  },
  {
    "sec_id": "sec0075",
    "sentence": "No doubt, the patent citation analysis method must be provided with the assumption that patent citations can indicate knowledge linkage."
  },
  {
    "sec_id": "sec0075",
    "sentence": "The assumption is a foundational and basic issue of the patent citation analysis method."
  },
  {
    "sec_id": "sec0075",
    "sentence": "By comparing text similarities between citing-cited and non-citing-cited pairs, the study provides good empirical evidence supporting the assumption of knowledge relevance: patents are generally more relevant to their citations (cited patents) than other patents in text similarities, even in the same technological area."
  },
  {
    "sec_id": "sec0075",
    "sentence": "By analyzing patent examination process and by interpreting the cause of the fact that in more cases text similarity values of examiner citing-cited pairs are a bit higher than those of applicant citing-cited pairs, the study provides indirect (logical) evidence supporting the assumption of knowledge diffusion."
  },
  {
    "sec_id": "sec0075",
    "sentence": "Applicant citations can indicate knowledge diffusion directly, because the applicants are required by law for disclosing prior art as the pre-existing background technological knowledge known by the inventors and utilized to develop the new inventions."
  },
  {
    "sec_id": "sec0075",
    "sentence": "Examiner citations can indicate knowledge diffusion indirectly, because the examiners are required for searching the closely related prior art as the references mainly used for patent rejections, which force the applicants to abandon, or narrow, or amend patent claims for obtaining patents."
  },
  {
    "sec_id": "sec0075",
    "sentence": "In short, we suggested that patent citations, including applicant citations and examiner citations, can indicate knowledge linkage, containing knowledge relevance and logically involving knowledge diffusion."
  },
  {
    "sec_id": "sec0075",
    "sentence": "We preliminarily and tentatively validate the basic assumption of the patent citation analysis method: patent citations can indicate knowledge linkage."
  },
  {
    "sec_id": "sec0075",
    "sentence": "In the study, we do not consider semantics when measuring text similarity, so the knowledge linage of two texts with the same meaning but which are different in words cannot be inspected by the text similarity measure only based on the VSM."
  },
  {
    "sec_id": "sec0075",
    "sentence": "In the patent text mining process, some researchers ([bib0365]; [bib0375]) construct knowledge ontology or use semantic analysis based on WordNet,[fn0045] in order to increase the accuracy of text similarity calculating.",
    "intent": "background"
  },
  {
    "sec_id": "sec0075",
    "sentence": "In further researches, we will consider semantics, especially for the short-text of patent title and abstract."
  },
  {
    "sec_id": "sec0075",
    "sentence": "Through integrating citation analysis with content analysis ([bib0095]; [bib0440]), we will reveal how a patent citation links to the citing patent and how patent citations indicate knowledge linkage specifically, especially for examiner citations across different areas of technology or over time, in order to gather new detailed evidence for the hypothesis.",
    "intent": "uses"
  },
  {
    "sec_id": "sec0085",
    "sentence": "The following is Supplementary data to this article:Download : Download Word document (147KB)"
  }
]