[
  {
    "sec_id": "sec0005",
    "sentence": "When Jorge Hirsch first introduced the index that bears his name ([bib0060]) he could hardly have foreseen the remarkable influence it would have in the world of informetrics and far beyond, even being included nowadays as one of the standard statistics for an author reported in, for instance, Web of Science (WoS\u00ae), Scopus\u00ae and Publish or Perish (PoP\u00ae).",
    "intent": "background"
  },
  {
    "sec_id": "sec0005",
    "sentence": "Its main attraction is the simplicity of its rationale \u2013 look at an author's most highly cited papers, with how many to be considered being determined by how many citations they attract."
  },
  {
    "sec_id": "sec0005",
    "sentence": "The formal definition is by now very well known.Definition 1If an author has N publications/papers, the h-index is the largest integer h such that h of the publications have at least h citations and the remaining N\u00a0\u2212\u00a0h have at most h citations."
  },
  {
    "sec_id": "sec0005",
    "sentence": "Definition 1"
  },
  {
    "sec_id": "sec0005",
    "sentence": "If an author has N publications/papers, the h-index is the largest integer h such that h of the publications have at least h citations and the remaining N\u00a0\u2212\u00a0h have at most h citations."
  },
  {
    "sec_id": "sec0005",
    "sentence": "The h-index is a purely empirical measure and, although [bib0060] and [bib0005] proposed, respectively, a deterministic and a stochastic model for the way the index develops in time, neither produced a theoretical formula for the index itself.",
    "intent": "background"
  },
  {
    "sec_id": "sec0005",
    "sentence": "The first proper formula \u2013 i.e. something that could be calculated from the model parameters \u2013 was given by [bib0040], later extended in [bib0050] and based on the assumption of the simple Pareto (continuous Lotka) model for the citation distribution.",
    "intent": "background"
  },
  {
    "sec_id": "sec0005",
    "sentence": "However, [bib0015] has presented empirical examples that cast doubt on these formulae, suggesting that the problem is that the assumed so-called Lotkaian model for the entire distribution is not appropriate in this context.",
    "intent": "background"
  },
  {
    "sec_id": "sec0005",
    "sentence": "Here we will demonstrate that a formula based on a particularly simple case of the stochastic model of [bib0005], [bib0020] can often give surprisingly good results.",
    "intent": "uses"
  },
  {
    "sec_id": "sec0005",
    "sentence": "Our approach is essentially the same as that of [bib0040], [bib0050] but based on a different distributional model.",
    "intent": "similarities differences"
  },
  {
    "sec_id": "sec0010",
    "sentence": "The obvious way to determine the h-index is to rank the author's papers in decreasing order of number of citations and then identify the rank satisfying the definition."
  },
  {
    "sec_id": "sec0010",
    "sentence": "Graphically, one would plot rank on the horizontal scale and number of citations on the vertical scale \u2013 a rank\u2013size plot \u2013 and look for the intersection with the \u201cx\u00a0=\u00a0y\u201d or equality line."
  },
  {
    "sec_id": "sec0010",
    "sentence": "See, for instance, Fig."
  },
  {
    "sec_id": "sec0010",
    "sentence": "1 of [bib0060] or Fig.",
    "intent": "uses"
  },
  {
    "sec_id": "sec0010",
    "sentence": "2.2 of [bib0035].",
    "intent": "background"
  },
  {
    "sec_id": "sec0010",
    "sentence": "In what follows, we shall instead adopt a traditional size\u2013frequency approach, but focussing on the tail frequency distribution and plotting the number of citations on the horizontal scale and the number of papers with at least this number of citations on the vertical scale."
  },
  {
    "sec_id": "sec0010",
    "sentence": "A moments thought shows that, in comparison with the rank\u2013size approach, this is just a matter of interchanging the major axes, or reflecting in the x\u00a0=\u00a0y line, so that the h-index is given by the intersection of the tail frequency plot with the equality line."
  },
  {
    "sec_id": "sec0010",
    "sentence": "This equivalence between the standard frequency approach and the rank approach carries over, of course to theoretical models."
  },
  {
    "sec_id": "sec0010",
    "sentence": "Indeed this duality between the two approaches lies at the heart of much of the work in so-called Lotkaian informetrics, see in particular the standard text of [bib0025] and, in the context of the h-index, [bib0040], [bib0050] and [bib0035].",
    "intent": "background"
  },
  {
    "sec_id": "sec0015",
    "sentence": "The stochastic model of [bib0005], [bib0020] is concerned with the development of an author's citation distribution over time.",
    "intent": "background"
  },
  {
    "sec_id": "sec0015",
    "sentence": "In all that follows, however, we will only be concerned with the citation distribution at some particular point in time so the time parameter will be suppressed."
  },
  {
    "sec_id": "sec0015",
    "sentence": "The probabilistic approach assumes that the numbers of citations to an author's publications at any time are equivalent to a random sample from some probability distribution."
  },
  {
    "sec_id": "sec0015",
    "sentence": "Thus if X\u00a0=\u00a0number of citations to a typical publication, thenpr\u00a0=\u00a0P(X\u00a0=\u00a0r)\u00a0=\u00a0probability that the publication has r citations, r\u00a0=\u00a00, 1, 2, \u2026 for some probability distribution on the non negative integers."
  },
  {
    "sec_id": "sec0015",
    "sentence": "If we write Z(r)\u00a0=\u00a0number of papers with exactly r citations, r\u00a0=\u00a00, 1, 2, \u2026,then, given the number of papers that the author has published, say N, the conditional distribution of Z(r) is binomial, corresponding to N \u201ctrials\u201d (the number of papers) with probability pr\u00a0=\u00a0P(X\u00a0=\u00a0r) of \u201csuccess\u201d (getting r citations) at each trial."
  },
  {
    "sec_id": "sec0015",
    "sentence": "It follows thatZ(r)\u223cBin(N,pr)andhenceE[Z(r)]=Npr=NP(X=r)"
  },
  {
    "sec_id": "sec0015",
    "sentence": "Thus the distribution of expected citation frequencies is just the underlying probability distribution scaled by the number of publications."
  },
  {
    "sec_id": "sec0015",
    "sentence": "For the h-index we are interested in the number of papers with high numbers of citations so we defineN(r)=Number of papers with at leastrcitations=\u2211k=r\u221eZ(k),r=0,1,2,\u2026"
  },
  {
    "sec_id": "sec0015",
    "sentence": "Thus N(0)\u00a0=\u00a0N and the empirical h-index is the integer h satisfyingh=max{n:n\u2264N(n)}"
  },
  {
    "sec_id": "sec0015",
    "sentence": "When we turn to the theoretical framework, we do not have the observed number of papers, only the expected number."
  },
  {
    "sec_id": "sec0015",
    "sentence": "Thus we considerE[N(r)]=E\u2211k=r\u221eZ(k)=N\u2211k=r\u221eP(X=k)=N\u03d5(r)where we have written \u03d5(r)\u00a0=\u00a0P(X\u00a0\u2265\u00a0r) for what is usually called the tail distribution function but in some contexts is referred to as the survivor or reliability function."
  },
  {
    "sec_id": "sec0015",
    "sentence": "Note that this is just the underlying tail distribution scaled up by a factor N."
  },
  {
    "sec_id": "sec0015",
    "sentence": "By analogy to the empirical definition we have that the theoretical h-index is the integer h satisfyingh=max{n:n\u2264E[N(n)]}=max{n:n\u2264N\u03d5(n)}and note that this is well defined since E[N(n)] decreases with increasing n and E[N(0)]\u00a0=\u00a0N."
  },
  {
    "sec_id": "sec0015",
    "sentence": "Remark."
  },
  {
    "sec_id": "sec0015",
    "sentence": "In the empirical case we have that h satisfies h\u00a0=\u00a0N(h) where N(n) is necessarily an integer."
  },
  {
    "sec_id": "sec0015",
    "sentence": "Although the theoretical index is also an integer, since expected frequencies are not necessarily integers, we can have h\u00a0<\u00a0E[N(h)] so that h would naturally be defined as the integer part of E[N(h)]."
  },
  {
    "sec_id": "sec0015",
    "sentence": "In essence, then, to determine the theoretical h-index we need to solve the equation(1)h=N\u03d5(h)or\u03d5(h)=hN"
  },
  {
    "sec_id": "sec0015",
    "sentence": "When we come to solving Eq. [eq0030] in a theoretical framework, we are treating h as a real variable, not necessarily an integer."
  },
  {
    "sec_id": "sec0015",
    "sentence": "This leads to the following:Definition 2The quasi h-index for whatever may be the assumed model, i.e. whatever the assumed form of \u03d5 is the solution of Eq. [eq0030] and is denoted by h*."
  },
  {
    "sec_id": "sec0015",
    "sentence": "Definition 2"
  },
  {
    "sec_id": "sec0015",
    "sentence": "The quasi h-index for whatever may be the assumed model, i.e. whatever the assumed form of \u03d5 is the solution of Eq. [eq0030] and is denoted by h*."
  },
  {
    "sec_id": "sec0015",
    "sentence": "Remark."
  },
  {
    "sec_id": "sec0015",
    "sentence": "[bib0040] assume a Lotka model so that their Eqs.",
    "intent": "background"
  },
  {
    "sec_id": "sec0015",
    "sentence": "(5) and (6) give, in our notation, \u03d5(h)\u00a0=\u00a0h1\u2212\u03b1 where \u03b1 is the Lotka index."
  },
  {
    "sec_id": "sec0015",
    "sentence": "Substituting into Eq. [eq0030] above and solving gives the (quasi) h-index for the Lotka model h\u00a0=\u00a0N1/\u03b1."
  },
  {
    "sec_id": "sec0015",
    "sentence": "Note that [bib0015] gives some examples showing that this formula does not necessarily give results close to the true h-index, indeed it is often very close to a square root relationship.",
    "intent": "background"
  },
  {
    "sec_id": "sec0015",
    "sentence": "(iv) [bib0080], [bib0085] has compared the above Lotka model with other simple formula-based approaches but in the somewhat different setting of an h-index being applied to any collection of publications and resultant citations.",
    "intent": "background"
  },
  {
    "sec_id": "sec0015",
    "sentence": "It should be stressed that we are not claiming that the constructive model being investigated here is necessarily appropriate in these wider applications."
  },
  {
    "sec_id": "sec0020",
    "sentence": "In [bib0005], [bib0020] the author proposed a basic model to describe the probabilistic mechanism whereby an author publishes papers that subsequently acquire citations over time with both the publication and citation processes being governed by random processes.",
    "intent": "background"
  },
  {
    "sec_id": "sec0020",
    "sentence": "We refer the reader to these earlier papers for description and derivation of the resulting citation distribution."
  },
  {
    "sec_id": "sec0020",
    "sentence": "In what follows, we are not interested in development over time, only in the author's citation distribution at a particular moment in time and for this we just state the relevant result.Proposition 1The probability distribution of X, the number of an author's citations, is given byP(X=r)=1(v\u22121)s\u0393(r+v)r!\u0393(v\u22121)\u222b0s/(1+s)yr(1\u2212y)v\u22122dy=1(v\u22121)sB11+s;r+1,v\u22121for r\u00a0=\u00a00, 1, 2, \u2026, where \u03bd\u00a0>\u00a01 is a shape parameter, s\u00a0>\u00a00 is a scale parameter (related to time in the full model), and B is the cumulative distribution function of a beta distribution, otherwise referred to as the incomplete beta function ratio."
  },
  {
    "sec_id": "sec0020",
    "sentence": "Proposition 1"
  },
  {
    "sec_id": "sec0020",
    "sentence": "The probability distribution of X, the number of an author's citations, is given byP(X=r)=1(v\u22121)s\u0393(r+v)r!\u0393(v\u22121)\u222b0s/(1+s)yr(1\u2212y)v\u22122dy=1(v\u22121)sB11+s;r+1,v\u22121"
  },
  {
    "sec_id": "sec0020",
    "sentence": "(Full details can be found in [bib0005], [bib0020] but these are not important here since we shall mainly rely on graphical depictions.)",
    "intent": "background"
  },
  {
    "sec_id": "sec0020",
    "sentence": "The case that will be of central interest in what follows is provided by taking \u03bd\u00a0=\u00a02."
  },
  {
    "sec_id": "sec0020",
    "sentence": "Corollary ([bib0020])If\u03bd=2,thenP(X=r)=11+ss1+sr=pqr,r=0,1,2,\u2026",
    "intent": "background"
  },
  {
    "sec_id": "sec0020",
    "sentence": "Thus X follows a geometric distribution with parameter p\u00a0=\u00a01/(1\u00a0+\u00a0s)\u00a0=\u00a01\u00a0\u2212\u00a0q and the tail distribution function takes the simple form\u03d5(r)=P(X\u2265r)=qrforr=0,1,2,\u2026"
  },
  {
    "sec_id": "sec0020",
    "sentence": "There are no such simple closed expressions if \u03bd\u00a0\u2260\u00a02 but that will be of no real concern since in the main we will rely on graphical presentations."
  },
  {
    "sec_id": "sec0020",
    "sentence": "For purposes of comparison, examples of the tail distribution functions for different values of \u03bd are given in [fig0005]."
  },
  {
    "sec_id": "sec0020",
    "sentence": "For the other parameter, s, we have assumed a mean number of citations per paper \u03bc\u00a0=\u00a015 and then determined s from \u03bc\u00a0=\u00a0\u03bds/2 as in the Corollary to Proposition 3 of [bib0020].",
    "intent": "uses"
  },
  {
    "sec_id": "sec0020",
    "sentence": "Note how the points of intersection of the three tail distributions are very close together."
  },
  {
    "sec_id": "sec0020",
    "sentence": "(This observation holds true for other values of the parameters also.) This elementary observation is the key to the later development but note that it is perhaps not too surprising since, in the continuous framework, the mean is given by the area beneath the tail distribution function."
  },
  {
    "sec_id": "sec0020",
    "sentence": "In the case of the geometric distribution we have a simple explicit expression for the tail distribution function and hence, if this model were true, the h-index would be given byh=max{n:n\u2264Nqn}and, knowing N and q we could determine h."
  },
  {
    "sec_id": "sec0020",
    "sentence": "With empirical data, although we know the number of papers N, we can only estimate the geometric parameter."
  },
  {
    "sec_id": "sec0020",
    "sentence": "For a geometric distribution with parameter p, the moments estimate and the maximum likelihood estimate are both derived fromq\u02c6p\u02c6=mean=x\u00af=CNwhere C\u00a0=\u00a0total number of citations."
  },
  {
    "sec_id": "sec0020",
    "sentence": "Thus our best estimate of q is q\u02c6=1\u2212p\u02c6=C/(N+C)."
  },
  {
    "sec_id": "sec0020",
    "sentence": "As remarked before, the expected value Nqn is not necessarily an integer, and so we consider the (geometric distribution) quasi h-index as the solution of x\u00a0=\u00a0Nqx."
  },
  {
    "sec_id": "sec0020",
    "sentence": "More formallyProposition 2The quasi h-index, h*, for the geometric model is the solution of(2)CN+Ch=x\u00af1+x\u00afh=hN"
  },
  {
    "sec_id": "sec0020",
    "sentence": "Proposition 2"
  },
  {
    "sec_id": "sec0020",
    "sentence": "The quasi h-index, h*, for the geometric model is the solution of(2)CN+Ch=x\u00af1+x\u00afh=hN"
  },
  {
    "sec_id": "sec0020",
    "sentence": "Remarks"
  },
  {
    "sec_id": "sec0020",
    "sentence": "(i) Eq. [eq0060] is a non-linear equation that can only be solved using numerical methods."
  },
  {
    "sec_id": "sec0020",
    "sentence": "In our analysis we used the Newton\u2013Raphson method but the reader can use whatever method is conveniently available."
  },
  {
    "sec_id": "sec0020",
    "sentence": "In this approach, h is treated as a continuous variable and \u03d5 as a function on the non-negative real line rather than just the non-negative integers, in this case as an exponential function."
  },
  {
    "sec_id": "sec0020",
    "sentence": "(ii) In view of (i) above, the reader might suggest that, rather than a continuous approximation to the discrete geometric distribution, one should adopt a continuous function from the start, akin to so-called Lotkaian informetrics, see [bib0025], which uses a continuous approach throughout.",
    "intent": "background"
  },
  {
    "sec_id": "sec0020",
    "sentence": "In other words, perhaps we should try to fit an exponential distribution so that we need to solve an equation of the form h\u00a0=\u00a0Ne\u2212\u03bbh and for this we need an estimate of the exponential parameter \u03bb."
  },
  {
    "sec_id": "sec0020",
    "sentence": "Again, the maximum likelihood estimate coincides with the elementary moment estimate so that \u03bb\u02c6=(1/x\u00af)=(N/C) is the obvious estimate to use."
  },
  {
    "sec_id": "sec0020",
    "sentence": "We investigated this approach, again using the Newton\u2013Raphson method, and found that the rate of convergence was essentially the same, the solution was always slightly less than that from the geometric model and that the two solutions differed by less than one."
  },
  {
    "sec_id": "sec0020",
    "sentence": "In the following, the geometric model will be used."
  },
  {
    "sec_id": "sec0025",
    "sentence": "We illustrate the method by means of three previously published citation data sets relating to a total of 15 different scientists."
  },
  {
    "sec_id": "sec0025",
    "sentence": "(a) [bib0020] presented the citation distributions up to the end of 2010 of the Price Medallists Leo Egghe, Wofgang Gl\u00e4nzel, Loet Leydesdorff and Ronald Rousseau.",
    "intent": "background"
  },
  {
    "sec_id": "sec0025",
    "sentence": "The data were gathered from WoS\u00ae in December 2012 and excluded publications that were not obviously research items, thus excluding editorial material, book reviews and the like."
  },
  {
    "sec_id": "sec0025",
    "sentence": "The log tail\u2013frequency distributions feature as Fig."
  },
  {
    "sec_id": "sec0025",
    "sentence": "4(a)\u2013(d) of [bib0015] where it was noted that the plots are very approximately linear in the early stages \u2013 although perhaps with a suggestion of convexity in some cases \u2013 but much more irregular for higher citation levels.",
    "intent": "background"
  },
  {
    "sec_id": "sec0025",
    "sentence": "Of course it is, conversely, these highly cited papers that feature first in the rank-based approach."
  },
  {
    "sec_id": "sec0025",
    "sentence": "In [fig0010](a)\u2013(d) are given plots of the empirical tail frequency distributions of the same four scientists together with the fitted geometric distribution and the equality line in each case."
  },
  {
    "sec_id": "sec0025",
    "sentence": "As in Fig."
  },
  {
    "sec_id": "sec0025",
    "sentence": "4(a)\u2013(d) of [bib0020], we have here truncated the data at 100 citations for ease of visual comparison, such truncation omitting only a few data points.",
    "intent": "uses"
  },
  {
    "sec_id": "sec0025",
    "sentence": "Comparing these plots with the forms of the theoretical tail distributions in [fig0005], it could be argued that in each case the appropriate model should have index \u03bd\u00a0<\u00a02."
  },
  {
    "sec_id": "sec0025",
    "sentence": "However, our purpose here is not to find a good fit to the empirical distribution, merely to investigate the h-index."
  },
  {
    "sec_id": "sec0025",
    "sentence": "Note that the true h-index is given by the intersection of the equality line with the empirical tail frequency while the quasi h-index h* is the intersection with the geometric tail distribution."
  },
  {
    "sec_id": "sec0025",
    "sentence": "Clearly these are very close, indeed almost indistinguishable, and this is the aspect that is exploited by this method."
  },
  {
    "sec_id": "sec0025",
    "sentence": "(b) [bib0075] presented data relating to the seven Polish scientists J.",
    "intent": "background"
  },
  {
    "sec_id": "sec0025",
    "sentence": "Barnas, T."
  },
  {
    "sec_id": "sec0025",
    "sentence": "Dietl, S."
  },
  {
    "sec_id": "sec0025",
    "sentence": "Krukowski, K."
  },
  {
    "sec_id": "sec0025",
    "sentence": "Sangwal and Z."
  },
  {
    "sec_id": "sec0025",
    "sentence": "R."
  },
  {
    "sec_id": "sec0025",
    "sentence": "Zytkiewitcz, all of whom are physicists, M."
  },
  {
    "sec_id": "sec0025",
    "sentence": "Kosmulski, a chemist, and K."
  },
  {
    "sec_id": "sec0025",
    "sentence": "J."
  },
  {
    "sec_id": "sec0025",
    "sentence": "Kurzydlowski, a materials scientist, together with Leo Egghe and the current author."
  },
  {
    "sec_id": "sec0025",
    "sentence": "(We have omitted the last two from our analysis.) Further details regarding these scientists are given in [bib0075] where it is reported that the citation data cover the period up to 2010 and were collected from WoS\u00ae in December 2010.",
    "intent": "background"
  },
  {
    "sec_id": "sec0025",
    "sentence": "It is not indicated whether or not the data were in any way filtered."
  },
  {
    "sec_id": "sec0025",
    "sentence": "As the primary purpose of Sangwal's investigation was to assess different theoretical forms of the rank distribution, that is the way the distributions were illustrated in his [fig0005](a) and (b)."
  },
  {
    "sec_id": "sec0025",
    "sentence": "The shapes of these are very similar to those reported by [bib0015] and which led him to doubt the Lotka form for the citation distribution.",
    "intent": "similarities"
  },
  {
    "sec_id": "sec0025",
    "sentence": "More interesting for this investigation are the graphs in Fig."
  },
  {
    "sec_id": "sec0025",
    "sentence": "2(a) and (b) of [bib0075] that give the log tail form as in [bib0020].",
    "intent": "uses"
  },
  {
    "sec_id": "sec0025",
    "sentence": "We reconstructed the frequency data from the rank distribution given in Tables 1 and 2 of [bib0075] and the early parts of the distributions are given here in [tbl0015], which the reader might care to compare to Table 1 of [bib0020].",
    "intent": "uses"
  },
  {
    "sec_id": "sec0025",
    "sentence": "Again, it is hard to detect a definitive pattern, except to say that there is a general, if irregular, decline in the citation frequencies."
  },
  {
    "sec_id": "sec0025",
    "sentence": "Table 1."
  },
  {
    "sec_id": "sec0025",
    "sentence": "Initial citation distributions for the Polish scientists reported by [bib0075].",
    "intent": "background"
  },
  {
    "sec_id": "sec0025",
    "sentence": "As remarked above, [bib0075] reports the rank\u2013size distributions so that it is easy to simply read-off the h-index in each case.",
    "intent": "background"
  },
  {
    "sec_id": "sec0025",
    "sentence": "He also gives the number of papers and number of citations for each so that we can calculate the quasi h-index as described."
  },
  {
    "sec_id": "sec0025",
    "sentence": "(Note that when constructing the standard frequency distributions from Tables 1 and 2 of [bib0075] we discovered a number of inconsistencies.",
    "intent": "motivation"
  },
  {
    "sec_id": "sec0025",
    "sentence": "In [tbl0015] we have relied on the summary statistics as reported by [bib0075].)",
    "intent": "background"
  },
  {
    "sec_id": "sec0025",
    "sentence": "(c) [bib0055] produced an in-depth investigation of the theoretical statistical aspects of the tails of scientometric distributions, assuming a general power-law form.",
    "intent": "background"
  },
  {
    "sec_id": "sec0025",
    "sentence": "Results were illustrated by the citation distribution data for four scientists, identified only as A, B, C and D."
  },
  {
    "sec_id": "sec0025",
    "sentence": "As in [bib0020] the data, obtained from WoS\u00ae were filtered by only taking articles, letters, notes, reviews and proceedings papers published in journals into account.",
    "intent": "uses similarities"
  },
  {
    "sec_id": "sec0025",
    "sentence": "The data were downloaded at the end of 2008."
  },
  {
    "sec_id": "sec0025",
    "sentence": "Only the initial part of the rank\u2013size distribution is reported ([bib0055], Table 4), so that it is not possible to reconstruct the standard frequency distributions.",
    "intent": ""
  },
  {
    "sec_id": "sec0025",
    "sentence": "Hence we must rely on the given basic summary statistics and note that the actual number of citations is only given in the case of scientist D."
  },
  {
    "sec_id": "sec0025",
    "sentence": "For the others we have estimated the number of citations from N and the reported average number of citations per paper, which is only given to one decimal place."
  },
  {
    "sec_id": "sec0025",
    "sentence": "The relevant statistics and results for the three data sets are given in [tbl0020]."
  },
  {
    "sec_id": "sec0025",
    "sentence": "Table 2."
  },
  {
    "sec_id": "sec0025",
    "sentence": "The crucial statistics for our sample of scientists."
  },
  {
    "sec_id": "sec0025",
    "sentence": "Although the results of just 15 scientists are included, it is worth noting first that there is a range of results for each of the basic statistics."
  },
  {
    "sec_id": "sec0025",
    "sentence": "The number of papers ranges from 89 to 292; the number of citations from 510 to 10,405; the mean citations per paper from 3.59 to 35.63 and the h-index from 12 to 41."
  },
  {
    "sec_id": "sec0025",
    "sentence": "For our purposes, the most important thing to note is how similar are the quasi h-index values to the true ones, as suggested by [fig0010] for the [bib0020] sample although clearly some further comments are in order.",
    "intent": "similarities"
  },
  {
    "sec_id": "sec0025",
    "sentence": "Remarks"
  },
  {
    "sec_id": "sec0025",
    "sentence": "(i) Leydesdorff."
  },
  {
    "sec_id": "sec0025",
    "sentence": "Two values of h* are given, the second relating to the author's N and C values when his most highly cited paper is omitted."
  },
  {
    "sec_id": "sec0025",
    "sentence": "This paper accounts for 410 citations, some 18% of the total, and is his only paper with over 100 citations."
  },
  {
    "sec_id": "sec0025",
    "sentence": "Hence it is something of an outlier."
  },
  {
    "sec_id": "sec0025",
    "sentence": "So far as the h-index is concerned, it would not have mattered whether this paper had received 40 or 4000 citations, the index would be the same."
  },
  {
    "sec_id": "sec0025",
    "sentence": "On the other hand such an outlier greatly influences the value of C and hence the quasi h-index."
  },
  {
    "sec_id": "sec0025",
    "sentence": "There are various ways to deal with outliers but, purely for simplicity in this illustration, the paper has been omitted from the analysis."
  },
  {
    "sec_id": "sec0025",
    "sentence": "This reduces N by one and C by 410, leading to the second reported value for the h*, much more in line with the empirical value."
  },
  {
    "sec_id": "sec0025",
    "sentence": "(ii) Barnas."
  },
  {
    "sec_id": "sec0025",
    "sentence": "This case is unusual in that the empirical frequency distribution is markedly different from the simple geometric model."
  },
  {
    "sec_id": "sec0025",
    "sentence": "This is illustrated in [fig0015] and can be compared with the examples in [fig0010](a)\u2013(d)."
  },
  {
    "sec_id": "sec0025",
    "sentence": "Clearly in this case, even if the general model is appropriate, the index \u03bd is certainly less than 2."
  },
  {
    "sec_id": "sec0025",
    "sentence": "Note that the intersection between the empirical and the geometric distributions occurs well before the line of equality and hence there is a notable difference in the intersections determining the h and h* indexes."
  },
  {
    "sec_id": "sec0025",
    "sentence": "If the model were true, this would be an expected consequence in the case where an author has a large number of papers but a relatively small average number of citations per paper."
  },
  {
    "sec_id": "sec0025",
    "sentence": "On the other hand, it serves to show that what we are demonstrating is, at best, an approximation."
  },
  {
    "sec_id": "sec0025",
    "sentence": "(iii) Dietl."
  },
  {
    "sec_id": "sec0025",
    "sentence": "This warrants special comment since the discrepancy between the actual and the quasi h-indexes is most marked."
  },
  {
    "sec_id": "sec0025",
    "sentence": "Also, although the number of publications is almost the same as for Barnas, the number of citations is over three times as many."
  },
  {
    "sec_id": "sec0025",
    "sentence": "To begin with, for Dietl, there is again an obvious outlier, a paper gaining 3566 citations (36% of the total!) whereas the second most highly cited paper received 391 citations."
  },
  {
    "sec_id": "sec0025",
    "sentence": "If this most highly cited paper is ignored we get the second reported quasi h-value which is much closer to the actual value."
  },
  {
    "sec_id": "sec0025",
    "sentence": "(Our reconstructed standard frequency distribution from Sangwal's data gave the total number of citations to be 9812 rather than 10,405."
  },
  {
    "sec_id": "sec0025",
    "sentence": "With this value for C and removing the outlier gives h*\u00a0=\u00a042.29.)"
  },
  {
    "sec_id": "sec0025",
    "sentence": "(iv) Scientist D."
  },
  {
    "sec_id": "sec0025",
    "sentence": "Here again there is an outlier."
  },
  {
    "sec_id": "sec0025",
    "sentence": "From Table 4 of [bib0055], the highest ranked paper has 793 citations, or over 40% of the author's total.",
    "intent": "background"
  },
  {
    "sec_id": "sec0025",
    "sentence": "If this outlier is omitted then, as in the cases of Leydesdorff and Dietl above, the recalculated h* is close to the actual h-index."
  },
  {
    "sec_id": "sec0030",
    "sentence": "Using the stochastic model, [bib0005] illustrated the different ways that an author's h-index depended upon both the publication rate and the citation rate.",
    "intent": "background"
  },
  {
    "sec_id": "sec0030",
    "sentence": "(For both it was shown that the h-index was approximately a linear function of the logarithm of the rate.) One could argue that these are very different aspects \u2013 the publication rate being an internal factor determined by the author, and the citation rate being an external factor determined not just by the quality of the author's publications but also by the \u201ccitation environment\u201d of the subject field."
  },
  {
    "sec_id": "sec0030",
    "sentence": "Thus the number of publications, N, is an internal factor determined by the author whereas the number of citations, C, is to a large extent an external factor beyond the author's control \u2013 except perhaps through self-citation."
  },
  {
    "sec_id": "sec0030",
    "sentence": "According to the geometric model, we have a formula giving the relation between N, C and the resultant (quasi) h-index, h*."
  },
  {
    "sec_id": "sec0030",
    "sentence": "Thus N and C determine h*, but obviously h* does not determine N and C."
  },
  {
    "sec_id": "sec0030",
    "sentence": "Let us pose a couple of hypothetical questions.1.I have published N papers and I would like an h-index of h, how many citations do I need?2.I have C citations, what number of publications would optimise my h-index?"
  },
  {
    "sec_id": "sec0030",
    "sentence": "I have published N papers and I would like an h-index of h, how many citations do I need?"
  },
  {
    "sec_id": "sec0030",
    "sentence": "I have C citations, what number of publications would optimise my h-index?"
  },
  {
    "sec_id": "sec0030",
    "sentence": "Note that he first question focuses on the internal factor, N, and asks about the external factor, C, whereas the second focuses on the external C and asks about the internal N."
  },
  {
    "sec_id": "sec0030",
    "sentence": "For the first, it follows from rearranging Eq. [eq0060] that, given N and h, we can determine C asC=Nh1/h(N1/h\u2212h1/h)\u22121"
  },
  {
    "sec_id": "sec0030",
    "sentence": "For instance, if we want h\u00a0=\u00a040 then with N\u00a0=\u00a0100 publications we require C\u00a0=\u00a04316 citations, with N\u00a0=\u00a0200 we require C\u00a0=\u00a04871."
  },
  {
    "sec_id": "sec0030",
    "sentence": "This of course reflects the intuitive idea that the greater the number of publications, the \u201ceasier\u201d it is to achieve a higher h-index."
  },
  {
    "sec_id": "sec0030",
    "sentence": "Of course such calculations are fanciful."
  },
  {
    "sec_id": "sec0030",
    "sentence": "Although N is \u2013 in principle \u2013 in the hands of the author, the sought for h-value is subject to the author's whim while C is external and beyond his/her control."
  },
  {
    "sec_id": "sec0030",
    "sentence": "The second question is similarly fanciful in the way that it is posed, but it does raise an interesting idea."
  },
  {
    "sec_id": "sec0030",
    "sentence": "Suppose the author has C citations."
  },
  {
    "sec_id": "sec0030",
    "sentence": "Intuitively, as the number of publications N increases, the h-index will tend to increase."
  },
  {
    "sec_id": "sec0030",
    "sentence": "However, the maximum number of publications in the h-core is N while the total number of citations to those in the h-core is at least h2 so that we have h\u2264minN,C so there is an upper limit for h, given C, and one can wonder what happens to h as N increases further?"
  },
  {
    "sec_id": "sec0030",
    "sentence": "This is not so easy to answer analytically, so we again resort to numerical methods."
  },
  {
    "sec_id": "sec0030",
    "sentence": "To do this we fixed the value of C and determined the quasi h-index h* from [eq0060] for a range of values of N, and then varied C giving rise to what we term the (quasi) h-profiles as illustrated in [fig0020]."
  },
  {
    "sec_id": "sec0030",
    "sentence": "Note that [fig0020] can be viewed as a chart that allows one to determine graphically an approximate value for an author's h* index."
  },
  {
    "sec_id": "sec0030",
    "sentence": "To do this in practice, one first identifies the number of publications, N, on the horizontal axis then look vertically to identify approximately the number of citations, C, so that the approximate h-value can be read off on the vertical axis."
  },
  {
    "sec_id": "sec0030",
    "sentence": "Clearly the most striking thing about these profiles is that in each case h* increases with N to a maximum value and then decreases."
  },
  {
    "sec_id": "sec0030",
    "sentence": "The intuitive explanation for the ultimate decline in h* is that, for fixed C, as N increases the mean number of citations per paper decreases and hence it seems reasonable that there will be proportionately fewer papers with large numbers of citations and hence a reduced h-core."
  },
  {
    "sec_id": "sec0030",
    "sentence": "It is as if the available citations are spread so thinly over the publications that only a few could have attracted a large number.Proposition 3For fixed C, the maximum of the quasi h-profile is at (NC, hC*) wherehC*=(NC+C)NC=1+\u03bcCwhere \u03bcC\u00a0=\u00a0C/NC is the mean number of citations per paper at this maximum."
  },
  {
    "sec_id": "sec0030",
    "sentence": "Proposition 3"
  },
  {
    "sec_id": "sec0030",
    "sentence": "For fixed C, the maximum of the quasi h-profile is at (NC, hC*) wherehC*=(NC+C)NC=1+\u03bcC"
  },
  {
    "sec_id": "sec0030",
    "sentence": "where \u03bcC\u00a0=\u00a0C/NC is the mean number of citations per paper at this maximum."
  },
  {
    "sec_id": "sec0030",
    "sentence": "Proof"
  },
  {
    "sec_id": "sec0030",
    "sentence": "In a continuous setting we have that h\u00a0=\u00a0h(x) where x is the (continuous) number of publications and satisfies [eq0060]."
  },
  {
    "sec_id": "sec0030",
    "sentence": "Here we are assuming that C is known, or given, so taking logs of both sides gives\u2212h(x)lnxC+1=lnh(x)\u2212ln(x)so that, upon differentiating, we find\u2212h\u2032(x)lnxC+1\u2212h(x)x+C=h\u2032(x)h(x)\u22121x"
  },
  {
    "sec_id": "sec0030",
    "sentence": "At the maximum, h\u2032(x)\u00a0=\u00a00 so that(3)h=(x+C)xand the result follows."
  },
  {
    "sec_id": "sec0030",
    "sentence": "Remarks(i)The above does not of course identify the maximising values hC* and NC."
  },
  {
    "sec_id": "sec0030",
    "sentence": "To find these one has to solve simultaneously Eqs."
  },
  {
    "sec_id": "sec0030",
    "sentence": "[eq0060], [eq0085]."
  },
  {
    "sec_id": "sec0030",
    "sentence": "The first of these is non linear so numerical methods are required."
  },
  {
    "sec_id": "sec0030",
    "sentence": "However, to actually adopt such a procedure hardly seems worth the effort \u2013 identifying the approximate values from [fig0015] should suffice.(ii)Note from [tbl0020] that all but one of these scientists have h\u00a0>\u00a01\u00a0+\u00a0mean, indicating that they are all beyond the maximising value in [fig0020] so that in each case a scientist achieving the same number of citations with fewer papers could well have a greater h-index."
  },
  {
    "sec_id": "sec0030",
    "sentence": "The exception is scientist D."
  },
  {
    "sec_id": "sec0030",
    "sentence": "The above does not of course identify the maximising values hC* and NC."
  },
  {
    "sec_id": "sec0030",
    "sentence": "To find these one has to solve simultaneously Eqs."
  },
  {
    "sec_id": "sec0030",
    "sentence": "[eq0060], [eq0085]."
  },
  {
    "sec_id": "sec0030",
    "sentence": "The first of these is non linear so numerical methods are required."
  },
  {
    "sec_id": "sec0030",
    "sentence": "However, to actually adopt such a procedure hardly seems worth the effort \u2013 identifying the approximate values from [fig0015] should suffice."
  },
  {
    "sec_id": "sec0030",
    "sentence": "Note from [tbl0020] that all but one of these scientists have h\u00a0>\u00a01\u00a0+\u00a0mean, indicating that they are all beyond the maximising value in [fig0020] so that in each case a scientist achieving the same number of citations with fewer papers could well have a greater h-index."
  },
  {
    "sec_id": "sec0030",
    "sentence": "The exception is scientist D."
  },
  {
    "sec_id": "sec0035",
    "sentence": "In [bib0015] we considered the rank\u2013frequency approach to determine the h-index assuming a Lotka model as proposed by [bib0040], [bib0050] and concluded that their formulae failed because the power law form was not appropriate for the main body of the distribution.",
    "intent": "background"
  },
  {
    "sec_id": "sec0035",
    "sentence": "Here we have started from a constructive model for the citation mechanism that leads to a standard size\u2013frequency distribution, thereby focussing on this main body of an author's publications, which is where we see a degree of regularity."
  },
  {
    "sec_id": "sec0035",
    "sentence": "The high fliers \u2013 the papers that appear in the h-core can be much more wildly behaved."
  },
  {
    "sec_id": "sec0035",
    "sentence": "But this is our main point."
  },
  {
    "sec_id": "sec0035",
    "sentence": "So far as the h-index is concerned, it is not the behaviour within the tail that is important, only the length of the tail."
  },
  {
    "sec_id": "sec0035",
    "sentence": "(To examine the content one needs something like Jin's A-index, as in [bib0065] or [bib0010], or, even better, adopt the g-index ([bib0030]) whereby the content, and any wildness therein, actually determines the length of the tail.)",
    "intent": "uses"
  },
  {
    "sec_id": "sec0035",
    "sentence": "The current investigation has certainly not established the stochastic model as definitive, nor are we making any such claim."
  },
  {
    "sec_id": "sec0035",
    "sentence": "Indeed [bib0005], [bib0020] acknowledges obvious deficiencies in the basic components of the model.",
    "intent": "background"
  },
  {
    "sec_id": "sec0035",
    "sentence": "Instead, all we have done is to demonstrate that a special case \u2013 a simple one-parameter geometric distribution determined by an author's number of publications and number of citations \u2013 gives a formula from which can be found a good estimate of the h-index, at least in our small set of examples."
  },
  {
    "sec_id": "sec0035",
    "sentence": "Actually, a little more has been achieved."
  },
  {
    "sec_id": "sec0035",
    "sentence": "It is clear from [fig0010], [fig0015] that the geometric model is not the best \u2013 it would appear that a value of the shape parameter \u03bd\u00a0<\u00a02 would yield a better overall fit."
  },
  {
    "sec_id": "sec0035",
    "sentence": "However, this is not crucial for the purpose in hand, namely the estimation of the h-index, for which it is the behaviour of the tail distribution function over the middle ranges that is important and that the geometric version approximates this reasonably well."
  },
  {
    "sec_id": "sec0035",
    "sentence": "We do not suggest that we have completely solved the simple estimation problem, only that it seems to work well with our (admittedly small) sample, and we invite readers to extend this study \u2013 for a start by seeing how useful the chart in [fig0020] is in estimating their own h-index."
  },
  {
    "sec_id": "sec0035",
    "sentence": "But other \u2013 and more serious \u2013 research questions arise.1.The examples given here all have \u201cmoderate\u201d h-index values."
  },
  {
    "sec_id": "sec0035",
    "sentence": "How does the method fare with those scientists with an h-index greater than 50 or even 100?2.Our examples are from a very narrow selection of subject fields so how does the method work outside of these areas?3.Is there any great difference in the accuracy of the geometric model predictions if the citation data are instead gathered form Scopus\u00ae or Google Scholar\u00ae?4.As mentioned, our own preference is to omit from an author's publications those items that are not obvious research contributions \u2013 so excluding such items as editorials and book reviews."
  },
  {
    "sec_id": "sec0035",
    "sentence": "How crucial are such selections?"
  },
  {
    "sec_id": "sec0035",
    "sentence": "The examples given here all have \u201cmoderate\u201d h-index values."
  },
  {
    "sec_id": "sec0035",
    "sentence": "How does the method fare with those scientists with an h-index greater than 50 or even 100?"
  },
  {
    "sec_id": "sec0035",
    "sentence": "Our examples are from a very narrow selection of subject fields so how does the method work outside of these areas?"
  },
  {
    "sec_id": "sec0035",
    "sentence": "Is there any great difference in the accuracy of the geometric model predictions if the citation data are instead gathered form Scopus\u00ae or Google Scholar\u00ae?"
  },
  {
    "sec_id": "sec0035",
    "sentence": "As mentioned, our own preference is to omit from an author's publications those items that are not obvious research contributions \u2013 so excluding such items as editorials and book reviews."
  },
  {
    "sec_id": "sec0035",
    "sentence": "How crucial are such selections?"
  },
  {
    "sec_id": "sec0035",
    "sentence": "We do not have the resources necessary to pursue these various lines of inquiry and so invite the wider informetric community to contribute."
  },
  {
    "sec_id": "sec0035",
    "sentence": "Answers, even partial answers, to any of these questions \u2013 whether positive or negative \u2013 would be most welcome."
  },
  {
    "sec_id": "sec0035",
    "sentence": "On the other hand, if the implications of [bib0070] come to pass, all of the foregoing may soon be forgotten.",
    "intent": "background"
  }
]