[
  {
    "sec_id": "sec0005",
    "sentence": "There is a growing recognition about the role that Higher Education Institutions (HEIs) play towards economic growth and social development in the current \u201cknowledge society\u201d ([bib0215]).",
    "intent": "background"
  },
  {
    "sec_id": "sec0005",
    "sentence": "According to [bib0145] and [bib0040], HEIs are important factors of growth and competitiveness, as they are key players as knowledge and innovation sources.",
    "intent": "background"
  },
  {
    "sec_id": "sec0005",
    "sentence": "However, in an increasingly global competitive environment, HEIs are undergoing considerable changes worldwide ([bib0035]; [bib0075]) and facing new challenges, as they have been forced to redefine themselves to adapt to market forces without compromising quality ([bib0150]).",
    "intent": "motivation background"
  },
  {
    "sec_id": "sec0005",
    "sentence": "According to [bib0190], nowadays a learning society and knowledge economy require specific competences, so changes are needed in the field of HE ([bib0095]).",
    "intent": "background"
  },
  {
    "sec_id": "sec0005",
    "sentence": "In this context, HE rankings, an outcome of the competitiveness boosted by globalization, have put pressure on HEIs to implement internationalisation strategies, opposedly to their former nationally-oriented focus ([bib0160]).",
    "intent": "background"
  },
  {
    "sec_id": "sec0005",
    "sentence": "Since the publication of the first edition of the Academic Ranking of World Universities (ARWU) in 2003 and the successive league tables, like the Times Higher Education World University Ranking (THE) or the QS World University Ranking (QS), the comparative evaluation of the quality and the excellence of HEIs has been brought into the focus of public and policy interest (see [bib0140], who examine these major global rankings and other international rankings specialized in assessing research undertaken by HEIs).",
    "intent": "background"
  },
  {
    "sec_id": "sec0005",
    "sentence": "There is no doubt that rankings will continue to dominate headlines in the field of HE ([bib0025]; [bib0070]; [bib0120]; [bib0180]; [bib0185]; [bib0245]).",
    "intent": "background"
  },
  {
    "sec_id": "sec0005",
    "sentence": "According to [bib0225], rankings were established to create transparency about the HE system in a competitive world market.",
    "intent": "background"
  },
  {
    "sec_id": "sec0005",
    "sentence": "However, there is no single model of universities ranking, varying in their aims and target groups as well as in terms of what they measure, how they measure it and how they implicitly define quality and excellence ([bib0010]; [bib0065]; [bib0255]).",
    "intent": "background"
  },
  {
    "sec_id": "sec0005",
    "sentence": "Despite their popularity, rankings have come under some criticism for using poor research methods, emphasizing science, medicine and technology over arts and humanities, being biased towards English speaking universities, and engendering inequality and exclusion ([bib0030]; [bib0240]; [bib0260]; [bib0140]).",
    "intent": "background"
  },
  {
    "sec_id": "sec0005",
    "sentence": "Furthermore, according to [bib0005]\u202f and [bib0085], rankings seem to homogenize HE by promoting one university archetype, where research intensity has become the key indicator of quality and excellence.",
    "intent": "background"
  },
  {
    "sec_id": "sec0005",
    "sentence": "Moreover, the literature notes that many HE rankings produce single scores, making it \u201cdifficult for users to distinguish among institutions based on the characteristics they find most important\u201d ([bib0050]; [bib0165]).",
    "intent": "background"
  },
  {
    "sec_id": "sec0005",
    "sentence": "Besides, [bib0080]\u202f and [bib0170] ask for the recognition of the diversity of institutions and of their missions and goals.",
    "intent": "background"
  },
  {
    "sec_id": "sec0005",
    "sentence": "According to [bib0115] and [bib0080], HEIs fulfil different functions, such as the construction of knowledge (research), the diffusion of knowledge (teaching), and the valorisation and use of knowledge (service to society, technology transfer; some authors refer to this function as the \u201cthird stream\u201d or \u201cthird mission\u201d of universities, such as [bib0175]).",
    "intent": "background"
  },
  {
    "sec_id": "sec0005",
    "sentence": "To these ends, they use various inputs and have a large variety of outputs."
  },
  {
    "sec_id": "sec0005",
    "sentence": "So, given this multidimensional nature, it seems reasonable to develop composite indicators for each of the three main missions of universities."
  },
  {
    "sec_id": "sec0005",
    "sentence": "Anyway, even if a single composite indicator comprising the three missions is desired, these three mission composite indicators should be built at a first step, and synthesized at a second step."
  },
  {
    "sec_id": "sec0005",
    "sentence": "There have been a few attempts to evaluate university performance without using composite indicators, such as the U-Multirank and its Spanish version, CYD Ranking, which consider the scores of universities on individual indicators and place these in five performance groups (\u201cvery good\u201d through to \u201cweak\u201d)."
  },
  {
    "sec_id": "sec0005",
    "sentence": "Opposedly, most of the rankings existing nowadays have developed and used composite indicators to provide rankings of HEIs or countries (ARWU[fn0005], THE, QS, [bib0015]; [bib0020]; [bib0130]; [bib0250]).",
    "intent": "background"
  },
  {
    "sec_id": "sec0005",
    "sentence": "Other papers adopt composite indicators in order to analyse the quality of universities, such as [bib0195], who estimate a composite indicator for quality assessment in the Spanish public university system.",
    "intent": "background"
  },
  {
    "sec_id": "sec0005",
    "sentence": "As defined by [bib0205], a composite indicator is an aggregate of all dimensions, objectives, individual indicators and variables used.",
    "intent": "background"
  },
  {
    "sec_id": "sec0005",
    "sentence": "This implies that what formally defines a composite indicator is the set of properties underlying its aggregation convention. In this context, the composite indicator should ideally measure multidimensional concepts which cannot be captured by a single indicator."
  },
  {
    "sec_id": "sec0005",
    "sentence": "Composite indicators are increasingly recognised as useful tools in policy analysis and public communication, because they provide simple comparisons that can be used to illustrate complex and sometimes elusive issues in wide-ranging fields, such as performance of HEIs."
  },
  {
    "sec_id": "sec0005",
    "sentence": "The literature on composite indicators is vast and provides a wide range of methodological approaches (the common practice in constructing composite indicators is well synthesized in ([bib0090]; [bib0125]; [bib0205]; [bib0235]).",
    "intent": "background"
  },
  {
    "sec_id": "sec0005",
    "sentence": "However, the quality of a composite indicator as well as the soundness of the messages it conveys depend not only on the methodology used in its construction, but primarily on the quality of the framework and the data used."
  },
  {
    "sec_id": "sec0005",
    "sentence": "In this paper, we propose the application of a recently developed methodology, based on the multicriteria double reference point method ([bib0055]), to the calculation of composite indicators of university performance, given a set of individual indicators.",
    "intent": "uses"
  },
  {
    "sec_id": "sec0005",
    "sentence": "To our knowledge, this (or similar) methodology has not yet been adapted to obtain composite indicators of university performance."
  },
  {
    "sec_id": "sec0005",
    "sentence": "The main advantage of this method is twofold."
  },
  {
    "sec_id": "sec0005",
    "sentence": "First, reference levels are used for each indicator and thus, the scores are easily interpreted as the current position of the university with respect to these levels."
  },
  {
    "sec_id": "sec0005",
    "sentence": "Second, composite indicators for different compensation degrees can be derived in such a way that the scores, apart from giving an overall performance measure of the universities, also provide warning signals that let the user detect improvement areas."
  },
  {
    "sec_id": "sec0005",
    "sentence": "In summary, the aim of this paper is to develop and use composite indicators jointly with individual indicators of university performance, taking into account all HEIs missions, in order to carry out a wide analysis of the HEIs, make comparative judgements among them, and identify their weaknesses and strengths (not just to rank them)."
  },
  {
    "sec_id": "sec0005",
    "sentence": "As an example to show the potential benefits of this method, it has been applied to public universities of the Spanish region of Andaluc\u00eda."
  },
  {
    "sec_id": "sec0005",
    "sentence": "To this end, we have used an existing set of indicators that is frequently used by several Spanish institutions to analyse the performance of the Spanish universities (the database from the Spanish University Rectors\u2019 Conference (CRUE) and the IUNE Observatory)."
  },
  {
    "sec_id": "sec0005",
    "sentence": "Although we center our attention in the Andalusian HEI system in this study, we have used data of all the Spanish public universities to derive the reference levels."
  },
  {
    "sec_id": "sec0005",
    "sentence": "This way, we will find out the position of the Andalusian public universities in the Spanish global framework."
  },
  {
    "sec_id": "sec0005",
    "sentence": "The weights have been assessed by stakeholders (postgraduate students from different schools and researchers from different fields) of the university community."
  },
  {
    "sec_id": "sec0005",
    "sentence": "Following this introduction, Section 2\u202f gives a short overview of the Spanish HE system, Section 3\u202f discusses the methodology for this research work."
  },
  {
    "sec_id": "sec0005",
    "sentence": "The empirical results are presented in Section 4, and finally, Section 5 draws some conclusions."
  },
  {
    "sec_id": "sec0010",
    "sentence": "The Spanish HE system is considered among the largest HE systems in Europe, the fifth one in terms of students; it comprises 84 universities, out of which 50 are public and 34 are private, and it has approximately 1.5 million students and 115 thousand academic staff (MECD[fn0010])."
  },
  {
    "sec_id": "sec0010",
    "sentence": "The Spanish HE system has been seriously affected by the economic recession since 2010."
  },
  {
    "sec_id": "sec0010",
    "sentence": "The investment in knowledge in Spain is not comparable to the gross investment of other countries."
  },
  {
    "sec_id": "sec0010",
    "sentence": "In fact, the Government Budget Appropriations or Outlays for R&D (GBOARD) of Spain decreased almost 20% from 2009 to 2013 ([bib0155]).",
    "intent": "background"
  },
  {
    "sec_id": "sec0010",
    "sentence": "However, according to [bib0105], Spain increased its international scientific co-publications by 16% over the period 2000\u20132011, due to the higher research requirements set by the academic authorities for staff hiring and promotion purposes.",
    "intent": "background"
  },
  {
    "sec_id": "sec0010",
    "sentence": "Nevertheless, the level of Spain's international co-publication (29.1%) is still below other comparable European countries (France 35.2% or Portugal 41%)."
  },
  {
    "sec_id": "sec0010",
    "sentence": "Moreover, scientific quality, measured by the 10% most-cited publications, has grown by 3.6% over the period 2007\u20132012."
  },
  {
    "sec_id": "sec0010",
    "sentence": "Traditionally, Spanish universities focused their efforts on professional training and teaching, neglecting scientific research."
  },
  {
    "sec_id": "sec0010",
    "sentence": "However, the Government of Spain introduced \u201cLOMLOU\u201d (the Organic Law 4/2007 on universities), in order to redefine Spanish universities in the European Higher Education Area (EHEA)."
  },
  {
    "sec_id": "sec0010",
    "sentence": "Since 2006, Spain has implemented structural changes in its HE system according to the Bologna Process, which ensures comparability in standards with the EHEA."
  },
  {
    "sec_id": "sec0010",
    "sentence": "In this regard, official university programmes are adapted to the EHEA, and structured into three cycles leading to undergraduate, master and PhD degrees, noticing a huge increase in the number of bilingual programmes and in the international student mobility."
  },
  {
    "sec_id": "sec0010",
    "sentence": "However, despite the Spanish Government attempts to adapt to change in times of crisis and to align with \u201cthe Modernisation Agenda for Universities\u201d introduced by the European Commission ([bib0100]), a lot still needs to be done.",
    "intent": "motivation"
  },
  {
    "sec_id": "sec0010",
    "sentence": "In the 2017 edition of ARWU, only 11 Spanish universities are positioned among the top 500 institutions in the world, and all of them are beneath the 200th place."
  },
  {
    "sec_id": "sec0010",
    "sentence": "Andaluc\u00eda is a region located in southern Spain, traditionally considered a less-developed region, but it has experienced a process of rapid change and now it has practically similar average in several socio-economic indicators to the rest of the Spanish regions ([bib0110]).",
    "intent": "background"
  },
  {
    "sec_id": "sec0010",
    "sentence": "Regarding HE system, Andaluc\u00eda has 11 universities, out of which 9 are public, with approximately 246 thousand students and 17 thousand academic staff (MECD)."
  },
  {
    "sec_id": "sec0010",
    "sentence": "Still, the University of Granada is the only Andalusian university listed in the 2017 ARWU."
  },
  {
    "sec_id": "sec0010",
    "sentence": "As in other Spanish regions, the Andalusian universities are regulated by the National Government, which exercises the competencies that ensure the consistency and uniformity of the HE system, and also by the Regional Government, which has competencies for the creation, modification and elimination university programmes, and also for the core funding of public universities."
  },
  {
    "sec_id": "sec0010",
    "sentence": "As mentioned before, the main objectives of HE are research, teaching and technology transfer, and this is why we decided to consider these three blocks to evaluate the performance of the Andalusian public university system."
  },
  {
    "sec_id": "sec0010",
    "sentence": "In addition, the first two ones are further broken down into four sub-blocks that capture several issues of research and teaching."
  },
  {
    "sec_id": "sec0010",
    "sentence": "It must be pointed out that, in some cases, the election of the indicators (into sub-blocks and technology block) is highly conditioned by the availability of uniform data for all the universities."
  },
  {
    "sec_id": "sec0010",
    "sentence": "A final set of 33 indicators was selected considering a balance between the relevance of the indicators and their availability."
  },
  {
    "sec_id": "sec0010",
    "sentence": "Nevertheless, this study can be easily adapted to use other indicators, should they become available."
  },
  {
    "sec_id": "sec0010",
    "sentence": "It is notable that, as other relevant Spanish rankings, such as U-Ranking,[fn0015] our system of indicators is designed to assess the performance of the four main areas (access to funding, quality and excellence, internationalisation and results) in each of the three dimensions considered (research, teaching and technology transfer)."
  },
  {
    "sec_id": "sec0010",
    "sentence": "Furthermore, it must be pointed out that most of the indicators adopted in well-known Spanish university rankings are used in this research work (our system of indicators covers 33 indicators, the same as the CYD Ranking, while the U-Ranking covers 31 of the indicators used here)."
  },
  {
    "sec_id": "sec0010",
    "sentence": "Anyway, here, we do not make any judgement about the suitability of this set of indicators."
  },
  {
    "sec_id": "sec0010",
    "sentence": "They have been used for this study because of their availability, and their use by the Spanish Education authorities to assess the performance of the universities."
  },
  {
    "sec_id": "sec0010",
    "sentence": "In fact, the (in our opinion) most adequate indicators to measure a given effect sometimes just did not exist."
  },
  {
    "sec_id": "sec0010",
    "sentence": "For example, the percentage of students that pass their exams has been used as a proxy for measuring the teaching results of a university, which can be arguable, but other more adequate indicators (like opinions of employers or external evaluations) simply do no exist."
  },
  {
    "sec_id": "sec0010",
    "sentence": "According to [bib0225], indicators used by rankings may use absolute values (number of publications, citations, students, staff members, etc.) or relative values (publications per staff member, citations per publication, funding per student, etc.).",
    "intent": "background"
  },
  {
    "sec_id": "sec0010",
    "sentence": "Then, if a ranking predominantly uses absolute values, its scores are size-dependent, which favour large universities."
  },
  {
    "sec_id": "sec0010",
    "sentence": "In opposition to this, if relative values prevail, universities which are more efficient and not necessarily large, will score more highly."
  },
  {
    "sec_id": "sec0010",
    "sentence": "This simple aspect should be taken into account when analysing ranking results."
  },
  {
    "sec_id": "sec0010",
    "sentence": "In this study, the 9 public universities considered are comparable in terms of their aims (they can be regarded as generalist universities), and therefore their specific research fields are similar, but they are quite different in terms of size."
  },
  {
    "sec_id": "sec0010",
    "sentence": "Consequently, in this research work we have decided to adopt a size-independent nature (relative values) because it enables comparisons between smaller and larger universities."
  },
  {
    "sec_id": "sec0010",
    "sentence": "The data were collected from two sources: the Spanish University Rectors\u2019 Conference[fn0020] of 2008, and the IUNE Observatory.[fn0025] The source data used in this paper are available from the authors upon request (see [tbl0045], [tbl0050], [tbl0055] in the Appendix for a full description of the indicators considered)."
  },
  {
    "sec_id": "sec0010",
    "sentence": "Our analysis covers the academic year 2008 for two reasons: first, it coincides with the starting point of the economic recession, which has been seriously affected the Spanish higher education, in general, and the Andalusian one in particular; and second, it also coincides with the structural changes made by the Government of Spain in order to redefine Spanish universities in the European Higher Education Area."
  },
  {
    "sec_id": "sec0015",
    "sentence": "The approach applied to construct the composite indicators is based on a multicriteria method known as the double reference point method ([bib0265]; [bib0270]), which was adapted later on to build composite indicators ([bib0230]).",
    "intent": "uses"
  },
  {
    "sec_id": "sec0015",
    "sentence": "The procedure to obtain the composite indicators, given a set of individual indicators, has the following steps:1.For each indicator j, we establish a reservation level rj (which is a level regarded as acceptable, that is, values worse than rj are regarded as unacceptable), and an aspiration level aj (level regarded as desirable, that is, values better than aj are regarded as good or desirable).2.A so-called achievement function measures, for each indicator, the position of each unit with respect to the corresponding reference levels."
  },
  {
    "sec_id": "sec0015",
    "sentence": "This function also covers the purpose of bringing all the individual indicators down to a same scale (normalisation).3.We establish the weights representing the relative importance of each individual indicator."
  },
  {
    "sec_id": "sec0015",
    "sentence": "This issue is controversial as it always involves subjectivity ([bib0225]).",
    "intent": "background"
  },
  {
    "sec_id": "sec0015",
    "sentence": "[bib0200]\u202f recommend that the weighting technique must be in accordance with the objectives pursued by the composite indicator, and it must always be explicit and transparent.4.We obtain two composite indicators.",
    "intent": "uses"
  },
  {
    "sec_id": "sec0015",
    "sentence": "The so called weak composite indicator (WCI) allows full compensation among the different components, that is, a bad performance in one (or several) individual indicators can be compensated by a good performance in another one(s)."
  },
  {
    "sec_id": "sec0015",
    "sentence": "This measure gives an idea of the overall performance of each unit."
  },
  {
    "sec_id": "sec0015",
    "sentence": "On the other hand, the so called unweighted strong composite indicator (USCI) does not allow for any compensation, and thus, it is used to point out bad performances in certain individual indicators."
  },
  {
    "sec_id": "sec0015",
    "sentence": "For each indicator j, we establish a reservation level rj (which is a level regarded as acceptable, that is, values worse than rj are regarded as unacceptable), and an aspiration level aj (level regarded as desirable, that is, values better than aj are regarded as good or desirable)."
  },
  {
    "sec_id": "sec0015",
    "sentence": "A so-called achievement function measures, for each indicator, the position of each unit with respect to the corresponding reference levels."
  },
  {
    "sec_id": "sec0015",
    "sentence": "This function also covers the purpose of bringing all the individual indicators down to a same scale (normalisation)."
  },
  {
    "sec_id": "sec0015",
    "sentence": "We establish the weights representing the relative importance of each individual indicator."
  },
  {
    "sec_id": "sec0015",
    "sentence": "This issue is controversial as it always involves subjectivity ([bib0225]).",
    "intent": "background"
  },
  {
    "sec_id": "sec0015",
    "sentence": "[bib0200]\u202f recommend that the weighting technique must be in accordance with the objectives pursued by the composite indicator, and it must always be explicit and transparent.",
    "intent": "background"
  },
  {
    "sec_id": "sec0015",
    "sentence": "We obtain two composite indicators."
  },
  {
    "sec_id": "sec0015",
    "sentence": "The so called weak composite indicator (WCI) allows full compensation among the different components, that is, a bad performance in one (or several) individual indicators can be compensated by a good performance in another one(s)."
  },
  {
    "sec_id": "sec0015",
    "sentence": "This measure gives an idea of the overall performance of each unit."
  },
  {
    "sec_id": "sec0015",
    "sentence": "On the other hand, the so called unweighted strong composite indicator (USCI) does not allow for any compensation, and thus, it is used to point out bad performances in certain individual indicators."
  },
  {
    "sec_id": "sec0015",
    "sentence": "Next, we specify how these steps have been carried out for the application to the assessment of the Andalusian public universities performance."
  },
  {
    "sec_id": "sec0015",
    "sentence": "With respect to the reference levels, in principle they can be set in two ways."
  },
  {
    "sec_id": "sec0015",
    "sentence": "First, they can be given by one or a group of experts or decision makers, who can establish what is acceptable and desirable for each indicator."
  },
  {
    "sec_id": "sec0015",
    "sentence": "In this case, the final composite indicator obtained gives us an absolute measure of performance, with respect to these values."
  },
  {
    "sec_id": "sec0015",
    "sentence": "Second, they can be set statistically, given a data set."
  },
  {
    "sec_id": "sec0015",
    "sentence": "In this case, the composite indicator measures the relative position of the universities with respect to those belonging to the data set."
  },
  {
    "sec_id": "sec0015",
    "sentence": "In our case, given that we did not have experts available to set the reference levels, we have used the statistical option, using the set of all the Spanish public universities as the data set."
  },
  {
    "sec_id": "sec0015",
    "sentence": "This way, we will obtain a measure of the relative positions of the Andalusian public universities with respect to all the Spanish public universities."
  },
  {
    "sec_id": "sec0015",
    "sentence": "Namely, when indicator j is of kind \u201cthe more, the better\u201d, rj has been set the average value between the mean I\u00afj and the minimum Ijmin values of each indicator for all Spanish public universities, while aj is the average value of I\u00afj and the maximum Ijmax value."
  },
  {
    "sec_id": "sec0015",
    "sentence": "Other statistical measures (like for example, 25 and 75 percentiles) could have been used as well."
  },
  {
    "sec_id": "sec0015",
    "sentence": "As for the achievement functions, for a \u201cthe more, the better\u201d indicator, we have used the following one:(1)Sj(Iju,aj,rj)=1+Iju\u2212ajIjmax\u2212aj,ifaj\u2264Iju\u2264Ijmax,Iju\u2212rjaj\u2212rj,ifrj\u2264Iju\u2264aj,Iju\u2212rjrj\u2212Ijmin,ifIjmin\u2264Iju\u2264rj,where Iju is the value of indicator j for university u."
  },
  {
    "sec_id": "sec0015",
    "sentence": "Sj transforms the values of the indicator Iju into a dimensionless scale with values between \u22121 and 2, that takes values between \u22121 and 0 if the university u performs worse than the corresponding reservation level (weakness), values between 0 and 1 if it performs better than the reservation level, but worse than the aspiration level (admissible), and values between 1 and 2 if it performs better than the corresponding aspiration level (strength) ([fig0005])."
  },
  {
    "sec_id": "sec0015",
    "sentence": "In particular, it gets the value \u22121 if the university u has the worst value of all Spanish public universities for the indicator, and value 2 if is has the best value."
  },
  {
    "sec_id": "sec0015",
    "sentence": "This way, apart from normalising the indicators, the achievement function provides us with valuable information about the performance of each university."
  },
  {
    "sec_id": "sec0015",
    "sentence": "For the \u201cthe less, the better\u201d type indicators, the corresponding reference levels and achievement scalarizing function are illustrated in [fig0010]."
  },
  {
    "sec_id": "sec0015",
    "sentence": "In [tbl0005] we can see a hypothetical example with 5 indicators."
  },
  {
    "sec_id": "sec0015",
    "sentence": "For simplicity, we assume that the minimum and maximum values for all of them are 0 and 100, respectively."
  },
  {
    "sec_id": "sec0015",
    "sentence": "In the first row, we see the indicator type (\u201cMore\u201d or \u201cLess\u201d)."
  },
  {
    "sec_id": "sec0015",
    "sentence": "The hypothetical average values of the indicators are displayed in the next row."
  },
  {
    "sec_id": "sec0015",
    "sentence": "Then, the reservation and aspiration levels are calculated as previously described."
  },
  {
    "sec_id": "sec0015",
    "sentence": "The following row contains the value of the indicator for a given unit (university) and finally, the values of the achievement functions are calculated in the last row."
  },
  {
    "sec_id": "sec0015",
    "sentence": "Indicators 1 and 3 have negative achievement function values, because the unit performs worse than the corresponding reservation levels, while indicators 2 and 4 get values between 0 and 1, meaning that the unit performs better than the reservation levels, but worse than the aspiration levels."
  },
  {
    "sec_id": "sec0015",
    "sentence": "Finally, indicator 5 is greater than one because the unit performs better than the aspiration level."
  },
  {
    "sec_id": "sec0015",
    "sentence": "Table 1."
  },
  {
    "sec_id": "sec0015",
    "sentence": "Achievement functions for a hypothetical example."
  },
  {
    "sec_id": "sec0015",
    "sentence": "The next step is to establish the weights representing the relative importance of each aspect."
  },
  {
    "sec_id": "sec0015",
    "sentence": "In our case, we have considered the opinion of different interest groups from the University of M\u00e1laga community (3 researchers from different fields and 50 postgraduate students from different schools at the University of M\u00e1laga)."
  },
  {
    "sec_id": "sec0015",
    "sentence": "Postgraduate students have set the weights of the teaching block, while researchers have set the weights for the research and technology transfer blocks."
  },
  {
    "sec_id": "sec0015",
    "sentence": "They have assessed the importance of the indicators using a Likert scale (1\u20135)."
  },
  {
    "sec_id": "sec0015",
    "sentence": "Following with the example shown in [tbl0005], the weights assigned by three stakeholders to the 5 indicators are displayed in the first three rows in [tbl0010]."
  },
  {
    "sec_id": "sec0015",
    "sentence": "Then, the arithmetical means of these judgements are calculated, obtaining a weight (m\u03c9j, row 4) for each indicator."
  },
  {
    "sec_id": "sec0015",
    "sentence": "Row 5 shows the adjusted weights defined as a\u03c9j\u202f=\u202f1\u202f.5m\u03c9j\u22121 to be applied in a multiplicative environment."
  },
  {
    "sec_id": "sec0015",
    "sentence": "This has been done because, when used to calculate the composite indicators, the weights have a ratio meaning, that is, an indicator weighed 2 is twice as important as an indicator weighed 1."
  },
  {
    "sec_id": "sec0015",
    "sentence": "Therefore, a\u03c9j have been defined so that the ratio between two consecutive elements of the original Likert scale is constant (equal to 1.5)."
  },
  {
    "sec_id": "sec0015",
    "sentence": "The last row contains the normalised weights for the WCI, adding up 1 (\u03bcw)."
  },
  {
    "sec_id": "sec0015",
    "sentence": "Table 2."
  },
  {
    "sec_id": "sec0015",
    "sentence": "Calculation of the weights."
  },
  {
    "sec_id": "sec0015",
    "sentence": "Finally, the composite indicators are calculated."
  },
  {
    "sec_id": "sec0015",
    "sentence": "In our case, the aggregation is carried out in two stages, as illustrated in [fig0015]."
  },
  {
    "sec_id": "sec0015",
    "sentence": "First, we get the composite indicator of each sub-block of the research and the teaching blocks, and the composite indicators of the technology transfer block (which has no sub-blocks)."
  },
  {
    "sec_id": "sec0015",
    "sentence": "Second, we aggregate the sub-blocks to get the composite indicators of the research and the teaching blocks."
  },
  {
    "sec_id": "sec0015",
    "sentence": "In the first stage, the WCI of university u is calculated by:(2)WCItu=\u2211j=1nt\u03bcjwSj(Iju,rj,aj),where nt is the number of indicators in sub-block t."
  },
  {
    "sec_id": "sec0015",
    "sentence": "On the other hand, the USCI, not allowing for compensation, is a measure of the worst performance of university u."
  },
  {
    "sec_id": "sec0015",
    "sentence": "So, the USCI does not consider weights, and just takes the minimum value of the achievement functions for university u."
  },
  {
    "sec_id": "sec0015",
    "sentence": "This would inform us about the value of the worst achievement."
  },
  {
    "sec_id": "sec0015",
    "sentence": "Therefore, the USCI is built following expression [eq0015].(3)USCItu=minj=1,...,ntSj(Iju,rj,aj)"
  },
  {
    "sec_id": "sec0015",
    "sentence": "Note that WCI and USCI take values between \u22121 and 2 and they indicate better performance for higher values."
  },
  {
    "sec_id": "sec0015",
    "sentence": "Therefore, they can be interpreted as the position of the university with respect to hypothetical global reference levels."
  },
  {
    "sec_id": "sec0015",
    "sentence": "Also, given that the composite indicators have values lying in the same intervals as the achievement functions, they can be used as achievement functions in the second stage of the aggregation process."
  },
  {
    "sec_id": "sec0015",
    "sentence": "Finally, the WCI and the USCI of each university can be combined to get a mixed indicator (MCI) which allows us to rank the Andalusian public universities:(4)MCI=\u03bbWCI+(1\u2212\u03bb)USCI,where \u03bb\u202f\u2208\u202f[0, 1] is the compensation coefficient between both composite indicators."
  },
  {
    "sec_id": "sec0015",
    "sentence": "If \u03bb\u202f=\u202f0, then no compensation is allowed (MCI\u202f=\u202fUSCI), and if \u03bb\u202f=\u202f1, full compensation is allowed (MCI\u202f=\u202fWCI)."
  },
  {
    "sec_id": "sec0015",
    "sentence": "\u03bb could be set according to the user's opinion, or we can see the values of MCI for different \u03bb and extract some consequences from this information."
  },
  {
    "sec_id": "sec0035",
    "sentence": "In this section, we show and discuss the results obtained."
  },
  {
    "sec_id": "sec0035",
    "sentence": "First, the methodology developed in Section 3 was applied to the data of the Andalusian public universities to obtain a WCI and a USCI for each university and for each basic block (research, teaching and technology transfer)."
  },
  {
    "sec_id": "sec0035",
    "sentence": "We present these results, and discuss them while highlighting the major strengths and weaknesses of the universities."
  },
  {
    "sec_id": "sec0035",
    "sentence": "Second, we rank the Andalusian public universities by means of the MCI [eq0020], for different compensation degrees."
  },
  {
    "sec_id": "sec0035",
    "sentence": "Due to space limitations, we will discuss the results of the research block in detail, while we will just show the final results of the other two blocks."
  },
  {
    "sec_id": "sec0035",
    "sentence": "Next, we discuss the performance of the Andalusian public universities, using a graph like [fig0020], where each point represents a university, and the values of WCI and USCI are, respectively, in the horizontal and vertical axis."
  },
  {
    "sec_id": "sec0035",
    "sentence": "We also analyse the scores of the indicators (using the corresponding achievement functions), with the aim of identifying the main strengths and weaknesses of the Andalusian public university system."
  },
  {
    "sec_id": "sec0035",
    "sentence": "For space reasons, we present a more in depth analysis only for the research block.1.Research.In [fig0020], three groups of universities can be identified (named as G1, G2 and G3)."
  },
  {
    "sec_id": "sec0035",
    "sentence": "All the universities of groups G1 and G2 (except the University of M\u00e1laga) are located in the third quadrant, that is, despite having a negative USCI, the unfavourable indicators are compensated, resulting in a positive WCI."
  },
  {
    "sec_id": "sec0035",
    "sentence": "The universities of group G3 and the University of M\u00e1laga are placed in the worst quadrant, that is, universities which perform worse than the reservation level for at least one individual indicator (negative USCI), and for which these unfavourable indicators are not compensated (negative WCI).G1 is formed by the best positioned universities, C\u00f3rdoba and Granada, with the highest values of the WCI (0.46 and 0.42, respectively) and of the USCI (\u22120.24 and \u22120.32, respectively), locating themselves further right and on the top in the third quadrant."
  },
  {
    "sec_id": "sec0035",
    "sentence": "The reasons of this behaviour will be explained later.All the scores for the USCI are negative and for the WCI, they are below 1."
  },
  {
    "sec_id": "sec0035",
    "sentence": "However, the USCI ranges from \u22120.24 to \u22121, that is, a wider range than this of the WCI, which varies between 0.46 and \u22120.18."
  },
  {
    "sec_id": "sec0035",
    "sentence": "This shows significant differences in the research block among the Andalusian public universities, as will be seen later.The University Pablo de Olavide, from group G2, is the third one with respect to the WCI (0.22), but it is the fourth one for the USCI (\u22120.55); that is, its poor performance in certain individual indicators is compensated by acceptable results in others."
  },
  {
    "sec_id": "sec0035",
    "sentence": "On the other hand, the University of Seville is the worst positioned one in group G2 for the USCI (\u22120.63), while the University of M\u00e1laga is the worst positioned one for the WCI (\u22120.1), and this is why it is in the worst quadrant.The University of Almer\u00ed a has the best value for the WCI in group G3 (\u22120.06), but together with the universities of C\u00e1diz and Ja\u00e9n, they have the worst score for the USCI (\u22121), when no compensation is allowed.[tbl0015], [tbl0020], [tbl0025] present the values of the achievement functions of the individual indicators for each research sub-block."
  },
  {
    "sec_id": "sec0035",
    "sentence": "The scores below 0 appear in red (values worse than the reservation level, weaknesses); the scores between 0 and 1 are in yellow (values better than the reservation level, but worse than the aspiration level, admissible); and the scores over 1 are highlighted in green (values better than the aspiration level, strengths)."
  },
  {
    "sec_id": "sec0035",
    "sentence": "An in-depth analysis of the information contained in these tables will help us to justify the previously commented results about the positions of the Andalusian public universities in the research block with respect to all the Spanish public universities.Table 3."
  },
  {
    "sec_id": "sec0035",
    "sentence": "Achievement functions of the universities for the publications sub-block.Table 4."
  },
  {
    "sec_id": "sec0035",
    "sentence": "Achievement functions of the universities for the other research activity sub-block.Table 5."
  },
  {
    "sec_id": "sec0035",
    "sentence": "Achievement functions of the universities for the projects & funds sub-block.In general, the University of C\u00f3rdoba performs differently from the others, having admissible or strong values in all the indicators, with the exception of \u201cparticipation in projects\u201d, the lowest weighted individual indicator, with a score \u22120.23 (which is the value of the USCI)."
  },
  {
    "sec_id": "sec0035",
    "sentence": "The case of Granada is slightly different."
  },
  {
    "sec_id": "sec0035",
    "sentence": "It has two individual indicators with negative values (\u201cQ1 publications per doctor\u201d, \u22120.13 and \u201camounts of the National Plan projects per doctor\u201d, \u22120.32)."
  },
  {
    "sec_id": "sec0035",
    "sentence": "In contrast, it achieves the maximum value in the indicator \u201cofficial recognition research\u201d (in fact, it is the best value on this individual indicator across all the Spanish public universities)."
  },
  {
    "sec_id": "sec0035",
    "sentence": "This explains that when compensation is allowed (WCI), this university has a good result (0.42), very close to the University of C\u00f3rdoba (0.46), which is the best one."
  },
  {
    "sec_id": "sec0035",
    "sentence": "However, when such compensation is not allowed (USCI), the performance of the University of Granada (\u22120.32) is further from the University of C\u00f3rdoba (\u22120.24).The universities of Almer\u00eda, C\u00e1diz and Ja\u00e9n have, in general, the worst results, with individual indicators way worse than their reservation levels (red color values in [tbl0015], [tbl0020], [tbl0025])."
  },
  {
    "sec_id": "sec0035",
    "sentence": "They achieve the worst possible value for the USCI (\u22121), which means that they all have the worst performance of all Spanish universities for at least one indicator, and this is why they are at the bottom in the worst quadrant (group G3)."
  },
  {
    "sec_id": "sec0035",
    "sentence": "However, the University of Almer\u00eda nearly compensates its weaknesses and reaches a negative WCI close to 0 (\u22120.06)."
  },
  {
    "sec_id": "sec0035",
    "sentence": "In contrast, the University of C\u00e1diz has the poorest score on the WCI (\u22120.18), that is, its strengths are not enough to compensate its weaknesses (mostly placed in the Publications sub-block).It is worthy to point out the case of the University of M\u00e1laga, from G2."
  },
  {
    "sec_id": "sec0035",
    "sentence": "It is positioned in the worst quadrant with a negative WCI (\u22120.1)."
  },
  {
    "sec_id": "sec0035",
    "sentence": "However, regarding the USCI, it is better positioned than the University of Seville (\u22120.61 and \u22120.63, respectively)."
  },
  {
    "sec_id": "sec0035",
    "sentence": "This means that its weaknesses are not as bad as those of the universities from group G3, but the overall performance, when compensation is allowed, is similar (in some cases, worse) to those of group G3.All the Andalusian public universities are positioned in an intermediate situation in the teaching block, with a negative USCI and a positive WCI ([fig0025])."
  },
  {
    "sec_id": "sec0035",
    "sentence": "In addition, the scores for the WCI are way below 1, which reveals that there are not many important indicators for which the universities have a good performance (better than the aspiration level, set by all Spanish public universities), and if any, they are offset by poor performances in other indicators."
  },
  {
    "sec_id": "sec0035",
    "sentence": "The negative values of the USCI mean that every university has at least one indicator that performs worse than the corresponding reservation level.<img alt=\"Fig."
  },
  {
    "sec_id": "sec0035",
    "sentence": "5\" aria-describedby=\"cap0025\" height=\"321\" src=\"https://ars.els-cdn.com/content/image/1-s2.0-S1751157717303450-gr5.jpg\"/>Download : Download high-res image (195KB)Download : Download full-size imageFig."
  },
  {
    "sec_id": "sec0035",
    "sentence": "5."
  },
  {
    "sec_id": "sec0035",
    "sentence": "Positions of the universities for the teaching block.In [fig0025], we can observe three different groups (G1, G2 and G3)."
  },
  {
    "sec_id": "sec0035",
    "sentence": "Once again, the universities of Granada and C\u00f3rdoba are the best positioned ones for the USCI (\u22120.29 and \u22120.34, respectively)."
  },
  {
    "sec_id": "sec0035",
    "sentence": "These two universities form group G1."
  },
  {
    "sec_id": "sec0035",
    "sentence": "The universities of C\u00f3rdoba, C\u00e1diz and Almer\u00eda show the best performance for the WCI (0.42, 0.41 and 0.41, respectively)."
  },
  {
    "sec_id": "sec0035",
    "sentence": "The universities in G2 have similar values for both indicators, with the exception of the universities of Seville and Ja\u00e9n, which reach a value on the USCI similar to this obtained by the University of Almer\u00eda (\u22120.75, \u22120.81 and \u22120.74, respectively), but with worse values for the WCI."
  },
  {
    "sec_id": "sec0035",
    "sentence": "This means that the University of Almer\u00eda achieves an admissible score on some important indicators and thus, it compensates the low performance on others."
  },
  {
    "sec_id": "sec0035",
    "sentence": "Moreover, all the universities in G3 have worse values for both indicators than the universities in groups G1 and G2, with the exception of the University of M\u00e1laga."
  },
  {
    "sec_id": "sec0035",
    "sentence": "This university has a better value for the WCI than the universities of Seville and Ja\u00e9n, from G2 (0.24, 0.2 and 0.18, respectively); however, it reaches the worst possible value for the USCI (\u22121), indicating again that it has the worst performance of all the Spanish universities for some indicator."
  },
  {
    "sec_id": "sec0035",
    "sentence": "This analysis shows the added value of the joint visualization of WCI and USCI, which allows us to detect weaknesses that would be hidden by a traditional compensatory measure.2.Technology transfer.With respect to the technology transfer block, once again, all the universities have negative scores on the USCI and values below 1 on the WCI ([fig0030])."
  },
  {
    "sec_id": "sec0035",
    "sentence": "The former ranges from \u22120.44 (University of Seville) to \u22121, and the latter ranges from 0.43 (University of Almer\u00eda) to \u22120.66 (University of C\u00f3rdoba)."
  },
  {
    "sec_id": "sec0035",
    "sentence": "But now, the differences in the values of the weak indicator are much greater than in the two previous blocks."
  },
  {
    "sec_id": "sec0035",
    "sentence": "These data show that, in general, the Andalusian public universities are worse positioned in technology transfer than in the other blocks."
  },
  {
    "sec_id": "sec0035",
    "sentence": "There are four universities with positive WCI, which are placed in the third quadrant and have, consequently, an intermediate situation on this block."
  },
  {
    "sec_id": "sec0035",
    "sentence": "Two of them have very similar scores on the WCI close to cero, and thus, we have considered two groups for these four universities, G1 (Almer\u00eda and Seville) and G2 (Granada and M\u00e1laga), according to this."
  },
  {
    "sec_id": "sec0035",
    "sentence": "The other five universities are located in the worst position, the third quadrant, with negative results on both indicators."
  },
  {
    "sec_id": "sec0035",
    "sentence": "They form group G3.<img alt=\"Fig."
  },
  {
    "sec_id": "sec0035",
    "sentence": "6\" aria-describedby=\"cap0030\" height=\"323\" src=\"https://ars.els-cdn.com/content/image/1-s2.0-S1751157717303450-gr6.jpg\"/>Download : Download high-res image (191KB)Download : Download full-size imageFig."
  },
  {
    "sec_id": "sec0035",
    "sentence": "6."
  },
  {
    "sec_id": "sec0035",
    "sentence": "Positions of the universities for the technology transfer block."
  },
  {
    "sec_id": "sec0035",
    "sentence": "Research."
  },
  {
    "sec_id": "sec0035",
    "sentence": "In [fig0020], three groups of universities can be identified (named as G1, G2 and G3)."
  },
  {
    "sec_id": "sec0035",
    "sentence": "All the universities of groups G1 and G2 (except the University of M\u00e1laga) are located in the third quadrant, that is, despite having a negative USCI, the unfavourable indicators are compensated, resulting in a positive WCI."
  },
  {
    "sec_id": "sec0035",
    "sentence": "The universities of group G3 and the University of M\u00e1laga are placed in the worst quadrant, that is, universities which perform worse than the reservation level for at least one individual indicator (negative USCI), and for which these unfavourable indicators are not compensated (negative WCI)."
  },
  {
    "sec_id": "sec0035",
    "sentence": "G1 is formed by the best positioned universities, C\u00f3rdoba and Granada, with the highest values of the WCI (0.46 and 0.42, respectively) and of the USCI (\u22120.24 and \u22120.32, respectively), locating themselves further right and on the top in the third quadrant."
  },
  {
    "sec_id": "sec0035",
    "sentence": "The reasons of this behaviour will be explained later."
  },
  {
    "sec_id": "sec0035",
    "sentence": "All the scores for the USCI are negative and for the WCI, they are below 1."
  },
  {
    "sec_id": "sec0035",
    "sentence": "However, the USCI ranges from \u22120.24 to \u22121, that is, a wider range than this of the WCI, which varies between 0.46 and \u22120.18."
  },
  {
    "sec_id": "sec0035",
    "sentence": "This shows significant differences in the research block among the Andalusian public universities, as will be seen later."
  },
  {
    "sec_id": "sec0035",
    "sentence": "The University Pablo de Olavide, from group G2, is the third one with respect to the WCI (0.22), but it is the fourth one for the USCI (\u22120.55); that is, its poor performance in certain individual indicators is compensated by acceptable results in others."
  },
  {
    "sec_id": "sec0035",
    "sentence": "On the other hand, the University of Seville is the worst positioned one in group G2 for the USCI (\u22120.63), while the University of M\u00e1laga is the worst positioned one for the WCI (\u22120.1), and this is why it is in the worst quadrant."
  },
  {
    "sec_id": "sec0035",
    "sentence": "The University of Almer\u00ed a has the best value for the WCI in group G3 (\u22120.06), but together with the universities of C\u00e1diz and Ja\u00e9n, they have the worst score for the USCI (\u22121), when no compensation is allowed."
  },
  {
    "sec_id": "sec0035",
    "sentence": "[tbl0015], [tbl0020], [tbl0025] present the values of the achievement functions of the individual indicators for each research sub-block."
  },
  {
    "sec_id": "sec0035",
    "sentence": "The scores below 0 appear in red (values worse than the reservation level, weaknesses); the scores between 0 and 1 are in yellow (values better than the reservation level, but worse than the aspiration level, admissible); and the scores over 1 are highlighted in green (values better than the aspiration level, strengths)."
  },
  {
    "sec_id": "sec0035",
    "sentence": "An in-depth analysis of the information contained in these tables will help us to justify the previously commented results about the positions of the Andalusian public universities in the research block with respect to all the Spanish public universities."
  },
  {
    "sec_id": "sec0035",
    "sentence": "Table 3."
  },
  {
    "sec_id": "sec0035",
    "sentence": "Achievement functions of the universities for the publications sub-block."
  },
  {
    "sec_id": "sec0035",
    "sentence": "Table 4."
  },
  {
    "sec_id": "sec0035",
    "sentence": "Achievement functions of the universities for the other research activity sub-block."
  },
  {
    "sec_id": "sec0035",
    "sentence": "Table 5."
  },
  {
    "sec_id": "sec0035",
    "sentence": "Achievement functions of the universities for the projects & funds sub-block."
  },
  {
    "sec_id": "sec0035",
    "sentence": "In general, the University of C\u00f3rdoba performs differently from the others, having admissible or strong values in all the indicators, with the exception of \u201cparticipation in projects\u201d, the lowest weighted individual indicator, with a score \u22120.23 (which is the value of the USCI)."
  },
  {
    "sec_id": "sec0035",
    "sentence": "The case of Granada is slightly different."
  },
  {
    "sec_id": "sec0035",
    "sentence": "It has two individual indicators with negative values (\u201cQ1 publications per doctor\u201d, \u22120.13 and \u201camounts of the National Plan projects per doctor\u201d, \u22120.32)."
  },
  {
    "sec_id": "sec0035",
    "sentence": "In contrast, it achieves the maximum value in the indicator \u201cofficial recognition research\u201d (in fact, it is the best value on this individual indicator across all the Spanish public universities)."
  },
  {
    "sec_id": "sec0035",
    "sentence": "This explains that when compensation is allowed (WCI), this university has a good result (0.42), very close to the University of C\u00f3rdoba (0.46), which is the best one."
  },
  {
    "sec_id": "sec0035",
    "sentence": "However, when such compensation is not allowed (USCI), the performance of the University of Granada (\u22120.32) is further from the University of C\u00f3rdoba (\u22120.24)."
  },
  {
    "sec_id": "sec0035",
    "sentence": "The universities of Almer\u00eda, C\u00e1diz and Ja\u00e9n have, in general, the worst results, with individual indicators way worse than their reservation levels (red color values in [tbl0015], [tbl0020], [tbl0025])."
  },
  {
    "sec_id": "sec0035",
    "sentence": "They achieve the worst possible value for the USCI (\u22121), which means that they all have the worst performance of all Spanish universities for at least one indicator, and this is why they are at the bottom in the worst quadrant (group G3)."
  },
  {
    "sec_id": "sec0035",
    "sentence": "However, the University of Almer\u00eda nearly compensates its weaknesses and reaches a negative WCI close to 0 (\u22120.06)."
  },
  {
    "sec_id": "sec0035",
    "sentence": "In contrast, the University of C\u00e1diz has the poorest score on the WCI (\u22120.18), that is, its strengths are not enough to compensate its weaknesses (mostly placed in the Publications sub-block)."
  },
  {
    "sec_id": "sec0035",
    "sentence": "It is worthy to point out the case of the University of M\u00e1laga, from G2."
  },
  {
    "sec_id": "sec0035",
    "sentence": "It is positioned in the worst quadrant with a negative WCI (\u22120.1)."
  },
  {
    "sec_id": "sec0035",
    "sentence": "However, regarding the USCI, it is better positioned than the University of Seville (\u22120.61 and \u22120.63, respectively)."
  },
  {
    "sec_id": "sec0035",
    "sentence": "This means that its weaknesses are not as bad as those of the universities from group G3, but the overall performance, when compensation is allowed, is similar (in some cases, worse) to those of group G3."
  },
  {
    "sec_id": "sec0035",
    "sentence": "All the Andalusian public universities are positioned in an intermediate situation in the teaching block, with a negative USCI and a positive WCI ([fig0025])."
  },
  {
    "sec_id": "sec0035",
    "sentence": "In addition, the scores for the WCI are way below 1, which reveals that there are not many important indicators for which the universities have a good performance (better than the aspiration level, set by all Spanish public universities), and if any, they are offset by poor performances in other indicators."
  },
  {
    "sec_id": "sec0035",
    "sentence": "The negative values of the USCI mean that every university has at least one indicator that performs worse than the corresponding reservation level."
  },
  {
    "sec_id": "sec0035",
    "sentence": "In [fig0025], we can observe three different groups (G1, G2 and G3)."
  },
  {
    "sec_id": "sec0035",
    "sentence": "Once again, the universities of Granada and C\u00f3rdoba are the best positioned ones for the USCI (\u22120.29 and \u22120.34, respectively)."
  },
  {
    "sec_id": "sec0035",
    "sentence": "These two universities form group G1."
  },
  {
    "sec_id": "sec0035",
    "sentence": "The universities of C\u00f3rdoba, C\u00e1diz and Almer\u00eda show the best performance for the WCI (0.42, 0.41 and 0.41, respectively)."
  },
  {
    "sec_id": "sec0035",
    "sentence": "The universities in G2 have similar values for both indicators, with the exception of the universities of Seville and Ja\u00e9n, which reach a value on the USCI similar to this obtained by the University of Almer\u00eda (\u22120.75, \u22120.81 and \u22120.74, respectively), but with worse values for the WCI."
  },
  {
    "sec_id": "sec0035",
    "sentence": "This means that the University of Almer\u00eda achieves an admissible score on some important indicators and thus, it compensates the low performance on others."
  },
  {
    "sec_id": "sec0035",
    "sentence": "Moreover, all the universities in G3 have worse values for both indicators than the universities in groups G1 and G2, with the exception of the University of M\u00e1laga."
  },
  {
    "sec_id": "sec0035",
    "sentence": "This university has a better value for the WCI than the universities of Seville and Ja\u00e9n, from G2 (0.24, 0.2 and 0.18, respectively); however, it reaches the worst possible value for the USCI (\u22121), indicating again that it has the worst performance of all the Spanish universities for some indicator."
  },
  {
    "sec_id": "sec0035",
    "sentence": "This analysis shows the added value of the joint visualization of WCI and USCI, which allows us to detect weaknesses that would be hidden by a traditional compensatory measure."
  },
  {
    "sec_id": "sec0035",
    "sentence": "Technology transfer."
  },
  {
    "sec_id": "sec0035",
    "sentence": "With respect to the technology transfer block, once again, all the universities have negative scores on the USCI and values below 1 on the WCI ([fig0030])."
  },
  {
    "sec_id": "sec0035",
    "sentence": "The former ranges from \u22120.44 (University of Seville) to \u22121, and the latter ranges from 0.43 (University of Almer\u00eda) to \u22120.66 (University of C\u00f3rdoba)."
  },
  {
    "sec_id": "sec0035",
    "sentence": "But now, the differences in the values of the weak indicator are much greater than in the two previous blocks."
  },
  {
    "sec_id": "sec0035",
    "sentence": "These data show that, in general, the Andalusian public universities are worse positioned in technology transfer than in the other blocks."
  },
  {
    "sec_id": "sec0035",
    "sentence": "There are four universities with positive WCI, which are placed in the third quadrant and have, consequently, an intermediate situation on this block."
  },
  {
    "sec_id": "sec0035",
    "sentence": "Two of them have very similar scores on the WCI close to cero, and thus, we have considered two groups for these four universities, G1 (Almer\u00eda and Seville) and G2 (Granada and M\u00e1laga), according to this."
  },
  {
    "sec_id": "sec0035",
    "sentence": "The other five universities are located in the worst position, the third quadrant, with negative results on both indicators."
  },
  {
    "sec_id": "sec0035",
    "sentence": "They form group G3."
  },
  {
    "sec_id": "sec0035",
    "sentence": "In general, it can be affirmed that the performance of the Andalusian public universities in the teaching block is better than in the research and technology transfer blocks, although the values of the indicators suggest that all the universities have still much room for improvement."
  },
  {
    "sec_id": "sec0035",
    "sentence": "Analysing WCI and USCI, simultaneously, is very useful to obtain a complete photography of the universities performance and can help the decision maker(s) in deciding which aspects must be corrected."
  },
  {
    "sec_id": "sec0035",
    "sentence": "As seen in Section 4.1, the joint consideration of WCI and USCI provides us with valuable information about the performance of the universities."
  },
  {
    "sec_id": "sec0035",
    "sentence": "But if we still want to get a ranking, a single composite indicator must be used."
  },
  {
    "sec_id": "sec0035",
    "sentence": "In this subsection, WCI and USCI will be combined to obtain MCI, according to expression [eq0020]."
  },
  {
    "sec_id": "sec0035",
    "sentence": "For each value of the compensation degree \u03bb, a MCI is generated, which allows us to rank the Universities."
  },
  {
    "sec_id": "sec0035",
    "sentence": "Also, by varying this degree from 0 to 1 (with 0.1 steps), we will analyse how the scores range from the no compensation (USCI) to the compensation situation (WCI).1Research.[tbl0030] shows the positions in the ranking of the research block of each university, for each value of the compensation degree from 0 to 1, taking 0.1 steps."
  },
  {
    "sec_id": "sec0035",
    "sentence": "Since the WCI (\u03bb\u202f=\u202f1) and the USCI (\u03bb\u202f=\u202f0) are two extreme situations, from full compensation among indicators to no compensation allowed, we have decided to focus on intermediate degrees of compensation, from 0.30 to 0.70 (highlighted in purple in the table), to determine a rank of the Andalusian public universities regarding the research block."
  },
  {
    "sec_id": "sec0035",
    "sentence": "There are no changes in the coloured area."
  },
  {
    "sec_id": "sec0035",
    "sentence": "It is worthy to point out the case of the University Pablo de Olavide, which overtakes the University of Huelva, occupying the third position when the compensation is very high (\u03bb\u202f=\u202f0.8)."
  },
  {
    "sec_id": "sec0035",
    "sentence": "Therefore, the ranking is very stable with respect to changes of the compensation degree (excluding the extreme values) in the research block.Table 6."
  },
  {
    "sec_id": "sec0035",
    "sentence": "Ranking of the research block.[fig0035] depicts the values of the MCI reached by the Andalusian public universities in the research block, as the compensation degree between WCI and USCI is increased."
  },
  {
    "sec_id": "sec0035",
    "sentence": "The Universities of C\u00f3rdoba and Granada maintain their good scores in the MCI away from the rest."
  },
  {
    "sec_id": "sec0035",
    "sentence": "The universities of Almer\u00eda and Ja\u00e9n improve their scores as the compensation coefficient is increased, although they do not reach positive values."
  },
  {
    "sec_id": "sec0035",
    "sentence": "The reasons of this behaviour have been explained in Section 4.1.<img alt=\"Fig."
  },
  {
    "sec_id": "sec0035",
    "sentence": "7\" aria-describedby=\"cap0035\" height=\"378\" src=\"https://ars.els-cdn.com/content/image/1-s2.0-S1751157717303450-gr7.jpg\"/>Download : Download high-res image (334KB)Download : Download full-size imageFig."
  },
  {
    "sec_id": "sec0035",
    "sentence": "7."
  },
  {
    "sec_id": "sec0035",
    "sentence": "MCI of the research block for different compensation degrees.2Teaching.In [tbl0035], it can be observed that the universities of Granada, C\u00f3rdoba and C\u00e1diz stay at the top, and the University of C\u00f3rdoba overtakes the University of Granada when the compensation degree is high (\u03bb\u202f\u2265\u202f0.6)."
  },
  {
    "sec_id": "sec0035",
    "sentence": "The University Pablo de Olavide is always at the bottom."
  },
  {
    "sec_id": "sec0035",
    "sentence": "Therefore, the ranking is not very sensitive to changes of the compensation degree (excluding the extreme values)."
  },
  {
    "sec_id": "sec0035",
    "sentence": "The variations in the positions of the universities are few (in the colored area), only changing in some cases in one position.Table 7."
  },
  {
    "sec_id": "sec0035",
    "sentence": "Ranking of the teaching block.3Technology transfer.With regard to the technology transfer block, the universities of Almer\u00eda, Seville and Granada are the best ranked ones, with a positive MCI as the compensation degree grows ([tbl0040]).Table 8."
  },
  {
    "sec_id": "sec0035",
    "sentence": "Ranking of the technology transfer block.Thus, we can affirm that the ranking for the research Block is more stable than the other ones, and the rankings are not very affected by slight changes in the compensation allowed."
  },
  {
    "sec_id": "sec0035",
    "sentence": "Even comparing extreme situations, there are only minor changes in the positions of the Andalusian universities."
  },
  {
    "sec_id": "sec0035",
    "sentence": "Research."
  },
  {
    "sec_id": "sec0035",
    "sentence": "[tbl0030] shows the positions in the ranking of the research block of each university, for each value of the compensation degree from 0 to 1, taking 0.1 steps."
  },
  {
    "sec_id": "sec0035",
    "sentence": "Since the WCI (\u03bb\u202f=\u202f1) and the USCI (\u03bb\u202f=\u202f0) are two extreme situations, from full compensation among indicators to no compensation allowed, we have decided to focus on intermediate degrees of compensation, from 0.30 to 0.70 (highlighted in purple in the table), to determine a rank of the Andalusian public universities regarding the research block."
  },
  {
    "sec_id": "sec0035",
    "sentence": "There are no changes in the coloured area."
  },
  {
    "sec_id": "sec0035",
    "sentence": "It is worthy to point out the case of the University Pablo de Olavide, which overtakes the University of Huelva, occupying the third position when the compensation is very high (\u03bb\u202f=\u202f0.8)."
  },
  {
    "sec_id": "sec0035",
    "sentence": "Therefore, the ranking is very stable with respect to changes of the compensation degree (excluding the extreme values) in the research block."
  },
  {
    "sec_id": "sec0035",
    "sentence": "Table 6."
  },
  {
    "sec_id": "sec0035",
    "sentence": "Ranking of the research block."
  },
  {
    "sec_id": "sec0035",
    "sentence": "[fig0035] depicts the values of the MCI reached by the Andalusian public universities in the research block, as the compensation degree between WCI and USCI is increased."
  },
  {
    "sec_id": "sec0035",
    "sentence": "The Universities of C\u00f3rdoba and Granada maintain their good scores in the MCI away from the rest."
  },
  {
    "sec_id": "sec0035",
    "sentence": "The universities of Almer\u00eda and Ja\u00e9n improve their scores as the compensation coefficient is increased, although they do not reach positive values."
  },
  {
    "sec_id": "sec0035",
    "sentence": "The reasons of this behaviour have been explained in Section 4.1."
  },
  {
    "sec_id": "sec0035",
    "sentence": "Teaching."
  },
  {
    "sec_id": "sec0035",
    "sentence": "In [tbl0035], it can be observed that the universities of Granada, C\u00f3rdoba and C\u00e1diz stay at the top, and the University of C\u00f3rdoba overtakes the University of Granada when the compensation degree is high (\u03bb\u202f\u2265\u202f0.6)."
  },
  {
    "sec_id": "sec0035",
    "sentence": "The University Pablo de Olavide is always at the bottom."
  },
  {
    "sec_id": "sec0035",
    "sentence": "Therefore, the ranking is not very sensitive to changes of the compensation degree (excluding the extreme values)."
  },
  {
    "sec_id": "sec0035",
    "sentence": "The variations in the positions of the universities are few (in the colored area), only changing in some cases in one position."
  },
  {
    "sec_id": "sec0035",
    "sentence": "Table 7."
  },
  {
    "sec_id": "sec0035",
    "sentence": "Ranking of the teaching block."
  },
  {
    "sec_id": "sec0035",
    "sentence": "Technology transfer."
  },
  {
    "sec_id": "sec0035",
    "sentence": "With regard to the technology transfer block, the universities of Almer\u00eda, Seville and Granada are the best ranked ones, with a positive MCI as the compensation degree grows ([tbl0040])."
  },
  {
    "sec_id": "sec0035",
    "sentence": "Table 8."
  },
  {
    "sec_id": "sec0035",
    "sentence": "Ranking of the technology transfer block."
  },
  {
    "sec_id": "sec0035",
    "sentence": "Thus, we can affirm that the ranking for the research Block is more stable than the other ones, and the rankings are not very affected by slight changes in the compensation allowed."
  },
  {
    "sec_id": "sec0035",
    "sentence": "Even comparing extreme situations, there are only minor changes in the positions of the Andalusian universities."
  },
  {
    "sec_id": "sec0050",
    "sentence": "According to [bib0135], a better performance and commitment to achieve a competitive advantage is essential for HEIs in today's knowledge based environment, since it seems clear that in the future they will have an even more vital contribution in our society.",
    "intent": "background"
  },
  {
    "sec_id": "sec0050",
    "sentence": "In this context, we have applied the double reference point method in order to evaluate the performance of HEIs. First, in opposition to the well-known university rankings, the main advantage of our research is the possibility to analyse HEIs from different perspectives simultaneously by developing and using composite indicators jointly with individual indicators of university performance."
  },
  {
    "sec_id": "sec0050",
    "sentence": "On the one side, we evaluate university performance without using composite indicators in such a way that reference levels are used for each indicator and thus, the scores are easily interpreted as the current position of the university with respect to these levels (it has been used in the U-Multirank and its Spanish version, CYD Ranking)."
  },
  {
    "sec_id": "sec0050",
    "sentence": "Moreover, from the aggregation point of view, most of the rankings existing nowadays have developed and used composite indicators to provide rankings of HEIs (ARWU, THE, QS and the Spanish U-Ranking)."
  },
  {
    "sec_id": "sec0050",
    "sentence": "However, to our knowledge, composite indicators for different compensation degrees has not yet been adopted to evaluate university performance."
  },
  {
    "sec_id": "sec0050",
    "sentence": "In this regard, we have developed composite indicators for different compensation degrees for each of the three main missions of universities, in such a way that the scores, apart from giving an overall performance measure of the universities, also provide warning signals that let the user assist in strategic decision making for policy purposes, by identifying the weaknesses and strengths of each university."
  },
  {
    "sec_id": "sec0050",
    "sentence": "It should be pointed out that we analyse separately the three basic dimensions of our university system (research, teaching and technology transfer), because we are interested in getting a more accurate vision of each of them."
  },
  {
    "sec_id": "sec0050",
    "sentence": "Anyway, the double reference point method adopted in this research work allows us to build a single composite indicator comprising the three missions if is desired."
  },
  {
    "sec_id": "sec0050",
    "sentence": "First, these three mission composite indicators should be built at a first step, and synthesized at a second step."
  },
  {
    "sec_id": "sec0050",
    "sentence": "Considering the case of the Andalusian public HEIs, we can conclude that there is a quite remarkable variety across results within HEIs missions."
  },
  {
    "sec_id": "sec0050",
    "sentence": "The relative performance of the Andalusian public universities with respect to all Spanish public universities in the teaching block is better than in the research and technology transfer ones, although the values of the indicators suggest that all the universities have still much room for improvement in all areas."
  },
  {
    "sec_id": "sec0050",
    "sentence": "Regarding the teaching block, [bib0210] comments that the internationalisation of HEIs features among the sector's key transformations, specially in the European context.",
    "intent": "background"
  },
  {
    "sec_id": "sec0050",
    "sentence": "However, our results show that the \u201cinternational attractiveness\u201d and \u201cinternships\u201d (External Projection) are weaknesses for most of the Andalusian public HEIs. Thus, the Regional Government authorities should pay greater attention to them in order to meet these new demands."
  },
  {
    "sec_id": "sec0050",
    "sentence": "With respect to the research block, a large number of weaknesses takes place in the \u201cpublications\u201d and in the \u201camounts of the National Plan projects per doctor\u201d."
  },
  {
    "sec_id": "sec0050",
    "sentence": "This is not surprising, given that in 2008 (the year considered), as mentioned in Section 2, the Andalusian public HEIs, as other Spanish universities, neglected scientific research, and the public investment in R&D was critically low."
  },
  {
    "sec_id": "sec0050",
    "sentence": "This should encourage the Andalusian public HEIs to adapt to the HE global competition, which has led to define research intensity as the key indicator of the quality of universities ([bib0190]).",
    "intent": ""
  },
  {
    "sec_id": "sec0050",
    "sentence": "Moreover, as [bib0155] mentioned, the investment in R&D and in education needs to be constantly supported, since it will greatly help the HEIs to improve their economic growth and social development.",
    "intent": "background"
  },
  {
    "sec_id": "sec0050",
    "sentence": "Finally, the Andalusian public HEIs and the authorities should not neglect any of the HE missions, and pay special attention to the technology transfer block, since, as mentioned by [bib0060], university policies are important determinants of university technology transfer performance, and nowadays it has a vital role in the valorisation and use of knowledge.",
    "intent": "background"
  },
  {
    "sec_id": "sec0050",
    "sentence": "Our results reveal that some universities have a good performance and they are better ranked in the teaching and research blocks, but they perform poorly and are worse positioned in the technology transfer one."
  },
  {
    "sec_id": "sec0050",
    "sentence": "Future research can extend this study."
  },
  {
    "sec_id": "sec0050",
    "sentence": "It is important to point out that the main emphasis of this paper is on the methodological contribution, while the evaluation of the nine public universities of the Andaluc\u00eda region serves as an illustration of the methodology proposed."
  },
  {
    "sec_id": "sec0050",
    "sentence": "Therefore, the attention has been centered in stating the potential advantages of the methodology as compared to the ones traditionally used."
  },
  {
    "sec_id": "sec0050",
    "sentence": "The application is also devoted to this aim."
  },
  {
    "sec_id": "sec0050",
    "sentence": "Of course, an in depth study of the Andalusian (or Spanish) public university system needs more attention so some practical aspects."
  },
  {
    "sec_id": "sec0050",
    "sentence": "In fact, we are working on a comparison among all Spanish public HEIs (across several years), where the weights are assessed by a group of experts in the field of the Spanish universities, integrated by researchers and professionals from different fields of research and different Spanish public universities."
  },
  {
    "sec_id": "sec0050",
    "sentence": "Furthermore, a wider comparison among HEIs from different European countries could be useful for the Spanish Government purposes in order to get the most out of the Bologna Process."
  },
  {
    "sec_id": "sec0050",
    "sentence": "Finally, it must be pointed out that this analysis can also be embedded in a dynamic scheme, in order to study the evolution of the HEIs along a given period, either by using fixed reference levels for the whole period, or even changing these levels according to new requirements established by the academic authorities."
  },
  {
    "sec_id": "sec0055",
    "sentence": "Samira El Gibari: Collected the data (Designed the computational framework and analysed the data); Performed the analysis (Performed the analytic calculations and performed the numerical simulations); Wrote the paper (All authors discussed the results and contributed to the final manuscript)."
  },
  {
    "sec_id": "sec0055",
    "sentence": "Trinidad G\u00f3mez: Conceived and designed the analysis (Conveived the research and were in charge of overall direction and planning); Performed the analysis (Verified the numerical results of the first author by an independent implementation); Wrote the paper (All authors discussed the results and contributed to the final manuscript)."
  },
  {
    "sec_id": "sec0055",
    "sentence": "Francisco Ruiz: Conceived and designed the analysis (Conceived the research and were in charge of overall direction and planning); Contributed data or analysis tools (Designed the model and worked out almost all of the technical details); Performed the analysis (Supervised the project); Wrote the paper (All authors discussed the results and contributed to the final manuscript)."
  },
  {
    "sec_id": "sec0060",
    "sentence": "[tbl0045], [tbl0050], [tbl0055]"
  },
  {
    "sec_id": "sec0060",
    "sentence": "Table 9."
  },
  {
    "sec_id": "sec0060",
    "sentence": "System of indicators in the teaching block."
  },
  {
    "sec_id": "sec0060",
    "sentence": "The indicators (*) are of kind \u201cthe less, the better\u201d."
  },
  {
    "sec_id": "sec0060",
    "sentence": "The indicators (*) are of kind \u201cthe less, the better\u201d."
  },
  {
    "sec_id": "sec0060",
    "sentence": "Table 10."
  },
  {
    "sec_id": "sec0060",
    "sentence": "System of indicators in the research block."
  },
  {
    "sec_id": "sec0060",
    "sentence": "Table 11."
  },
  {
    "sec_id": "sec0060",
    "sentence": "System of indicators in the technology transfer block."
  },
  {
    "sec_id": "sec0060",
    "sentence": "The patents granted to the Andalusian public universities in the Spanish Patent and Trademark Office are taken into account."
  }
]