[
  {
    "sec_id": "sec0005",
    "sentence": "The importance of science to support technological development has been highlighted."
  },
  {
    "sec_id": "sec0005",
    "sentence": "In knowledge-intensive industries, scientific knowledge has significant impacts on technology innovation."
  },
  {
    "sec_id": "sec0005",
    "sentence": "Citation to scientific publications is an important driver that accelerates the rate of technological innovation ([bib0225]).",
    "intent": "background"
  },
  {
    "sec_id": "sec0005",
    "sentence": "Patents are considered representations of technologies, while papers are viewed as representations of science ([bib0145]).",
    "intent": "background"
  },
  {
    "sec_id": "sec0005",
    "sentence": "Patents also show the interest in commercial exploitation of a new technology ([bib0210]; [bib0255]).",
    "intent": "background"
  },
  {
    "sec_id": "sec0005",
    "sentence": "Although there are some problems regarding the use of patents\u2212not all inventions are patentable, not all of those that are patentable are patented, and patents differ greatly in their commercial significance and value, patent data have long been used as a measure of innovative activity and technological development because patents cover the majority of technological fields and the major patent systems such as the United States Patent and Trademark Office (USPTO) cover all countries ([bib0040]; [bib0240]).",
    "intent": "background"
  },
  {
    "sec_id": "sec0005",
    "sentence": "Citations to non-patent references (NPRs) in patent documents signal a direct influence of science on technology ([bib0170], [bib0175]).",
    "intent": "background"
  },
  {
    "sec_id": "sec0005",
    "sentence": "NPRs constitute prior scientific knowledge or ideas to which a patent is related ([bib0255]).",
    "intent": "background"
  },
  {
    "sec_id": "sec0005",
    "sentence": "However, some scholars argue that patent-to-paper citations should not be interpreted as a direct link or influence from science to technology (e.g., [bib0025]; [bib0140]).",
    "intent": "background"
  },
  {
    "sec_id": "sec0005",
    "sentence": "[bib0065] argue that science alters inventors' search processes by leading them to useful combinations, eliminating fruitless paths of research, and motivating them to continue.",
    "intent": "background"
  },
  {
    "sec_id": "sec0005",
    "sentence": "Patent citations to NPRs can be interpreted as exchange processes ([bib0150]) or relevance or relatedness ([bib0020]; [bib0240]) between science and technology.",
    "intent": "background"
  },
  {
    "sec_id": "sec0005",
    "sentence": "The number of NPRs is used as a measure of technological opportunity ([bib0270]).",
    "intent": "uses"
  },
  {
    "sec_id": "sec0005",
    "sentence": "A greater number of NPRs is associated with higher technological opportunities."
  },
  {
    "sec_id": "sec0005",
    "sentence": "The front page of a patent issued by USPTO provides patent and non-patent references."
  },
  {
    "sec_id": "sec0005",
    "sentence": "As pointed out in [bib0105] and [bib0240], patent applicants are legally obliged to state prior knowledge related to the invention.",
    "intent": "background"
  },
  {
    "sec_id": "sec0005",
    "sentence": "US patent law requires that the patent examiner determines the novelty and uniqueness of an invention claimed by the patent application."
  },
  {
    "sec_id": "sec0005",
    "sentence": "The invention is reviewed and additional important references could be added by the examiner."
  },
  {
    "sec_id": "sec0005",
    "sentence": "Therefore, the NPRs on the front page are supplied by inventors, patent attorneys, and/or the examiner."
  },
  {
    "sec_id": "sec0005",
    "sentence": "The links to the scientific literature reflect the association between science and technological development."
  },
  {
    "sec_id": "sec0005",
    "sentence": "Because knowledge flow is a process over time, it should be measured in a dynamic rather than static way."
  },
  {
    "sec_id": "sec0005",
    "sentence": "As suggested by [bib0020], the introduction of a time dimension can uncover the development of science intensity.",
    "intent": "background"
  },
  {
    "sec_id": "sec0005",
    "sentence": "Thus, regardless of whether the number of patent citations to NPRs represents a direct link between science and technology or just a measure of relevance, the focus should be placed on the growth of citation over time rather than just citation frequencies at specific points of time."
  },
  {
    "sec_id": "sec0005",
    "sentence": "Although there exist many empirical studies using citation data, few articles addressed the change in citation over time."
  },
  {
    "sec_id": "sec0005",
    "sentence": "[bib0120] evaluate and compare the university performance in knowledge utilization by analyzing the growth trajectories of patent citations to scientific publications produced by individual universities.",
    "intent": "background"
  },
  {
    "sec_id": "sec0005",
    "sentence": "Moreover, the factors that influence the growth of the patent-to-paper citation remain unclear."
  },
  {
    "sec_id": "sec0005",
    "sentence": "For each published article, the data of patent citations to the paper after its publication need to be obtained over time."
  },
  {
    "sec_id": "sec0005",
    "sentence": "The panel data showing the time series of the number of patent citations for individual articles are formed."
  },
  {
    "sec_id": "sec0005",
    "sentence": "As can be seen later in Section [sec0015], the majority of scientific papers were not cited, consistent with the fact mentioned in [bib0010] that the large majority of the scientific papers are never or seldom cited in the subsequent scientific literature.",
    "intent": "similarities"
  },
  {
    "sec_id": "sec0005",
    "sentence": "Therefore, we focus only on the domains whose papers were more frequently cited by patents."
  },
  {
    "sec_id": "sec0005",
    "sentence": "By using growth modeling, an application of hierarchical linear models for the analysis of trajectory (e.g., [bib0190]), we can assess the knowledge flow from science to technology by analyzing the change in patent-to-paper citation over time (its growth trajectory) and further identify paper characteristics that influence the growth pattern to have a deeper understanding of the knowledge flow in those domains.",
    "intent": "uses"
  },
  {
    "sec_id": "sec0005",
    "sentence": "The results obtained are informative for paper authors, patent inventors, and policy makers."
  },
  {
    "sec_id": "sec0010",
    "sentence": "The paper characteristics that influence the paper-to-paper citation have been widely discussed in the literature."
  },
  {
    "sec_id": "sec0010",
    "sentence": "They may also influence the patent-to-paper citation."
  },
  {
    "sec_id": "sec0010",
    "sentence": "In this section, we give a brief review."
  },
  {
    "sec_id": "sec0010",
    "sentence": "The number of citations can be used as an indicator of the level of impact or performance for an individual publication or a journal that aggregates publications ([bib0275]).",
    "intent": "background"
  },
  {
    "sec_id": "sec0010",
    "sentence": "It is used as a measure of research excellence ([bib0105]).",
    "intent": "uses"
  },
  {
    "sec_id": "sec0010",
    "sentence": "Citation-based impact indicators are considered objective because they reflect the evaluations by subsequent researchers ([bib0265]).",
    "intent": "background"
  },
  {
    "sec_id": "sec0010",
    "sentence": "It is generally accepted that the paper citation count of an article is an effective measure of its importance (the degree of impact) ([bib0180]).",
    "intent": "background"
  },
  {
    "sec_id": "sec0010",
    "sentence": "[bib0105] find that US papers that are highly cited by other papers are much more likely to be cited in a US-invented patent.",
    "intent": "background"
  },
  {
    "sec_id": "sec0010",
    "sentence": "They concluded that research excellence and innovation are firmly linked, and that American technology draws on the best of American science."
  },
  {
    "sec_id": "sec0010",
    "sentence": "Prestigious journals attract potentially influential papers and articles published in prestigious journals tend to receive more citations ([bib0260]).",
    "intent": "background"
  },
  {
    "sec_id": "sec0010",
    "sentence": "The impact factor is used to measure the impact of a journal."
  },
  {
    "sec_id": "sec0010",
    "sentence": "Alternatively, the ranking factor could be used as the impact factor varies considerably among disciplines."
  },
  {
    "sec_id": "sec0010",
    "sentence": "The ranking factor of a journal is the relative rank of the journal in a subject category based on the impact factor."
  },
  {
    "sec_id": "sec0010",
    "sentence": "The lower the ranking factor in the subject category, the higher the journal's impact."
  },
  {
    "sec_id": "sec0010",
    "sentence": "While the paper citation count is used to measure a paper\u2019s research impact, the ranking factor is used to measure the impact of the journal in which the paper was published."
  },
  {
    "sec_id": "sec0010",
    "sentence": "[bib0020] suggest drawing attention to authors as well as affiliations of the authors to gain more insight about knowledge flow.",
    "intent": "background"
  },
  {
    "sec_id": "sec0010",
    "sentence": "Co-authorship is a frequent and reliable measure for collaboration in scientometric studies ([bib0090]).",
    "intent": "background"
  },
  {
    "sec_id": "sec0010",
    "sentence": "[bib0155] find that high quality research institutions are much more likely to establish strong links in the form of co-authorships.",
    "intent": "background"
  },
  {
    "sec_id": "sec0010",
    "sentence": "The number of authors would positively affect the number of citations ([bib0010], [bib0015], [bib0075], [bib0080], [bib0220], [bib0230]).",
    "intent": "background"
  },
  {
    "sec_id": "sec0010",
    "sentence": "Research collaboration generates benefits which could not have been attained if the researchers had worked on their own and enhances the quality of research, leading papers to being cited more often ([bib0125]; [bib0165]; [bib0260]).",
    "intent": "background"
  },
  {
    "sec_id": "sec0010",
    "sentence": "Collaboration enhances the visibility of research results ([bib0075]).",
    "intent": "background"
  },
  {
    "sec_id": "sec0010",
    "sentence": "The article is brought to the attention of a larger number of researchers through authors\u2019 personal network."
  },
  {
    "sec_id": "sec0010",
    "sentence": "The knowledge is more likely to be disseminated to the scholars inside the network than to those outside the network ([bib0260]).",
    "intent": "background"
  },
  {
    "sec_id": "sec0010",
    "sentence": "Inter-organizational co-authorship and international co-authorship are indicators for collaborative R & D activities."
  },
  {
    "sec_id": "sec0010",
    "sentence": "The former involves researchers from different organizations, and the latter involves researchers from different countries."
  },
  {
    "sec_id": "sec0010",
    "sentence": "The strength of inter-organizational co-authorship is positively related to citation impact ([bib0080], [bib0220]).",
    "intent": "background"
  },
  {
    "sec_id": "sec0010",
    "sentence": "The strength of international co-authorship is generally thought and often found to have positive effects on the citation rate of scientific publications ([bib0010], [bib0050], [bib0130], [bib0200], [bib0220]).",
    "intent": "background"
  },
  {
    "sec_id": "sec0010",
    "sentence": "Academia-industry collaboration can lead to more citations due to the following reasons."
  },
  {
    "sec_id": "sec0010",
    "sentence": "First, academia-industry collaboration might imply the accessibility to complementary tangible and intangible assets needed to turn innovation projects into a commercial success ([bib0095], [bib0235]).",
    "intent": "background"
  },
  {
    "sec_id": "sec0010",
    "sentence": "It is a means for knowledge transfer ([bib0005], [bib0060]).",
    "intent": "background"
  },
  {
    "sec_id": "sec0010",
    "sentence": "Second, it may help create interdisciplinary knowledge, one major issue in the \u2018knowledge-based society\u2019 emphasized by [bib0085] that can lead to applicable results ([bib0205]) since interdisciplinary knowledge is a more friendly problem-solving approach ([bib0070]).",
    "intent": "background"
  },
  {
    "sec_id": "sec0010",
    "sentence": "Third, academia-industry collaboration could combine ideas from academic and industrial perspectives."
  },
  {
    "sec_id": "sec0010",
    "sentence": "Public\u2013private research cooperation, measured by jointly authored research articles, is an important element in science-based technological innovation ([bib0250]).",
    "intent": "background"
  },
  {
    "sec_id": "sec0010",
    "sentence": "The length of an article also influences citation."
  },
  {
    "sec_id": "sec0010",
    "sentence": "As longer articles have more content that can be cited than shorter articles, the length of an article influences whether it is cited ([bib0115]).",
    "intent": "background"
  },
  {
    "sec_id": "sec0010",
    "sentence": "Research notes, comments and replies, whose contributions usually make small points, receive less attention than the regular journal articles ([bib0260]).",
    "intent": "background"
  },
  {
    "sec_id": "sec0010",
    "sentence": "Firms have incentives to publish their work."
  },
  {
    "sec_id": "sec0010",
    "sentence": "[bib0110] indicates that publishing signals the presence of tacit knowledge and helps build the reputation needed for the barter-governed exchange of scientific and technical knowledge.",
    "intent": "background"
  },
  {
    "sec_id": "sec0010",
    "sentence": "Additional incentives, as reviewed in [bib0245], include increasing visibility, linking up to the scientific community, and attracting private capital, public research funding, and first-rate researchers and technicians.",
    "intent": "background"
  },
  {
    "sec_id": "sec0010",
    "sentence": "Citation counts of papers written by a firm\u2019s research team appear to be positively related to the firm\u2019s performance ([bib0045]).",
    "intent": "background"
  },
  {
    "sec_id": "sec0010",
    "sentence": "Because more insight about the application of science to industrial development may be obtained from the publications by the authors working in firms, industrial publications are attractive for patent inventors."
  },
  {
    "sec_id": "sec0010",
    "sentence": "Review articles are cited more frequently than other publication types ([bib0010], [bib0135]).",
    "intent": "background"
  },
  {
    "sec_id": "sec0010",
    "sentence": "Although such articles usually do not contain new material, reading review papers is a convenient way and save the time to dig into original research papers for inventors."
  },
  {
    "sec_id": "sec0010",
    "sentence": "We will empirically examine for all of the paper characteristics mentioned above if they have significant effects on the growth of the number of patent citations to scientific publications."
  },
  {
    "sec_id": "sec0015",
    "sentence": "Many types of documents are referenced in USPTO patents, but not all these documents are considered as scientific output."
  },
  {
    "sec_id": "sec0015",
    "sentence": "[bib0020] indicate that the most widely adopted publication database is the Thomson Reuters Web of Science (WoS), covering many scientific disciplines, and find that 50% to 55% of NPRs are journal references covered by the database.",
    "intent": "background"
  },
  {
    "sec_id": "sec0015",
    "sentence": "In this study, NPRs are restricted to the publications (including articles, reviews, and letters) in the database."
  },
  {
    "sec_id": "sec0015",
    "sentence": "The scientific papers with at least one U.S. author[fn0005] were considered."
  },
  {
    "sec_id": "sec0015",
    "sentence": "As indicated in [bib0120], \u201cAfter 2000, the emergence and convergence of nanotechnology, biotechnology, information technology, and new technology based on cognitive science bring opportunities and challenges.",
    "intent": "motivation background"
  },
  {
    "sec_id": "sec0015",
    "sentence": "These technologies absorb a lot of knowledge from science, leading to typical high-tech products such as gene-chips, wireless network, and smartphone,\u201d stimulating more scientific research papers."
  },
  {
    "sec_id": "sec0015",
    "sentence": "It appears that the number of patents issued by USPTO, the number of publications in WoS, and the total number of patent citations to NPRs all display increasing trends during 1998\u20132013 (See [fig0005])."
  },
  {
    "sec_id": "sec0015",
    "sentence": "Moreover, there is a sharp increase in the total number of patent citations to NPRs after 2005."
  },
  {
    "sec_id": "sec0015",
    "sentence": "In bibliometric analyses, the 5-year citation interval is often used ([bib0010]).",
    "intent": "background"
  },
  {
    "sec_id": "sec0015",
    "sentence": "Thus, the analysis of citation growth in this study is based on two 5-year citation windows."
  },
  {
    "sec_id": "sec0015",
    "sentence": "The first one deals with the patent citations to the publications in 1998 (before 2000), and the second one to those in 2006 (after 2005)."
  },
  {
    "sec_id": "sec0015",
    "sentence": "Two citation windows are used for checking the robustness of the results."
  },
  {
    "sec_id": "sec0015",
    "sentence": "We consider only granted patents (patent applications not included)."
  },
  {
    "sec_id": "sec0015",
    "sentence": "Since the time between when US patents are filed and when they are issued is generally between 24 and 36 months, the citation starts from the fourth year after publication."
  },
  {
    "sec_id": "sec0015",
    "sentence": "Specifically, we used the citation data for the years of 2001\u20132005 in the first window and those for the years of 2009\u20132013 in the second window."
  },
  {
    "sec_id": "sec0015",
    "sentence": "Patent-to-paper citations were counted for each paper in each of the five consecutive years."
  },
  {
    "sec_id": "sec0015",
    "sentence": "The growth trajectory of the number of patent citations to a scientific paper over time is used to measure the dynamism of its utilization for technology applications."
  },
  {
    "sec_id": "sec0015",
    "sentence": "The data for patent-to-paper citations were obtained from the USPTO database, widely used in previous research (e.g., [bib0175], [bib0195]).",
    "intent": "uses"
  },
  {
    "sec_id": "sec0015",
    "sentence": "As for scientific papers to be cited, we identified the articles published in the target year with at least one U.S. author in the WoS."
  },
  {
    "sec_id": "sec0015",
    "sentence": "The number of total publications with at least one U.S. author in the WoS is 383661 in 1998 and 451200 in 2006, occupying 32.58% and 31.33% of the total publications in 1998 and 2006, respectively."
  },
  {
    "sec_id": "sec0015",
    "sentence": "The number of publications in 1998 cited at least once by patents by the end of 2005 is 11792 and the number of publications in 2006 cited at least once by patents by the end of 2013 is 14580."
  },
  {
    "sec_id": "sec0015",
    "sentence": "Because the majority of the publications were not cited by patents, the publications selected were restricted to those cited at least once by patents."
  },
  {
    "sec_id": "sec0015",
    "sentence": "Moreover, we focus our attention on the papers receiving more patent citations and investigate how they were cited over time."
  },
  {
    "sec_id": "sec0015",
    "sentence": "Specifically, we chose those in the top ten most frequently cited subject categories in the WoS and explored the factors influencing their citation growth."
  },
  {
    "sec_id": "sec0015",
    "sentence": "The numbers of selected publications in 1998 (cited by patents until 2005) and 2006 (cited by patents until 2013) are 5479 and 6885, respectively (see [tbl0005] for details[fn0010])."
  },
  {
    "sec_id": "sec0015",
    "sentence": "They occupy more than 45% (5479/11792 for 1998 and 6885/14580 for 2006) of the total publications cited at least once by patents."
  },
  {
    "sec_id": "sec0015",
    "sentence": "[tbl0010] displays the shares of articles, reviews, and letters by subject category for the selected publications in 1998 and 2006."
  },
  {
    "sec_id": "sec0015",
    "sentence": "We counted patent citations to each of the papers selected for every year in the citation window."
  },
  {
    "sec_id": "sec0015",
    "sentence": "Then, we performed growth analyses for the window based on the data obtained."
  },
  {
    "sec_id": "sec0015",
    "sentence": "The process was repeated for the citation windows of 2001\u20132005 and 2009\u20132013."
  },
  {
    "sec_id": "sec0015",
    "sentence": "Table 1."
  },
  {
    "sec_id": "sec0015",
    "sentence": "Top ten most frequently cited (by patents) subject categories in the WoS in 1998 and 2006."
  },
  {
    "sec_id": "sec0015",
    "sentence": "Since a publication may belong to more than one subject category, the totals of the numbers of publications in the ten subject categories (6207/7663) for 1998 and 2006 are greater than the numbers of publications included for the same year (5479/6885), and the totals of the numbers of patent citations in the ten subject categories (15697/20216) are greater than the corresponding numbers of patent citations included (14407/18807)."
  },
  {
    "sec_id": "sec0015",
    "sentence": "Since a publication may belong to more than one subject category, the totals of the numbers of publications in the ten subject categories (6207/7663) for 1998 and 2006 are greater than the numbers of publications included for the same year (5479/6885), and the totals of the numbers of patent citations in the ten subject categories (15697/20216) are greater than the corresponding numbers of patent citations included (14407/18807)."
  },
  {
    "sec_id": "sec0015",
    "sentence": "Table 2."
  },
  {
    "sec_id": "sec0015",
    "sentence": "Shares of articles, reviews, and letters by subject category for the selected publications in 1998 and 2006."
  },
  {
    "sec_id": "sec0015",
    "sentence": "As we have reviewed, paper characteristics that may exert influence on the growth trajectory of the number of patent citations to a paper include the paper citation count (PCC), the ranking factor (RF) of the journal in which the paper was published, the number of authors (NA), the strength of inter-organizational co-authorship, the strength of international co-authorship, the paper length (PL), whether it results from academia-industry collaboration (AICOLL), whether it is an industrial publication (IP), and whether it is a review article (RA)."
  },
  {
    "sec_id": "sec0015",
    "sentence": "PCC includes the 2001\u20132005 paper citations to the 1998 publications and the 2009\u20132013 paper citations to the 2006 publications in the WoS."
  },
  {
    "sec_id": "sec0015",
    "sentence": "RF in 1998 or 2006 is the relative rank of the journal based on the impact factor in a subject category for the same year."
  },
  {
    "sec_id": "sec0015",
    "sentence": "If a journal was included in more than one subject category, the lower RF was selected."
  },
  {
    "sec_id": "sec0015",
    "sentence": "NA indicates the number of authors participating in the work."
  },
  {
    "sec_id": "sec0015",
    "sentence": "The strength of inter-organizational co-authorship is measured with the number of affiliations of authors (NAFF)."
  },
  {
    "sec_id": "sec0015",
    "sentence": "The strength of international co-authorship is measured with the number of nationalities of authors (NNAT)."
  },
  {
    "sec_id": "sec0015",
    "sentence": "PL is measured by the number of article pages (word count data are unavailable in the database)."
  },
  {
    "sec_id": "sec0015",
    "sentence": "AICOLL means whether the paper results from the collaboration between one or more universities and one or more industrial enterprises."
  },
  {
    "sec_id": "sec0015",
    "sentence": "IP means whether the authors are all researchers or employees in industrial enterprises."
  },
  {
    "sec_id": "sec0015",
    "sentence": "RA means whether the paper is a review article according to the classification in Web of Science."
  },
  {
    "sec_id": "sec0015",
    "sentence": "AICOLL, IP, and RA are dummy-coded in such a way that AICOLL is set to 1 if the paper is produced by academia-industry collaboration, AICOLL is set to 1 if the paper results only from industrial enterprises, and RA is set to 1 if the paper is a review article; they are set to zero otherwise."
  },
  {
    "sec_id": "sec0015",
    "sentence": "Since the citation over time is a process, attention is given to the growth trajectory of the number of citations."
  },
  {
    "sec_id": "sec0015",
    "sentence": "Growth modeling is an effective analytical tool to meet the research need."
  },
  {
    "sec_id": "sec0015",
    "sentence": "Growth modeling consists of two sub-models."
  },
  {
    "sec_id": "sec0015",
    "sentence": "The level-1 sub-model is an individual growth model."
  },
  {
    "sec_id": "sec0015",
    "sentence": "The level-2 sub-model expresses the random growth coefficients as linear functions of covariates showing paper characteristics."
  },
  {
    "sec_id": "sec0015",
    "sentence": "In other words, growth modeling can characterize the growth pattern of the patent-to-paper citation for each paper after its publication and examine how the growth patterns differ."
  },
  {
    "sec_id": "sec0015",
    "sentence": "The level-1 sub-model in linear growth modeling is given by(1)Yit=\u03b20i+\u03b21iTimet+\u03b5it,i=1,2,...,n;t=1,2,...,T,where Yit is the number of patent-to-paper citations for paper i at time t, Timet represents the time variable (the explanatory variable), n is the total number of papers in the sample, T is the total number of time points (five in this study), and \u03b5it is the error associated with paper i at time t, reflecting the departure from the linear trajectory for paper i."
  },
  {
    "sec_id": "sec0015",
    "sentence": "Time points are assumed to be equally spaced."
  },
  {
    "sec_id": "sec0015",
    "sentence": "\u03b20i and \u03b21i denote, respectively, the intercept and the linear slope of the trajectory for paper i."
  },
  {
    "sec_id": "sec0015",
    "sentence": "The values of the T time points are usually set as 0, 1, 2, \u2026, T\u00a0\u2212\u00a01, and therefore \u03b20i represents the initial citation status."
  },
  {
    "sec_id": "sec0015",
    "sentence": "\u03b20i and \u03b21i are random coefficients because papers differ in their initial status and growth rates of citation."
  },
  {
    "sec_id": "sec0015",
    "sentence": "\u03b5it\u2019s are serially correlated for paper i."
  },
  {
    "sec_id": "sec0015",
    "sentence": "The autocovariance structure of \u03b5it, assumed to be identical for all papers, needs to be specified."
  },
  {
    "sec_id": "sec0015",
    "sentence": "Although AR(1) (the first-order autoregressive) may be the most commonly used one ([bib0160]), ARH(1) (heterogeneous AR(1)) is more appropriate because error variances may not be homogeneous.",
    "intent": "background"
  },
  {
    "sec_id": "sec0015",
    "sentence": "The error covariance matrix for T\u00a0=\u00a05 based on ARH(1) is given by (e.g., [bib0055])(2)\u0398\u03b5=[\u03c3\u03b512\u03c3\u03b51\u03c3\u03b52\u03c1\u03c3\u03b51\u03c3\u03b53\u03c12\u03c3\u03b51\u03c3\u03b54\u03c13\u03c3\u03b51\u03c3\u03b55\u03c14\u03c3\u03b522\u03c3\u03b52\u03c3\u03b53\u03c1\u03c3\u03b52\u03c3\u03b54\u03c12\u03c3\u03b52\u03c3\u03b55\u03c13\u03c3\u03b532\u03c3\u03b53\u03c3\u03b54\u03c1\u03c3\u03b52\u03c3\u03b54\u03c12\u03c3\u03b542\u03c3\u03b54\u03c3\u03b55\u03c1\u03c3\u03b552]where \u03c1 denotes the autoregressive coefficient.",
    "intent": "background"
  },
  {
    "sec_id": "sec0015",
    "sentence": "The error autocorrelation at lag k, k\u00a0=\u00a01, 2, \u2026, 4, denoted by\u03c1k, is given by\u03c1k=\u03c1k."
  },
  {
    "sec_id": "sec0015",
    "sentence": "The level-2 sub-model in linear growth modeling is given by(3)\u03b20i=\u03b300+\u03b60i,\u03b21i=\u03b310+\u03b61i,where \u03b300 and \u03b310 are the level-2 intercepts, representing the means of \u03b20 and \u03b21, and \u03b60i and \u03b61i are the corresponding errors."
  },
  {
    "sec_id": "sec0015",
    "sentence": "The covariance structure of \u03b60 and \u03b61 is always unstructured (freely estimated)."
  },
  {
    "sec_id": "sec0015",
    "sentence": "The intra-paper errors over time and the inter-paper errors are conventionally referred to as level-1 and level-2 errors, respectively."
  },
  {
    "sec_id": "sec0015",
    "sentence": "Substituting Eq. [eq0060] into Eq. [eq0050] results in the following combined model:(4)Yit=\u03b300+\u03b310Timet+(\u03b60i+Timet\u00d7\u03b61i+\u03b5it)."
  },
  {
    "sec_id": "sec0015",
    "sentence": "An interesting question follows: How do growth trajectories differ?"
  },
  {
    "sec_id": "sec0015",
    "sentence": "That is, what factors influence the growth trajectory?"
  },
  {
    "sec_id": "sec0015",
    "sentence": "What paper characteristics can explain the random coefficients in Eq. [eq0050]?"
  },
  {
    "sec_id": "sec0015",
    "sentence": "Potential characteristics exerting influential effects include PCC, RF, NA, NAFF, NNAT, PL, AICOLL, IP, and RA, which are included in the level-2 sub-model as follows:(5)\u03b20i=\u03b300+\u03b301PCCi+\u03b302RFi+\u03b303NAi+\u03b304NAFFi+\u03b305NNATi+\u03b306PLi+\u03b307AICOLLi+\u03b308IPi+\u03b309RAi+\u03b60i,\u03b21i=\u03b310+\u03b311PCCi+\u03b312RFi+\u03b313NAi+\u03b314NAFFi+\u03b315NNATi+\u03b316PLi+\u03b317AICOLLi+\u03b318IPi+\u03b319RAi+\u03b61i,where \u03b301 \u2212 \u03b309 are the fixed effects associated with PCC, RF, NA, NAFF, NNAT, PL, AICOLL, IP, and RA, respectively, with respect to the random intercept \u03b20 and \u03b311 \u2212 \u03b319 are those with respect to the random linear slope\u03b21."
  },
  {
    "sec_id": "sec0015",
    "sentence": "Eq. [eq0060] and Eq. [eq0070] are called unconditional and conditional growth models, respectively, and \u03b3\u2019s are called growth parameters."
  },
  {
    "sec_id": "sec0015",
    "sentence": "Substituting the conditional level-2 sub-model (Eq. [eq0070]) into the level-1 sub-model (Eq. [eq0055]) leads to the following combined model:(6)Yit=\u03b300+\u03b310Timet+\u03b301PCCi+\u03b302RFi+\u03b303NAi+\u03b304NAFFi+\u03b305NNATi+\u03b306PLi+\u03b307AICOLLi+\u03b308IPi+\u03b309RAi+\u03b311Timet\u00d7PCCi+\u03b312Timet\u00d7RFi+\u03b313Timet\u00d7NAi+\u03b314Timet\u00d7NAFFi+\u03b315Timet\u00d7NNATi+\u03b316Timet\u00d7PLi+\u03b317Timet\u00d7AICOLLi+\u03b318Timet\u00d7IPi+\u03b319Timet\u00d7RAi+(\u03b60i+Timet\u00d7\u03b61i+\u03b5it),"
  },
  {
    "sec_id": "sec0015",
    "sentence": "which contains level-1 predictor Time, level-2 predictors PCC, RF, NA, NAFF, NNAT, PL, AICOLL, IP, and RA, their cross-level product terms, and level-1 and level-2 errors."
  },
  {
    "sec_id": "sec0015",
    "sentence": "\u03b311 \u2212\u03b319, the effects associated with the cross-level product terms of Time and level-2 predictors, are the cross-level interactions between Time and the level-2 predictors, indicating the influential effects of PCC, RF, NA, NAFF, NNAT, PL, AICOLL, IP, and RA on the growth trajectory of the number of patent citations."
  },
  {
    "sec_id": "sec0015",
    "sentence": "According to the reviews given earlier, it is expected that the nine paper characteristics have positive effects on the growth of citation except RF, and RF has a negative effect on the growth."
  },
  {
    "sec_id": "sec0015",
    "sentence": "Thus, the right-tail test was conducted to test for the positive interaction effects associated with PCC, NA, NAFF, NNAT, PL, AICOLL, IP, and RA and the left-tail test for the negative interaction effect associated with RF."
  },
  {
    "sec_id": "sec0020",
    "sentence": "Descriptive statistics of the number of patent citations to the target year\u2019s publications in each of the two citation windows are presented in [tbl0015]."
  },
  {
    "sec_id": "sec0020",
    "sentence": "Although the average numbers of citations are small in both windows, they increase with years."
  },
  {
    "sec_id": "sec0020",
    "sentence": "The results based on the unconditional linear growth model are reported in [tbl0020]."
  },
  {
    "sec_id": "sec0020",
    "sentence": "It appears that the mean slope of the linear trajectory of the number of patent-to-paper citations is significantly positive in each of the citation windows (\u03b3\u02c610\u00a0=\u00a00.105 and 0.2284 (p\u00a0<\u00a00.001))."
  },
  {
    "sec_id": "sec0020",
    "sentence": "Table 3."
  },
  {
    "sec_id": "sec0020",
    "sentence": "Descriptive statistics of the number of patent citations to the publications included in the two citation windows."
  },
  {
    "sec_id": "sec0020",
    "sentence": "The publications in 1998 (or 2006) included only those in the top ten most frequently cited subject categories in the WoS."
  },
  {
    "sec_id": "sec0020",
    "sentence": "The articles were restricted to those with at least one U.S. author."
  },
  {
    "sec_id": "sec0020",
    "sentence": "The publications in 1998 (or 2006) included only those in the top ten most frequently cited subject categories in the WoS."
  },
  {
    "sec_id": "sec0020",
    "sentence": "The articles were restricted to those with at least one U.S. author."
  },
  {
    "sec_id": "sec0020",
    "sentence": "Table 4."
  },
  {
    "sec_id": "sec0020",
    "sentence": "Results based on the unconditional linear growth model for the number of patent-to-paper citations."
  },
  {
    "sec_id": "sec0020",
    "sentence": "p\u00a0<\u00a00.05."
  },
  {
    "sec_id": "sec0020",
    "sentence": "p\u00a0<\u00a00.001."
  },
  {
    "sec_id": "sec0020",
    "sentence": "It is of more interest to investigate the effects of paper characteristics on the trajectory of the number of patent-to-paper citations."
  },
  {
    "sec_id": "sec0020",
    "sentence": "[tbl0025] shows the means, standard deviations, and correlations of the nine paper characteristics for 1998 and 2006."
  },
  {
    "sec_id": "sec0020",
    "sentence": "The results based on the conditional linear growth model for the two citation windows are presented in [tbl0030]."
  },
  {
    "sec_id": "sec0020",
    "sentence": "The size of the effect of the ith paper characteristic (denoted by Xi) on the slope, controlling for other paper characteristics, can be measured based on the pseudo-R2 statistic ([bib0185], [bib0215]; p.104), and the effect size index is given by(7)Pseudo-Ri2=[\u03c3\u02c6\u03b612(Reducedi)\u2212\u03c3\u02c6\u03b612(Full)]/\u03c3\u02c6\u03b612(Reducedi),where \u03c3\u02c6\u03b612 (Full) denotes the estimated variance of the level-2 error term \u03b61 for the full model (with all paper characteristics) and \u03c3\u02c6\u03b612(Reducedi) denotes that for the reduced model (with all paper characteristics except Xi).",
    "intent": "uses"
  },
  {
    "sec_id": "sec0020",
    "sentence": "The values for small, medium, and large effect sizes are 2%, 13%, and 26%, respectively, by following those based on the squared partial correlation ([bib0035]).",
    "intent": "uses"
  },
  {
    "sec_id": "sec0020",
    "sentence": "Table 5."
  },
  {
    "sec_id": "sec0020",
    "sentence": "Means, standard deviations, and correlations for the paper characteristics used."
  },
  {
    "sec_id": "sec0020",
    "sentence": "PCC: paper citation count, RF: ranking factor, NA: number of authors, NAFF: the strength of inter-organizational co-authorship, NNAT: the strength of international co-authorship, PL: paper length, AICOLL: academia-industry collaboration, IP: industrial publication, RA: review article."
  },
  {
    "sec_id": "sec0020",
    "sentence": "PCC includes the 2001\u20132005 paper citations to the 1998 publications and the 2009\u20132013 paper citations to the 2006 publications in the WoS."
  },
  {
    "sec_id": "sec0020",
    "sentence": "n\u00a0=\u00a05479 for 1998 and n\u00a0=\u00a06885 for 2006."
  },
  {
    "sec_id": "sec0020",
    "sentence": "The correlations for 1998 are placed in the lower triangular matrix and the correlations for 2006 are placed in the upper triangular matrix."
  },
  {
    "sec_id": "sec0020",
    "sentence": "PCC: paper citation count, RF: ranking factor, NA: number of authors, NAFF: the strength of inter-organizational co-authorship, NNAT: the strength of international co-authorship, PL: paper length, AICOLL: academia-industry collaboration, IP: industrial publication, RA: review article."
  },
  {
    "sec_id": "sec0020",
    "sentence": "PCC includes the 2001\u20132005 paper citations to the 1998 publications and the 2009\u20132013 paper citations to the 2006 publications in the WoS."
  },
  {
    "sec_id": "sec0020",
    "sentence": "n\u00a0=\u00a05479 for 1998 and n\u00a0=\u00a06885 for 2006."
  },
  {
    "sec_id": "sec0020",
    "sentence": "The correlations for 1998 are placed in the lower triangular matrix and the correlations for 2006 are placed in the upper triangular matrix."
  },
  {
    "sec_id": "sec0020",
    "sentence": "Table 6."
  },
  {
    "sec_id": "sec0020",
    "sentence": "Results based on the conditional linear growth model of the number of patent-to-paper citations."
  },
  {
    "sec_id": "sec0020",
    "sentence": "PCC: paper citation count, RF: ranking factor, NA: number of authors, NAFF: the strength of inter-organizational co-authorship, NNAT: the strength of international co-authorship, PL: paper length, AICOLL: academia-industry collaboration, IP: industrial publication, RA: review article."
  },
  {
    "sec_id": "sec0020",
    "sentence": "The right-tail test was conducted to test for the interactions between Time and the paper characteristics except RF, whose interaction with Time is examined with the left-tail test."
  },
  {
    "sec_id": "sec0020",
    "sentence": "The size of the effect of the ith paper characteristic (denoted by Xi) on the slope, controlling for other paper characteristics, is measured byPseudo-Ri2=[\u03c3\u02c6\u03b612(Reducedi)\u2212\u03c3\u02c6\u03b612(Full)]/\u03c3\u02c6\u03b612(Reducedi), where\u03c3\u02c6\u03b612(Full) denotes the \u03c3\u02c6\u03b612 resulting from the conditional linear growth model with all paper characteristics and \u03c3\u02c6\u03b612 (Reducedi) denotes the \u03c3\u02c6\u03b612 resulting from the conditional linear growth model with all paper characteristics except Xi."
  },
  {
    "sec_id": "sec0020",
    "sentence": "PCC: paper citation count, RF: ranking factor, NA: number of authors, NAFF: the strength of inter-organizational co-authorship, NNAT: the strength of international co-authorship, PL: paper length, AICOLL: academia-industry collaboration, IP: industrial publication, RA: review article."
  },
  {
    "sec_id": "sec0020",
    "sentence": "The right-tail test was conducted to test for the interactions between Time and the paper characteristics except RF, whose interaction with Time is examined with the left-tail test."
  },
  {
    "sec_id": "sec0020",
    "sentence": "The size of the effect of the ith paper characteristic (denoted by Xi) on the slope, controlling for other paper characteristics, is measured byPseudo-Ri2=[\u03c3\u02c6\u03b612(Reducedi)\u2212\u03c3\u02c6\u03b612(Full)]/\u03c3\u02c6\u03b612(Reducedi), where\u03c3\u02c6\u03b612(Full) denotes the \u03c3\u02c6\u03b612 resulting from the conditional linear growth model with all paper characteristics and \u03c3\u02c6\u03b612 (Reducedi) denotes the \u03c3\u02c6\u03b612 resulting from the conditional linear growth model with all paper characteristics except Xi."
  },
  {
    "sec_id": "sec0020",
    "sentence": "p\u00a0<\u00a00.10."
  },
  {
    "sec_id": "sec0020",
    "sentence": "p\u00a0<\u00a00.05."
  },
  {
    "sec_id": "sec0020",
    "sentence": "p\u00a0<\u00a00.01."
  },
  {
    "sec_id": "sec0020",
    "sentence": "p\u00a0<\u00a00.001."
  },
  {
    "sec_id": "sec0020",
    "sentence": "In [tbl0030], the linear fixed effect (associated with Time) is significantly positive in both citation windows."
  },
  {
    "sec_id": "sec0020",
    "sentence": "With the one-sided test, the paper characteristics showing significant interactions with Time in both windows include PCC (\u03b3\u02c611\u00a0=\u00a00.0004 (p\u00a0<\u00a00.001) and 0.001 (p\u00a0<\u00a00.001)), RF (\u03b3\u02c612\u00a0=\u00a0\u20130.1157 (p\u00a0<\u00a00.001) and \u22120.0595 (p\u00a0<\u00a00.05)), IP (\u03b3\u02c618\u00a0=\u00a00.0421 (p\u00a0<\u00a00.05) and 0.0636 (p\u00a0<\u00a00.01)), and RA (\u03b3\u02c619\u00a0=\u00a00.0252 (p\u00a0<\u00a00.1) and 0.0385 (p\u00a0<\u00a00.01))."
  },
  {
    "sec_id": "sec0020",
    "sentence": "PCC, IP, and RA exert positive influences on the slope of the citation trajectory while RF exerts a negative influence."
  },
  {
    "sec_id": "sec0020",
    "sentence": "NA shows a significant positive interaction with Time in the second citation window only (\u03b3\u02c613\u00a0=\u00a00.025 (p\u00a0<\u00a00.05))."
  },
  {
    "sec_id": "sec0020",
    "sentence": "None of NAFF, NNAT, PL, and AICOLL significantly interacts with Time in either window."
  },
  {
    "sec_id": "sec0020",
    "sentence": "The positive effects associated with PCC and the negative effects associated with RF indicate that the more impact a paper has, the steeper the slope of the trajectory."
  },
  {
    "sec_id": "sec0020",
    "sentence": "Although joint research in terms of the number of authors seems helpful for the knowledge flow from science to technology, none of academia-industry collaboration, inter-organizational collaboration, and international collaboration is effective."
  },
  {
    "sec_id": "sec0020",
    "sentence": "Note that, regardless of whether an effect is statistically significant or not, the sizes of the effects of the paper characteristics are all very small (much less than 2%) except PCC, showing a small effect size (3.75%) in the first citation window and a near medium effect size (10.64%) in the second window."
  },
  {
    "sec_id": "sec0025",
    "sentence": "This study contributes to the literature by analyzing the growth trajectory of the number of patent-to-paper citations (i.e., the dynamic change in the number of patent-to-paper citations over time) and identifying the paper characteristics that influence the trajectory."
  },
  {
    "sec_id": "sec0025",
    "sentence": "The results obtained from the two citation windows are quite consistent (robust to different windows used)."
  },
  {
    "sec_id": "sec0025",
    "sentence": "The paper characteristics showing statistically significant effects (i.e., significant interaction effects with Time) have been summarized in [tbl0035]."
  },
  {
    "sec_id": "sec0025",
    "sentence": "If a paper characteristic significantly interacts with Time in both citation windows, the evidence is defined as a \u201cstrong evidence\u201d."
  },
  {
    "sec_id": "sec0025",
    "sentence": "If the interaction effect is significant in only one of the citation windows, the evidence is \u201cweak\u201d."
  },
  {
    "sec_id": "sec0025",
    "sentence": "The paper characteristics showing strong evidence include the paper citation count, the ranking factor of the journal in which the paper was published, whether the paper is an industrial publication, and whether it is a review article."
  },
  {
    "sec_id": "sec0025",
    "sentence": "The paper characteristic with weak evidence is the number of authors."
  },
  {
    "sec_id": "sec0025",
    "sentence": "None of academia-industry collaboration, inter-organizational collaboration, and international collaboration exerts significant influence on the linear growth of the number of patent-to-paper citations, though they are helpful for the paper-to-paper citation."
  },
  {
    "sec_id": "sec0025",
    "sentence": "We conclude that, for the publications in the top ten subject categories frequently cited by patents, the mean slope of the growth trajectory of the number of patent citations is positive, and the characteristics of research impact and journal impact have positive effects on the growth."
  },
  {
    "sec_id": "sec0025",
    "sentence": "The growth can also be enhanced by the characteristics of being an industrial publication and being a review article."
  },
  {
    "sec_id": "sec0025",
    "sentence": "However, the effect sizes are mostly quite small."
  },
  {
    "sec_id": "sec0025",
    "sentence": "Table 7."
  },
  {
    "sec_id": "sec0025",
    "sentence": "Summary of strong/weak/no evidence for the paper characteristics showing statistically significant influence on the growth of the patent-to-paper citation."
  },
  {
    "sec_id": "sec0025",
    "sentence": "PCC: paper citation count, RF: ranking factor, NA: number of authors, NAFF: the strength of inter-organizational co-authorship, NNAT: the strength of international co-authorship, PL: paper length, AICOLL: academia-industry collaboration, IP: industrial publication, RA: review article."
  },
  {
    "sec_id": "sec0025",
    "sentence": "Strong evidence: two statistical significances out of the two citation windows for the linear growth, weak evidence: one statistical significance out of the two citation windows."
  },
  {
    "sec_id": "sec0025",
    "sentence": "PCC: paper citation count, RF: ranking factor, NA: number of authors, NAFF: the strength of inter-organizational co-authorship, NNAT: the strength of international co-authorship, PL: paper length, AICOLL: academia-industry collaboration, IP: industrial publication, RA: review article."
  },
  {
    "sec_id": "sec0025",
    "sentence": "Strong evidence: two statistical significances out of the two citation windows for the linear growth, weak evidence: one statistical significance out of the two citation windows."
  },
  {
    "sec_id": "sec0025",
    "sentence": "In addition to identifying the paper characteristics that influence the trajectory of the patent-to-paper citation, we have also conducted static cross-sectional regression analyses to see if and how the paper characteristics are related to the number of patent-to-paper citations for each of the citation windows."
  },
  {
    "sec_id": "sec0025",
    "sentence": "The sum of the numbers of patent-to-paper citations across five years in the window was used as the dependent variable."
  },
  {
    "sec_id": "sec0025",
    "sentence": "The size of the effect of the ith paper characteristic (denoted by Xi) on the number of patent-to-paper citations (denoted by Y), controlling for other paper characteristics, can be measured with the squared partial correlation, denoted by RYXi\u2022Others2, or fi2 (=RYXi\u2022Others2/(1\u2212RYXi\u2022Others2)) ([bib0030]; [bib0035]).",
    "intent": "background uses"
  },
  {
    "sec_id": "sec0025",
    "sentence": "The values for small, medium, and large effect sizes based on RYXi\u2022Others2 are 2%, 13%, and 26%, respectively."
  },
  {
    "sec_id": "sec0025",
    "sentence": "The regression results, reported in [tbl0040], indicate that PCC, RF, AICOLL, and IP showed significant influence with strong evidence, NA and RA showed significant influence with weak evidence, and NAFF, NNAT, and PL showed no influence."
  },
  {
    "sec_id": "sec0025",
    "sentence": "Again, the effect sizes (based on the squared partial correlation) of the paper characteristics are all very small (much less than 2%) except PCC, showing small effect sizes (3.25% and 5.47%)."
  },
  {
    "sec_id": "sec0025",
    "sentence": "The conclusions resulting from regression are slightly different from those obtained by using conditional growth modeling."
  },
  {
    "sec_id": "sec0025",
    "sentence": "Higher research impact, higher journal impact, and industrial publications can all lead to more patent citations as well as greater growth of the number of citations."
  },
  {
    "sec_id": "sec0025",
    "sentence": "Although academia-industry collaboration may increase the number of patent citations, it is not a facilitator of the knowledge flow."
  },
  {
    "sec_id": "sec0025",
    "sentence": "A review article may not be strongly related to the number of patent citations, but it is indeed a facilitator of the knowledge flow."
  },
  {
    "sec_id": "sec0025",
    "sentence": "Table 8."
  },
  {
    "sec_id": "sec0025",
    "sentence": "Regression results of the number of patent-to-paper citations on the paper characteristics."
  },
  {
    "sec_id": "sec0025",
    "sentence": "PCC: paper citation count, RF: ranking factor, NA: number of authors, NAFF: the strength of inter-organizational co-authorship, NNAT: the strength of international co-authorship, PL: paper length, AICOLL: academia-industry collaboration, IP: industrial publication, RA: review article."
  },
  {
    "sec_id": "sec0025",
    "sentence": "The right-tail test was conducted for the paper characteristics except RF, and the left-tail test was conducted for RF."
  },
  {
    "sec_id": "sec0025",
    "sentence": "The size of the effect of the ith paper characteristic on the number of patent-to-paper citations, controlling for other paper characteristics, is measured by the squared partial correlation."
  },
  {
    "sec_id": "sec0025",
    "sentence": "PCC: paper citation count, RF: ranking factor, NA: number of authors, NAFF: the strength of inter-organizational co-authorship, NNAT: the strength of international co-authorship, PL: paper length, AICOLL: academia-industry collaboration, IP: industrial publication, RA: review article."
  },
  {
    "sec_id": "sec0025",
    "sentence": "The right-tail test was conducted for the paper characteristics except RF, and the left-tail test was conducted for RF."
  },
  {
    "sec_id": "sec0025",
    "sentence": "The size of the effect of the ith paper characteristic on the number of patent-to-paper citations, controlling for other paper characteristics, is measured by the squared partial correlation."
  },
  {
    "sec_id": "sec0025",
    "sentence": "p\u00a0<\u00a00.10."
  },
  {
    "sec_id": "sec0025",
    "sentence": "p\u00a0<\u00a00.05."
  },
  {
    "sec_id": "sec0025",
    "sentence": "p\u00a0<\u00a00.01."
  },
  {
    "sec_id": "sec0025",
    "sentence": "p\u00a0<\u00a00.001."
  },
  {
    "sec_id": "sec0025",
    "sentence": "The paper characteristics related to the number of citations by papers are not necessarily related to the number of citations by patents or its growth trajectory."
  },
  {
    "sec_id": "sec0025",
    "sentence": "In the present study, we have found that research impact, journal impact, industrial publication, and review article are facilitators of the knowledge flow from science to technology."
  },
  {
    "sec_id": "sec0025",
    "sentence": "\u201cHighly cited papers are much more likely to be cited in patents, which suggests that scientific excellence and contributions to innovation go hand in hand."
  },
  {
    "sec_id": "sec0025",
    "sentence": "In other words, agencies that support the best research will support the research most likely to contribute to innovation\u201d ([bib0105]).",
    "intent": "background"
  },
  {
    "sec_id": "sec0025",
    "sentence": "Patent inventors may be more familiar with prestigious journals, usually more frequently cited."
  },
  {
    "sec_id": "sec0025",
    "sentence": "They may select references from a few core journals only."
  },
  {
    "sec_id": "sec0025",
    "sentence": "Industrial publications tend to address the direct linkage to technology and are more practice-oriented."
  },
  {
    "sec_id": "sec0025",
    "sentence": "Patent inventors could benefit more from the perspective of industrial application."
  },
  {
    "sec_id": "sec0025",
    "sentence": "Review articles are useful for patent inventors to efficiently capture knowledge background."
  },
  {
    "sec_id": "sec0025",
    "sentence": "Although the learning literature argues that collaboration not only transfers existing knowledge among organizations but also facilitates the creation of new knowledge ([bib0100]), collaboration, regardless of academia-industry collaboration, inter-organizational collaboration, or international collaboration, have shown no significant positive influence on the growth of the patent-to-paper citation.",
    "intent": "background"
  },
  {
    "sec_id": "sec0025",
    "sentence": "Furthermore, paper length is also not related to the growth of the patent citation."
  },
  {
    "sec_id": "sec0025",
    "sentence": "With a limited budget, policy makers are more interested in the criteria of setting the priority to grant."
  },
  {
    "sec_id": "sec0025",
    "sentence": "The growth facilitators identified in this study are informative for government and industries in choosing granting targets and further designing a mechanism to stimulate the research advancing patented inventions."
  },
  {
    "sec_id": "sec0025",
    "sentence": "The facilitators could also help patent inventors identify articles they need and guide article authors to develop those useful for technological development."
  },
  {
    "sec_id": "sec0025",
    "sentence": "When the knowledge flow from science to technology is of the main concern, policy makers should allocate more resources to its facilitators to accelerate the flow."
  },
  {
    "sec_id": "sec0025",
    "sentence": "More incentives are needed for producing high-impact research, industrial publications, and review articles."
  },
  {
    "sec_id": "sec0025",
    "sentence": "There exist several research limitations."
  },
  {
    "sec_id": "sec0025",
    "sentence": "First, an earlier approval of a patent application would lead to the rejection of other parallel applications, especially in fields with a large number of patent applications."
  },
  {
    "sec_id": "sec0025",
    "sentence": "This might lead to the underestimation of the number of patent citations for some (highly relevant) papers cited in almost every patent application in a certain area."
  },
  {
    "sec_id": "sec0025",
    "sentence": "Second, scientific papers are restricted to the U.S.-affiliated articles in the WoS, and patented inventions are restricted to the patents in the USPTO database."
  },
  {
    "sec_id": "sec0025",
    "sentence": "Further studies may include more patent and publication data."
  },
  {
    "sec_id": "sec0025",
    "sentence": "Analysis can also be conducted by using the articles included in the Scopus database."
  },
  {
    "sec_id": "sec0025",
    "sentence": "Third, the effects sizes of the facilitators identified are mostly very small and show little practical significance."
  },
  {
    "sec_id": "sec0025",
    "sentence": "Fourth, more characteristics of papers and journals in which papers were published can be included in future research to see if and how they exert influence on the knowledge flow from science to technology."
  },
  {
    "sec_id": "sec0025",
    "sentence": "Those with larger effect sizes are particularly of interest."
  },
  {
    "sec_id": "sec0025",
    "sentence": "Fifth, we explore paper characteristics that facilitate the knowledge flow from science to technology in an overall way."
  },
  {
    "sec_id": "sec0025",
    "sentence": "The same approach can be used for individual subject categories and even for individual prestigious journals such as Nature, Science, PNAS, and PLOS ONE to gain more insight."
  },
  {
    "sec_id": "sec0025",
    "sentence": "Sixth, the 5-year citation window is too short to examine literature obsolescence."
  },
  {
    "sec_id": "sec0025",
    "sentence": "Longer-period citation windows are needed to explore, with higher-order growth modeling, patent-to-paper citation life-cycles."
  },
  {
    "sec_id": "sec0030",
    "sentence": "Cherng G."
  },
  {
    "sec_id": "sec0030",
    "sentence": "Ding: conceived and designed the analysis, collected the data, performed the analysis and wrote the paper."
  },
  {
    "sec_id": "sec0030",
    "sentence": "Wen-Chi Hung: Collected the data, performed the analysis."
  },
  {
    "sec_id": "sec0030",
    "sentence": "Meng-Che Lee: Performed the analysis."
  },
  {
    "sec_id": "sec0030",
    "sentence": "Hung-Jui Wang: Other contribution."
  },
  {
    "sec_id": "sec0035",
    "sentence": "Top ten subject categories most frequently cited by papers in the WoS in 1998 and 2006.RankSubject categoryPaper citation count in 1998RankSubject categoryPaper citation count in 20061Biochemistry & Molecular Biology6385111Biochemistry & Molecular Biology6777552Multidisciplinary Sciences4240992Multidisciplinary Sciences5322243Cell Biology4031013Cell Biology4808164Neurosciences2577344Oncology4086915Immunology2175975Neurosciences4080226Genetics & Heredity1943976Chemistry, Multidisciplinary2762627Oncology1871887Immunology2713558Medicine, General & Internal1669268Medicine, General & Internal2686279Medicine, Research & Experimental1272409Genetics & Heredity26753610Pharmacology & Pharmacy10532210Chemistry, Physical212454"
  },
  {
    "sec_id": "sec0035",
    "sentence": "Eight of the top ten subject categories most frequently cited by papers in 1998 also appear in the top ten subject categories in 2006."
  },
  {
    "sec_id": "sec0035",
    "sentence": "They include \u2018Biochemistry & Molecular Biology\u2019, \u2018Multidisciplinary Sciences\u2019, \u2018Cell Biology\u2019, \u2018Neurosciences\u2019, \u2018Immunology\u2019, \u2018Genetics & Heredity\u2019, \u2018Oncology\u2019, and \u2018Medicine, General & Internal\u2019."
  },
  {
    "sec_id": "sec0035",
    "sentence": "It can be further observed from [tbl0005] that, for those cited by patents, eight of the top ten most frequently cited subject categories in 1998 also appear in the top ten subject categories in 2006."
  },
  {
    "sec_id": "sec0035",
    "sentence": "They include \u2018Biochemistry & Molecular Biology\u2019, \u2018Engineering, Electrical & Electronic\u2019, \u2018Physics, Applied\u2019, \u2018Oncology\u2019, \u2018Immunology\u2019, \u2018Cell Biology\u2019, \u2018Chemistry, Multidisciplinary\u2019, and \u2018Pharmacology & Pharmacy\u2019."
  },
  {
    "sec_id": "sec0035",
    "sentence": "Therefore, the most frequently cited subject categories seem stable across time (with 80% agreement), regardless of whether they were cited by papers or by patents."
  },
  {
    "sec_id": "sec0035",
    "sentence": "However, comparing between the top ten subject categories frequently cited by papers and those frequently cited by patents for the same year, we found only 60% agreement for 1998 and 50% agreement for 2006."
  },
  {
    "sec_id": "sec0035",
    "sentence": "It is noteworthy that papers from the subject category of \u2018Multidisciplinary Sciences\u2019 stayed at the same high level of impact (ranked second) on scientific knowledge in 1998 and in 2006, but had less impact (did not show in the top ten) on patented inventions in 2006 than they had (ranked second) in 1998."
  },
  {
    "sec_id": "sec0035",
    "sentence": "Nevertheless, we have found (see [tbl0035], [tbl0040]) that, regardless of the 1998 or 2006 publications, those with higher research impact and those with higher journal impact would lead to more patent citations as well as greater growth of the number of citations."
  },
  {
    "sec_id": "sec0035",
    "sentence": "Although the subject category of \u2018Multidisciplinary Sciences\u2019 include prestigious journals such as Nature and Science, high-impact papers and journals are not limited to this category."
  }
]