[
  {
    "sec_id": "sec0005",
    "sentence": "Research assessment is an absolute requirement to perform a competent research policy."
  },
  {
    "sec_id": "sec0005",
    "sentence": "States and private institutions invest large amounts of funds in research, and society and private investors must know the efficiency of these investments by evaluating research outputs ([bib0150]; [bib0230]; [bib0235]).",
    "intent": "background"
  },
  {
    "sec_id": "sec0005",
    "sentence": "In the case of applied research directly focused on the improvement of products or services these outputs have many possibilities of assessment attending to their economic benefits."
  },
  {
    "sec_id": "sec0005",
    "sentence": "In contrast, this assessment is much more difficult for basic research."
  },
  {
    "sec_id": "sec0005",
    "sentence": "In this case, the assessment can be analyzed in two contexts: the achievement of discoveries and scientific advancements, and the economic benefits as in applied research."
  },
  {
    "sec_id": "sec0005",
    "sentence": "However, the latter neither can be easily established nor is the only target of basic research ([bib0115]; [bib0320]); even the method that should be applied to this economic analysis is under debate ([bib0005], [bib0010]; [bib0075]; [bib0170]).",
    "intent": "background"
  },
  {
    "sec_id": "sec0005",
    "sentence": "Therefore, it seems that the best evaluation of basic research must be done by attending to its scientific achievements."
  },
  {
    "sec_id": "sec0005",
    "sentence": "However, even by focusing the assessment of basic research exclusively on these achievements, the assessment is intrinsically difficult because of the intangible nature of the product to be measured ([bib0230]).",
    "intent": "motivation background"
  },
  {
    "sec_id": "sec0005",
    "sentence": "Scientific publications are tangible and easily measured."
  },
  {
    "sec_id": "sec0005",
    "sentence": "However, although scientific achievements are communicated in publications not all publications communicate real scientific advances."
  },
  {
    "sec_id": "sec0005",
    "sentence": "In fact, a large proportion of the published research is \u201cnormal science\u201d ([bib0200]) that supports real achievements, but a very low proportion of all publications reports important achievements.",
    "intent": "background"
  },
  {
    "sec_id": "sec0005",
    "sentence": "As a consequence of the described needs and difficulties, in the last twenty years, there has been a Cambrian explosion of metrics ([bib0390]) or metric tide ([bib0385]).",
    "intent": "background"
  },
  {
    "sec_id": "sec0005",
    "sentence": "In this scenario, it has been suggested that no more metrics should be added unless their added value is demonstrated ([bib0380]).",
    "intent": "background"
  },
  {
    "sec_id": "sec0005",
    "sentence": "Many of these metrics are based on the number of publications, but, using a sports simile, counting publications in research is somewhat like counting the kicks in European football rather than counting the goals ([bib0295]).",
    "intent": "background"
  },
  {
    "sec_id": "sec0005",
    "sentence": "The weakness of this simile is that football goals are easily recognizable but this easiness does not apply to scientific achievements."
  },
  {
    "sec_id": "sec0005",
    "sentence": "Therefore, many metrics and indicators \u201care based on count what can be easily counted rather than what really counts\u201d ([bib0005]).",
    "intent": "background"
  },
  {
    "sec_id": "sec0005",
    "sentence": "In fact, 45 years ago, Francis Narin stated that \u201cthe relationship between bibliometric measures and other measures may only be validated using a \u201crule of reason approach\u201d ([bib0245]), which explains the causes for a more recent feeling of [bib0180]: \u201cso we have thus far been rather passive about the validation of our scientific and scholarly performance metrics, taking pot-luck rather than systematically trying to increase their validity, as in psychometrics.\u201d",
    "intent": "background"
  },
  {
    "sec_id": "sec0005",
    "sentence": "Citation analysis is apparently the solution for grading the importance of results of research, because citation counts seem to correlate with expert assessments (a review of old literature is in [bib0245]; examples of more recent publications are: [bib0030]; [bib0060]; [bib0270]).",
    "intent": "background"
  },
  {
    "sec_id": "sec0005",
    "sentence": "However, the debate is still open ([bib0020]; [bib0220], [bib0225]) and the conceptual clarity of citation analysis has been questioned ([bib0230]), because it possibly reflects \u201cimpact\u201d or \u201cinfluence\u201d but the relationship of these concepts with \u201cquality\u201d, \u201cimportance,\u201d or \u201cscientific advance\u201d is less clear.",
    "intent": "background"
  },
  {
    "sec_id": "sec0005",
    "sentence": "In any case, although citation counts correlate with certain dimensions of research assessment they do not measure it, which implies that it cannot be applied to low aggregation levels: individual researchers or small groups ([bib0060]; [bib0315]; [bib0395]).",
    "intent": "motivation background"
  },
  {
    "sec_id": "sec0005",
    "sentence": "Another difficulty of citation analysis is the skewed distribution of publications attending to the number of citations ([bib0055]; [bib0340]), which makes it difficult to extract relevant information for research assessment from the analysis of simple citation counting.",
    "intent": "background"
  },
  {
    "sec_id": "sec0005",
    "sentence": "Several approaches have been proposed to extract this information considering citation distribution ([bib0015]; [bib0050]; [bib0090]; [bib0100]; [bib0085]; [bib0070]; [bib0160]; [bib0165]; [bib0205]; [bib0210]; [bib0215]; [bib0325]), including some that specifically attend to both the number of highly and lowly cited papers ([bib0035], [bib0040], [bib0045]).",
    "intent": "background"
  },
  {
    "sec_id": "sec0005",
    "sentence": "All these methods have been developed under strict mathematical and statistical considerations but all have the aforementioned problem of difficult validation."
  },
  {
    "sec_id": "sec0005",
    "sentence": "Citation analysis can be focused on counting the number of highly cited papers, which might give an estimate of the number of important scientific achievements ([bib0025]; [bib0065]; [bib0175]; [bib0230]; [bib0235]; [bib0250]; [bib0285]; [bib0300]; [bib0360]).",
    "intent": "background"
  },
  {
    "sec_id": "sec0005",
    "sentence": "The simplicity of this idea, however, conceals many difficulties, starting with its own definition: \u201chighly cited,\u201d \u201ctop-cited,\u201d \u201cmost frequently cited,\u201d etc."
  },
  {
    "sec_id": "sec0005",
    "sentence": "([bib0125]), which implies the arbitrariness of selecting the citation level that should be used ([bib0330]) and, more importantly, with the question about whether highly cited publications really reflects high scientific influence ([bib0375]).",
    "intent": "background"
  },
  {
    "sec_id": "sec0005",
    "sentence": "Citation counts must be field normalized ([bib0215]; [bib0310]; [bib0380]); among the different normalization procedures that can be used there is a method of citation analysis: the percentile rank approach, which intrinsically implies normalization of the citation count data.",
    "intent": "background"
  },
  {
    "sec_id": "sec0005",
    "sentence": "This approach, which has advantages over other approaches, has been extensively investigated ([bib0110]; [bib0130]; [bib0095]; [bib0365]), and allows generating a single measure of citation impact by giving different weights to different percentile rank classes ([bib0080]; [bib0205]; [bib0210]; [bib0305]; [bib0120]).",
    "intent": "background"
  },
  {
    "sec_id": "sec0005",
    "sentence": "With this same idea of obtaining a single measure of citation impact [bib0280] used a different approach.",
    "intent": "background"
  },
  {
    "sec_id": "sec0005",
    "sentence": "Firstly, he focused only on the percentiles in the high-citation tail of the citation distribution, assuming that this tail contains the information to estimate the number of important scientific achievements, as described above."
  },
  {
    "sec_id": "sec0005",
    "sentence": "Secondly, he did not fix the weights for the percentile rank classes but calculated them through linear regression analysis maximizing the correlation of the single measure with the number of Nobel Prize achievements in several high-level research institutions and advanced countries."
  },
  {
    "sec_id": "sec0005",
    "sentence": "The resulting index showed high correlation with the number of Nobel Prize achievements and with the articles published in Nature and Science."
  },
  {
    "sec_id": "sec0005",
    "sentence": "Interestingly, a further study of this approach showed that its success occurred because the upper tails of the citation distributions across countries and institutions do not deviate very much from a power law, independent of whether other functions might explain more accurately tail distribution ([bib0135]; [bib0190]; [bib0255]; [bib0315]).",
    "intent": "background"
  },
  {
    "sec_id": "sec0005",
    "sentence": "The power law adjusted to the tail allows estimating the frequency of very highly cited papers or the likelihood of publishing them ([bib0290]).",
    "intent": "background"
  },
  {
    "sec_id": "sec0005",
    "sentence": "This finding, however, was more conceptual than useful for research assessment."
  },
  {
    "sec_id": "sec0005",
    "sentence": "The difficulty lies in the fact that the proportion of publications that can be treated as a power law in the upper tail can be very low ([bib0135]; [bib0315]).",
    "intent": "background"
  },
  {
    "sec_id": "sec0005",
    "sentence": "Therefore, an ideal method would be one that produces the same results by using most of the publications and not just those highly cited."
  },
  {
    "sec_id": "sec0005",
    "sentence": "This goal was achieved with the double rank analysis, in which the ranking number of a publication in a country or institution is expressed as a function of its world ranking number."
  },
  {
    "sec_id": "sec0005",
    "sentence": "The resulting function can be well fitted by a power law, which allows estimating the likelihood of any country or institution producing a very highly cited paper ([bib0275]; RNB, henceforth).",
    "intent": "background"
  },
  {
    "sec_id": "sec0005",
    "sentence": "Therefore, the double rank function for research assessment produces an indicator based on all types of publications, and not just on highly cited publications, and this indicator can be validated in terms of Nobel Prize achievements."
  },
  {
    "sec_id": "sec0005",
    "sentence": "However, such an indicator has the intrinsic problem of requiring a specific method of calculation, which is completely different from the well-established procedure of the aforementioned percentile-based research assessment."
  },
  {
    "sec_id": "sec0005",
    "sentence": "Fortunately, intuition suggests that a percentile distribution of publication according to the number of citations is in fact a double rank distribution, and therefore, it should be well described by a power law."
  },
  {
    "sec_id": "sec0005",
    "sentence": "Attending to this intuition, this study aimed to find whether the percentile distribution of publications is a double rank distribution that can be well fitted to a power law and used to estimate the likelihood of publishing very highly cited papers."
  },
  {
    "sec_id": "sec0005",
    "sentence": "For this purpose this study is divided in four sections."
  },
  {
    "sec_id": "sec0005",
    "sentence": "The first section analyzes the percentile double-rank plots in lognormal distributions that have \u03bc and \u03c3 values characteristic of citation distributions."
  },
  {
    "sec_id": "sec0005",
    "sentence": "The second section compares percentile and normal double rank plots using the data obtained in a previous study (RNB)."
  },
  {
    "sec_id": "sec0005",
    "sentence": "In the third section, we compare the USA/EU research performance ratios previously obtained by analyzing the high-citation tails ([bib0290]) with those obtained using the percentile-based double rank analysis.",
    "intent": "uses"
  },
  {
    "sec_id": "sec0005",
    "sentence": "Finally, in the fourth section, we demonstrate that the Leiden ranking percentile data (http://www.leidenranking.com/) fit well with power laws."
  },
  {
    "sec_id": "sec0010",
    "sentence": "We assumed that the citation distribution obeyed a continuum lognormal function ([bib0145]; [bib0265]; [bib0260]; [bib0345]; [bib0350], [bib0355]), of parameters \u201c\u03bc\u201d and \u201c\u03c3\u201d that varied within narrow limits.",
    "intent": "uses"
  },
  {
    "sec_id": "sec0010",
    "sentence": "For an institution that publishes N papers, the number of papers that receive between c and c\u202f+\u202fdc citations is given by the lognormal distribution with the form:(1)f(c;N,\u03bc,\u03c3)=Nc\u03c32\u03c0exp[\u2212(ln(c)\u2212\u03bc)22\u03c32]dcwhich is appropriately normalized, so that the integration from c\u202f=\u202f0 (no citations) to c\u202f=\u202f\u221e (arbitrarily large number of citations) equals the total number of papers N:(2)\u222b0\u221efc;N,\u03bc,\u03c3dc=NIn the expressions above, it is implicit that the distribution of citation is a continuum variable, instead of a discrete variable, as it is the case in real citation counts."
  },
  {
    "sec_id": "sec0010",
    "sentence": "However, we assume a continuum citation variable as the mathematical analysis become simpler than in the case of a discrete variable ([bib0215]), but it is also possible to use discrete variables.",
    "intent": "differences"
  },
  {
    "sec_id": "sec0010",
    "sentence": "For the percentile analysis, two distributions are required: A first one for all the papers published in the world in the studied area, and a second one for the papers published by the institution."
  },
  {
    "sec_id": "sec0010",
    "sentence": "Therefore, we need two sets of parameters (N, \u03bc, \u03c3), one for the world and a second one for the institution or country."
  },
  {
    "sec_id": "sec0010",
    "sentence": "The parameters for the world will be denoted by the subindex \u201cw\u201d."
  },
  {
    "sec_id": "sec0010",
    "sentence": "The parameters are determined by using a two- or three-year counting window for the world and for countries and institutions that represent the highest level of scientific performance and a reasonable minimum."
  },
  {
    "sec_id": "sec0010",
    "sentence": "For comparisons, we use the same parameters as in our previous study (RNB; [tbl0010]); they are recorded in figures."
  },
  {
    "sec_id": "sec0010",
    "sentence": "We applied the percentile-based double rank analysis to the data obtained in a previous study (RNB), in which the methods for paper retrieval and counting are described."
  },
  {
    "sec_id": "sec0010",
    "sentence": "Briefly, data were obtained from the Web of Science using the \u201cAdvanced search\u201d feature in the research areas (SU=) of Plant Sciences and Physiology, and topic (TS=) of graphene, and for the research countries (CU=) and years (PY=) recorded in each case."
  },
  {
    "sec_id": "sec0010",
    "sentence": "In all cases we counted domestic publications."
  },
  {
    "sec_id": "sec0010",
    "sentence": "The retrieved publications were ordered by using the WoS feature \u201cTimes cited \u2013 highest to lowest\u201d and downloaded by using the WoS feature \u201cCreate Citation Report.\u201d"
  },
  {
    "sec_id": "sec0010",
    "sentence": "To determine the number of publications in each percentile, we ordered the world publications in a field and year from the highest to lowest number of citations and counted the number of publications in each percentile (x%), starting at the top of the list (the x% percentile contains the top x\u00b7N/100 papers rounded to the closest integer; N includes the publications with cero citations)."
  },
  {
    "sec_id": "sec0010",
    "sentence": "In this type of apportionment, the paper in the x\u00b7N/100 position may be in the middle of several publications with the same number of citations both in the world and country or institution lists."
  },
  {
    "sec_id": "sec0010",
    "sentence": "This is a significant problem for the calculation of some percentile indicators ([bib0335]).",
    "intent": "background"
  },
  {
    "sec_id": "sec0010",
    "sentence": "Here, after ordering the publications by their number of citations in the recorded period (e.g. two-year citation window), tied publications remained ordered by the total number of citations recorded in the database at the moment of the search; the world x% set was constituted by the top x\u00b7N/100 papers."
  },
  {
    "sec_id": "sec0010",
    "sentence": "In this set of publications we counted the number of those corresponding to the investigated country."
  },
  {
    "sec_id": "sec0010",
    "sentence": "The percentile distribution of publications in the research areas (SU=) of Chemistry, Physics, and Biochemistry & Molecular biology OR Microbiology were obtained using the features provided by the WoS and the total number of citations from the publication year either 2006 or 2007 up to the date of the search, August 15, 2017."
  },
  {
    "sec_id": "sec0010",
    "sentence": "We retrieved the papers for the world, the USA, and the EU using the \u201cadvanced search\u201d feature as previously described ([bib0290]), and the retrieved papers were ordered from the highest to the lowest number of citations.",
    "intent": "uses"
  },
  {
    "sec_id": "sec0010",
    "sentence": "To calculate the percentile data without downloading hundreds of thousands of papers, we determined the number of papers corresponding to each percentile in the world set (Nx\u202f=\u202fx\u00b7N/100), for each percentile we recorded the number of citations of the paper with the rank number corresponding to the number of papers (Nx) in each percentile."
  },
  {
    "sec_id": "sec0010",
    "sentence": "Because in some percentiles the number of citations was repeated in many papers, we also recorded the rank numbers of the first and last papers with the same number of citations."
  },
  {
    "sec_id": "sec0010",
    "sentence": "Then, in the USA and EU paper sets, we determined the number of papers included in each percentile of the world set by first using the number of citations found in the world set."
  },
  {
    "sec_id": "sec0010",
    "sentence": "Because in some cases many papers had this number of citations we again recorded the rank numbers of the first and last papers with this number of citations."
  },
  {
    "sec_id": "sec0010",
    "sentence": "Then, we fixed the number of papers in each x% percentile by adding to the ranking number of the first paper with the corresponding number of citations a number of papers that was equal to the USA or EU/world ratio of the numbers of tied papers."
  },
  {
    "sec_id": "sec0010",
    "sentence": "This method assumes that considering a certain number of citations, the tied USA and EU papers are homogeneously distributed among the tied world papers (e.g. USA papers are not ordered first in the world list)."
  },
  {
    "sec_id": "sec0010",
    "sentence": "We used this method because it is a simple formal solution to the problem of papers with the same citation counts ([bib0335]).",
    "intent": "uses"
  },
  {
    "sec_id": "sec0010",
    "sentence": "However, we found that the inclusion of all papers with the same number of citations in the same percentile would have not affected the results of this study."
  },
  {
    "sec_id": "sec0010",
    "sentence": "We recorded 12 percentiles: 100, 50, 30, 20, 10, 8, 5, 3, 2, 1, 0.5, and 0.2."
  },
  {
    "sec_id": "sec0010",
    "sentence": "We compared our results to previous ones obtained from the analysis of the upper tail ([bib0290]).",
    "intent": "uses"
  },
  {
    "sec_id": "sec0010",
    "sentence": "For two cases, \u201cChemistry\u201d and \u201cPhysics,\u201d the searches were identical to the previous ones but in one case, the research area of (SU=) \u201cBiochemistry & Molecular Biology\u201d was complemented with the research area of \u201cMicrobiology.\u201d We added \u201cMicrobiology\u201d to have a more similar number of papers in the three areas of study."
  },
  {
    "sec_id": "sec0010",
    "sentence": "This addition does not affect the comparison of present and previous results, because the USA/EU performance ratios in \u201cBiochemistry & Molecular Biology\u201d and \u201cMicrobiology\u201d are similar (the same conclusion might not be reached from the data in [bib0185], but the treatment of the data in [bib0185] and [bib0290] are different).",
    "intent": "background differences"
  },
  {
    "sec_id": "sec0010",
    "sentence": "To compare these results it was necessary to know the percentile that corresponds with a Nobel Prize-level publication."
  },
  {
    "sec_id": "sec0010",
    "sentence": "For this purpose, we assumed that the USA obtained 1.1, 0.9, and 0.9 Nobel Prize achievements per year in chemistry, physics, and biology ([bib0290]) and operated as explained below when these data were applied.",
    "intent": "uses"
  },
  {
    "sec_id": "sec0010",
    "sentence": "The purpose of Section [sec0060] of our study was to calculate the goodness of fit of the Leiden indicators: P, Ptop50%, Ptop10%, and Ptop1% to a power law function."
  },
  {
    "sec_id": "sec0010",
    "sentence": "For this purpose we used the Leiden Ranking 2017 (http://www.leidenranking.com/ranking/2017/list), fractional counting in the fields of \u201cbiomedical and health sciences,\u201d \u201clife and earth sciences,\u201d and \u201cphysical sciences and engineering,\u201d and in the time periods: 2012\u20132015, 2011\u20132014, 2010\u20132013, and 2009\u20132012, which gave 12 fittings for each university."
  },
  {
    "sec_id": "sec0010",
    "sentence": "Then we selected six universities in the Leiden ranking with the condition that the Ptop1% indicator, calculated using fractional counting, was as variable as possible, but having a minimum value of approximately 10 to avoid that the variability of this indicator had a strong influence on our fitting calculations."
  },
  {
    "sec_id": "sec0010",
    "sentence": "Because in all these universities a high research level could be expected we added two universities in which Ptop1% could be as low as 4."
  },
  {
    "sec_id": "sec0010",
    "sentence": "Attending to these conditions we selected the following universities: MIT, Toronto, Duke, Queensland, Copenhagen, Ghent, Milano, Barcelona, Porto, and Bath."
  },
  {
    "sec_id": "sec0010",
    "sentence": "The fits of power laws to empirical data present some difficulties and, in some cases, least-squares fittings to log transformed data are not recommended ([bib0140]).",
    "intent": "background"
  },
  {
    "sec_id": "sec0010",
    "sentence": "However, our case was special for three reasons: (i) we did not observe fluctuations in the tails ([fig0005]), (ii) different fitting methods give different weights to high and low percentile data and we had to select the method that give more weight to low percentiles, where we had maximum interest, (iii) both the log-log plots (e.g., [fig0005]) and R2 values (20\u20130.2% in [tbl0005]) showed that we were dealing with real power laws."
  },
  {
    "sec_id": "sec0010",
    "sentence": "Attending to these considerations, we used least-square fittings to log-transformed data."
  },
  {
    "sec_id": "sec0010",
    "sentence": "The R2 values were obtained comparing the empirical data to those obtained from the fitted equation."
  },
  {
    "sec_id": "sec0010",
    "sentence": "Table 1."
  },
  {
    "sec_id": "sec0010",
    "sentence": "Fittings of the percentile-based double rank plots to power laws for the publications from USA and EU in the fields of chemistry, physics, and biology."
  },
  {
    "sec_id": "sec0010",
    "sentence": "The log-log transformed data are presented in [fig0020], [fig0025], [fig0030]."
  },
  {
    "sec_id": "sec0010",
    "sentence": "Fittings were performed with the data in the 20\u20130.2% and 100\u20135% percentile ranges."
  },
  {
    "sec_id": "sec0010",
    "sentence": "WoS research areas (SU=) of \u201cChemistry,\u201d \u201cPhysics,\u201d and \u201cBiochemistry & Molecular Biology\u201d plus \u201cMicrobiology\u201d."
  },
  {
    "sec_id": "sec0010",
    "sentence": "Table 2."
  },
  {
    "sec_id": "sec0010",
    "sentence": "Estimation of the USA/EU research performance ratios, expressed as the ratio of the theoretic frequencies of publishing a Nobel-prize level paper."
  },
  {
    "sec_id": "sec0010",
    "sentence": "Comparison of percentile-based double rank calculations in the 20\u20130.2% percentile interval (see [tbl0005]) with previous calculations fitting the upper tail data points to a power law."
  },
  {
    "sec_id": "sec0010",
    "sentence": "Nobel-prize level percentile calculated assuming that USA obtained 1.1, 0.9, and 0.9 Nobel Prize achievement per year in Chemistry, Physics, and Biology ([bib0290]).",
    "intent": "uses"
  },
  {
    "sec_id": "sec0010",
    "sentence": "These data were used to calculate the percentile by using the parameters given in [tbl0005]."
  },
  {
    "sec_id": "sec0010",
    "sentence": "Data taken from [bib0290]; Rodr\u00edguez-Navarro & Narin, 2017.",
    "intent": "uses"
  },
  {
    "sec_id": "sec0010",
    "sentence": "Percentile-based research performance ratio divided by upper tail research performance ratio."
  },
  {
    "sec_id": "sec0040",
    "sentence": "We hypothesized that the plot of the number of publications in percentiles is a double rank plot as defined previously (RNB)."
  },
  {
    "sec_id": "sec0040",
    "sentence": "The rationale of this hypothesis is that in the double rank plot the rank position in the y-axis is also the number of publications that exceed a certain number of citations."
  },
  {
    "sec_id": "sec0040",
    "sentence": "Now if we plot the number of publications of a country that are contained in the world x% percentile, we are really plotting the number of country publications that exceed the number of citations fixed by the publication in position x\u00b7N/100 in the world, which means a double rank plot."
  },
  {
    "sec_id": "sec0040",
    "sentence": "In order to construct the percentile double rank plot, first we need to determine the number of citations required to be in the top x%."
  },
  {
    "sec_id": "sec0040",
    "sentence": "That is, in the top x% enter all the publication that get more than a threshold amount of citations, which we denote by c0."
  },
  {
    "sec_id": "sec0040",
    "sentence": "Assuming that the citation counts follow a lognormal distribution, this number c0 is calculated by solving the equation for the world parameters (Nw,\u03bcw,\u03c3w):(3)\u222bc0\u221ef(c;Nw,\u03bcw,\u03c3w)dc=xNw100The quantity c0, as defined above, is the number of citation that a paper requires to be in the top x%."
  },
  {
    "sec_id": "sec0040",
    "sentence": "The integration of Eq. [eq0015] gives an analytical expression for c0:(4)c0=exp[\u03bcw\u22122\u03c3wErf\u22121(2x/100\u22121)]where Erf is the error function ([bib0155]).",
    "intent": "uses"
  },
  {
    "sec_id": "sec0040",
    "sentence": "Once c0 is determined, we can calculate the number of papers of an institution in the top x% as:(5)Nx=\u222bc0\u221efc;N,\u03bc,\u03c3dc=N21+Erf\u03bc-lnc02\u03c3"
  },
  {
    "sec_id": "sec0040",
    "sentence": "Applying this procedure we calculated the number of papers as a function of the percentile and constructed the percentile-based double rank plots."
  },
  {
    "sec_id": "sec0040",
    "sentence": "As described above (Section [sec0015]), the simulation of a double rank plot requires two series of simulated citations: one for the world and another for the country or institution."
  },
  {
    "sec_id": "sec0040",
    "sentence": "We used four series that simulated country or institution publication (series parameters are given in the figure), which were assembled with a series of data points that simulated the world publications (Nw\u202f=\u202f150,000; \u03bcw\u202f=\u202f1.7; \u03c3w\u202f=\u202f1.0)."
  },
  {
    "sec_id": "sec0040",
    "sentence": "[fig0005] shows that the resulting log-log plots deviated very little from straight lines."
  },
  {
    "sec_id": "sec0040",
    "sentence": "Maximum deviation ([fig0005]a) occurred in the series with the highest \u03bc parameter, which simulated the most efficient research institution (e.g., Massachusetts Institute of Technology)."
  },
  {
    "sec_id": "sec0040",
    "sentence": "[fig0010] contrasts the percentile-based double rank plots for two simulated institutions, in which the \u03bc parameter of the institution with the higher number of publications is lower than in the other."
  },
  {
    "sec_id": "sec0040",
    "sentence": "This simulation shows that if research is evaluated by measuring the number of papers at a high percentile, the institution with the largest production performs better."
  },
  {
    "sec_id": "sec0040",
    "sentence": "However, the advantage of the mass production of papers is lost in benefit of high quality papers if the evaluation is taken at high citation levels (at a percentile x\u202f<\u202f0.5% in this case)."
  },
  {
    "sec_id": "sec0040",
    "sentence": "The red squares in [fig0010] correspond to an institution with the same parameters \u03bc and \u03c3 than those of the simulated world publications."
  },
  {
    "sec_id": "sec0040",
    "sentence": "In such case, Eq. [eq0025] can be solved analytically giving a power law of exponent 1, which is a straight line."
  },
  {
    "sec_id": "sec0040",
    "sentence": "Next, we constructed the percentile-based double rank plots with the same empirical data that we used previously to describe the normal double rank plots (RNB): publications of several countries in graphene and plant sciences."
  },
  {
    "sec_id": "sec0040",
    "sentence": "In all cases, the resulting plots deviated very little from straight lines and the data fitted well with power laws with R2 values higher than 0.98; the percentile-based double rank plots showed a high similarity with our previous double rank plots."
  },
  {
    "sec_id": "sec0040",
    "sentence": "For example, comparing [fig0015], [fig0020], [fig0025] in (RNB), both constructed with the same data, similarities are evident; the obvious deviations in the lower part of the plots are softened in [fig0015]."
  },
  {
    "sec_id": "sec0040",
    "sentence": "The slight differences in the upper part of the plots might be explained, because, in the present study but not in the previous one, the publications with zero citations were included."
  },
  {
    "sec_id": "sec0040",
    "sentence": "More interesting is the comparison of [fig0020] of the present study to [fig0015] in (RNB)."
  },
  {
    "sec_id": "sec0040",
    "sentence": "The studied data correspond to the publications in 2012 in the WoS research area of \u201cplant sciences\u201d from Germany, Spain, and Brazil."
  },
  {
    "sec_id": "sec0040",
    "sentence": "As described above for [fig0015], deviations from a straight line in the log-log plots were softened in the percentile-based plot."
  },
  {
    "sec_id": "sec0040",
    "sentence": "Because of deviations and variability in the normal double rank plots, the lower 30 points were omitted."
  },
  {
    "sec_id": "sec0040",
    "sentence": "In contrast, in the percentile-based double rank analysis, all points fitted well with a power law (fitting results are shown in the legend for [fig0020])."
  },
  {
    "sec_id": "sec0040",
    "sentence": "In (RNB) the likelihood of Germany, Spain, and Brazil to publish the most cited paper was 0.06, 0.007, and 9.0\u00b710\u22125, respectively."
  },
  {
    "sec_id": "sec0040",
    "sentence": "To compare these likelihoods with those obtained from the percentile distribution, it was necessary to use the equivalence between the most cited paper \u2013 first in the rank \u2013 and a certain percentile, which implies a simple calculation, considering the total number of papers published."
  },
  {
    "sec_id": "sec0040",
    "sentence": "This number was 17,501, and the equivalent percentile was 0.0057%."
  },
  {
    "sec_id": "sec0040",
    "sentence": "Using this value of x in the equations given in [fig0020], the likelihood was 0.05, 0.003, and 3.3\u00b710\u22125, to be compared with the figures above."
  },
  {
    "sec_id": "sec0040",
    "sentence": "Considering that, in our previous calculations, we omitted the lower 30 points and the publications with zero citations, the similarities are evident."
  },
  {
    "sec_id": "sec0040",
    "sentence": "The comparison of the plots in [fig0025] to those for graphene in [fig0020] in (RNB) reveals that the double rank plots and percentile distributions are also very similar."
  },
  {
    "sec_id": "sec0040",
    "sentence": "In this case, the likelihood to publish the most cited paper was not reported; we calculated them now and they are 0.189, 0.030, and 0.0019 for the USA, South Korea, and Germany, respectively."
  },
  {
    "sec_id": "sec0040",
    "sentence": "Similar calculations for the percentile distributions were 0.098, 0.029, and 0.0083, respectively."
  },
  {
    "sec_id": "sec0040",
    "sentence": "Again the similarities are evident although there are some differences, that can be explained by the fact that extrapolations are very sensitive to fluctuations."
  },
  {
    "sec_id": "sec0040",
    "sentence": "To further test the percentile-based double rank analysis, we compared this method of assessment to the previously used assessment of the differences between the USA and EU based on the high-citation tail ([bib0290]).",
    "intent": "uses"
  },
  {
    "sec_id": "sec0040",
    "sentence": "For this purpose we generated the percentile-based plots for the publications in the WoS research fields of Chemistry, Physics, and Biochemistry & Molecular Biology and Microbiology in 2007 and 2006."
  },
  {
    "sec_id": "sec0040",
    "sentence": "[fig0030], [fig0035], [fig0040] show that the plots for 2007 in log-log scales are almost perfect straight lines."
  },
  {
    "sec_id": "sec0040",
    "sentence": "However, we have shown in Section [sec0045] that, when \u03bc and \u03c3 of the lognormal distribution of papers by citations of a country or institution differ significantly from the \u03bc and \u03c3 of the world lognormal distribution, the percentile-based double rank plot showed a slight deviation from the power law in the upper part of the plot ([fig0005]a)."
  },
  {
    "sec_id": "sec0040",
    "sentence": "These parameter differences occur in our comparison of the USA and EU."
  },
  {
    "sec_id": "sec0040",
    "sentence": "The \u03bc values in the EU and world are similar but in the USA they are higher."
  },
  {
    "sec_id": "sec0040",
    "sentence": "Consistent with this notion, fitting all the USA data points with a single power law, from 100% to 0.2% (not shown), produced a quite high R2 value (>0.9) but fitting the data in the 20\u20130.2% interval produced a higher R2 value (>0.998)."
  },
  {
    "sec_id": "sec0040",
    "sentence": "In the EU these differences did not occurred."
  },
  {
    "sec_id": "sec0040",
    "sentence": "This suggests that the power law is a good model in the whole percentile interval for the EU but that in the USA the model is better in the 20\u20130.2% interval."
  },
  {
    "sec_id": "sec0040",
    "sentence": "To reveal more clearly these differences between the fittings for the USA and EU, [tbl0005] records the fittings in two percentile intervals, 20\u20130.2% and 100\u20135% showing that they produce different power laws in the USA but not so different in the EU."
  },
  {
    "sec_id": "sec0040",
    "sentence": "As a consequence of the differences in the \u03bc values, the exponents of the double rank power laws were around 0.87 in the USA and 1.0 in the EU (i.e., the plot of the untransformed data is close to a straight line, which indicates that the EU and world research performances are similar)."
  },
  {
    "sec_id": "sec0040",
    "sentence": "Next, we compared the percentile-based double rank approach to a previous approach that uses the publications in the power law tail to calculate the frequency of Nobel Prize-level publications ([bib0290]; [bib0295]).",
    "intent": "uses"
  },
  {
    "sec_id": "sec0040",
    "sentence": "For this purpose, we had to determine the Nobel Prize-level percentile and this was calculated by using the number of publications from the USA and assuming that the USA obtained 1.1, 0.9, and 0.9 Nobel Prize achievement per year in chemistry, physics, and biology ([bib0290]; percentiles are recorded in [tbl0010]).",
    "intent": "uses"
  },
  {
    "sec_id": "sec0040",
    "sentence": "With the percentile data and the power law equations defined in [tbl0005] we calculated the theoretic frequencies of Nobel Price level papers for the USA and the EU."
  },
  {
    "sec_id": "sec0040",
    "sentence": "Using these data, [tbl0010] summarizes the USA/EU performance ratios calculated fitting the power law equations into the 20\u20130.2% range, in which fitting was more accurate."
  },
  {
    "sec_id": "sec0040",
    "sentence": "The results obtained by the percentile-based method were 1.4 times higher than those previously reported using the upper tail method ([bib0290]; [bib0295]).",
    "intent": "differences"
  },
  {
    "sec_id": "sec0040",
    "sentence": "Then, we determined that at the 0.01% percentile, the percentile-based double rank and the power-law tail produced the same results."
  },
  {
    "sec_id": "sec0040",
    "sentence": "The results presented so far corresponded to domestic papers and a high level of aggregation, the EU, and single countries."
  },
  {
    "sec_id": "sec0040",
    "sentence": "Therefore, we wondered whether, at a lower level of aggregation (e.g., institutions), fractional counting, and more complex elaboration of the research areas, the percentile-based double rank plot could be still well fitted to a power law."
  },
  {
    "sec_id": "sec0040",
    "sentence": "For this purpose the data for the Leiden ranking ([bib0240]; [bib0370]) offered an excellent opportunity.",
    "intent": "uses"
  },
  {
    "sec_id": "sec0040",
    "sentence": "The ranking only provides data for four percentiles: P, Ptop50%, Ptop10%, and Ptop1%, but for many universities, seven time periods, and three research fields in natural sciences."
  },
  {
    "sec_id": "sec0040",
    "sentence": "Even eliminating the universities in which the Ptop1% is too low, the number of universities that can be tested is very high."
  },
  {
    "sec_id": "sec0040",
    "sentence": "We performed 132 tests with eleven universities, four time periods, and in the three natural sciences fields ([tbl0015])."
  },
  {
    "sec_id": "sec0040",
    "sentence": "In nine universities, the Ptop1% was always higher than 10 or slightly lower."
  },
  {
    "sec_id": "sec0040",
    "sentence": "In the other two universities, Bath and National Autonomous of Mexico, in some cases the Ptop1% was 4; the total number of publications was much higher in the latter than in the former."
  },
  {
    "sec_id": "sec0040",
    "sentence": "Table 3."
  },
  {
    "sec_id": "sec0040",
    "sentence": "Fitting to power laws of the P, Ptop50%, Ptop10%, and Ptop1% indicators in a sample of universities from the Leiden ranking 2017."
  },
  {
    "sec_id": "sec0040",
    "sentence": "Visually, the log-log plots of the percentile-based double rank data were straight lines."
  },
  {
    "sec_id": "sec0040",
    "sentence": "[fig0045] shows the plots of three universities in the Leiden field of \u201cbiomedical and health sciences,\u201d with power law exponents ranging from 0.6 in the Massachusetts Institute of Technology to 1.4 in the National Autonomous University of Mexico."
  },
  {
    "sec_id": "sec0040",
    "sentence": "Consequently, fitting to power laws showed high R2 values."
  },
  {
    "sec_id": "sec0040",
    "sentence": "These values were slightly lower in the universities with the lowest values of \u03b1, Massachusetts Institute of Technology and Duke University, than in the rest of the universities: 0.97 versus 0.99, approximately ([tbl0015])."
  },
  {
    "sec_id": "sec0040",
    "sentence": "Using the Leiden ranking indicators, in the equationNx\u202f=\u202fA x\u03b1where N is the number of publications in percentile x, the two parameters of the power law function can be calculated asA\u202f=\u202fPtop1%\u03b1\u202f=\u202flg Ptop10%\u202f\u2212\u202flg Ptop1%These formulas suggest that the number of publications in the 1% most cited papers (e.g., [bib0195]) is an imperfect indicator because it does not reveal the real capacity to make an important breakthrough, which is described by smaller percentiles.",
    "intent": "background"
  },
  {
    "sec_id": "sec0065",
    "sentence": "This study shows that the frequency distribution of publications on a percentile basis (e.g., [bib0080]) is a double rank plot (RNB), which has the property of being well described by a power law.",
    "intent": "uses"
  },
  {
    "sec_id": "sec0065",
    "sentence": "This can be checked by a mathematical approach deriving it from two series of lognormal distributed probability functions, a large series simulating the world publications and a small series simulating country publications."
  },
  {
    "sec_id": "sec0065",
    "sentence": "Following this approach, we found that only the upper part of the plot slightly deviated from the power law when the \u03bc parameter of the simulated country lognormal distribution was very different from the corresponding value in the world distribution."
  },
  {
    "sec_id": "sec0065",
    "sentence": "In comparison to a normal double rank plot, in which the rank number in the country or institution is a function of the world rank number, the percentile-based double rank plot shows lower variability (e.g., compare [fig0020] to [fig0015] in RNB)."
  },
  {
    "sec_id": "sec0065",
    "sentence": "This behavior can be explained by the compression of the scale in the x axes \u2013 for the same data, the scale in [fig0020] varies from 0.5 to 100, while in [fig0015] in RNB, it varies from 1 to 16,043."
  },
  {
    "sec_id": "sec0065",
    "sentence": "Another interesting difference is that the deviation in the upper part of the plot that occasionally occurred in the normal rank plot is much lower in the percentile-based one."
  },
  {
    "sec_id": "sec0065",
    "sentence": "Again this might be the effect of the compression although we cannot rule out that the inclusion of the publications with zero citations, which we make in this study but not in the previous one (RNB), also has an effect."
  },
  {
    "sec_id": "sec0065",
    "sentence": "The comparison of research assessments based on the same publications by the two double rank methods \u2013 the percentile-based and normal one \u2013 were very similar (Section [sec0050])."
  },
  {
    "sec_id": "sec0065",
    "sentence": "Certainly, the likelihood of publishing the most cited paper of the year showed certain method dependence."
  },
  {
    "sec_id": "sec0065",
    "sentence": "In some cases, the results were identical but in others we found variations."
  },
  {
    "sec_id": "sec0065",
    "sentence": "Because the results of the two methods should coincide from a mathematical point of view, we assume that differences occur for a more difficult fitting in the normal double rank plot, in which the 30 most cited publications had to be eliminated."
  },
  {
    "sec_id": "sec0065",
    "sentence": "Research assessment based on the upper, power law tail of citation distribution (highly cited papers) is reliable and can be validated in terms of Nobel Prize achievements ([bib0290]).",
    "intent": "background"
  },
  {
    "sec_id": "sec0065",
    "sentence": "However, it does not have practical application because the power-law tail includes a low proportion of publications ([bib0135]; [bib0315]), which implies that in many research institutions this tail cannot be analyzed.",
    "intent": "background"
  },
  {
    "sec_id": "sec0065",
    "sentence": "Therefore, we investigated whether the power law tail and the double rank methods produce similar results; [tbl0010] summarizes the comparison."
  },
  {
    "sec_id": "sec0065",
    "sentence": "Attending to the 20\u20130.2% interval, the results obtained with the percentile-based double rank are absolutely consistent with those based on the analysis of the upper tail."
  },
  {
    "sec_id": "sec0065",
    "sentence": "However, on average, the results obtained with the percentile double-rank method were 40% higher than those obtained analyzing the upper tail."
  },
  {
    "sec_id": "sec0065",
    "sentence": "In principle, the two methods should give comparable results; and a possible explanation for the 40% deviation using the Nobel Prize percentile and the similarity at the 0.01% percentile comes from the extrapolation required to get such data."
  },
  {
    "sec_id": "sec0065",
    "sentence": "While this explanation is found, considering that the results obtained from the upper tail coincide with the garnering of Nobel Prizes ([bib0290]; [bib0295]), evaluating at the 0.01% percentile level seems to be a reasonably solution.",
    "intent": ""
  },
  {
    "sec_id": "sec0065",
    "sentence": "In any case, the percentile-based double rank method allows selecting the percentile by the evaluation agency or institution."
  },
  {
    "sec_id": "sec0065",
    "sentence": "Our results shown in [tbl0005] were obtained at a high level of aggregation, and through considering only domestic publications."
  },
  {
    "sec_id": "sec0065",
    "sentence": "Therefore, our next goal was to test the method at the level of research institutions, applying fractional counting."
  },
  {
    "sec_id": "sec0065",
    "sentence": "For this purpose, the data of the Leiden ranking provided an outstanding opportunity."
  },
  {
    "sec_id": "sec0065",
    "sentence": "The Leiden indicators P, Ptop50%, Ptop10%, and Ptop1% are four data points that can be used for the percentile-based double rank analysis."
  },
  {
    "sec_id": "sec0065",
    "sentence": "As shown in Sect.3.4, a power law is defined by two parameters, which implies that two data points are sufficient to define a power law."
  },
  {
    "sec_id": "sec0065",
    "sentence": "Despite of this, four data points is a low number of points for fitting tests."
  },
  {
    "sec_id": "sec0065",
    "sentence": "However, considering that the data points cover two orders of magnitude and that the tests can be repeated 19,000 times with the Leiden ranking data \u2013 900 universities, three research fields in natural sciences, and seven time periods \u2013 the testing opportunity is really outstanding."
  },
  {
    "sec_id": "sec0065",
    "sentence": "We performed 132 tests with the Leiden data observing good fittings to power laws ([tbl0015])."
  },
  {
    "sec_id": "sec0065",
    "sentence": "The R2 values were slightly lower in the most than in the least research-active universities: 0.97 versus 0.99, approximately, which are high values for only four points."
  },
  {
    "sec_id": "sec0065",
    "sentence": "Although the low number of data points ([fig0045]) in each case does not allow drawing firm conclusions from the plots, it seems possible that in the most research-active universities, the upper data points (top 100% and perhaps 50%) deviate from the straight line fitted to the other data points, as described in Section [sec0055] for the USA plots."
  },
  {
    "sec_id": "sec0065",
    "sentence": "Apart from these considerations, the analyses of the Leiden indicators demonstrate that real data of research evaluation in institutions using fractional counting behaved exactly as observed in simulations and country analyses."
  },
  {
    "sec_id": "sec0065",
    "sentence": "Although the percentile-based double rank analysis is based on the same properties of the citation distributions as the normal double-rank analysis (RNB), it is much more convenient, independently of a higher statistical robustness that in a general comparison has minor importance."
  },
  {
    "sec_id": "sec0065",
    "sentence": "In the first place, the percentile approach is based on a percentile apportionment, which has been extensively investigated ([bib0110]; [bib0120]; [bib0080]; [bib0130]; [bib0095]; [bib0205]; [bib0210]; [bib0305]; [bib0365]).",
    "intent": "background"
  },
  {
    "sec_id": "sec0065",
    "sentence": "In fact, the percentile based double rank approach here reported is not a new method of assessment but the application of a mathematical property to an evaluation approach that is extensively used."
  },
  {
    "sec_id": "sec0065",
    "sentence": "Thus, while the normal double rank approach requires a specific treatment of the data and fractional counting cannot be performed, the percentile based double rank analysis does not require new data treatments."
  },
  {
    "sec_id": "sec0065",
    "sentence": "In addition to many reports, the percentile assessment is used in the Leiden Ranking as already described, SCIMAGO ([tbl0020] we have added the Ptop0.1%, Ptop0.01%, and Ptop0.001% indicators to the indicators published previously ([bib0105]).",
    "intent": "extends"
  },
  {
    "sec_id": "sec0065",
    "sentence": "The convenience of the use of these more stringent indicators can be ascertained by comparing Switzerland and Spain."
  },
  {
    "sec_id": "sec0065",
    "sentence": "Attending to the Ptop10%, Switzerland and Spain show similar research performances, 49,275 versus 50,797, that no expert would corroborate."
  },
  {
    "sec_id": "sec0065",
    "sentence": "In contrast, the Ptop0.01% and Ptop0.001% indicators suggest a much better performance of Switzerland, which is a much more reasonable assessment."
  },
  {
    "sec_id": "sec0065",
    "sentence": "In [tbl0020], other comparisons are also interesting."
  },
  {
    "sec_id": "sec0065",
    "sentence": "Table 4."
  },
  {
    "sec_id": "sec0065",
    "sentence": "Addition of the Ptop0.1%, Ptop0.01%, and Ptop0.001% indicators to previously published Ptop10%, and Ptop1% indicators for 30 countries worldwide with the highest percentage of most frequently cited papers (sorted in descending order by Ptop0.001%)[tblfn0025]."
  },
  {
    "sec_id": "sec0065",
    "sentence": "The countries and Ptop10% and Ptop1% indicators have been reproduced from [tbl0005] in [bib0105].",
    "intent": "uses"
  },
  {
    "sec_id": "sec0065",
    "sentence": "The second and perhaps more important advantage of the percentile based over the normal double rank method is that the arbitrariness of selecting the assessment level can be eliminated."
  },
  {
    "sec_id": "sec0065",
    "sentence": "Similarly to the problem of evaluating by highly cited papers ([bib0330]) the threshold for the normal double rank approach does not have a formal method to fix it.",
    "intent": "similarities"
  },
  {
    "sec_id": "sec0065",
    "sentence": "In contrast, in the percentile based approach the percentile can be fixed according to the criterion of experts."
  },
  {
    "sec_id": "sec0065",
    "sentence": "For example, to fix the percentile in the topic \u201celectronics\u201d in which there are approximately 6000 publications in a year, we would ask the experts in electronics how many papers they consider report real breakthroughs in a year."
  },
  {
    "sec_id": "sec0065",
    "sentence": "If the answer were six, the right percentile would be 0.1%."
  },
  {
    "sec_id": "sec0065",
    "sentence": "The selection of the percentile in this way might have some difficulties because different fields or topics might have different thresholds, but arbitrariness is eliminated."
  },
  {
    "sec_id": "sec0065",
    "sentence": "The finding that the percentile distribution of publications fits well to a power law across universities or countries reveals the impossibility of describing the research performance by the number of papers in a single percentile, because the results of comparative performances will depend on the selected percentile."
  },
  {
    "sec_id": "sec0065",
    "sentence": "This conclusion is graphically shown for simulated institutions in [fig0010] and for the comparison of the USA and EU in [fig0030], [fig0035], [fig0040]."
  },
  {
    "sec_id": "sec0065",
    "sentence": "The power law function has two parameters, the coefficient and the exponent."
  },
  {
    "sec_id": "sec0065",
    "sentence": "The Ptop1% is the coefficient and the lg of the Ptop10%/Ptop1% ratio is the exponent."
  },
  {
    "sec_id": "sec0065",
    "sentence": "This exponent varied from 0.6 to 1.4 ([tbl0015]), which implies very different likelihoods of publishing a very highly cited paper for universities that have the same Ptop1% indicator."
  },
  {
    "sec_id": "sec0065",
    "sentence": "It is a fact that in a certain number of universities in middle positions of the Leiden ranking the exponents of the double rank plots are close to 1.0, which implies that the \u03bc parameters of their lognormal distributions are similar to that of the world distribution."
  },
  {
    "sec_id": "sec0065",
    "sentence": "This value implies that the double rank plots are close to straight lines and that the comparative performance is the same or very similar counting the total number of publications or estimating the likelihood at any percentile."
  },
  {
    "sec_id": "sec0065",
    "sentence": "In these universities the use of a single percentile for ranking them is correct but this approach cannot be extended to all universities and research institutions."
  },
  {
    "sec_id": "sec0065",
    "sentence": "Unfortunately, we could not find a simple expression for the function that describes the percentile-based double rank plot in all cases."
  },
  {
    "sec_id": "sec0065",
    "sentence": "However, this should not be an inconvenience for evaluation, because we found that the power law was an excellent model for percentiles lower than 20%."
  },
  {
    "sec_id": "sec0065",
    "sentence": "Although we did not determine the lowest percentile that can be used for university evaluations and ranking attending to statistical considerations, it seems clear that the useful percentile range is sufficiently large."
  },
  {
    "sec_id": "sec0065",
    "sentence": "In the three fields of natural sciences of the Leiden ranking, in a significantly high proportion of universities (not less than 50%) the Ptop1% indicator amounts to 5 or less, which might be too low of a value to fit the power law."
  },
  {
    "sec_id": "sec0065",
    "sentence": "However, in practically all universities a hypothetic Ptop5% indicator would be 8 or higher."
  },
  {
    "sec_id": "sec0065",
    "sentence": "Furthermore, the 20% upper limit applies only to top-level universities in which the Ptop1% indicator is high."
  },
  {
    "sec_id": "sec0065",
    "sentence": "Even if the 20% limit were uniformly applied to all universities and research institutions, the 20-5% percentile interval would allow a reliable calculation of the parameters of the double rank power law."
  },
  {
    "sec_id": "sec0065",
    "sentence": "Finally, current results strengthen our previous results (RNB) showing that the likelihood of making an important discovery can be estimated by the citation distribution of publications that receive a low number of citations."
  },
  {
    "sec_id": "sec0065",
    "sentence": "This interdependence of the numbers of highly and lowly cited papers indicates that a research system is a complex system."
  },
  {
    "sec_id": "sec0065",
    "sentence": "Therefore, the research policy of a country should aim to improve the proportion of highly versus lowly cited papers, considering, however, that lowly cited papers are in the basis of highly cited papers and cannot be eliminated."
  },
  {
    "sec_id": "sec0065",
    "sentence": "Further studies about the bases of the complexity of the research system could help to establish effective country\u2019s research policies."
  },
  {
    "sec_id": "sec0070",
    "sentence": "Ricardo Brito: Conceived and designed the analysis, Contributed data or analysis tools (Statistical Analysis of data."
  },
  {
    "sec_id": "sec0070",
    "sentence": "Nonlinear curve fitting), Performed the analysis, Wrote the paper."
  },
  {
    "sec_id": "sec0070",
    "sentence": "Alonso Rodriguez Navarro: Conceived and designed the analysis, Collected the data (From the ISI Web of Knowledge), Performed the analysis, Wrote the paper."
  }
]