[
  {
    "sec_id": "sec0005",
    "sentence": "Many variants of [bib0040] h index and many alternative indices of a researcher's impact have been proposed whose relative merits have been evaluated using correlational analyses.",
    "intent": "background"
  },
  {
    "sec_id": "sec0005",
    "sentence": "For instance, [bib0010] reviewed papers reporting correlations between the h index and 37 of its variants in search for evidence that might indicate whether these variants provide added information not carried by the h index itself.",
    "intent": "background"
  },
  {
    "sec_id": "sec0005",
    "sentence": "The founding assumption of their study was that \u201ca high correlation between the h index and its variants would indicate that the h index variants hardly provide added information to the h index\u201d ([bib0010], p.",
    "intent": "background"
  },
  {
    "sec_id": "sec0005",
    "sentence": "346)."
  },
  {
    "sec_id": "sec0005",
    "sentence": "Also in the same vein, [bib0085] reported the results of an exploratory factor analysis involving the h index, 17 of its variants, and other bibliometric indicators.",
    "intent": "background"
  },
  {
    "sec_id": "sec0005",
    "sentence": "In both of these studies, correlations were used as indicators of the extent to which variables are associated and not as measures of the strength of a (presumed or established) linear relation between the variables."
  },
  {
    "sec_id": "sec0005",
    "sentence": "The use of correlation as an indicator of strength of association is widespread for assessing the extent to which several variables carry similar information, as is clear in the studies of [bib0010] or [bib0085].",
    "intent": "background"
  },
  {
    "sec_id": "sec0005",
    "sentence": "But some of the variables involved in these studies have characteristics that spuriously inflate correlations and can make variables that are stochastically independent appear to have some association."
  },
  {
    "sec_id": "sec0005",
    "sentence": "Specifically, the relation between the h index and some of its variants (denoted h\u2019 here, to use a single symbol to refer to any of these variants) is subject to an order restriction."
  },
  {
    "sec_id": "sec0005",
    "sentence": "For instance, the order restriction 0\u00a0\u2264\u00a0h\u2032\u00a0\u2264\u00a0h holds when h\u2032 is the second or any higher component of the multidimensional h index of [bib0025] and the order restriction h\u00a0\u2264\u00a0h\u2032\u00a0<\u00a0h\u00a0+\u00a01 holds when h\u2032 is the fractional h index of [bib0080].",
    "intent": "background"
  },
  {
    "sec_id": "sec0005",
    "sentence": "Note that the order restrictions just mentioned are structural (e.g., the value of Y cannot exceed the value of X for theoretical reasons) rather than simply empirical (e.g., when the value of Y does not happen to exceed the value of X in this particular sample)."
  },
  {
    "sec_id": "sec0005",
    "sentence": "The methods presented in this paper apply to variables subject to structural order restrictions (or, for short, order restrictions), not to variables that just happen to show an empirical order relation in the sample of concern."
  },
  {
    "sec_id": "sec0005",
    "sentence": "[bib0070] reviewed variants of the h index (and alternatives to it) and stated the order restrictions that govern their relationships.",
    "intent": "background"
  },
  {
    "sec_id": "sec0005",
    "sentence": "Order restrictions are also found in many other fields and affect, for instance, variables that have a joint multinomial distribution such as successive scores in answer-until-correct procedures ([bib0020], [bib0065], [bib0045]) or variables that relate to time such as age at diagnosis and years since diagnosis ([bib0110]), time since the death of a tree and time from death to fall ([bib0090]), age and duration of smoking ([bib0005]), or age and years since menopause ([bib0075]).",
    "intent": "background"
  },
  {
    "sec_id": "sec0005",
    "sentence": "All variables subject to order restrictions have the additional characteristic that they have a lower bound (which also lies usually at zero); the methods presented in this paper apply to variables bounded low although the lower bound does not need to be zero."
  },
  {
    "sec_id": "sec0005",
    "sentence": "Order restrictions limit the domain of the joint distribution of variables, which is no longer the Cartesian product of the domain of each variable."
  },
  {
    "sec_id": "sec0005",
    "sentence": "This characteristic introduces a structural relation (and a non-null correlation) that can be very high by conventional measures even when the variables involved show no association in the sense that a researcher actually wants to assess, namely, whether particular ranges of values of X co-occur with particular ranges of values of Y within its domain."
  },
  {
    "sec_id": "sec0005",
    "sentence": "Although this issue will be addressed in depth in subsequent sections of this paper, the consequences of using a conventional measure of correlation with variables subject to an order restriction should be noted."
  },
  {
    "sec_id": "sec0005",
    "sentence": "Consider [bib0010] study.",
    "intent": "uses"
  },
  {
    "sec_id": "sec0005",
    "sentence": "They found (see their [fig0005]) that most of the h-index variants have correlations in excess of 0.8 with h, that a good number of them have correlations in excess of 0.9, and that only two variants have correlations with h that are sufficiently low so as to consider that they actually \u201cmake a non-redundant contribution to the h index\u201d ([bib0010], p.",
    "intent": "background"
  },
  {
    "sec_id": "sec0005",
    "sentence": "346)."
  },
  {
    "sec_id": "sec0005",
    "sentence": "Interestingly, the strength of the correlations reported by Bornmann et al."
  },
  {
    "sec_id": "sec0005",
    "sentence": "goes hand in hand with the strength of the structural relations imposed by the underlying order restrictions (which are described by [bib0070]).",
    "intent": "background"
  },
  {
    "sec_id": "sec0005",
    "sentence": "These range from totally absent (when no order restriction exists and the product-moment correlation actually measures the strength of empirical association) through mild (when an order restriction enforces a non-rectangular but non-slanted joint domain, as will be shown in [fig0005]) to strong (when an order restriction enforces a non-rectangular and highly slanted joint domain, as will be shown in [fig0015])."
  },
  {
    "sec_id": "sec0005",
    "sentence": "In the latter two cases, the absence of data in regions of a putative rectangular domain is incorrectly quantified by the product-moment correlation as evidence of empirical association, not as a structural feature of the order restriction."
  },
  {
    "sec_id": "sec0005",
    "sentence": "In these cases, the association between the variables must be measured with consideration of the particular shape of their joint domain."
  },
  {
    "sec_id": "sec0005",
    "sentence": "Areas of the joint domain that are structurally deprived of data should not spuriously inflate measures of the empirical (functional) association between the variables, which is solely indicated by how data are distributed over the joint domain."
  },
  {
    "sec_id": "sec0005",
    "sentence": "The methods presented in this paper assess this functional association."
  },
  {
    "sec_id": "sec0005",
    "sentence": "Assessment of the association between variables subject to an order restriction thus requires an alternative approach that separates true association from the uninteresting structural relation enforced by the order restriction."
  },
  {
    "sec_id": "sec0005",
    "sentence": "This paper presents a procedure that accomplishes this goal."
  },
  {
    "sec_id": "sec0005",
    "sentence": "A test statistic is also derived which allows checking for a significant association once the structural relation has been removed."
  },
  {
    "sec_id": "sec0005",
    "sentence": "The procedure is illustrated with empirical data."
  },
  {
    "sec_id": "sec0010",
    "sentence": "Two random variables X and Y are defined to be stochastically independent if and only if their joint density fXY equals the product of their unconditional (marginal) densities fX and fY, that is, if fXY(x, y)\u00a0=\u00a0fX(x) fY(y)."
  },
  {
    "sec_id": "sec0010",
    "sentence": "A consequence of this definition is that the correlation between X and Y is null for stochastically independent variables whose joint distribution has domain DX\u00a0\u00d7\u00a0DY, where DX and DY are the domains of X and Y."
  },
  {
    "sec_id": "sec0010",
    "sentence": "The correlation between X and Y is thus often used as an index of association."
  },
  {
    "sec_id": "sec0010",
    "sentence": "In some cases (e.g., the bivariate normal distribution), the correlation \u03c1 is also one of the parameters of the distribution, but a specific parameter reflecting the correlation between variables is often not present and, hence, the correlation must be computed from the specific joint distribution of the variables."
  },
  {
    "sec_id": "sec0010",
    "sentence": "This is true of many bivariate distributions, and it is also true for the joint distribution of variables subject to order restrictions."
  },
  {
    "sec_id": "sec0010",
    "sentence": "Order restrictions create singular problems for the assessment of stochastic independence and the interpretation of correlation coefficients."
  },
  {
    "sec_id": "sec0010",
    "sentence": "Structural relations arise in these cases because the domain of the joint distribution of such variables is a non-rectangular region of DX\u00a0\u00d7\u00a0DY: The joint density of X and Y cannot equal the product of the densities of X and Y and it is instead structurally null within some region of DX\u00a0\u00d7\u00a0DY."
  },
  {
    "sec_id": "sec0010",
    "sentence": "Then, the correlation between X and Y is mostly determined by this structural relation and it is sometimes only minimally affected by the peculiarities of the joint distribution of X and Y within the restricted domain, whose analysis would reveal whether or not the variables are associated."
  },
  {
    "sec_id": "sec0010",
    "sentence": "Variables subject to an order restriction generally have a lower bound (e.g., all of the variables mentioned in the Introduction have a lower bound at 0) and some of them also have a finite upper bound, but the presence of finite or infinite upper bounds is inconsequential for our purposes here."
  },
  {
    "sec_id": "sec0010",
    "sentence": "To illustrate the problem that order restrictions cause for assessments of stochastic independence, consider two variables that are subject to the order restriction Y\u00a0\u2264\u00a0X."
  },
  {
    "sec_id": "sec0010",
    "sentence": "To simplify the presentation, and without loss of generality, also consider that X is bounded on [0,T] so that the domain of the joint distribution of X and Y is the region of [0,T]\u00a0\u00d7\u00a0[0,T] below the diagonal (i.e., the joint density is structurally null above the diagonal)."
  },
  {
    "sec_id": "sec0010",
    "sentence": "The lower bound could certainly differ from 0 without affecting our argument, and the upper bound T could be arbitrarily large and could even be removed also without affecting our argument."
  },
  {
    "sec_id": "sec0010",
    "sentence": "Consider also that X and Y have triangular marginal densities fX(x)\u00a0=\u00a02x/T2 and fY(y)\u00a0=\u00a02(T\u00a0\u2212\u00a0y)/T2, with fY|X(y|x)\u00a0=\u00a01/x so that the joint probability density is fXY(x, y)\u00a0=\u00a02/T2 and, thus, it is uniform over the joint domain (see [fig0005]a)."
  },
  {
    "sec_id": "sec0010",
    "sentence": "These variables do not have any association beyond that implied by their structural relation: Their joint distribution is uniform."
  },
  {
    "sec_id": "sec0010",
    "sentence": "Yet, fXY(x, y)\u00a0\u2260\u00a0fX(x)fY(y), implying a lack of stochastic independence by the conventional definition."
  },
  {
    "sec_id": "sec0010",
    "sentence": "Simple computations show that \u03bcX\u00a0\u2261\u00a0E(X)\u00a0=\u00a02T/3, \u03bcY\u00a0\u2261\u00a0E(Y)\u00a0=\u00a0T/3, \u03bc11\u00a0\u2261\u00a0E(XY)\u00a0=\u00a0T2/4, \u03c3X2\u2261var(X)=T2/18, \u03c3Y2\u2261var(Y)=T2/18, and \u03c3XY\u00a0\u2261\u00a0cov(X, Y)\u00a0=\u00a0T2/36."
  },
  {
    "sec_id": "sec0010",
    "sentence": "Thus, \u03c1XY\u00a0\u2261\u00a0corr(X, Y)\u00a0=\u00a0\u03c3XY/\u03c3X \u03c3Y\u00a0=\u00a00.5, which is defined as the structural correlation under the order restriction, that is, the correlation that two variables displaying no association within the domain of their joint distribution will have as a result of this particular order restriction."
  },
  {
    "sec_id": "sec0010",
    "sentence": "It is also apparent from the triangular shape of the joint domain in [fig0005]a that correlation coefficients under alternative joint distributions for X and Y will hardly ever be negative or substantially smaller than 0.5. These characteristics cannot be used to interpret conventional correlation as a measure of association in these cases because the range of possible correlation coefficients varies with the type of order restriction (see [fig0020])."
  },
  {
    "sec_id": "sec0010",
    "sentence": "A related problem is that conventional significance tests for the correlation coefficient cannot distinguish structural correlation from actual association."
  },
  {
    "sec_id": "sec0010",
    "sentence": "Thus, these tests will almost always reject the null hypothesis on the basis of a structural relation that is known beforehand and, thus, uninteresting."
  },
  {
    "sec_id": "sec0010",
    "sentence": "Alternative definitions and measures of association are thus needed."
  },
  {
    "sec_id": "sec0010",
    "sentence": "These definitions should also reduce to the conventional definitions for variables not subject to order restrictions, and they should also lend themselves to significance tests."
  },
  {
    "sec_id": "sec0015",
    "sentence": "Let X and Y be random variables with distributions on [0,\u221e) and subject to a general order restriction of the type ginf(x)\u00a0\u2264\u00a0Y\u00a0\u2264\u00a0gsup(x), for arbitrary functions ginf and gsup satisfying ginf\u00a0\u2264\u00a0gsup."
  },
  {
    "sec_id": "sec0015",
    "sentence": "The simple order restriction in [fig0005]a implies ginf(x)\u00a0=\u00a00 and gsup(x)\u00a0=\u00a0x, and this expression can also accommodate the absence of order restrictions if ginf and gsup are both independent of X."
  },
  {
    "sec_id": "sec0015",
    "sentence": "A definition of stochastic independence between variables subject to order restrictions must bypass the property fXY(x, y)\u00a0=\u00a0fX(x) fY(y), which is never attainable for the reasons stated before."
  },
  {
    "sec_id": "sec0015",
    "sentence": "The underlying property fY|X(y|x)\u00a0=\u00a0fY(y) of stochastically independent variables is also not attainable under order restrictions because the conditional distributions are bounded on [ginf(x), gsup(x)] whereas the unconditional distribution is bounded on [0,\u221e)."
  },
  {
    "sec_id": "sec0015",
    "sentence": "A final property of (unrestricted) independent variables that is convenient for use with variables subject to an order restriction is E(Y|X)\u00a0=\u00a0E(Y)."
  },
  {
    "sec_id": "sec0015",
    "sentence": "With unrestricted variables, this property implies that E(Y|X) as a function of X describes a horizontal line, which is the reference line for assessments of stochastic independence with unrestricted variables."
  },
  {
    "sec_id": "sec0015",
    "sentence": "In these circumstances, positive (negative) association implies that E(Y|X) tends to increase (decrease) with X, although not necessarily linearly."
  },
  {
    "sec_id": "sec0015",
    "sentence": "Under an order restriction, the shape of the joint domain of X and Y is not rectangular."
  },
  {
    "sec_id": "sec0015",
    "sentence": "Yet, the preceding property can be adapted to set a suitable reference line (not necessarily straight) for the definition of stochastic independence with restricted variables and for distinguishing positive from negative association."
  },
  {
    "sec_id": "sec0015",
    "sentence": "Specifically, consider the line describing how the midpoint of the range of Y changes as a function of X under the order restriction."
  },
  {
    "sec_id": "sec0015",
    "sentence": "This line is m(x)\u00a0=\u00a0(ginf(x)\u00a0+\u00a0gsup(x))/2, which partitions the joint domain into upper and lower halves of equal area."
  },
  {
    "sec_id": "sec0015",
    "sentence": "Then, define X and Y to be independent if E(Y|X) as a function of X varies as m does."
  },
  {
    "sec_id": "sec0015",
    "sentence": "For the case in [fig0005]a, where m(x)\u00a0=\u00a0x/2, X and Y are independent because E(Y|X)\u00a0=\u00a0x/2 also."
  },
  {
    "sec_id": "sec0015",
    "sentence": "Using correlation as a measure of stochastic independence (association) between X and Y under this definition requires two steps."
  },
  {
    "sec_id": "sec0015",
    "sentence": "First, reshape the domain by defining Y*\u00a0=\u00a0Y\u00a0\u2212\u00a0m(x)."
  },
  {
    "sec_id": "sec0015",
    "sentence": "With this transformation, the joint domain of X and Y* becomes \u2212(gsup(x)\u00a0\u2212\u00a0ginf(x))/2\u00a0\u2264\u00a0Y*\u00a0\u2264\u00a0(gsup(x)\u00a0\u2212\u00a0ginf(x))/2 and the transformation thus makes this joint domain bilaterally symmetric about Y*\u00a0=\u00a00 (see [fig0005]b)."
  },
  {
    "sec_id": "sec0015",
    "sentence": "This transformation does not render a rectangular joint domain for X and Y* but it achieves the sufficient goal of removing the structural relation by reshaping the joint domain to be bilaterally symmetric about Y*\u00a0=\u00a00."
  },
  {
    "sec_id": "sec0015",
    "sentence": "An additional property of this transformation is that the reference line Y\u00a0=\u00a0m(x) in the original domain becomes Y*\u00a0=\u00a00 in the transformed domain, a horizontal line like that which holds for unrestricted variables."
  },
  {
    "sec_id": "sec0015",
    "sentence": "Once the joint domain is reshaped, the second step consists of measuring the association between X and Y as the product-moment correlation between X and Y*."
  },
  {
    "sec_id": "sec0015",
    "sentence": "With empirical data, this implies applying the transformation to obtain data for Y* from the original data in Y."
  },
  {
    "sec_id": "sec0015",
    "sentence": "For the case in [fig0005], this yields \u03bcY*=0, \u03bc11*\u2261E(XY*)=0, \u03c3Y*2=T2/24, \u03c3XY*=0, and \u03c1XY*=0."
  },
  {
    "sec_id": "sec0015",
    "sentence": "Given the uniform joint density of X and Y in [fig0005]a, a null correlation seems more adequate as a measure of association between X and Y than the (structural) correlation of 0.5 in the original domain."
  },
  {
    "sec_id": "sec0015",
    "sentence": "And note that all of this reverts to the conventional approach in the absence of order restrictions: For variables bounded on [0,T], with T arbitrarily large in case the variables are unbounded high, lack of an order restriction implies ginf(x)\u00a0=\u00a00 and gsup(x)\u00a0=\u00a0T so that Y*\u00a0=\u00a0Y\u00a0\u2212\u00a0T/2 and \u03c1XY*=\u03c1XY because only an inconsequential linear transformation of Y is involved."
  },
  {
    "sec_id": "sec0015",
    "sentence": "To illustrate, [fig0010] shows two additional examples involving different true associations between variables with a common structural relation determined by the order restriction Y\u00a0\u2264\u00a0X, with X also bounded on [0,T]."
  },
  {
    "sec_id": "sec0015",
    "sentence": "Hence, m(x)\u00a0=\u00a0x/2 again."
  },
  {
    "sec_id": "sec0015",
    "sentence": "In both cases, X has the marginal triangular density fX(x)\u00a0=\u00a02x/T2."
  },
  {
    "sec_id": "sec0015",
    "sentence": "In [fig0010]a, fY|X(y|x)\u00a0=\u00a02y/x2 so that fXY(x, y)\u00a0=\u00a04y/xT2 and fY(y)\u00a0=\u00a0\u22124yln(y/T)/T2."
  },
  {
    "sec_id": "sec0015",
    "sentence": "Thus, E(Y|X)\u00a0=\u00a02x/3, which increases with X faster than m does."
  },
  {
    "sec_id": "sec0015",
    "sentence": "The correlation between X and Y is \u03c1XY=8/17\u22480.686, slightly in excess of the structural correlation of 0.5. Instead, \u03c1XY*=1/19\u22480.229."
  },
  {
    "sec_id": "sec0015",
    "sentence": "In [fig0010]b, on the other hand, fY|X(y|x)\u00a0=\u00a02(x\u00a0\u2212\u00a0y)/x2 so that fXY(x, y)\u00a0=\u00a04(y\u00a0\u2212\u00a0x)/xT2 and fY(y)\u00a0=\u00a04(T\u00a0\u2212\u00a0y\u00a0+\u00a0yln(y/T))/T2."
  },
  {
    "sec_id": "sec0015",
    "sentence": "Now E(Y|X)\u00a0=\u00a0x/3, which increases with X slower than m does."
  },
  {
    "sec_id": "sec0015",
    "sentence": "Here, \u03c1XY=2/11\u22480.426, still positive and only slightly lower than the structural correlation of 0.5. Instead, \u03c1XY*=\u22121/19\u2248\u22120.229."
  },
  {
    "sec_id": "sec0015",
    "sentence": "The sign of the association between X and Y estimated through the correlation between X and Y* is perhaps better understood on consideration of the order restriction illustrated in [fig0015], where ginf(x)\u00a0=\u00a04x/5 and gsup(x)\u00a0=\u00a0(4x\u00a0+\u00a0T)/5 so that m(x)\u00a0=\u00a04x/5\u00a0+\u00a0T\u29f810."
  },
  {
    "sec_id": "sec0015",
    "sentence": "Order restrictions such that the lower and upper bounds of Y both vary with X also affect some h index variants, as discussed in the Introduction."
  },
  {
    "sec_id": "sec0015",
    "sentence": "As seen in the top panels of [fig0015], the shape of the joint domain makes any possible correlation between X and Y measured in the original domain essentially positive and very high."
  },
  {
    "sec_id": "sec0015",
    "sentence": "Yet, the form of the joint density of X and Y within this narrowly slanted domain may actually imply positive, null, or negative associations that are only apparent in the reshaped domain (bottom panels of [fig0015])."
  },
  {
    "sec_id": "sec0015",
    "sentence": "The marginal distribution of X is uniform and given by fX(x)\u00a0=\u00a01/T in the three sample cases of [fig0015], which only differ as to the form of the conditional distribution of Y."
  },
  {
    "sec_id": "sec0015",
    "sentence": "In [fig0015]a, fY|X(y|x) has a triangular distribution with a\u00a0=\u00a0ginf(x)\u00a0=\u00a04x/5, b\u00a0=\u00a0gsup(x)\u00a0=\u00a0(4x\u00a0+\u00a0T)/5, and c\u00a0=\u00a0x (see [sec0035])."
  },
  {
    "sec_id": "sec0015",
    "sentence": "Then, E(Y|X)\u00a0=\u00a013x/15\u00a0+\u00a0T/15, implying a positive association because E(Y|X) increases with X faster than m does."
  },
  {
    "sec_id": "sec0015",
    "sentence": "In [fig0015]b, fY|X(y|x)\u00a0=\u00a05/T, a uniform distribution for which E(Y|X)\u00a0=\u00a04x/5\u00a0+\u00a0T/10\u00a0=\u00a0m(x), thus implying no association."
  },
  {
    "sec_id": "sec0015",
    "sentence": "Finally, in [fig0015]c, fY|X(y|x) has a triangular distribution with a\u00a0=\u00a0ginf(x)\u00a0=\u00a04x/5, b\u00a0=\u00a0gsup(x)\u00a0=\u00a0(4x\u00a0+\u00a0T)/5, and c\u00a0=\u00a03x/5\u00a0+\u00a0T/5."
  },
  {
    "sec_id": "sec0015",
    "sentence": "Then, E(Y|X)\u00a0=\u00a011x/15\u00a0+\u00a02T/15 increases with X slower than m does and implies a negative association."
  },
  {
    "sec_id": "sec0015",
    "sentence": "To further document the consequences of structural relations on conventional measures of association and how our procedure handles these cases, simulation studies were carried out to explore the range of values attainable by \u03c1XY* in comparison to those of \u03c1XY."
  },
  {
    "sec_id": "sec0015",
    "sentence": "Samples of 500 paired observations in X and Y were drawn from each of 1000 different joint distributions all of which were subject to the order restriction Y\u00a0\u2264\u00a0X."
  },
  {
    "sec_id": "sec0015",
    "sentence": "True association was again manipulated by altering the way in which the conditional distribution of Y varies with X."
  },
  {
    "sec_id": "sec0015",
    "sentence": "Without loss of generality, X was bounded on [0,T] with T\u00a0=\u00a020."
  },
  {
    "sec_id": "sec0015",
    "sentence": "In one set of simulations, X had the triangular density fX(x)\u00a0=\u00a02x/T2; in another set, X had the uniform density fX(x)\u00a0=\u00a01/T."
  },
  {
    "sec_id": "sec0015",
    "sentence": "In both sets of simulations Y had a conditional distribution on [0,X] given by a scaled beta density with parameters v and w that varied randomly across replications such that v and w were independent from one another and uniformly distributed on [0.5,10]."
  },
  {
    "sec_id": "sec0015",
    "sentence": "Pseudo-random variates from these distributions were drawn using NAG subroutines ([bib0060]).",
    "intent": "uses"
  },
  {
    "sec_id": "sec0015",
    "sentence": "For each sample, correlation coefficients rxy and rxy* were computed and a scatter plot of the resultant values is shown in [fig0020]a for the triangular distribution of X and in [fig0020]b for the uniform distribution of X."
  },
  {
    "sec_id": "sec0015",
    "sentence": "A somewhat tight but not deterministic relation can be observed between rxy and rxy* and, interestingly, rxy* covers adequately the range [\u22121,1] whereas rxy is always positive and in excess of 0.2 ([fig0020]a) or 0.3 ([fig0020]b)."
  },
  {
    "sec_id": "sec0015",
    "sentence": "Positive values for rxy arise always from the order restriction Y\u00a0\u2264\u00a0X, even though X and Y were indeed negatively associated in many cases."
  },
  {
    "sec_id": "sec0015",
    "sentence": "In another simulation, order restrictions had the form in [fig0015] with conditional distributions for Y given by two-sided power distributions ([bib0105]; see [sec0035]) that yielded true associations that varied across replications from very strong and negative to very strong and positive.",
    "intent": "background uses"
  },
  {
    "sec_id": "sec0015",
    "sentence": "In this case (results not shown), rxy* also covered adequately the range [\u22121,1] whereas rxy was invariably greater than 0.965."
  },
  {
    "sec_id": "sec0020",
    "sentence": "Measuring the association between variables subject to an order restriction is only the first step toward establishing a significant association."
  },
  {
    "sec_id": "sec0020",
    "sentence": "A number of statistics are available for testing the null hypothesis H0:\u03c1XY=0 with unrestricted variables and these have been shown to be robust to violations of bivariate normality (e.g., [bib0015], [bib0035], [bib0050], [bib0055], [bib0095][bib0100], [bib0115]).",
    "intent": "background"
  },
  {
    "sec_id": "sec0020",
    "sentence": "Yet, with variables subject to an order restriction and in the XY* space defined above, the accuracy of these test statistics is uncertain because of the bounded and non-rectangular domain."
  },
  {
    "sec_id": "sec0020",
    "sentence": "Simulations were thus conducted to investigate the validity of the conventional statistic(1)R=rxy*n\u221221\u2212rxy*2used in the domain of X and Y*."
  },
  {
    "sec_id": "sec0020",
    "sentence": "In these simulations, X was again bounded on [0,T] with T\u00a0=\u00a020."
  },
  {
    "sec_id": "sec0020",
    "sentence": "Two pairs of conditions were considered."
  },
  {
    "sec_id": "sec0020",
    "sentence": "In the first pair, the order restriction Y\u00a0\u2264\u00a0X in [fig0005] was used; in the second pair, the order restriction 4x/5\u00a0\u2264\u00a0Y\u00a0\u2264\u00a0(4x\u00a0+\u00a0T)/5 in [fig0015] was used (see [fig0025]a)."
  },
  {
    "sec_id": "sec0020",
    "sentence": "Thus, in the reshaped domain, X was always bounded on [0,T] whereas Y* was bounded on [\u2212X/2,X/2] in the first pair and on [\u2212T/10,T/10] in the second pair (see [fig0025]b)."
  },
  {
    "sec_id": "sec0020",
    "sentence": "Note that the argument and the validity of the simulations hold for arbitrarily large T (even if it goes to infinity)."
  },
  {
    "sec_id": "sec0020",
    "sentence": "The two conditions within each pair differed only in that the marginal density of X was either a triangular distribution with a\u00a0=\u00a00, b\u00a0=\u00a0T, and c\u00a0=\u00a0T, or a triangular distribution with a\u00a0=\u00a00, b\u00a0=\u00a0T, and c\u00a0=\u00a0T/2 (see [fig0025]c)."
  },
  {
    "sec_id": "sec0020",
    "sentence": "The conditional distribution of Y was always triangular with a\u00a0=\u00a00, b\u00a0=\u00a0x, and c\u00a0=\u00a0x/2 for the first pair of conditions and with a\u00a0=\u00a04x/5, b\u00a0=\u00a0(4x\u00a0+\u00a0T)/5, and c\u00a0=\u00a0(8x\u00a0+\u00a0T)/10 for the second pair (see [fig0025]d)."
  },
  {
    "sec_id": "sec0020",
    "sentence": "In each condition, 50,000 samples of n paired observations were drawn from the applicable joint distribution of X and Y, with n\u00a0\u2208\u00a0{20, 40, 60, 80, 100, 120, 140, 160, 180, 200}."
  },
  {
    "sec_id": "sec0020",
    "sentence": "For each sample, data in Y were first transformed to render data in Y*, then the statistic in Eq. [eq0005] was computed, and the proportion of rejections across the 50,000 samples was determined for two-sided tests with \u03b1\u00a0\u2208\u00a0{0.01, 0.05, 0.10}."
  },
  {
    "sec_id": "sec0020",
    "sentence": "[fig0025]e shows the distribution of the test statistic R across the 50,000 samples with n\u00a0=\u00a0200 in each of the four simulation conditions, along with the asymptotic t distribution with n\u00a0\u2212\u00a02 degrees of freedom."
  },
  {
    "sec_id": "sec0020",
    "sentence": "[fig0025]f shows the empirical size of the test as a function of sample size in each simulation condition."
  },
  {
    "sec_id": "sec0020",
    "sentence": "Clearly, the conventional statistic in Eq. [eq0005] is overly inaccurate to test H0:\u03c1XY*=0 when the order restriction renders a non-rectangular joint domain in XY* space (left half of [fig0025])."
  },
  {
    "sec_id": "sec0020",
    "sentence": "In these cases, the statistic can yield conservative or liberal tests according to the form of the joint distribution."
  },
  {
    "sec_id": "sec0020",
    "sentence": "In contrast, when the order restriction renders a rectangular joint domain in XY* space (right half of [fig0015]), the conventional statistic is still accurate, providing further evidence of its robustness to bounded domains and non-normal distributions."
  },
  {
    "sec_id": "sec0020",
    "sentence": "In search for a dependable test statistic, we used the delta method to obtain an asymptotically normal distribution for rxy* while making no assumptions other than \u03c1XY*=0."
  },
  {
    "sec_id": "sec0020",
    "sentence": "The derivation is in [sec0040], which shows that the mean of the distribution of rxy* is zero and its variance is(2)\u00b5\u00b5\u00b5\u00b5\u03c3r2=\u00b5X2\u03c3Y*2+\u00b5Y*2\u03c3X2\u22122\u00b5X2\u03bcY*2+6\u00b5X\u03bcY*\u03bc11\u22122\u03bcX\u03bc12\u22122\u03bcY*\u03bc21+\u03bc22\u2212\u03bc112n\u03c3X2\u03c3Y*2,"
  },
  {
    "sec_id": "sec0020",
    "sentence": "where \u03bcjk=E(XjY*k)."
  },
  {
    "sec_id": "sec0020",
    "sentence": "We then repeated the simulation but now using(3)R\u2228=rxy*\u03c3ras a test statistic, where \u03c3r was computed using the known distributions of X and Y*.Use of R\u2228 in Eq. [eq0015] yielded accurate tests regardless of the shape of the XY* domain (results not shown)."
  },
  {
    "sec_id": "sec0020",
    "sentence": "However, the form of the distributions of X and Y will be unknown in practical applications and, then, the information needed to compute \u03c3r will not be available."
  },
  {
    "sec_id": "sec0020",
    "sentence": "We thus considered estimating \u03c3r2 from the data through(4)sr2=X\u00af2sy*2+Y\u00af*2sx2\u22122X\u00af2Y\u00af*2+6X\u00afY\u00af*\u03bc\u02c611\u22122X\u00af\u03bc\u02c612\u22122Y\u00af*\u03bc\u02c621+\u03bc\u02c622\u2212\u03bc\u02c6112(n\u22122)sx2sy*2,where \u03bcjk=1n\u2211i=1nXijYi*k, and then tested the null hypothesis with the modified statistic(5)R\u2228=rXY*srThe factor n\u00a0\u2212\u00a02 in the denominator of Eq. [eq0020] is an approximation derived from extensive simulations which also showed that the test statistic in Eq. [eq0025] seems to have a t distribution with n\u00a0\u2212\u00a02 degrees of freedom."
  },
  {
    "sec_id": "sec0020",
    "sentence": "[fig0030] shows results of application of this test statistic in a replication of the simulation study whose results were reported in [fig0025]."
  },
  {
    "sec_id": "sec0020",
    "sentence": "Clearly, the test statistic in Eq. [eq0025] is accurate and insensitive to the shape of the joint domain in XY* space."
  },
  {
    "sec_id": "sec0025",
    "sentence": "Three empirical applications of the procedure just described are used to illustrate it in the context of assessing potentially redundant information provided by variants of the h index."
  },
  {
    "sec_id": "sec0025",
    "sentence": "As discussed in the Introduction, there is concern as to whether variants of the h index provide additional information not included in the h index itself, and correlational methods are typically used to investigate this issue (e.g., [bib0010], [bib0085]).",
    "intent": "background"
  },
  {
    "sec_id": "sec0025",
    "sentence": "Because such variants, extensions, or alternatives are often subject to order restrictions with respect to the h index, these analyses are contaminated by structural relations."
  },
  {
    "sec_id": "sec0025",
    "sentence": "Our first illustration assesses the strength of association between the conventional h index and a variant denoted h1+ by [bib0080], which represents a fractional increase over h.",
    "intent": "uses"
  },
  {
    "sec_id": "sec0025",
    "sentence": "Thus, h\u2264h1+<h+1, yielding a joint domain analogous to that illustrated in [fig0015] with ginf(x)\u00a0=\u00a0x and gsup(x)\u00a0=\u00a0x\u00a0+\u00a01 under the general form of the order restriction."
  },
  {
    "sec_id": "sec0025",
    "sentence": "[bib0080] reported a Spearman rank correlation of 0.92 between h and h1+, which is unsurprisingly high given the narrow and positively slanted domain of their joint distribution.",
    "intent": "background"
  },
  {
    "sec_id": "sec0025",
    "sentence": "Also, h is integer-valued by definition and, thus, a high and positive rank correlation is also expected because the fractional increase that h1+ entails cannot essentially alter the ranking: h1+ only potentially unties cases that are tied in h."
  },
  {
    "sec_id": "sec0025",
    "sentence": "The product-moment correlation between h and h1+ for data reported in Table 1 of [bib0080] is 0.987; with the procedure described here, the correlation is instead \u22120.388 (R\u2228=\u22120.842, p\u00a0=\u00a00.427, two-sided).",
    "intent": "uses"
  },
  {
    "sec_id": "sec0025",
    "sentence": "Because the reshaped domain is rectangular under this order restriction, the conventional statistic in Eq. [eq0005] would also have been appropriate, which yields an analogous result: R\u00a0=\u00a0\u22121.115, with a two-sided p\u00a0=\u00a00.302."
  },
  {
    "sec_id": "sec0025",
    "sentence": "Removal of the strong structural relation between h and h1+ thus reveals that these indices have a weak negative association for these data: The higher is h, the smaller is the fractional increase that h1+ brings."
  },
  {
    "sec_id": "sec0025",
    "sentence": "But the association is not significant and, hence, h1+ provides unique information."
  },
  {
    "sec_id": "sec0025",
    "sentence": "In our second illustration, the strength of association was re-assessed between the three first components of the multidimensional h index, using data reported by [bib0025].",
    "intent": "uses"
  },
  {
    "sec_id": "sec0025",
    "sentence": "The first component, h1, is the conventional h index and the two other components, h2 and h3, are analogous h indices computed out the tail of the citation curve."
  },
  {
    "sec_id": "sec0025",
    "sentence": "These components are subject to the order restriction 0\u00a0\u2264\u00a0hi+1\u00a0\u2264\u00a0hi, yielding a joint domain analogous to that in [fig0005] with ginf(x)\u00a0=\u00a00 and gsup(x)\u00a0=\u00a0x under the general form of the order restriction."
  },
  {
    "sec_id": "sec0025",
    "sentence": "Raw data from 204 cases and tabulated scatter plots of the relations between the three components were given in [fig0010] of [bib0025], for which product-moment correlations were reported to be 0.862 (h1 and h2), 0.862 (h2 and h3), and 0.780 (h1 and h3), which were deemed naturally high and positive given the order restriction.",
    "intent": "background uses"
  },
  {
    "sec_id": "sec0025",
    "sentence": "A re-analysis with the procedure described here renders correlations of \u22120.137 (h1 and h2; R\u2228=\u22121.634, p\u00a0=\u00a00.104, two-sided), 0.407 (h2 and h3; R\u2228=3.576, p\u00a0<\u00a00.001, two-sided), and \u22120.543 (h1 and h3; R\u2228=\u22123.168, p\u00a0=\u00a00.002, two-sided)."
  },
  {
    "sec_id": "sec0025",
    "sentence": "Thus, when the structural relation is eliminated, associations between components are smaller than initially claimed, or negative rather than positive."
  },
  {
    "sec_id": "sec0025",
    "sentence": "Of interest are the negative correlations between h1 and h2 and between h1 and h3."
  },
  {
    "sec_id": "sec0025",
    "sentence": "What this means is that as h1 increases, h2 and, particularly, h3 increase at a slower rate than the order restriction allows."
  },
  {
    "sec_id": "sec0025",
    "sentence": "These negative correlations and the ensuing interpretations do more justice to the characteristics of the data (see [bib0025], his Fig.",
    "intent": "background"
  },
  {
    "sec_id": "sec0025",
    "sentence": "2) than the original but flawed positive correlations and the interpretation that h2 and h3 tend to be higher as h1 increases (which is a tautology given the order restriction)."
  },
  {
    "sec_id": "sec0025",
    "sentence": "The third illustration additionally addresses the issue of how association should be measured when correlations need to be computed for a set of variables only some of which are affected by order restrictions, as in the studies of [bib0010] or [bib0085].",
    "intent": "background"
  },
  {
    "sec_id": "sec0025",
    "sentence": "The answer should be obvious: The association between variables not affected by order restrictions should be measured conventionally, whereas that between variables affected by order restrictions should be measured with the procedure described here (which may require the use of different functions ginf and gsup for each particular pair)."
  },
  {
    "sec_id": "sec0025",
    "sentence": "Consider the two-sided extension of the h index developed by [bib0030], a multidimensional extension in which the scalar h (denoted h0 in the two-sided index) is flanked by k positive-indexed components analogous to those that make up the multidimensional extension of [bib0025] and also by k negative-indexed components analogously computed up the top of the citation curve.",
    "intent": "background"
  },
  {
    "sec_id": "sec0025",
    "sentence": "[fig0035] shows scatter plots of the components of the two-sided index (k\u00a0=\u00a04) computed for the sample of 80 researchers in the study of [bib0030].",
    "intent": "background"
  },
  {
    "sec_id": "sec0025",
    "sentence": "Regions structurally deprived of data due to order restrictions are grayed out in panels involving h0 and in panels pairing components on the same side (both negative- or positive-indexed); no order restriction holds for components across sides (i.e., one negative- and the other positive-indexed)."
  },
  {
    "sec_id": "sec0025",
    "sentence": "The latter type of panel in [fig0035] displays the value of the conventional product-moment correlation in an inset and the pattern of these values reveals that association decreases with the distance between components (i.e., h\u22121 and h1 are more strongly associated than h\u22124 and h4); the former type of panel displays in an inset the value of the inadequate product-moment correlation (top) and the value of the corrected correlation (bottom) computed as described in this paper."
  },
  {
    "sec_id": "sec0025",
    "sentence": "Because the order restriction implies a positive structural relation, only the corrected measures of association can identify associations that are actually null, negative, or weakly positive."
  },
  {
    "sec_id": "sec0025",
    "sentence": "As an additional illustration of the interpretation of the measure of association proposed in this paper, consider the scatter of data around the reference line in each panel of [fig0035] and the pattern of correlations between h0 and components on the positive side of the two-sided index (lower part of the fifth column in [fig0035])."
  },
  {
    "sec_id": "sec0025",
    "sentence": "Note that the inadequate conventional correlation is naturally always relatively high and positive, ranging from 0.787 (correlation between h0 and h1) to 0.636 (correlation between h0 and h4)."
  },
  {
    "sec_id": "sec0025",
    "sentence": "Yet, within the restricted domain (white region in each panel), data points lie around the reference line of null association in the case of h0 and h1 (in agreement with a corrected correlation of 0.165) but they progressively fall further below the reference line in the panels pairing h0 with h2, h3, and h4, in agreement with corrected correlations that are negative and increasingly higher (i.e., as the X variable increases, the Y variable increases more slowly than the order restriction allows)."
  },
  {
    "sec_id": "sec0025",
    "sentence": "Analogous considerations apply across the remaining panels of [fig0035], but note that the role of the X and Y variables are reversed in the panels whose vertical axis is labeled from h\u22123 to h0 (panels in the top left part of [fig0035])."
  },
  {
    "sec_id": "sec0025",
    "sentence": "What this means is that the variable along the vertical axis is regarded as the X variable whereas that along the horizontal axis is regarded as the Y variable so that the order restriction satisfies the general form ginf(x)\u00a0\u2264\u00a0Y\u00a0\u2264\u00a0gsup(x) implicit in our procedure."
  },
  {
    "sec_id": "sec0030",
    "sentence": "Assessment of the association between variants of the h index (or other scientometric indices) is hampered because these variables are affected by order restrictions (see [bib0070]) that largely determine the value of conventional indices of association.",
    "intent": "background"
  },
  {
    "sec_id": "sec0030",
    "sentence": "The procedure described here solves this problem and essentially involves a symmetrization of the joint domain by transforming Y into Y* so that the transformed joint domain is symmetrical about Y*\u00a0=\u00a00, with the explicit definition that \u03c1XY*=0 reflects stochastic independence (i.e., absence of association) between X and Y besides their structural relation."
  },
  {
    "sec_id": "sec0030",
    "sentence": "These definitions revert to the usual definitions of stochastic independence and correlation in cases that no order restriction exists."
  },
  {
    "sec_id": "sec0030",
    "sentence": "Variables subject to an order restriction typically have a lower bound on their domain, and the procedure described here is applicable whether the upper bound is finite or infinite because the Y variable will in both cases be bounded low and high."
  },
  {
    "sec_id": "sec0030",
    "sentence": "This procedure works for restrictions of the general form ginf(x)\u00a0\u2264\u00a0Y\u00a0\u2264\u00a0gsup(x), involving arbitrary functions satisfying ginf\u00a0\u2264\u00a0gsup."
  },
  {
    "sec_id": "sec0030",
    "sentence": "This requires that X and Y variables are adequately designated so that this form of order restriction holds and that the transformation is applied to the actual Y variable regardless of how the data may eventually be plotted, as illustrated in [fig0035]."
  },
  {
    "sec_id": "sec0030",
    "sentence": "Examples have been given in which the true association between sample scientometric indices subject to order restrictions was uncovered through removal of their structural relation."
  },
  {
    "sec_id": "sec0030",
    "sentence": "In these cases, what appeared to be high and positive associations according to conventional analyses turned into negative, null, or positive associations when the positive structural relation was removed."
  },
  {
    "sec_id": "sec0030",
    "sentence": "Simulation results reported in Section [sec0015] show that the conventional correlation rxy is generally much higher than the corrected correlation rxy* that measures the true association between variables subject to the order restrictions that govern scientometric indices, all of which are of the type ginf(x)\u00a0\u2264\u00a0Y\u00a0\u2264\u00a0gsup(x) (see [bib0070]).",
    "intent": "background"
  },
  {
    "sec_id": "sec0030",
    "sentence": "Although removal of a structural relation does not imply that the true association will not be still high and positive occasionally, correlation analyses will be more dependable if structural relations are removed before conclusions are raised about the redundancy of alternative scientometric indices."
  },
  {
    "sec_id": "sec0030",
    "sentence": "The conclusions of [bib0010] and [bib0085] regarding associations between scientometric indices should thus be understood as reflecting mostly structural relations for pairs of indices affected by an order restriction and reflecting true associations for pairs not affected by order restrictions.",
    "intent": "background"
  },
  {
    "sec_id": "sec0030",
    "sentence": "A more accurate picture of the actual redundancy of information provided by indices affected by order restrictions can only be obtained when structural relations are removed and true association is measured with the procedure described here."
  },
  {
    "sec_id": "sec0035",
    "sentence": "The two-sided power (TSP) distribution of [bib0105] for a bounded variable on [a, b] is defined as(A1)f(x)=0ifx<1;nb\u2212ax\u2212am\u2212an\u22121ifa\u2264x\u2264m;nb\u2212ab\u2212xb\u2212mn\u22121ifm<x\u2264b;0ifx>b.The conventional triangular distribution of a random variable bounded on [a, b] and given by(A2)f(x)=0ifx<12(x\u2212a)(b\u2212a)(c\u2212a)ifa\u2264x\u2264c2(b\u2212x)(b\u2212a)(b\u2212c)ifc<x\u2264b0ifx>bis straightforwardly seen to be a TSP distribution with n\u00a0=\u00a02 and m\u00a0=\u00a0c.",
    "intent": "background"
  },
  {
    "sec_id": "sec0040",
    "sentence": "Let X and Y be random variables with an arbitrary joint distribution with moments \u03bcjk\u00a0=\u00a0E(XjYk) and correlation \u03c1."
  },
  {
    "sec_id": "sec0040",
    "sentence": "Also let (Xi, Yi) with 1\u00a0\u2264\u00a0i\u00a0\u2264\u00a0n be a set of n paired observations in X and Y."
  },
  {
    "sec_id": "sec0040",
    "sentence": "Let(B1)mXmYmX2mY2mXY=1n\u2211Xi\u2211Yi\u2211Xi2\u2211Yi2\u2211XiYiso that sX2=mX2\u2212mX2, sY2=mY2\u2212mY2, and sXY=mXY\u2212mXmY."
  },
  {
    "sec_id": "sec0040",
    "sentence": "By the central limit theorem,(B2)nmXmYmX2mY2mXY\u2212\u03bc10\u03bc01\u03bc20\u03bc02\u03bc11has asymptotically a multivariate normal distribution with zero mean and covariance matrix(B3)\u03a3=varXcovX,YcovX,X2covX,Y2covX,XYcovY,XvarYcovY,X2covY,Y2covY,XYcovX2,XcovX2,YvarX2covX2,Y2covX2,XYcovY2,XcovY2,YcovY2,X2varY2covY2,XYcovXY,XcovXY,YcovXY,Y2covXY,Y2varXY.To obtain the distribution of (sX2,sY2,sXY)T, define g:\u211d5\u2192\u211d3 such that gmXmYmX2mY2mXY=mX2\u2212mX2mY2\u2212mY2mXY\u2212mXmY."
  },
  {
    "sec_id": "sec0040",
    "sentence": "The Jacobian of this transformation is g\u02d9mXmYmX2mY2mXY=\u22122mX01000\u22122mY010\u2212mY\u2212mX001."
  },
  {
    "sec_id": "sec0040",
    "sentence": "Then, nsX2sY2sXY\u2212\u03c3X2\u03c3Y2\u03c3XY has asymptotically a multivariate normal distribution with zero mean and covariance matrix(B4)\u03a3*=g\u02d9\u03bc10\u03bc01\u03c3X2\u03c3Y2\u03c3XY\u03a3g\u02d9\u03bc10\u03bc01\u03c3X2\u03c3Y2\u03c3XYTvarX2covX2,Y2covX2,XYcovY2,X2varY2covY2,XYcovXY,X2covXY,Y2varXY.Now let h(a,b,c)=c/ab so that h(sX2,sY2,sXY)=rxy."
  },
  {
    "sec_id": "sec0040",
    "sentence": "The Jacobian of the transformation h:\u211d3\u2192\u211d is h\u02d9abc=\u2212c2a3b\u2212c2ab31ab so that A=h\u02d9\u03c3X2\u03c3Y2\u03c3XY=\u2212\u03c12\u03c3X2\u2212\u03c12\u03c3Y21\u03c3X\u03c3Y."
  },
  {
    "sec_id": "sec0040",
    "sentence": "Then, n(rxy\u2212\u03c1) is asymptotically normally distributed with mean 0 and variance \u03c32\u00a0=\u00a0AT \u03a3*A."
  },
  {
    "sec_id": "sec0040",
    "sentence": "Assuming \u03c1\u00a0=\u00a00, the variance of this distribution can easily be shown to be(B5)\u03c32=\u03bcX2\u03c3Y2+\u03bcY2\u03c3X2\u22122\u03bcX2\u03bcY2+6\u03bcX\u03bcY\u03bc11\u22122\u03bcX\u03bc12\u22122\u03bcY\u03bc21+\u03bc22\u2212\u03bc112\u03c3X2\u03c3Y2so that rxy is asymptotically normally distributed with zero mean and variance \u03c3r2=\u03c32/n."
  }
]