[
  {
    "sec_id": "sec0005",
    "sentence": "Citations signify the relevance of prior research or invention."
  },
  {
    "sec_id": "sec0005",
    "sentence": "In the scientific community, the aggregation of citations attributed to a specific work is commonly taken as a central indicator of its scholarly impact ([bib0010], [bib0015], [bib0050]).",
    "intent": "background"
  },
  {
    "sec_id": "sec0005",
    "sentence": "More generally, citations and citation counts are thought to represent how knowledge accumulates, combines and transfers to generate new ideas and discoveries."
  },
  {
    "sec_id": "sec0005",
    "sentence": "Since citations function as linkages between scientific works, citation records provide an opportunity to quantitatively identify seminal contributions to a given research field or technology ([bib0020], [bib0040], [bib0045]).",
    "intent": "background"
  },
  {
    "sec_id": "sec0005",
    "sentence": "One technique leveraging citations to detect important scientific contributions is Reference Publication Year Spectroscopy (RPYS)."
  },
  {
    "sec_id": "sec0005",
    "sentence": "RPYS offers a quantitative approach to assist in identifying the historical roots of research fields and topics ([bib0040]).",
    "intent": "background"
  },
  {
    "sec_id": "sec0005",
    "sentence": "To accomplish this, RPYS considers the references cited by a cohort of publications resulting from a particular database query."
  },
  {
    "sec_id": "sec0005",
    "sentence": "By way of example, consider a search query for topic X that returns only one article."
  },
  {
    "sec_id": "sec0005",
    "sentence": "If this article, published in 1990, cites a reference published in 1980, then 1980 is used as a data point in the foregoing analysis."
  },
  {
    "sec_id": "sec0005",
    "sentence": "As such, after a set of publications is returned from a database query, the publication date of each cited reference from this set of publications is extracted and mapped onto a frequency distribution sorted by time."
  },
  {
    "sec_id": "sec0005",
    "sentence": "The resulting visualization often reveals punctuated peaks in the distribution."
  },
  {
    "sec_id": "sec0005",
    "sentence": "These peaks correspond to years containing a larger number of cited references within discrete bins of time."
  },
  {
    "sec_id": "sec0005",
    "sentence": "Often, these peaks are driven by a large number of references to a seminal work in the field."
  },
  {
    "sec_id": "sec0005",
    "sentence": "To date, RPYS has been successfully applied to investigations of important early contributions in several research topics ([bib0030], [bib0040], [bib0035], [bib0070]).",
    "intent": "background"
  },
  {
    "sec_id": "sec0005",
    "sentence": "There is, however, a major challenge with the current methodology."
  },
  {
    "sec_id": "sec0005",
    "sentence": "Namely, the results produced by a given RPYS analysis are represented within their own distinct range or scale, the bounds of which vary considerably across analyses."
  },
  {
    "sec_id": "sec0005",
    "sentence": "In other words, using the presently defined RPYS technique, it could be difficult to compare patterns of maxima for the cited references of a small research fields with those of the cited references from a much larger research fields."
  },
  {
    "sec_id": "sec0005",
    "sentence": "Making RPYS analyses amenable to large-scale comparative analysis is an important extension of the technique for future applications."
  },
  {
    "sec_id": "sec0005",
    "sentence": "For instance, it would allow analysts to more readily evaluate whether a large number of research topics show a similar history of important findings as demonstrated through cited works."
  },
  {
    "sec_id": "sec0005",
    "sentence": "A second possibility is that being able to estimate the similarities between the citation histories for various subfields might open-up an entirely novel venue for defining the relationships between these subfields \u2013 with the assumption being that research areas correspondingly informed by the same seminal works are more similar than those that are not."
  },
  {
    "sec_id": "sec0005",
    "sentence": "To address this shortcoming, we demonstrate here how the addition of a simple data transformation procedure to the standard RPYS methodology can aid in the detection of shared patterns of maxima for the cited references across RPYS analyses, which potentially suggest common historical influences."
  },
  {
    "sec_id": "sec0005",
    "sentence": "Specifically, we adopt the use of a rank-transformation procedure commonly used in inferential statistics to perform non-parametric analyses ([bib0005], [bib0025]).",
    "intent": "uses"
  },
  {
    "sec_id": "sec0005",
    "sentence": "This transformation compresses the multiple scales produced from various RPYS analyses into a single rank scale that allows researchers to identify years of punctuated impact across RPYS analyses."
  },
  {
    "sec_id": "sec0005",
    "sentence": "We describe a visualization procedure that efficiently represents data from multiple RPYS analyses concurrently."
  },
  {
    "sec_id": "sec0005",
    "sentence": "To demonstrate the efficacy of this procedure, we begin with a publication that we suspect a priori has meaningfully impacted numerous research topics: the Viterbi algorithm first published by Andrew Viterbi in 1967."
  },
  {
    "sec_id": "sec0005",
    "sentence": "In this groundbreaking work, Viterbi describes an algorithm that identifies the most likely sequence of hidden states associated with a sequence of known or observed states."
  },
  {
    "sec_id": "sec0005",
    "sentence": "The algorithm is widely used in stochastic models and error-correcting (or decoding convolutional codes) as well as in a variety of computational procedures pertaining to machine speech recognition ([bib0065]).",
    "intent": "background"
  },
  {
    "sec_id": "sec0005",
    "sentence": "Given this, we performed six RPYS analyses for research topics pulled from the Web of Science that all pertained to the development or use of the Viterbi algorithm ([bib0060]).",
    "intent": "uses"
  },
  {
    "sec_id": "sec0005",
    "sentence": "The Viterbi algorithm's impact and use in a wide array of research communities, from statisticians studying stochastic models to engineers and computer scientists working on various aspects of machine speech recognition, make it an ideal candidate for demonstrating the value of this data-transformation procedure for comparing multiple RPYS analyses concurrently."
  },
  {
    "sec_id": "sec0010",
    "sentence": "We accessed and downloaded data from the Thomson Reuters Web of Science (WoS) between December 12, 2014 and December 14, 2014."
  },
  {
    "sec_id": "sec0010",
    "sentence": "We performed topic searches using the Web of Science Core Collection, for which we had back-records from 1974 to 2014."
  },
  {
    "sec_id": "sec0010",
    "sentence": "The topic searches performed for our six RPYS analyses were as follows: (1) \u201cViterbi\u201d, (2) \u201cconvolutional code\u201d OR \u201cconvolutional codes\u201d, (3) \u201chiddenmarkov model\u201d OR \u201chidden markov models\u201d, (4) \u201ccontinuous speech recognition\u201d, (5) \u201cautomatic speech recognition\u201d and, finally, (6) \u201cspeech recognition\u201d."
  },
  {
    "sec_id": "sec0010",
    "sentence": "The number of results for these six searches is shown in [tbl0005]."
  },
  {
    "sec_id": "sec0010",
    "sentence": "We then filtered these results to only represent articles and conference proceedings (again, values in [tbl0005])."
  },
  {
    "sec_id": "sec0010",
    "sentence": "The last step of the data collection process was to download the results from WoS Core Collection using the \u201cSave to Other File Formats\u201d option and selecting \u201cFull Record and Cited References\u201d as our desired record content."
  },
  {
    "sec_id": "sec0010",
    "sentence": "Table 1."
  },
  {
    "sec_id": "sec0010",
    "sentence": "Search terms and the corresponding number of results yielded from the Web of Science Core Collection (1974-present)."
  },
  {
    "sec_id": "sec0010",
    "sentence": "To extract cited references from the data we obtained, we used the open source Sci2 tool ([bib0055]) developed by Indiana University.",
    "intent": "uses"
  },
  {
    "sec_id": "sec0010",
    "sentence": "This converts the Full ISI records into tables."
  },
  {
    "sec_id": "sec0010",
    "sentence": "This conversion conveniently represents \u201cCited References\u201d as a single column within this table."
  },
  {
    "sec_id": "sec0010",
    "sentence": "The resulting data contained in this column uses a | character as a delimiter between the different cited references."
  },
  {
    "sec_id": "sec0010",
    "sentence": "Using a python script, we split our cited references data using this delimiter to generate a new table representing all of the cited references."
  },
  {
    "sec_id": "sec0010",
    "sentence": "This process allows us to effectively isolate properly structured references and their associated publication year from WoS records."
  },
  {
    "sec_id": "sec0015",
    "sentence": "Results from RPYS analyses are most typically represented in two ways: (1) the raw number of cited references occurring per year or (2) the absolute deviation of the number of cited references on a particular year from the 5-year median."
  },
  {
    "sec_id": "sec0015",
    "sentence": "The second method of visualization is often favored due to the fact that the raw number of cited references increases toward the present date."
  },
  {
    "sec_id": "sec0015",
    "sentence": "By taking the absolute median cited references from a 5-year median, one makes it easier to identify works that might be only modestly cited overall but were very influential in the context of when they were published."
  },
  {
    "sec_id": "sec0015",
    "sentence": "Thus, [fig0005] shows the RPYS analyses for our six topic searches in canonical absolute deviation form."
  },
  {
    "sec_id": "sec0015",
    "sentence": "Each analysis reveals multiple maxima; each result also yields a peak occurring in 1967, the year Andrew Viterbi published his seminal technique later dubbed the Viterbi algorithm (year highlighted in year)."
  },
  {
    "sec_id": "sec0015",
    "sentence": "In all six cases, the most cited reference from 1967 was indeed the Viterbi algorithm."
  },
  {
    "sec_id": "sec0015",
    "sentence": "Importantly, the range of values of the maxima across the RPYS varies considerably."
  },
  {
    "sec_id": "sec0015",
    "sentence": "For instance, the largest value of absolute deviation in a 5-year period for our search on convolutional codes was 1010, as opposed to 191 for our search on continuous speech recognition."
  },
  {
    "sec_id": "sec0015",
    "sentence": "Thus, despite the fact that 1967 appears as a punctuated peak of historical scientific impact for each of these research topics, overlaying these plots makes the task of identifying any year of mutual importance difficult."
  },
  {
    "sec_id": "sec0015",
    "sentence": "This challenge is demonstrated in [fig0010]."
  },
  {
    "sec_id": "sec0015",
    "sentence": "To overcome the difficulty in making cross RPYS comparisons, we rank-transformed the deviation data shown in [fig0005]."
  },
  {
    "sec_id": "sec0015",
    "sentence": "Before detailing the ranking procedure, however, we note the importance of applying the transformation method to the deviation data."
  },
  {
    "sec_id": "sec0015",
    "sentence": "This is because the deviation procedure provides the necessary temporal control to allow important early works to stand out in an RPYS analysis."
  },
  {
    "sec_id": "sec0015",
    "sentence": "As has been noted in prior work using RPYS, references tend to point to more recent publications, as older discoveries either are incorporated into multiple sources (i.e., textbooks) to become familiar knowledge within a community or are associated with a more recent author ([bib0030], [bib0040]).",
    "intent": "background"
  },
  {
    "sec_id": "sec0015",
    "sentence": "One helps control for this tendency with the deviation procedure, which permits seminal early works to emerge and be used for making interesting comparisons about the shared seminal works across research fields."
  },
  {
    "sec_id": "sec0015",
    "sentence": "To rank transform data, one takes the complete set of n values from a given RPYS analyses, say X1, X2,\u00a0\u2026,\u00a0Xn."
  },
  {
    "sec_id": "sec0015",
    "sentence": "These observations are then sorted by the magnitude of the observed values."
  },
  {
    "sec_id": "sec0015",
    "sentence": "These values are then substituted in such a manner that the largest value takes the value n, the second largest take the value n\u00a0\u2212\u00a01, and so on."
  },
  {
    "sec_id": "sec0015",
    "sentence": "Our rationale for selecting a rank transformation procedure was based on both the attributes of the deviation data itself as well as limiting our transformation method to one found in common statistical packages."
  },
  {
    "sec_id": "sec0015",
    "sentence": "Regarding the attributes of the data, RPYS deviation values are signed (i.e., positive or negative) integers."
  },
  {
    "sec_id": "sec0015",
    "sentence": "As a result, these values are not compatible with several common transformations for the following reasons:\u2022Logarithmic Transform: Log transforming the data requires the values to be both non-negative and non-zero."
  },
  {
    "sec_id": "sec0015",
    "sentence": "For this procedure to be used, one must either omit all negatives values and zeroes or one would need to add a constant k to each resulting RPYS deviation value to make the minimum value of the results greater than 0."
  },
  {
    "sec_id": "sec0015",
    "sentence": "This k would vary across RPYS analyses.\u2022Power Transform: Power transforms, such as the common square root transform, requires the values to be non-negative."
  },
  {
    "sec_id": "sec0015",
    "sentence": "For this procedure to be used one must either omit negative values or one would need to add a constant k to each resulting RPYS deviation value to make all values non-negative."
  },
  {
    "sec_id": "sec0015",
    "sentence": "This k would vary across RPYS analyses.\u2022Arcsine Transform: Arcsine transforms require the data be bounded [0, 1].\u2022Logit Transform: Logit transforms require the data be bounded (0, 1)."
  },
  {
    "sec_id": "sec0015",
    "sentence": "Logarithmic Transform: Log transforming the data requires the values to be both non-negative and non-zero."
  },
  {
    "sec_id": "sec0015",
    "sentence": "For this procedure to be used, one must either omit all negatives values and zeroes or one would need to add a constant k to each resulting RPYS deviation value to make the minimum value of the results greater than 0."
  },
  {
    "sec_id": "sec0015",
    "sentence": "This k would vary across RPYS analyses."
  },
  {
    "sec_id": "sec0015",
    "sentence": "Power Transform: Power transforms, such as the common square root transform, requires the values to be non-negative."
  },
  {
    "sec_id": "sec0015",
    "sentence": "For this procedure to be used one must either omit negative values or one would need to add a constant k to each resulting RPYS deviation value to make all values non-negative."
  },
  {
    "sec_id": "sec0015",
    "sentence": "This k would vary across RPYS analyses."
  },
  {
    "sec_id": "sec0015",
    "sentence": "Arcsine Transform: Arcsine transforms require the data be bounded [0, 1]."
  },
  {
    "sec_id": "sec0015",
    "sentence": "Logit Transform: Logit transforms require the data be bounded (0, 1)."
  },
  {
    "sec_id": "sec0015",
    "sentence": "Thus, rank transforming presents a simple, common method for transforming the deviation data that does not require individuals to devise with a custom transformation procedure per RPYS analysis."
  },
  {
    "sec_id": "sec0015",
    "sentence": "Beyond their ease of use and applicability to RPYS data, rank transformations offer two distinct advantages: (1) it compresses the multiple scales of RPYS analyses into a single, consistent rank scale and (2) it allows researchers an intuitive way to filter and visualize cross RPYS comparisons."
  },
  {
    "sec_id": "sec0015",
    "sentence": "Regarding this latter point, by rank transforming we can easily set an arbitrary threshold to scan for years containing a certain degree of cited references."
  },
  {
    "sec_id": "sec0015",
    "sentence": "For example, for each of our RPYS analyses, we obtained 100 data points."
  },
  {
    "sec_id": "sec0015",
    "sentence": "By using a rank transform, we can easily compare the top n years with the highest RPY deviations across our analyses."
  },
  {
    "sec_id": "sec0015",
    "sentence": "The advantages of the rank-transform are shown in [fig0015]."
  },
  {
    "sec_id": "sec0015",
    "sentence": "Whereas presentation in [fig0005] graphs the deviation results of multiple RPYS analyses separately, the heatmap in [fig0015] visualizes multiple RPYS analyses concurrently."
  },
  {
    "sec_id": "sec0015",
    "sentence": "And, while here we compared a modest number of RPYS analyses, our technique generalizes so that one could perform and visualize dozens of RPYS analyses simultaneously."
  },
  {
    "sec_id": "sec0015",
    "sentence": "In such cases, visualizing the data as they are in [fig0015] is one method to more readily compare multiple RPYS results."
  },
  {
    "sec_id": "sec0015",
    "sentence": "[fig0015]a plots the data from [fig0005] converted into a heatmap."
  },
  {
    "sec_id": "sec0015",
    "sentence": "As the scales of the six RPYS analyses varied considerably, identifying patterns across analyses using this heatmap is extremely difficult."
  },
  {
    "sec_id": "sec0015",
    "sentence": "The heatmap in [fig0015]b, however, has converted each deviation value to a rank and set a threshold for the midpoint of the color map at rank 90 (thereby highlighting the 10 years with the greatest deviations, or largest detectable impact, per analysis; we also note that similar heatmaps can be created from WoS data using the freeware RPYS.EXE; [bib0040]).",
    "intent": "similarities"
  },
  {
    "sec_id": "sec0015",
    "sentence": "As a final note, we add that there are multiple methods and motivations for visualizing RPYS results."
  },
  {
    "sec_id": "sec0015",
    "sentence": "And, though the heatmap is one means for efficient cross RPYS comparison, when one is solely interested in a single RPYS result they should continue to use the untransformed data as shown in [fig0005]."
  },
  {
    "sec_id": "sec0015",
    "sentence": "Using our procedure, we find a salient pattern emerging across analyses at the 1967 band, which corresponds to the year the Viterbi algorithm was published (further scrutiny indeed verifies the Viterbi paper underlies this pattern)."
  },
  {
    "sec_id": "sec0015",
    "sentence": "Our results show that this year contained an exceptionally high number of cited references for each of the six RPYS analyses, validating our methodology for cross RPYS analyses comparison."
  },
  {
    "sec_id": "sec0020",
    "sentence": "In this short report, we consider the challenge of comparing results from multiple RPYS analyses."
  },
  {
    "sec_id": "sec0020",
    "sentence": "Due to the fact that the size of different research topics or areas can vary substantially, this makes the task of identifying similarities across individual RPYS analyses problematic."
  },
  {
    "sec_id": "sec0020",
    "sentence": "We show that a simple rank-transform of the resulting vector of the absolute deviation of cited references within RPYS analyses makes them amenable to comparative evaluation."
  },
  {
    "sec_id": "sec0020",
    "sentence": "Specifically, the transformation provides two distinct advantages: (1) it collapses the results from multiple RPYS analyses into a single scale and (2) this rank order scale is highly amenable to filtering techniques to visualize the n years containing the most cited references."
  },
  {
    "sec_id": "sec0020",
    "sentence": "Making RPYS analyses conducive for comparative study offers several important future directions for scientometric research."
  },
  {
    "sec_id": "sec0020",
    "sentence": "First, one can now more readily evaluate whether different topics or keywords of research areas have a shared history of important findings as demonstrated through cited works."
  },
  {
    "sec_id": "sec0020",
    "sentence": "And, second, being able to estimate the similarities between such citation histories for fields might allow researchers another venue for defining the relationships between subfields and topics together."
  },
  {
    "sec_id": "sec0020",
    "sentence": "In other words, perhaps research areas similarly informed by the same seminal works are more similar than those that are not."
  },
  {
    "sec_id": "sec0025",
    "sentence": "JAC works for the non-profit Virginia Tech Applied Research Corporation (VT-ARC), which supports the Air Force Office of Scientific Research (AFOSR)."
  },
  {
    "sec_id": "sec0025",
    "sentence": "TWH consults for VT-ARC and is the former Chief Scientist of AFOSR."
  },
  {
    "sec_id": "sec0025",
    "sentence": "The views and conclusions contained herein are those of the authors and should not be interpreted as necessarily representing the official policies or endorsements, either expressed or implied, of the Air Force Research Laboratory."
  }
]