[
  {
    "sec_id": "sec0005",
    "sentence": "[bib0240] listed the skewness of citation data as one of several methodological problems in citation analysis.",
    "intent": "background"
  },
  {
    "sec_id": "sec0005",
    "sentence": "The skewness of bibliometric data has been a topic in this field since its beginnings in the 1920s."
  },
  {
    "sec_id": "sec0005",
    "sentence": "The issue is associated with the \u201claws\u201d of Alfred Lotka, Samuel Bradford, and George Zipf: \u201cthe concentration of items on a relatively small stratum of sources\u201d ([bib0230]).",
    "intent": "background"
  },
  {
    "sec_id": "sec0005",
    "sentence": "Since then a large number of papers have appeared demonstrating the skewness of citation data."
  },
  {
    "sec_id": "sec0005",
    "sentence": "[bib0195], for example, argued that \u201c50% of the citations and the most cited half of the articles account for nearly 90% of the citations\u201d (p.",
    "intent": "background"
  },
  {
    "sec_id": "sec0005",
    "sentence": "628)."
  },
  {
    "sec_id": "sec0005",
    "sentence": "He concluded that citation distributions follow approximately an inverse power-law distribution (the number of citations larger than x is proportional to \u2212log(x)) ([bib0125]).",
    "intent": "background"
  },
  {
    "sec_id": "sec0005",
    "sentence": "[bib0005] showed empirically that the \u201cexistence of a power law cannot be rejected in ALL SCIENCES taken together as well as in 17 of 22 fields whose articles represent 74.7% of the total\u201d (p.",
    "intent": "background"
  },
  {
    "sec_id": "sec0005",
    "sentence": "48)."
  },
  {
    "sec_id": "sec0005",
    "sentence": "Using a replication and scale invariant technique\u2013the Characteristic Scores and Scales (CSS) ([bib0110])\u2013the results of [bib0010] show that citation distributions are highly skewed: \u201cthe mean is 20 points above the median, while 9\u201310% of all articles in the upper tail account for about 44% of all citations\u201d (p.",
    "intent": "background"
  },
  {
    "sec_id": "sec0005",
    "sentence": "385)."
  },
  {
    "sec_id": "sec0005",
    "sentence": "In this study, we analyze the skewness of citation impact data in six major disciplines (natural sciences, engineering and technology, medical and health sciences, agricultural sciences, social sciences, and humanities) based on all articles in Web of Science (WoS) published in 1990, 2000, and 2010."
  },
  {
    "sec_id": "sec0005",
    "sentence": "First, we use percentile shares\u2013a recently introduced visualization and analysis technique\u2013to quantify the proportions of total citation impact that go into different groups (e.g., the 10% most-frequently-cited papers)."
  },
  {
    "sec_id": "sec0005",
    "sentence": "Percentile shares can be intuitively and appealingly interpreted and are especially suitable \u201cfor the detailed analysis of distributional changes\u201d ([bib0120]).",
    "intent": "background"
  },
  {
    "sec_id": "sec0005",
    "sentence": "In a next step, we use percentile shares to analyze covariates of the citation distributions."
  },
  {
    "sec_id": "sec0005",
    "sentence": "Journal Impact Factors (JIF) are often used as proxies for the citation impact of papers published in the respective journals."
  },
  {
    "sec_id": "sec0005",
    "sentence": "Are JIFs indeed a factor influencing citation impact?"
  },
  {
    "sec_id": "sec0005",
    "sentence": "We show the advantages of using percentile shares in the case of a number of co-variates of citation scores indicated in the literature as \u201cfactors influencing citation impact\u201d (FICs, e.g., the number of authors, see [bib0025]).",
    "intent": ""
  },
  {
    "sec_id": "sec0005",
    "sentence": "We compare the association of JIFs as co-variates with citation scores at the level of individual papers with other FICs mentioned in the literature, such as the number of co-authors, the numbers of pages, and the number of cited references."
  },
  {
    "sec_id": "sec0005",
    "sentence": "How much does each covariate enhance the likelihood of being cited in the top-10% layer of citation scores?"
  },
  {
    "sec_id": "sec0005",
    "sentence": "Finally, we address the question of whether normalization of the citation scores increases or reduces this chance."
  },
  {
    "sec_id": "sec0005",
    "sentence": "Let us note that the analysis is correlational."
  },
  {
    "sec_id": "sec0005",
    "sentence": "One cannot conclude that FICs influence citation impact since a third factor such as the quality of the paper may be involved ([bib0030]).",
    "intent": "background"
  },
  {
    "sec_id": "sec0005",
    "sentence": "If a paper is of high quality, e.g., it may attract large numbers of citations and be published in a journal with a high impact."
  },
  {
    "sec_id": "sec0005",
    "sentence": "The relation between the JIF and the citation impact is then spurious."
  },
  {
    "sec_id": "sec0005",
    "sentence": "From this perspective, the terminology \u201cfactors influencing citation\u201d is unfortunate."
  },
  {
    "sec_id": "sec0010",
    "sentence": "In the following, only a short review focusing on recent and overview studies is provided."
  },
  {
    "sec_id": "sec0010",
    "sentence": "Recently, [bib0205] published a comprehensive review of FICs. The results of many studies question the usefulness of citation counts for measuring research impact or of using citation counts as a proxy for research quality.",
    "intent": "motivation background"
  },
  {
    "sec_id": "sec0010",
    "sentence": "Overviews of FICs listed in tabular forms can be found in [bib0170] and [bib0065].",
    "intent": "background"
  },
  {
    "sec_id": "sec0010",
    "sentence": "Both tables emphasize the Journal Impact Factor (JIF, [bib0085]) as an important factor in receiving citations.",
    "intent": "uses"
  },
  {
    "sec_id": "sec0010",
    "sentence": "In a recent study, [bib0070] investigated a range of factors which may be associated with the citation counts of social-science papers.",
    "intent": "background"
  },
  {
    "sec_id": "sec0010",
    "sentence": "The authors conclude that \u201cjournal and [cited] reference characteristics, and particularly journal and reference impact, are the main extrinsic properties of articles that associate with their future citation impact in the social sciences."
  },
  {
    "sec_id": "sec0010",
    "sentence": "Journal and reference internationality can also help with the prediction of future citation impact."
  },
  {
    "sec_id": "sec0010",
    "sentence": "Research collaboration, and particularly individual and institutional collaboration, can help to predict citation counts for articles but international collaboration alone is not important, unless it is with a high impact nation."
  },
  {
    "sec_id": "sec0010",
    "sentence": "Paper length, abstract length and abstract readability are also significant determinants of citation counts, but not all make a substantial difference."
  },
  {
    "sec_id": "sec0010",
    "sentence": "In the world top institutions, articles with more readable abstracts (i.e., easier to read) were less cited but in the social sciences more readable abstracts are more cited\u201d ([bib0070]).",
    "intent": "background"
  },
  {
    "sec_id": "sec0010",
    "sentence": "[bib0190] focused on papers in environmental modelling published since 2005 and studied a range of FICs which were quantified or classified.",
    "intent": "background"
  },
  {
    "sec_id": "sec0010",
    "sentence": "The results of the study reveal that \u201cpapers with no differential equations received more citations."
  },
  {
    "sec_id": "sec0010",
    "sentence": "The topic of the paper, number of authors and publication venue were also significant."
  },
  {
    "sec_id": "sec0010",
    "sentence": "Ten other factors, some of which have been found significant in other studies, were also considered, but most added little to the predictive power of the models."
  },
  {
    "sec_id": "sec0010",
    "sentence": "Collectively, all factors predicted 16\u201329% of the variation in citation counts, with the remaining variance (the majority) presumably attributable to important subjective factors such as paper quality, clarity and timeliness\u201d ([bib0190]).",
    "intent": "background"
  },
  {
    "sec_id": "sec0010",
    "sentence": "[bib0170] studied samples of papers in six selected fields (condensed matter physics, inorganic and nuclear chemistry, electric and electronic engineering, biochemistry and molecular biology, physiology, and gastroenterology) and tried to reveal some general patterns.",
    "intent": "background"
  },
  {
    "sec_id": "sec0010",
    "sentence": "\u201cSome generality across the fields was found with regard to the selected predicting factors and the degree of significance of these predictors."
  },
  {
    "sec_id": "sec0010",
    "sentence": "The Price index [the proportion of references within 3 and 5 years ([bib0235])] was the strongest predictor of citations, and number of references was the next.",
    "intent": "background uses"
  },
  {
    "sec_id": "sec0010",
    "sentence": "The effects of number of authors and authors\u2019 achievement measures were rather weak\u201d ([bib0170]).",
    "intent": "background"
  },
  {
    "sec_id": "sec0010",
    "sentence": "For the field of \u201cinformation science & library science\u201d, [bib0225] used stepwise regression to produce a model predicting citation counts.",
    "intent": "background"
  },
  {
    "sec_id": "sec0010",
    "sentence": "The authors included a range of possible FICs and claimed that they can predict\u2013with relative good accuracy\u2013citation impact using a citation window of five years."
  },
  {
    "sec_id": "sec0015",
    "sentence": "We build on our argument for using percentiles in bibliometric evaluations ([bib0055]; [bib0135]).",
    "intent": "extends"
  },
  {
    "sec_id": "sec0015",
    "sentence": "Here, percentiles are used to field- (and time-) normalize citation counts; a percentile is the percentage of papers with lower or higher citation impact \u2212 depending on the percentile formula."
  },
  {
    "sec_id": "sec0015",
    "sentence": "[bib0115] posit that \u201cthe most robust normalization method is based on percentiles: each paper is weighted on the basis of the percentile to which it belongs in the citation distribution of its field (the top 1%, 10% or 20%, for example)\u201d (p.",
    "intent": "background"
  },
  {
    "sec_id": "sec0015",
    "sentence": "430)."
  },
  {
    "sec_id": "sec0015",
    "sentence": "This study introduces the statistical method of \u201cpercentile shares\u201d developed by [bib0120] in scientometrics.",
    "intent": "uses"
  },
  {
    "sec_id": "sec0015",
    "sentence": "Whereas percentiles are frequently used in bibliometrics to count top-cited papers, percentile shares focus on the inequality of distributions."
  },
  {
    "sec_id": "sec0015",
    "sentence": "For example, in the case of the proportion of income earned by the top-1% or top-10% of inhabitants, \u201c(p)ercentile shares quantify the proportions of total outcome (e.g. of total income) that go to different groups defined in terms of their relative ranks in the distribution."
  },
  {
    "sec_id": "sec0015",
    "sentence": "They thus have an intuitive and appealing interpretation and can be used for detailed analysis of distributional changes\u201d ([bib0120]).",
    "intent": "background"
  },
  {
    "sec_id": "sec0015",
    "sentence": "The percentile shares were calculated with the \u201cpshare\u201d command in Stata ([bib0200]) which estimates percentile shares of an outcome variable (here: citation impact data) from individual level data (here: papers).",
    "intent": "uses"
  },
  {
    "sec_id": "sec0015",
    "sentence": "A detailed description of the method can be found in [bib0120].",
    "intent": "background"
  },
  {
    "sec_id": "sec0015",
    "sentence": "For example, linear interpolation is applied in regions where the empirical distribution function is flat."
  },
  {
    "sec_id": "sec0015",
    "sentence": "Additionally, percentile shares allow determining \u201cthe relative ranks of the population members using an alternative outcome variable\u201d ([bib0120]).",
    "intent": "background uses"
  },
  {
    "sec_id": "sec0015",
    "sentence": "This is used in the present study to analyze how citation impact is distributed across different FICs groups (e.g. the bottom 50%, mid-40%, and top-10% of papers in terms of numbers of authors)."
  },
  {
    "sec_id": "sec0015",
    "sentence": "In addition to percentile shares, we report Gini coefficients."
  },
  {
    "sec_id": "sec0015",
    "sentence": "Gini coefficients are measures of inequality ([bib0095] [bib0095]): a coefficient of 1 means that a single paper receives all citations and a coefficient of 0 means that the citations are equally distributed over the papers.",
    "intent": "background"
  },
  {
    "sec_id": "sec0015",
    "sentence": "The bibliometric data were harvested from the in-house database developed and maintained by the Max Planck Digital Library (MPDL, Munich) in October 2016."
  },
  {
    "sec_id": "sec0015",
    "sentence": "The study is based on all papers in the WoS with the document type \u201carticle\u201d (n\u00a0=\u00a02,961,789) published, respectively, in 1990 (n\u00a0=\u00a0637,301), 2000 (n\u00a0=\u00a0919,485), and 2010 (n\u00a0=\u00a01,405,003)."
  },
  {
    "sec_id": "sec0015",
    "sentence": "We selected these publication years in order to study changes in skewness of citation impact data and the relatedness of citation impact with FICs in the long run of two decades."
  },
  {
    "sec_id": "sec0015",
    "sentence": "We study the relationship between citation scores and (i) the number of cited references, (ii) the number of authors, (iii) the number of papers, and (iv) the JIF of the publishing journal at the level of individual papers."
  },
  {
    "sec_id": "sec0015",
    "sentence": "Two FICs which are used in this study have missing values: 776,500 papers are published in journals without a JIF (in the MPDL in-house database) and the number of pages is not provided in the case of 13,220 papers."
  },
  {
    "sec_id": "sec0015",
    "sentence": "The large numbers of missing values for the JIF is mostly due to the fact that the in-house database does not contain JIFs for 1990."
  },
  {
    "sec_id": "sec0015",
    "sentence": "Thus, the analyses using these two variables are based on reduced data sets."
  },
  {
    "sec_id": "sec0015",
    "sentence": "Papers are categorized to six OECD classifications of disciplines: natural sciences, engineering and technology, medical and health sciences, agricultural sciences, social sciences, and humanities."
  },
  {
    "sec_id": "sec0015",
    "sentence": "These disciplinary classifications are aggregates of WoS subject categories clustering journals in the database.[fn0005]"
  },
  {
    "sec_id": "sec0030",
    "sentence": "[fig0005] shows percentile share densities of citation impact in the six different disciplinary categories."
  },
  {
    "sec_id": "sec0030",
    "sentence": "The figure is based on all articles from 1990, 2000, and 2010 and their citations during a three-year citation window (subsequent to the publication year)."
  },
  {
    "sec_id": "sec0030",
    "sentence": "The restriction to a three-year citation window is justified by the fact that one can expect more citations for papers published a long time ago than for papers published recently."
  },
  {
    "sec_id": "sec0030",
    "sentence": "Thus, \u201cthe age of an article is to some extent controlled\u201d ([bib0165]).",
    "intent": "background"
  },
  {
    "sec_id": "sec0030",
    "sentence": "[bib0105] conclude that a three-year citation window is a good compromise between the fast obsolescence in some fields (e.g., nanotechnology) and the slow obsolescence in other fields (e.g., theoretical mathematics).",
    "intent": "background"
  },
  {
    "sec_id": "sec0030",
    "sentence": "The densities in the figure indicate how much impact each paper in a discipline receives (on average) in relation to the overall citation impact."
  },
  {
    "sec_id": "sec0030",
    "sentence": "The results are shown for three impact groups: papers belonging to the bottom-50%, mid-40% (that is, the 50\u201390% range), and the top-10% in terms of citations."
  },
  {
    "sec_id": "sec0030",
    "sentence": "Furthermore, the results are separately visualized for the natural sciences, engineering and technology, medical and health sciences, agricultural sciences, social sciences, and humanities."
  },
  {
    "sec_id": "sec0030",
    "sentence": "[fig0005] shows that papers in the top-10% group receive citation impact which is between five and eight times above the average impact."
  },
  {
    "sec_id": "sec0030",
    "sentence": "This highest value of approximately eight times can be observed in the case of the humanities; in all other disciplines the values are significantly lower."
  },
  {
    "sec_id": "sec0030",
    "sentence": "Although the results in the figure are in agreement with many other studies on citation impact distributions (see above), percentile shares visualize the skewness in different disciplines very clearly."
  },
  {
    "sec_id": "sec0030",
    "sentence": "We extend the analyses of citation distributions now by showing differences between the years 1990, 2000, and 2010 and by comparing the citation distributions with linked cited references distributions."
  },
  {
    "sec_id": "sec0030",
    "sentence": "Linked cited references are that subgroup of all cited references, which could be matched with a publication record in WoS."
  },
  {
    "sec_id": "sec0030",
    "sentence": "In contrast to the results in [fig0005] (where a fixed citation window is used), the citation window for each paper in the following figures is from publication year (e.g., 1990) up to the end of 2014."
  },
  {
    "sec_id": "sec0030",
    "sentence": "[fig0010] (left side) shows the percentage of citation counts in different disciplines which fall upon the bottom-50% (blue segment), mid-40% (red segment), and top-10% (green segment) of papers."
  },
  {
    "sec_id": "sec0030",
    "sentence": "The percentages of citation counts in [fig0010] (left side) are compared with the percentages of linked cited references of the same papers ([fig0010], right side)."
  },
  {
    "sec_id": "sec0030",
    "sentence": "We can see in [fig0010] (Times cited, 1990), for example, that the 10% of papers from 1990 with the most citation impact received 57.6% of the total impact (which all papers from 1990 have received)."
  },
  {
    "sec_id": "sec0030",
    "sentence": "The bottom-50% of papers in terms of citation impact received less than 10% of total impact."
  },
  {
    "sec_id": "sec0030",
    "sentence": "This skew in the distribution of impact is visible for all disciplines."
  },
  {
    "sec_id": "sec0030",
    "sentence": "The citation impact distribution is most-highly skewed in the case of the humanities: the top-10% received 75.6% of the total citation impact (in 1990)."
  },
  {
    "sec_id": "sec0030",
    "sentence": "Note that the Arts & Humanities Citation Index (A&HCI) itself is relatively stable in the period under study ([bib0140]).",
    "intent": "background"
  },
  {
    "sec_id": "sec0030",
    "sentence": "The comparison of the publication years (1990, 2000, and 2010) shows that the share of impact accounting for the top-10% segment is decreasing which is especially visible for the social sciences (from 66.4% in the 1990 to 45.1% in 2010)."
  },
  {
    "sec_id": "sec0030",
    "sentence": "Thus, the results point to a decreasing focus of citing authors on the top-cited papers."
  },
  {
    "sec_id": "sec0030",
    "sentence": "During these two decades (1990\u20132010), social scientists increasingly moved from a national orientation towards adopting international standards and thus became more similar to the other sciences ([bib0075], [bib0155]).",
    "intent": "background"
  },
  {
    "sec_id": "sec0030",
    "sentence": "In addition to percentile shares, [fig0010] also shows Gini coefficients along the right axis: in agreement with the percentile share results, the Gini coefficients point to a decreasing focus on the top-cited papers."
  },
  {
    "sec_id": "sec0030",
    "sentence": "The times cited information in the WoS database is derived from the cited references extracted from the citing papers: Citations are the number of matches between the cited references of citing papers and the bibliographic information of records in the database."
  },
  {
    "sec_id": "sec0030",
    "sentence": "Linked cited references are that part of all cited references which could be matched not only on the citing side, but also on the cited side."
  },
  {
    "sec_id": "sec0030",
    "sentence": "Because the domain is then delineated, one may expect similar distributions of linked cited references and citations: The bar charts on the right side of [fig0010] show the distributions of the number of linked cited references in the papers from 1990, 2000, and 2010."
  },
  {
    "sec_id": "sec0030",
    "sentence": "The distributions of the cited references show similar patterns as the distributions of the citations."
  },
  {
    "sec_id": "sec0030",
    "sentence": "However, the distributions are not as skewed as the citation counts distributions."
  },
  {
    "sec_id": "sec0030",
    "sentence": "This is also indicated by the lower Gini coefficients."
  },
  {
    "sec_id": "sec0030",
    "sentence": "In this section, we extend the analysis of citation distributions using percentile shares by further considering FICs. [fig0015], [fig0020], [fig0025], [fig0030], [fig0035] visualize the relationships between citation counts and each FIC under study."
  },
  {
    "sec_id": "sec0030",
    "sentence": "All figures have the same layout: The left side shows the results based on the times cited information from the WoS database; the right side shows the results for the same data normalized against the mean citation score in the reference set (MNCS, see [bib0175]).",
    "intent": "uses"
  },
  {
    "sec_id": "sec0030",
    "sentence": "The MNCS-indicator is field and time normalized: each paper\u2019s citation impact is divided by the mean citation rate in the corresponding field (WoS subject category) of the publishing journal and the publication year ([bib0035]).",
    "intent": "uses"
  },
  {
    "sec_id": "sec0030",
    "sentence": "Although the mean citation rate should not be considered as the expected rate because of the skew in the distributions, the MNCS is used as a standard indicator in bibliometrics."
  },
  {
    "sec_id": "sec0030",
    "sentence": "The results for the MNCS are additionally shown in the figures because it can be tested whether the normalization lowers the correlation between FICs and citations."
  },
  {
    "sec_id": "sec0030",
    "sentence": "For example, the number of authors is one of the FICs in this study."
  },
  {
    "sec_id": "sec0030",
    "sentence": "The mean number of authors is different in the subject categories within the disciplines."
  },
  {
    "sec_id": "sec0030",
    "sentence": "If the citation impact of the papers is normalized by the mean citation rates in the categories, the effect of the number of authors on the citation impact of the papers might be reduced."
  },
  {
    "sec_id": "sec0030",
    "sentence": "The reduction would be an important argument for the use of normalized citations for research evaluation purposes, since citation scores should be influenced as little as possible by factors which are extrinsic to the substantive quality of the papers themselves."
  },
  {
    "sec_id": "sec0030",
    "sentence": "[fig0015] shows the percentage of citation impact which falls upon the bottom-50% (blue segment), mid-40% (red segment), and top-10% (green segment) of papers in terms of all (linked and not-linked) cited reference counts in different disciplines."
  },
  {
    "sec_id": "sec0030",
    "sentence": "For example, the results for \u201cTimes cited, 2010\u201d (Total) reveal that the top-10% of papers in terms of counts of cited references produce 16.8% of the citation impact."
  },
  {
    "sec_id": "sec0030",
    "sentence": "The percentages for the mid-40% and bottom 50% are 51.2% and 32%, respectively."
  },
  {
    "sec_id": "sec0030",
    "sentence": "Thus, the top-10% of papers in terms of cited reference counts acquire nearly 7 percentage points more citation impact than can be expected (the expected value is 10%)."
  },
  {
    "sec_id": "sec0030",
    "sentence": "In contrast, the bottom 50% in terms of cited reference counts is related to 32% of the citation impact."
  },
  {
    "sec_id": "sec0030",
    "sentence": "This is about 20% less than one can expect."
  },
  {
    "sec_id": "sec0030",
    "sentence": "Since this pattern is visible for all disciplines and publication years in [fig0015], more cited reference counts of papers seems to be related to more citations."
  },
  {
    "sec_id": "sec0030",
    "sentence": "This result is in agreement with the results of [bib0220] who shows for papers in evolutionary psychology that \u201clog citations and log references were positively related \u2026 In other words, reference counts explained 19% of the variance in citation counts\u201d (p.",
    "intent": "similarities"
  },
  {
    "sec_id": "sec0030",
    "sentence": "356)."
  },
  {
    "sec_id": "sec0030",
    "sentence": "The results for the normalized impact groups in [fig0015] show that the normalized impact is somewhat more expectedly distributed over the cited references groups than the raw citation counts (see, e.g., the lower Gini coefficients for the normalized citations compared to the coefficients for times cited)."
  },
  {
    "sec_id": "sec0030",
    "sentence": "[fig0020] is based on the linked cited references which is a sub-group of all cited references (see above)."
  },
  {
    "sec_id": "sec0030",
    "sentence": "The most interesting result is the very high share of citation impact (\u201cTimes cited\u201d) which is related to the 10% of papers in terms of linked cited references in the humanities: between 47.2% and 60.1% of the citation impact."
  },
  {
    "sec_id": "sec0030",
    "sentence": "These percentages are much larger than those reported in [fig0015] for all (linked and not-linked) cited references (between 24.1% and 30.5%)."
  },
  {
    "sec_id": "sec0030",
    "sentence": "Thus, limiting the analysis to the linked cited references leads to an enormous increase in the inequality of citation impact and focus on the top-10% of papers in terms of cited references."
  },
  {
    "sec_id": "sec0030",
    "sentence": "However, as the right column in [fig0020] shows the normalization (of the citation impact) is able to decrease the effect of the linked cited references on the citation impact in this discipline."
  },
  {
    "sec_id": "sec0030",
    "sentence": "[bib0080] analyzed articles published in Econometrica and the Journal of Econometrics and found that papers with more authors tend to receive more citations.",
    "intent": "background"
  },
  {
    "sec_id": "sec0030",
    "sentence": "This relationship might be the \u201cresult of self-citations, but it can also be due to network effects as more authors can give more presentations at seminars and conferences and as they each may have more students who might cite their work\u201d ([bib0080]).",
    "intent": "background"
  },
  {
    "sec_id": "sec0030",
    "sentence": "Basically, one can think of \u201ca reference by n authors as having n times more proponents than a solo-authored one\u201d ([bib0215]).",
    "intent": "background"
  },
  {
    "sec_id": "sec0030",
    "sentence": "The positive relationship between the number of authors and the intensity of citation impact has also been pointed out for normalized citation data ([bib0020]).",
    "intent": "background"
  },
  {
    "sec_id": "sec0030",
    "sentence": "[fig0025] shows percentages of citation impact which fall upon the bottom 50% (blue segment), mid-40% (red segment), and top-10% (green segment) of papers in terms of author counts in different disciplines."
  },
  {
    "sec_id": "sec0030",
    "sentence": "For most of the disciplines in the figure, the Gini coefficients are lower than the coefficients reported in [fig0020]."
  },
  {
    "sec_id": "sec0030",
    "sentence": "Thus, the citation distributions over the three author groups are closer to the expectations than the distributions over the groups based on linked cited references."
  },
  {
    "sec_id": "sec0030",
    "sentence": "However, the shares of the citation impact in [fig0025] which are related to the top-10% of papers in terms of author counts are slightly increasing in most of the disciplines (both, for impact measured in terms of non-normalized and normalized citations)."
  },
  {
    "sec_id": "sec0030",
    "sentence": "The comparison of the percentages for \u201cTimes cited\u201d and \u201cNormalized citations\u201d reveal that the normalization leads to a reduced effect of author counts on citation impact (especially for the humanities): The percentages based on normalized citations for the group of the top-10% papers (in terms of author counts) is lower than the percentages based on times cited."
  },
  {
    "sec_id": "sec0030",
    "sentence": "The opposite is true for the group of papers with the lowest number of authors (the papers of the bottom 50%)."
  },
  {
    "sec_id": "sec0030",
    "sentence": "In the literature, arguments can be found that the length of papers is related to the numbers of citations."
  },
  {
    "sec_id": "sec0030",
    "sentence": "For example, [bib0090] reported for papers published in the Journal of Atmospheric and Terrestrial Physics that \u201cthe longer the paper, the more citations it received\u201d (p.",
    "intent": "background"
  },
  {
    "sec_id": "sec0030",
    "sentence": "1402)."
  },
  {
    "sec_id": "sec0030",
    "sentence": "[fig0030] shows the corresponding percentages for this relationship based on all articles published in 1990, 2000, and 2010."
  },
  {
    "sec_id": "sec0030",
    "sentence": "The results point to a decreasing effect of page numbers on citation impact."
  },
  {
    "sec_id": "sec0030",
    "sentence": "For example, whereas 22% of the citation impact in the humanities account for the top-10% of papers from 1990 in terms of page numbers (see the \u201cTimes cited\u201d column), this percentage is reduced to 13.2% in 2010."
  },
  {
    "sec_id": "sec0030",
    "sentence": "The 2010 results for nearly all disciplines (\u201cTimes cited\u201d) show distributions of citation impact over page number categories which are close to the expected values of 10%, 40%, and 50%."
  },
  {
    "sec_id": "sec0030",
    "sentence": "The final FIC which is included in this study is the JIF, which has been studied as FIC in many other studies."
  },
  {
    "sec_id": "sec0030",
    "sentence": "The overview of [bib0170] points out that the JIF can be considered as a strong predictor of citation impact.",
    "intent": "background"
  },
  {
    "sec_id": "sec0030",
    "sentence": "For example, the results of [bib0180] show that \u201cthe prominence of the journal where an article is published, measured by its impact factor, is positively correlated to the number of citations that the article will gather over time.",
    "intent": "background"
  },
  {
    "sec_id": "sec0030",
    "sentence": "Because identical articles published in different journals were compared, the characteristics of the articles themselves (be it quality of writing, scientific originality, or repute of the authors) could not have explained the observed differences."
  },
  {
    "sec_id": "sec0030",
    "sentence": "Hence, these results reflect pure journal-related bias in citation counts\u201d (p."
  },
  {
    "sec_id": "sec0030",
    "sentence": "662)."
  },
  {
    "sec_id": "sec0030",
    "sentence": "The benefit of receiving more citations because of a high impact of the publishing journal is debatable."
  },
  {
    "sec_id": "sec0030",
    "sentence": "[bib0160] argue that \u201creceiving more citations is granted in 90% of the cases only if the IF ratio is greater than 6, while targeting a journal with an IF 2 higher than another brings in marginal citation benefit.\u201d The results of [bib0150] further show that the citation impact of papers has increasingly been related to the JIF over the publication years.",
    "intent": "background"
  },
  {
    "sec_id": "sec0030",
    "sentence": "Perhaps, researchers have increasingly become aware of the importance of the JIF in evaluations and thus submit their best papers to journals with high JIF."
  },
  {
    "sec_id": "sec0030",
    "sentence": "According to [bib0015] JIF has even become a perverse incentive in the publication system ([bib0145]).",
    "intent": "background"
  },
  {
    "sec_id": "sec0030",
    "sentence": "Given this symbolic value of JIFs in research management, it is not surprising in the science system today that researchers in some countries (e.g., developing countries) receive bonuses or salary increases when they publish in high-impact journals ([bib0185]).",
    "intent": "background"
  },
  {
    "sec_id": "sec0030",
    "sentence": "[fig0035] shows the percentage of citation impact in different disciplines which falls upon the bottom-50%, mid-40%, and top-10% when papers are ranked in terms of journal impact."
  },
  {
    "sec_id": "sec0030",
    "sentence": "In agreement with the results of [bib0170], the JIF seems to be the strongest predictor of citation impact of single papers when compared to the other FICs. If we compare the percentages of citation impact which accounts for the top-10% of papers in terms of the different FICs in [fig0015], [fig0020], [fig0025], [fig0030], [fig0035], we can mostly observe the highest values in [fig0035].",
    "intent": "similarities"
  },
  {
    "sec_id": "sec0030",
    "sentence": "The only exceptions in this comparison are the results for the humanities."
  },
  {
    "sec_id": "sec0030",
    "sentence": "For example, whereas 31% of the citation impact account for the top-10% in terms of journal impact (see [fig0035], \u201cTimes Cited, 2010\u201d across all disciplines), this value is only 8.16% for page numbers, 19.7% for author counts, 20.7% for linked cited references, and 16.8% for all cited references."
  },
  {
    "sec_id": "sec0030",
    "sentence": "Similar to the results of other FICS, [fig0035] shows that the relatedness of journal impact and citation counts of papers is different for raw or normalized citations: The effect is significantly reduced if normalized citations instead of raw citation counts are used (e.g. from 31% in 2010 to 22.3% across all disciplines)."
  },
  {
    "sec_id": "sec0030",
    "sentence": "One reason for the reduction might be that the citations are normalized on the base of WoS subject categories."
  },
  {
    "sec_id": "sec0030",
    "sentence": "These categories are aggregated journal sets."
  },
  {
    "sec_id": "sec0030",
    "sentence": "Thus, the mean citation rates of the JIFs and the normalized citations might well be spuriously related."
  },
  {
    "sec_id": "sec0045",
    "sentence": "The skewness of citation data is frequently discussed in connection with the JIF ([bib0040]; [bib0050]), although the citation data for the calculation of the JIF are less skew because they refer to a citation window of only one previous year (t\u00a0\u2212\u00a02).",
    "intent": "background"
  },
  {
    "sec_id": "sec0045",
    "sentence": "The JIF is sometimes used in research evaluations as a surrogate for citation scores of single papers."
  },
  {
    "sec_id": "sec0045",
    "sentence": "This practice has been frequently criticized by referring to the skewness of citations over journal papers: the results of [bib0130] show, for example, that \u201ccitation distributions are skewed such that most papers have fewer citations than indicated by the JIF and, crucially, that the spread of citations per paper typically spans two to three orders of magnitude resulting in a great deal of overlap in the distributions for different journals.\u201d Although this study did not investigate the skewness of citation data on the journal level, the results confirm the skewness of citation data on a much broader level, i.e., complete publication years: in 2010, nearly half of the citation impact is accounted for by the 10% most frequently cited papers, whereby the skewness is greatest in the humanities (with 68.5%) and lowest in agricultural sciences (with 40.6%).",
    "intent": "background"
  },
  {
    "sec_id": "sec0045",
    "sentence": "The differences, which we found between the results for the linked cited references and all cited references, further indicate that the very unequal distributions in the humanities can be traced back to the low coverage of the corresponding journals in the WoS database."
  },
  {
    "sec_id": "sec0045",
    "sentence": "According to [bib0195] the skewed citation distributions can be considered as the basic probability distribution of citations which reflects \u201cthe wide range of citedness values potentially attainable and the low probability of achieving a high citation rate\u201d (p.",
    "intent": "background"
  },
  {
    "sec_id": "sec0045",
    "sentence": "632)."
  },
  {
    "sec_id": "sec0045",
    "sentence": "Thus, the citation distribution seems to follow a negative binomial or Poisson distribution."
  },
  {
    "sec_id": "sec0045",
    "sentence": "This distribution is often used for situations in which many events occur with a low probability ([bib0030], [bib0100]).",
    "intent": "background"
  },
  {
    "sec_id": "sec0045",
    "sentence": "In statistics, it is sometimes recommended for several procedures (e.g. regression models) to exclude exceptional events occurring with low probability from the analysis ([bib0060]).",
    "intent": "background"
  },
  {
    "sec_id": "sec0045",
    "sentence": "In bibliometrics, however, outliers have a special meaning and many analyses specifically focus on these outliers (see, e.g., [bib0210]).",
    "intent": "background"
  },
  {
    "sec_id": "sec0045",
    "sentence": "According to [bib0100], a specific issue arises in bibliometrics, \u201cnamely that of outliers.",
    "intent": "background"
  },
  {
    "sec_id": "sec0045",
    "sentence": "While in many fields of application outliers are simply discarded as being exceptions, in bibliometrics \u2018outliers\u2019 are often part of the high-end of research performance and deserve certainly special attention\u201d (p."
  },
  {
    "sec_id": "sec0045",
    "sentence": "382, see also [bib0045]).",
    "intent": "background"
  },
  {
    "sec_id": "sec0045",
    "sentence": "We did not only investigate the skewness of citation distributions (in comparison with the skewness of cited references data, see [fig0010]), but also the consequences of skewness in relation to covariates of citation scores."
  },
  {
    "sec_id": "sec0045",
    "sentence": "In recent years, a number of FICs have been identified potentially having an effect on citation counts."
  },
  {
    "sec_id": "sec0045",
    "sentence": "This study focused on four FICs which have been frequently investigated in the past."
  },
  {
    "sec_id": "sec0045",
    "sentence": "We used percentile shares as a method to inspect the relationship between citation impact and FICs. In our opinion, this method has the advantage that the visualization of the results allows for a straightforward interpretation of the relationship."
  },
  {
    "sec_id": "sec0045",
    "sentence": "The visualizations do not only point out the comparisons between major disciplines, but enable us to show trends over decades of research (1990, 2000, and 2010)."
  },
  {
    "sec_id": "sec0045",
    "sentence": "The comparison of raw and normalized citation counts reveals whether the normalization of citations leads to a lower correlation between FICs and citation impact (this means, e.g., that the publication of a paper in a high-impact journal is less associated to more citations than its publication in a low-impact journal would have been)."
  },
  {
    "sec_id": "sec0045",
    "sentence": "The use of the term FIC in this study might suggest a causal relationship, not just a correlation between factors and citation impact."
  },
  {
    "sec_id": "sec0045",
    "sentence": "For instance, by interpreting the JIF as a FIC (and not just as a factor that correlates with citation impact), it is assumed that the correlation between JIF and citation impact is due to the influence (or the causal effect) of the JIF on the citation impact of an individual publication."
  },
  {
    "sec_id": "sec0045",
    "sentence": "Likewise, by interpreting the number of authors as a FIC, one assumes that a higher number of authors cause a higher citation impact."
  },
  {
    "sec_id": "sec0045",
    "sentence": "We decided to interpret the findings in this causal-like way, because the citation impact always follows the FICs on the time axis."
  },
  {
    "sec_id": "sec0045",
    "sentence": "However, these causal interpretations can be problematic if the relationship between the variables depends on a third variable (a moderator variable)."
  },
  {
    "sec_id": "sec0045",
    "sentence": "For example, a third variable that may need to be taken into consideration in studies on FICs is the quality of a publication ([bib0030]).",
    "intent": "background"
  },
  {
    "sec_id": "sec0045",
    "sentence": "If a publication is of high quality, this may cause the publication to be published in a journal with a high JIF and at the same time it may also cause the publication to receive a large number of citations."
  },
  {
    "sec_id": "sec0045",
    "sentence": "In this situation, the correlation between JIFs and citation impact is a spurious relationship and there does not need to be any causal effect of JIFs on citation impact."
  },
  {
    "sec_id": "sec0045",
    "sentence": "The comparison of the correlations between the different FICs and citation impact in this study shows (in agreement with the results of previous studies) that the JIF has a stronger correlation than the other FICs in most of the disciplines and publication years."
  },
  {
    "sec_id": "sec0045",
    "sentence": "This is true for both raw and normalized citation counts."
  },
  {
    "sec_id": "sec0045",
    "sentence": "It is a further important result of the study for the use of citation counts for research evaluation purposes that the effect of the FICs on citation impact decreases when normalized citations instead of raw citation counts are used."
  },
  {
    "sec_id": "sec0045",
    "sentence": "It has become a standard in bibliometrics that citation counts are normalized with regard to the FICs \u201cfield\u201d, \u201cpublication year\u201d and \u201cdocument type\u201d (but not any other FICs)."
  },
  {
    "sec_id": "sec0045",
    "sentence": "Although other FICs are not considered in the normalization procedure, their effects are reduced."
  },
  {
    "sec_id": "sec0045",
    "sentence": "However, their effects do not completely vanish but remain, especially for the JIF: Whereas one can expect three times more impact for the papers from 2010 with the highest JIFs in terms of citation counts, this is reduced to two times more impact in case of using normalized citations."
  },
  {
    "sec_id": "sec0045",
    "sentence": "One can expect that this positive effect of normalized citations is not specific to the MNCS, but will also be seen for other normalized indicators (e.g., percentiles or citing-side indicators) and/or classification schemes other than WoS subject categories."
  },
  {
    "sec_id": "sec0045",
    "sentence": "However, it would be interesting to investigate this empirically in a future study."
  },
  {
    "sec_id": "sec0050",
    "sentence": "Lutz Bornmann: Conceived and designed the analysis, collected the data, contributed data or analysis tools, performed the analysis."
  },
  {
    "sec_id": "sec0050",
    "sentence": "Loet Leydesdorff: Wrote the paper."
  }
]