[
  {
    "sec_id": "sec0005",
    "sentence": "Production and cost analysis plays a central role in the management of all productive systems, because it is the starting point for obtaining better and more profitable products."
  },
  {
    "sec_id": "sec0005",
    "sentence": "Research is also a productive process, for which production and costs should likewise be analyzed in order to improve its societal benefits."
  },
  {
    "sec_id": "sec0005",
    "sentence": "However, there are multiple examples of countries\u2019 research policies that are established without any production and cost analysis, either on the assumption that research is always profitable or taking for granted conclusions about its output that have never been demonstrated."
  },
  {
    "sec_id": "sec0005",
    "sentence": "The most remarkable case of the latter is the research policy of the EU."
  },
  {
    "sec_id": "sec0005",
    "sentence": "For a long time, it has been held that the EU\u2019s technological weakness lies in its inferiority in transforming scientific breakthroughs and technological achievements into industrial and commercial successes; this has been known as the \u201cEuropean paradox\u201d ([bib0090]).",
    "intent": "background"
  },
  {
    "sec_id": "sec0005",
    "sentence": "The basis for this proposal is that EU\u2019s research is excellent and that the EU leads the world in scientific breakthroughs and technological achievements."
  },
  {
    "sec_id": "sec0005",
    "sentence": "This assumption of excellence has been the basis of EU research policy from 1995 through to the current EU research framework program Horizon 2020 but, surprisingly, research policy makers in the EU have never demonstrated the existence of such an excellence."
  },
  {
    "sec_id": "sec0005",
    "sentence": "In contrast with this political assumption, many academic publications have demonstrated that the proposed excellence of scientific research in the EU is highly questionable or in fact inexistent ([bib0015]; [bib0025]; [bib0030]; [bib0080]; [bib0145]; [bib0210]; [bib0225]; [bib0240]).",
    "intent": "background"
  },
  {
    "sec_id": "sec0005",
    "sentence": "Currently, two main documents have been produced to give support to the new EU research program that will substitute for Horizon 2020: the \u201cInterim Evaluation of Horizon 2020\u201d ([bib0100]) and the \u201cLAB-FAB-APP \u2013 Investing in the European future we want\u201d ([bib0105]).",
    "intent": "background"
  },
  {
    "sec_id": "sec0005",
    "sentence": "In these documents, the \u201cEuropean paradox\u201d is not mentioned, but the assumption of the excellence of the EU research is identical to which has always underpinned the idea of the \u201cEuropean paradox.\u201d Although it is well known that innovation goes beyond science and technology, and that incremental innovation might occur independently from basic research, for breakthrough innovation at the leading edge of knowledge, research is crucial (e.g., [bib0170]; [bib0200]).",
    "intent": "background"
  },
  {
    "sec_id": "sec0005",
    "sentence": "Therefore, it is highly worrying that the European Commission continues to apply a research policy that ignores academic findings, which indubitably demonstrate the weakness of EU research."
  },
  {
    "sec_id": "sec0005",
    "sentence": "One factor that might explain the reluctance of the European Commission to accept the academic findings could be the complexity of academic approaches."
  },
  {
    "sec_id": "sec0005",
    "sentence": "To solve this problem a recently developed approach based on the well-established percentile apportionment method ([bib0040]; [bib0045]; [bib0285]) uses two simple indicators which are obtained by analyzing the distribution of country papers among the world papers ([bib0060]).",
    "intent": "background"
  },
  {
    "sec_id": "sec0005",
    "sentence": "Going up in the percentile scale, the frequency of papers from the more research-active countries increases while the frequency from the less-active countries decreases."
  },
  {
    "sec_id": "sec0005",
    "sentence": "The trend of this frequency is uniform at any citation level and is measured by the first indicator used in this study, the ep index (see Section [sec0015])."
  },
  {
    "sec_id": "sec0005",
    "sentence": "The second indicator, P\u2019top 0.01%, estimates the likelihood for a research system to publish very highly cited papers ([bib0060]).",
    "intent": "uses"
  },
  {
    "sec_id": "sec0005",
    "sentence": "Although the P\u2019top 0.01% indicator estimates the frequency of infrequent events, it is calculated attending to the distribution of all publications, which includes the lowly cited ones that are the most numerous in all research systems."
  },
  {
    "sec_id": "sec0005",
    "sentence": "By using these two new mathematically based indicators, this study aimed to answer the question of whether research in the EU is excellent, as proposed by the European Commission, or weak, as proposed by several academic publications."
  },
  {
    "sec_id": "sec0005",
    "sentence": "Furthermore, we centered this study on technology, performing bibliometric searches on the research topics that support technological advancements in the forefront of knowledge."
  },
  {
    "sec_id": "sec0010",
    "sentence": "The question addressed in this study is whether the research excellence of EU research that is assumed by policy makers is actually true."
  },
  {
    "sec_id": "sec0010",
    "sentence": "Since 1995, when the existence of a \u201cEuropean paradox\u201d was proposed ([bib0090]), a large number of documents from the European Commission have praised the excellence of EU research.",
    "intent": "background"
  },
  {
    "sec_id": "sec0010",
    "sentence": "This praise continues in two current documents that are important for future EU research policy ([bib0100], [bib0105]).",
    "intent": "background"
  },
  {
    "sec_id": "sec0010",
    "sentence": "In these documents, the number of sentences or paragraphs referring to research excellence that could be recorded is very large."
  },
  {
    "sec_id": "sec0010",
    "sentence": "However, this continuous application of the term excellence to research takes place without reference to any definition or metric."
  },
  {
    "sec_id": "sec0010",
    "sentence": "This absence of precision seems to be a general problem: the OECD document \u201cPromoting Research Excellence."
  },
  {
    "sec_id": "sec0010",
    "sentence": "New approaches to funding\u201d explicitly states: \u201cThe issue of what research excellence actually is or should be about is not part of this report\u201d ([bib0205]).",
    "intent": "background"
  },
  {
    "sec_id": "sec0010",
    "sentence": "For more information the OECD document refers to the 2012 conference \u201cExcellence Revised\u201d (www.excellence2012.dk, accessed 01/10/2018) where a definition cannot be found."
  },
  {
    "sec_id": "sec0010",
    "sentence": "In scientometrics, references to excellence are very frequent (e.g., [bib0035]; [bib0270]); in 2014 there were more than 70,000 references to \u201cresearch excellence\u201d in research literature ([bib0260]).",
    "intent": "background"
  },
  {
    "sec_id": "sec0010",
    "sentence": "However, in most cases, excellence is associated to a fuzzy concept for which \u201cno single indicator of excellence can be used in isolation to capture the full picture\u201d ([bib0265]).",
    "intent": "background"
  },
  {
    "sec_id": "sec0010",
    "sentence": "Consistent with this fuzzy concept, a publication from the EU\u2019s Joint Research Center entitled \u201cComposite Indicators or Research Excellence\u201d ([bib0280]) reports an exhaustive analysis of 22 indicators.",
    "intent": "background"
  },
  {
    "sec_id": "sec0010",
    "sentence": "More recently the European Commission has reduced the number of indicators to just four ([bib0140]), of which only the first\u2014number of highly cited publications\u2014is bibliometric.",
    "intent": "background"
  },
  {
    "sec_id": "sec0010",
    "sentence": "The usefulness of the three non-bibliometric indicators: (i) high quality patent applications, (ii) world class universities and research institutions, and (iii) high prestige research grants, is not clear because they are related to or dependent on the bibliometric one."
  },
  {
    "sec_id": "sec0010",
    "sentence": "Thus, the relation of high quality patents and highly cited papers has been demonstrated by [bib0195]; it is probable that all universities and institutions research rankings take the number of highly cited publications into account; it is unlikely that high prestige research grants do not take into account the research experience of the project\u2019s authors, which correlates with the number of highly cited papers they have published.",
    "intent": "background"
  },
  {
    "sec_id": "sec0010",
    "sentence": "Taking these considerations together, the number of highly cited papers seems to be the most important indicator of research excellence."
  },
  {
    "sec_id": "sec0010",
    "sentence": "Moreover, the use of the number of highly cited publications as an indicator of research excellence underlays the assumption that research excellence equates to a high scientific impact."
  },
  {
    "sec_id": "sec0010",
    "sentence": "However, although this impact may be estimated from the number of highly cited papers ([bib0060] and references therein), excellence implies superiority but does not indicate the magnitude of this superiority.",
    "intent": "background"
  },
  {
    "sec_id": "sec0010",
    "sentence": "Therefore, in most evaluations, the selection of the citation level or percentile threshold is made arbitrarily ([bib0250]).",
    "intent": "background"
  },
  {
    "sec_id": "sec0010",
    "sentence": "In percentile-based evaluations, thresholds of 10%, 5%, or 1% have been widely used ([bib0030]; [bib0055]; [bib0080]; [bib0155]; [bib0180]; [bib0270]; [bib0275]).",
    "intent": "background"
  },
  {
    "sec_id": "sec0010",
    "sentence": "In rankings, SCIMAGO ([fig0010] in [bib0060]).",
    "intent": "background"
  },
  {
    "sec_id": "sec0010",
    "sentence": "In the aforementioned European Commission documents, the 10% percentile is selected to measure research excellence ([bib0140], p.",
    "intent": "background"
  },
  {
    "sec_id": "sec0010",
    "sentence": "18), but this selection is intrinsically misleading."
  },
  {
    "sec_id": "sec0010",
    "sentence": "In fact, in recent years the EU\u2019s concept of excellence has varied and now \u201cexcellence is more sharply defined and connected with a particular sort of knowledge that produces breakthroughs\u201d ([bib0260]); it is highly questionable that 10 out of 100 publications report scientific breakthroughs.",
    "intent": "background"
  },
  {
    "sec_id": "sec0010",
    "sentence": "In addition to the complex issue of the citation or percentile threshold from which excellence should be established, another issue is that although, in principle, excellence is a size-independent concept, its evaluation by some methods is size dependent ([bib0070]).",
    "intent": "background"
  },
  {
    "sec_id": "sec0010",
    "sentence": "In percentile-based assessments, a way to obtain an indicator independent from size is to divide the percentile counts by the total number of publications (PPtop x% indicators; [bib0050]; [bib0290]; [bib0285]).",
    "intent": "background"
  },
  {
    "sec_id": "sec0010",
    "sentence": "This approach normalizes for the size, but if we compare two countries the ratio between the resulting indicators will vary depending on the percentile selected."
  },
  {
    "sec_id": "sec0010",
    "sentence": "This variation can easily be demonstrated because the distribution of publications in percentiles follows a simple power law function that fits a wide range of percentiles ([bib0060]).",
    "intent": "background"
  },
  {
    "sec_id": "sec0010",
    "sentence": "Then, the number of papers in a percentile x, denoted by Nx, can be written as:(1)Nx=Ax\u221dwhere x ranges between 0% and 100%."
  },
  {
    "sec_id": "sec0010",
    "sentence": "In the percentile 100% all N papers are included, so we can calculate A and rewrite the equation above as:(2)Nx=Nx100\u221d"
  },
  {
    "sec_id": "sec0010",
    "sentence": "Finally, dividing by N we obtain the cumulative probability function that remains a function of x, but independent of N."
  },
  {
    "sec_id": "sec0010",
    "sentence": "Thus, when comparing the PPtop x% indicators of two countries, the result will depend on the percentile."
  },
  {
    "sec_id": "sec0010",
    "sentence": "For example, if we calculate the ratio between the PPtop x% indicators of two countries with \u03b11 and \u03b12 power law exponents, we have(3)PPtopx%ratio=x100\u221d1\u2212\u221d2this equation demonstrates that comparisons at different percentiles produce different results."
  },
  {
    "sec_id": "sec0015",
    "sentence": "To solve this conundrum about the meaning of research excellence and the difficulties of its quantification, we propose to associate excellence with efficiency, which does have a quantitative meaning."
  },
  {
    "sec_id": "sec0015",
    "sentence": "However, this association implies neither a link with productivity\u2014as in \u201cProductivity is the quintessential indicator of efficiency in any production system\u201d ([bib0005], p.",
    "intent": "background"
  },
  {
    "sec_id": "sec0015",
    "sentence": "1129)\u2014nor any input-output relationship."
  },
  {
    "sec_id": "sec0015",
    "sentence": "This relationship has been extensively discussed elsewhere ([bib0010]; [bib0120]; [bib0235]; [bib0295]) but here we use efficiency in the sense of intrinsic efficiency or breakthrough potential, i.e., independent of inputs.",
    "intent": "background"
  },
  {
    "sec_id": "sec0015",
    "sentence": "This definition could be seen as the capacity of a research system to produce revolutionary science with the minimum possible amount of normal science, using Kuhn\u2019s terms ([bib0160]).",
    "intent": "uses"
  },
  {
    "sec_id": "sec0015",
    "sentence": "To make this definition of efficiency quantifiable we take advantage of the power law function that describes the percentile distribution of publications, Eq. ([sec0005])."
  },
  {
    "sec_id": "sec0015",
    "sentence": "Also important for the purpose of our study is that our definition of excellence in terms of intrinsic efficiency or breakthrough potential is not related to some definitions that have been used elsewhere."
  },
  {
    "sec_id": "sec0015",
    "sentence": "For example, \u201ca national research system\u2019s efficiency can be defined as the extent to which a country is able to transform research assets into excellent research\u201d ([bib0135]).",
    "intent": "background"
  },
  {
    "sec_id": "sec0015",
    "sentence": "In this case, assets refer to gross expenditures in R&D, Government and higher education sector expenditures in R&D, and business expenditures in R&D, and excellent research is measured by the top 10% most cited papers, as previously explained."
  },
  {
    "sec_id": "sec0015",
    "sentence": "To measure the intrinsic efficiency or breakthrough potential of a research system, here we describe the ep (efficiency based on percentiles or excellence based on percentiles) index."
  },
  {
    "sec_id": "sec0015",
    "sentence": "The ep index is defined as(4)ep\u202f=\u202fPtop 1%/Ptop 10%operating with the values of the Ptop 1% and Ptop 10% indicators shown in Eq. ([sec0010]) we obtain(5)ep\u202f=\u202f10\u2212\u03b1where \u03b1 is the exponent in Eqs."
  },
  {
    "sec_id": "sec0015",
    "sentence": "([sec0005]) and ([sec0010])."
  },
  {
    "sec_id": "sec0015",
    "sentence": "At any percentile level, this exponent determines the potential of a country or institution in producing highly cited publications\u2015higher \u03b1 implies lower efficiency because x/100 is \u22641."
  },
  {
    "sec_id": "sec0015",
    "sentence": "In other words, because highly cited papers cannot exist without a quite high amount of lowly cited papers, the ep index measures the intrinsic efficiency of the research system in producing papers at a given citation level from the number of papers at lower levels of citations; for example, let us say, the number of the top 10% most cited papers with reference to the number of the top 50% most cited papers."
  },
  {
    "sec_id": "sec0015",
    "sentence": "For a research system of any size that is identical to the world system\u2015identical \u03bc and \u03c3 parameters of the lognormal distributions ([bib0230])\u2015the value of the \u03b1 exponent is 1.0; consequently the value of the ep index is 0.10 (Eq. ([sec0025])).",
    "intent": "background"
  },
  {
    "sec_id": "sec0015",
    "sentence": "The ep index measures the intrinsic efficiency or breakthrough potential in comparative terms, because it measures the distribution of the papers from a particular country across different layers of citations with reference to the world papers."
  },
  {
    "sec_id": "sec0015",
    "sentence": "Thus, the ep index implies success in a competition, in coincidence with the concept of excellence, which implies to be superior in its class."
  },
  {
    "sec_id": "sec0015",
    "sentence": "The proportion the world\u2019s discoveries or breakthroughs achieved by a country depends on two terms, the size and breakthrough potential of its research system or, in other words, on its size and value of the ep index."
  },
  {
    "sec_id": "sec0015",
    "sentence": "Therefore, to have a strong research system, countries should try to achieve the highest possible ep index and to increase the size of their system, but never to increase the size ignoring the ep index."
  },
  {
    "sec_id": "sec0015",
    "sentence": "In addition to the ep index, our results also record the Ptop 0.01% indicator."
  },
  {
    "sec_id": "sec0015",
    "sentence": "A Ptop x% indicator is useful for research evaluation because it indicates the capacity of the system to publish papers with a certain citation level, which implies the production of breakthroughs of certain relevance."
  },
  {
    "sec_id": "sec0015",
    "sentence": "Then, the indicator may be normalized with reference to other parameters such as population size, volume of research investments, or GDP."
  },
  {
    "sec_id": "sec0015",
    "sentence": "The selection of the Ptop x% indicator for evaluation purposes is not necessarily arbitrary ([bib0250]).",
    "intent": "background"
  },
  {
    "sec_id": "sec0015",
    "sentence": "The x% level depends on the opinion of experts within a field about the annual number of breakthroughs, paradigm shifts, or important discoveries that can be expected."
  },
  {
    "sec_id": "sec0015",
    "sentence": "The ratio between the number of these achievements and the total number of papers determines the percentile to be used."
  },
  {
    "sec_id": "sec0015",
    "sentence": "For example, with 100,000 publications in a field, the use of the 1% percentile would imply 1000 such achievements; our use of the 0.01% assumes 10."
  },
  {
    "sec_id": "sec0015",
    "sentence": "We used the Ptop 0.01% indicator, in the first place, because in the field of chemistry it correlates with the number of achievements in the USA and the EU awarded with Nobel Prizes ([bib0060]), and, in the second place, because it implies a reasonably number of important breakthroughs, as we describe in the next section.",
    "intent": "uses"
  },
  {
    "sec_id": "sec0015",
    "sentence": "Given the considerations described above in this section, the Ptop x% indicators can be obtained in two different ways, either by counting the papers or by using Eq. ([sec0005]) after fitting empirical data points to this equation."
  },
  {
    "sec_id": "sec0015",
    "sentence": "Therefore, we hereafter use the notations Ptop x% and P\u2019top x% to distinguish indicators that have been obtained by counting and calculation, respectively."
  },
  {
    "sec_id": "sec0015",
    "sentence": "However, we use a single notation for the ep index regardless of whether it was calculated from the Ptop 10% and Ptop 1% indicators or by curve fitting."
  },
  {
    "sec_id": "sec0020",
    "sentence": "In several publications and rankings the Ptop 1% and Ptop 10% indicators have been reported (e.g., the Leiden Ranking)."
  },
  {
    "sec_id": "sec0020",
    "sentence": "In these cases, the parameters of Eq. ([sec0005]) can be easily obtained ([bib0060]), A = Ptop 1% and \u03b1 = lg(Ptop 10%/ Ptop 1%), which implies that the ep index and the Ptop 0.01% indicator can also be easily calculated.",
    "intent": "uses"
  },
  {
    "sec_id": "sec0020",
    "sentence": "To obtain a preliminary assessment of the level of research in the EU from published data, we calculated the Ptop 0.01% indicator and ep index from the Ptop 10% and Ptop 1% data reported by [bib0055]; we also added another column showing the P\u2019top 0.01% divided by number of inhabitants of the country ([tbl0005]).",
    "intent": "uses extends"
  },
  {
    "sec_id": "sec0020",
    "sentence": "The results show very little differences in the ep index across countries but higher differences the P\u2019top 0.01% indicator per million inhabitants."
  },
  {
    "sec_id": "sec0020",
    "sentence": "At the top of the rankings is Switzerland on both the ep index and the P\u2019top 0.01% per million inhabitants."
  },
  {
    "sec_id": "sec0020",
    "sentence": "Several other countries in the European Research Area (ERA): Denmark, The Netherlands, Sweden, Belgium, Norway, and Austria show higher indicators than the four biggest EU countries: Germany, France, Italy, and Spain."
  },
  {
    "sec_id": "sec0020",
    "sentence": "Table 1."
  },
  {
    "sec_id": "sec0020",
    "sentence": "Research evaluation based on the ep index, P\u2019top 0.01% indicator, and P\u2019top 0.01% per million inhabitants across countries.[tblfn0005]"
  },
  {
    "sec_id": "sec0020",
    "sentence": "The Ptop 10% and Ptop 1% indicators were taken from [bib0055] and the Ptop 0.01% from [bib0060].",
    "intent": "uses"
  },
  {
    "sec_id": "sec0020",
    "sentence": "The ep index, which reveals excellence, is equal to the Ptop 1%/Ptop 10% ratio (see text, Section [sec0015])."
  },
  {
    "sec_id": "sec0020",
    "sentence": "In advanced technological nations, universities play a central role in country\u2019s research ([bib0125]).",
    "intent": "background"
  },
  {
    "sec_id": "sec0020",
    "sentence": "Therefore, to continue our preliminary research assessment from published data, we calculated the ep index and the P\u2019top 0.01% indicator for leading universities in the USA and the EU, taking the Ptop 10% and Ptop 1% data reported by the Leiden Ranking ([tbl0010] shows that according to both the ep index and the P\u2019top 0.01% indicator, the research performance of the two top universities in the USA was much better than that of the top universities in the ERA."
  },
  {
    "sec_id": "sec0020",
    "sentence": "In terms of the P\u2019top 0.01% indicator, the performance of the top universities in Germany, France, Italy, and Spain was poor in comparison with top USA universities, and, again, the universities of the UK, Switzerland, Denmark, and Netherlands were clearly ahead of other ERA (European Research Area) universities."
  },
  {
    "sec_id": "sec0020",
    "sentence": "In contrast with the data shown in [tbl0005], the values of the ep index in [tbl0010] are all higher than 0.1, which indicates that the selected universities have a better research performance than the world reference."
  },
  {
    "sec_id": "sec0020",
    "sentence": "Table 2."
  },
  {
    "sec_id": "sec0020",
    "sentence": "The Ptop 0.01% indicator and ep index of leading universities across countries.[tblfn0010], [tblfn0015]"
  },
  {
    "sec_id": "sec0020",
    "sentence": "The Ptop 10% and Ptop 1% data were taken from the Leiden Ranking ([sec0015]."
  },
  {
    "sec_id": "sec0020",
    "sentence": "The Ptop 0.01% indicator was calculated from Ptop 10% and Ptop 1% indicators according to the power law Eq. ([sec0005])."
  },
  {
    "sec_id": "sec0020",
    "sentence": "Although interesting, the results shown in [tbl0005], [tbl0010] do not reveal the defective research capacity of the EU at the leading edge of technological knowledge."
  },
  {
    "sec_id": "sec0020",
    "sentence": "For example, in [tbl0005], the P\u2019top 0.01% indicator should reveal the difference between the USA and the EU in garnering Nobel Prizes in Chemistry and Physics, but this does not occur because the USA/EU P\u2019top 0.01% indicator ratio is 1.3 (not shown calculations), which is much smaller than the expected ratio of 3.0 ([bib0225]).",
    "intent": "differences"
  },
  {
    "sec_id": "sec0020",
    "sentence": "In [tbl0010], a similar mathematical comparison is not possible, but again, according to previous analyses ([bib0220]), the difference between the USA and Spanish or Italian universities should be higher than the 15\u201320 ratio that is obtained from the data in [tbl0010].",
    "intent": "background"
  },
  {
    "sec_id": "sec0020",
    "sentence": "In both cases, these discrepancies occur because EU research is not homogeneously weak; it is competitive in areas of slow growth and uncompetitive in hot technological topics ([bib0025]; [bib0210]; [bib0240]), which makes the results very sensitive to the form in which the Ptop 10% and Ptop 1% papers are counted.",
    "intent": "background"
  },
  {
    "sec_id": "sec0020",
    "sentence": "When the publications in a broad research area, such as chemistry or physics, are analyzed as a totality, as in [bib0225], hot topic publications are important determinants of the differences between USA and EU research because they are highly cited and more abundant in the USA.",
    "intent": "similarities"
  },
  {
    "sec_id": "sec0020",
    "sentence": "This higher abundance increases the \u03bc parameter of the lognormal distribution of USA publications and, consequently, the USA-EU differences in the P\u2019top 0.01% indicator also increase."
  },
  {
    "sec_id": "sec0020",
    "sentence": "In contrast, when the analysis is performed independently in many narrow research areas, as in the Leiden Ranking or in [bib0055], the final indicator is dominated by the performance in quiescent topics, which represent a high proportion of world\u2019s research, and in which the differences between the USA and EU research are low or inexistent.",
    "intent": "similarities"
  },
  {
    "sec_id": "sec0020",
    "sentence": "These observations indicate that in order to obtain a reliable diagnosis of the EU research system our study has to analyze hot and quiescent areas independently without averaging the results."
  },
  {
    "sec_id": "sec0020",
    "sentence": "On the other hand, the most relevant studies should be performed in technological fields that are the most likely to produce the breakthroughs that support the knowledge-based economy."
  },
  {
    "sec_id": "sec0020",
    "sentence": "This notion is summarized with the sentence \u201cThe sort of research that matters is thus the kind that can deliver high financial returns through scientific breakthroughs and their commercialization\u201d (Sorensen et al., 2016, p."
  },
  {
    "sec_id": "sec0020",
    "sentence": "224)."
  },
  {
    "sec_id": "sec0020",
    "sentence": "Therefore, in the first place, we identified research topics at the forefront of technological research."
  },
  {
    "sec_id": "sec0020",
    "sentence": "For this purpose, in a preliminary study we identified 14 fast evolving technological topics (hereafter referred to as FETT) from among a large number of research fields by their high citation rates and current technological importance."
  },
  {
    "sec_id": "sec0020",
    "sentence": "These topics were: graphene, solar cells, nanotechnology, electronics, Li+ or Na+ batteries, metal-organic frameworks, superconductors, transistors, semiconductors, wireless communications, composite materials, quantum dots, fuel cells, and energy transfer."
  },
  {
    "sec_id": "sec0020",
    "sentence": "Obviously, these 14 topics do not cover all possible FETT, but make up a large representative sample of research areas at the forefront of knowledge that supports current breakthrough innovations and will continue supporting it in the near future."
  },
  {
    "sec_id": "sec0020",
    "sentence": "Furthermore, because it is known that EU research is weak in several of the selected FETT ([bib0025]; [bib0210]; [bib0240]), we next studied the EU research outputs in more traditional slow-evolving technological topics (hereafter referred to as SETT).",
    "intent": "uses"
  },
  {
    "sec_id": "sec0020",
    "sentence": "For this purpose we selected 10 \u201cresearch areas\u201d in the broad WoS category of \u201ctechnology\u201d: mechanics, engineering, materials science, energy & fuels, electrochemist, robotics, metallurgy & metallurgical engineering, automation & control systems, instruments & instrumentation, operation research & management science, and telecommunications."
  },
  {
    "sec_id": "sec0020",
    "sentence": "In the SETT searches we specifically exclude the research on FETT in order to produce two totally independent sets of topics."
  },
  {
    "sec_id": "sec0020",
    "sentence": "We also exclude \u201ccomputer science,\u201d which we found requires a specific study."
  },
  {
    "sec_id": "sec0020",
    "sentence": "As explained for FETT, the selected SETT do not cover all possible slow-evolving technological topics, but collectively make up a large representative sample of them."
  },
  {
    "sec_id": "sec0020",
    "sentence": "The worldwide number of articles in FETT and SETT were very similar, 194,147 and 180,196, respectively, in 2014."
  },
  {
    "sec_id": "sec0020",
    "sentence": "In contrast, citation distributions were very different."
  },
  {
    "sec_id": "sec0020",
    "sentence": "For example, in SETT articles, only five (0.003%) received more than 300 citations while in FETT articles, 207 (0.1%) exceeded that number of citations (searches on January 5, 2018)."
  },
  {
    "sec_id": "sec0020",
    "sentence": "For this number of articles the use of the P\u2019top 0.01% indicator for research evaluation implies that in these fields there are approximately 18\u201319 important breakthroughs per year."
  },
  {
    "sec_id": "sec0025",
    "sentence": "For the purpose of our study we divided the world into three geographical research areas: ERA, USA, and Others (i.e., all countries excluding ERA and USA)."
  },
  {
    "sec_id": "sec0025",
    "sentence": "These areas were analyzed independently, omitting collaborative publications between them."
  },
  {
    "sec_id": "sec0025",
    "sentence": "In addition, in view of the large differences that exist in research between Switzerland or the UK and other ERA countries ([tbl0005]), besides the searches for ERA countries, we also analyzed EU countries excluding the UK."
  },
  {
    "sec_id": "sec0025",
    "sentence": "Bibliometric searches were performed in the Science Citation Index Expanded of the Web of Science Core Collection (WoS), using the \u201cAdvanced Search\u201d feature and retrieving only publications labeled as \u201cArticles\u201d (this implies that review publications are not counted)."
  },
  {
    "sec_id": "sec0025",
    "sentence": "For FETT we used: TS=(energy transfer OR fuel cell* OR quantum dot* OR composite material* OR transistor* OR semiconductor* OR superconductor* OR graphene OR batter* OR solar cell* OR electronic* OR nano* OR metal organic framework* OR wireless)."
  },
  {
    "sec_id": "sec0025",
    "sentence": "For SETT we used: SU\u202f=\u202f((mechanics OR engineering OR materials science OR energy & fuels OR electrochemistry OR robotics OR metallurgy & metallurgical engineering OR automation & control systems OR instruments & instrumentation OR operations research & management science OR telecommunications) NOT computer science); we used the Boolean operator NOT to exclude FETT."
  },
  {
    "sec_id": "sec0025",
    "sentence": "We determined the number of publications in nine percentiles: 1, 2, 4, 7, 12, 20, 35, 60, and 100% by ordering publications according to their number of citations."
  },
  {
    "sec_id": "sec0025",
    "sentence": "The ordering of publications with the same number of citations was that provided by the database."
  },
  {
    "sec_id": "sec0025",
    "sentence": "To assign countries\u2019 publications at a specific world percentile we used the worldwide and country lists provided by the database and the number of citations to determine the country percentile limits."
  },
  {
    "sec_id": "sec0025",
    "sentence": "When the threshold occurred in a series of publications with the same number of citations both in the world and in the country, the country\u2019s threshold was situated by the proportional method as described previously ([bib0060]).",
    "intent": "uses"
  },
  {
    "sec_id": "sec0025",
    "sentence": "For fractional counting, the downloaded publications from WoS were fractionally counted based on country\u2019s author affiliations."
  },
  {
    "sec_id": "sec0025",
    "sentence": "In a few cases, we found authors with affiliations in two countries and we counted these papers as fractional\u202f=\u202f1 for both countries."
  },
  {
    "sec_id": "sec0025",
    "sentence": "However, we investigated this issue and found that it is irrelevant."
  },
  {
    "sec_id": "sec0025",
    "sentence": "Even in Singapore, where we found the highest number of double affiliations, counting a paper as either 1 or 0 had irrelevant effects for the purpose of this study."
  },
  {
    "sec_id": "sec0025",
    "sentence": "All percentile-based citation distributions were analyzed by fitting to power laws as described previously ([bib0060]).",
    "intent": "uses"
  },
  {
    "sec_id": "sec0025",
    "sentence": "Deviations from a power law at the 100% and (rarely) 60% percentiles were observed for countries with very high or very low ep values; these data points were omitted for the fitting."
  },
  {
    "sec_id": "sec0025",
    "sentence": "In small and uncompetitive countries the number of papers in the 1\u20134% percentiles was very low and noisy and these data points were also omitted."
  },
  {
    "sec_id": "sec0025",
    "sentence": "The omission of these data points did not have any effect in our study because the fits of percentiles data points to power laws show very small deviations."
  },
  {
    "sec_id": "sec0025",
    "sentence": "This accuracy has been described previously and can be checked by the visual inspection of log-log plots (e.g., [fig0005]a and b)."
  },
  {
    "sec_id": "sec0025",
    "sentence": "Furthermore, it is demonstrated by the high R2 values of the fittings: we fit 64 power laws, of which 91.5%, 37.3%, and 8.5% produced R2 values that were higher than 0.99, 0.999, and 0.98, respectively."
  },
  {
    "sec_id": "sec0025",
    "sentence": "In only one case, Poland, the log-log plot of the data points showed a biphasic trend that could not be fitted to a single power law."
  },
  {
    "sec_id": "sec0025",
    "sentence": "This biphasic trend can be analyzed in several ways but none of these analyses suggests that Poland has a significant role in EU research."
  },
  {
    "sec_id": "sec0025",
    "sentence": "Therefore, in Section [sec0035], Poland was omitted in the study of independent countries but is included in all other searchers as an EU or ERA country."
  },
  {
    "sec_id": "sec0025",
    "sentence": "Although the ep index can be calculated in two ways, Eqs."
  },
  {
    "sec_id": "sec0025",
    "sentence": "([sec0020]) and ([sec0025]), we normally calculated it from the value of \u03b1 that had been calculated by curve fitting."
  },
  {
    "sec_id": "sec0025",
    "sentence": "Finally, for publications funded by the ERC (European Research Council) we used the tag FT\u202f=\u202fERC."
  },
  {
    "sec_id": "sec0030",
    "sentence": "To determine the research performance level in Europe, we calculated the ep index and the P\u2019top 0.01% indicator (Section [sec0015]) for the four aforementioned geographical research areas for FETT and SETT publications in years 2012\u20132014."
  },
  {
    "sec_id": "sec0030",
    "sentence": "The results are recorded in [tbl0015], [tbl0020] for FETT and SETT publications, respectively."
  },
  {
    "sec_id": "sec0030",
    "sentence": "Both tables also record the total number of publications."
  },
  {
    "sec_id": "sec0030",
    "sentence": "Table 3."
  },
  {
    "sec_id": "sec0030",
    "sentence": "Research performance based on the ep index and P'top 0.01% indicator of four geographical research areas in fast evolving technology topics in three consecutive years.[tblfn0020]"
  },
  {
    "sec_id": "sec0030",
    "sentence": "The P'top 0.01% indicator was calculated after fitting the percentile empirical data to a power law function."
  },
  {
    "sec_id": "sec0030",
    "sentence": "The ep index was calculated from de exponent of the power law equation, ep\u202f=\u202f10\u2212\u03b1."
  },
  {
    "sec_id": "sec0030",
    "sentence": "Table 4."
  },
  {
    "sec_id": "sec0030",
    "sentence": "Research performance based on the ep index and P'top 0.01% indicator of four geographical research areas in slow evolving technology topics in three consecutive years.[tblfn0025]"
  },
  {
    "sec_id": "sec0030",
    "sentence": "The P'top 0.01% indicator was calculated after fitting the percentile empirical data to a power law function."
  },
  {
    "sec_id": "sec0030",
    "sentence": "The ep index was calculated from de exponent of the power law equation, ep\u202f=\u202f10\u2212\u03b1."
  },
  {
    "sec_id": "sec0030",
    "sentence": "In FETT publications ([tbl0015]), which represent the forefront of technological progress, the research performance of the EU without the UK was poor."
  },
  {
    "sec_id": "sec0030",
    "sentence": "The value of the P'top 0.01% indicator, which reveals the likelihood of a country or institution publishing a highly cited paper, is approximately 10 times lower than in the USA."
  },
  {
    "sec_id": "sec0030",
    "sentence": "In comparison with the EU without the UK, in the ERA the P'top 0.01% indicator increased two-fold, albeit the number of papers increased only 26%, which indicated than one or several countries in the ERA showed a much better research performance than the EU without the UK\u2015these countries were obviously Switzerland and the UK ([tbl0005])."
  },
  {
    "sec_id": "sec0030",
    "sentence": "In comparison with the Others, the EU\u2019s performance is again relatively poor: the findings are similar to those from the comparison with the USA because, according to the P'top 0.01% indicator, the USA and Others are similar."
  },
  {
    "sec_id": "sec0030",
    "sentence": "Using the ep index, the first finding was that the EU without the UK again showed a weak research performance."
  },
  {
    "sec_id": "sec0030",
    "sentence": "Remarkably, the ep index was lower in both the EU without the UK and the ERA than in Others."
  },
  {
    "sec_id": "sec0030",
    "sentence": "The second finding was that, although the P'top 0.01% indicators in the USA and Others were similar, the ep index was much higher in the USA, which implies that for a similar P'top 0.01% indicator the total number of publications was 4\u20135 times lower."
  },
  {
    "sec_id": "sec0030",
    "sentence": "In SETT publications ([tbl0020]), the scientific landscape was different."
  },
  {
    "sec_id": "sec0030",
    "sentence": "The first conclusion was that, in this case, significant differences between the EU without the UK and the ERA existed only in the number of papers."
  },
  {
    "sec_id": "sec0030",
    "sentence": "In both cases the ep index was not appreciably different from 0.10, which was lower than that of the USA (0.12) but higher than that of Others (0.09)."
  },
  {
    "sec_id": "sec0030",
    "sentence": "While the ep index did not change appreciably over the three years of the study, 2012\u20132014, the P'top 0.01% indicator suffer important changes, which were due to the high increase in the number of publications from Others, 18.6% in three years."
  },
  {
    "sec_id": "sec0030",
    "sentence": "Taken together the results revealed an alarmingly low level of technological research in the EU, especially in FETT, where the ep index for the EU without the UK remained below 0.07 compared to 0.12\u20130.13 for the USA."
  },
  {
    "sec_id": "sec0030",
    "sentence": "This observation prompted us to investigate whether the low research level was common to all EU countries without the UK or there were great differences among them."
  },
  {
    "sec_id": "sec0030",
    "sentence": "For this purpose we calculated the ep index and P'top 0.01% indicator for the 16 most research-active EU countries without the UK ([tbl0025]; this table does not include Poland for the reasons given in Section [sec0025])."
  },
  {
    "sec_id": "sec0030",
    "sentence": "We calculated the fractional and domestic (all authors in the considered country or sets of countries) counts taking account of internal collaborations among EU countries without the UK but excluding external collaborations that would have increased their research performance."
  },
  {
    "sec_id": "sec0030",
    "sentence": "For reference, we included UK, Switzerland, and Singapore in this study, but computing only domestic publications in these countries, in order to compare them with domestic results for the other countries, otherwise the results would not be comparable."
  },
  {
    "sec_id": "sec0030",
    "sentence": "Table 5."
  },
  {
    "sec_id": "sec0030",
    "sentence": "Research performance based on the ep index and P'top 0.01% indicator of the most productive continental EU countries in fast evolving technological topics and a comparison with Switzerland, UK, and Singapore.[tblfn0030]"
  },
  {
    "sec_id": "sec0030",
    "sentence": "Year 2014."
  },
  {
    "sec_id": "sec0030",
    "sentence": "The P'top 0.01% indicator was calculated after fitting the percentile empirical data to a power law function."
  },
  {
    "sec_id": "sec0030",
    "sentence": "The ep index was calculated from de exponent of the power law equation, ep\u202f=\u202f10\u2212\u03b1."
  },
  {
    "sec_id": "sec0030",
    "sentence": "Continental EU countries are sorted by their domestic ep index."
  },
  {
    "sec_id": "sec0030",
    "sentence": "Fractional counts: the search included only EU countries."
  },
  {
    "sec_id": "sec0030",
    "sentence": "Attending first to the ep index, the most interesting finding was that only in The Netherlands was the ep index higher than 0.1\u2015the world\u2019s ep index reference."
  },
  {
    "sec_id": "sec0030",
    "sentence": "In Ireland the ep index seemed to be intermediate between those of the UK and the top continental countries."
  },
  {
    "sec_id": "sec0030",
    "sentence": "Excluding the UK and Ireland, for the remaining countries, excluding Hungary, the ep index decreased from 0.08 to 0.05, approximately."
  },
  {
    "sec_id": "sec0030",
    "sentence": "Only in Austria and Ireland was the ep index clearly lower under fractional than under domestic counting."
  },
  {
    "sec_id": "sec0030",
    "sentence": "In the four biggest continental countries\u2014Germany, France, Italy, and Spain\u2014the ep index was below 0.08."
  },
  {
    "sec_id": "sec0030",
    "sentence": "Aside from minor differences that appear to be irrelevant for our study, the comparison of the ep index values of the four biggest EU countries (0.076\u20130.048) with those of Switzerland (0.151), and especially Singapore (0.196) confirms the poor performance of the EU\u2019s technological research."
  },
  {
    "sec_id": "sec0030",
    "sentence": "It is interesting to notice that small variations in ep reflect much higher differences in the likelihood of publishing very highly cited papers."
  },
  {
    "sec_id": "sec0030",
    "sentence": "[tbl0025] shows clearly this effect: The Netherlands and Sweden publish a similar number of papers, but have different ep index values, 0.118 and 0.072, respectively."
  },
  {
    "sec_id": "sec0030",
    "sentence": "Such a small change in ep produces a value of P'top 0.01% which is 7.5 times larger in favor of The Netherlands."
  },
  {
    "sec_id": "sec0030",
    "sentence": "Attending to the P'top 0.01% indicator, the comparisons again show an overwhelmingly low competitiveness in the EU countries."
  },
  {
    "sec_id": "sec0030",
    "sentence": "Even considering the size of the system, the likelihood of publishing a domestic paper in the Ptop 0.01% layer was 10 times higher for Singapore than for the four biggest EU countries combined, even though the total number of publications was \u22487 times lower in Singapore."
  },
  {
    "sec_id": "sec0030",
    "sentence": "This implies that, normalizing by the number of publications, Singapore is 70 times more efficient than the four biggest EU countries as a whole."
  },
  {
    "sec_id": "sec0030",
    "sentence": "To show country differences independently of their size, [fig0010] shows the theoretical number of papers in the Ptop 0.01% layer if the total number of FETT papers were 10,000 in a selection of countries; [fig0015] shows the cumulative probability function (Eq. ([sec0010]) divided by N) for Germany and Singapore."
  },
  {
    "sec_id": "sec0030",
    "sentence": "Again, the inspection of these figures undoubtedly reveals the low level of competitiveness of EU research."
  },
  {
    "sec_id": "sec0030",
    "sentence": "According to several documents from the European Commission, ERC funded projects are at the forefront of research excellence."
  },
  {
    "sec_id": "sec0030",
    "sentence": "For example: \u201cAs shown by the interim evaluation of Horizon 2020, the ERC has become a global beacon of scientific excellence\u201d ([bib0105]).",
    "intent": "background"
  },
  {
    "sec_id": "sec0030",
    "sentence": "In light of the results presented in [tbl0015], [tbl0020], [tbl0025], this affirmation seemed doubtful, at least in technology and we tested it by again using the ep index and the P'top 0.01% indicator."
  },
  {
    "sec_id": "sec0030",
    "sentence": "The results ([tbl0030]) show that the performance of ERC-funded research in FETT is better than the general performance of the EU (see [tbl0015] for comparison)."
  },
  {
    "sec_id": "sec0030",
    "sentence": "However, the ep index of the publications from the EU without the UK is almost exactly 0.10, which invalidates any statement of excellence because 0.10 corresponds to the world average."
  },
  {
    "sec_id": "sec0030",
    "sentence": "Confirming once more the general conclusion of a low research performance across the EU, cooperation with other countries (at least one non-ERA country; ERA & external in [tbl0030]) notably improved the efficiency of the ERC-funded research, raising the ep index to 1.58, which signifies an astonishing improvement."
  },
  {
    "sec_id": "sec0030",
    "sentence": "Although we did not study this issue, it seems that the most frequent collaborations were with USA, China, Japan, and Australia."
  },
  {
    "sec_id": "sec0030",
    "sentence": "Table 6."
  },
  {
    "sec_id": "sec0030",
    "sentence": "Research performance based on the ep index and P'top 0.01% indicator of publications in fast evolving technological topics acknowledging European Research Council funding support.[tblfn0040]"
  },
  {
    "sec_id": "sec0030",
    "sentence": "Year 2014."
  },
  {
    "sec_id": "sec0030",
    "sentence": "EU w/o UK: authors from exclusively EU countries without the UK; ERA: authors from exclusively in ERA countries; ERA & external: publications including authors from any country, which implies that there is also at least one author from an ERA country but also at least one author from a non-ERA country."
  },
  {
    "sec_id": "sec0030",
    "sentence": "The remarkable increase in the ep index for ERC-funded research in non-ERA collaborations raises the question of whether it was due to the benefit of collaborating with countries with a superior research performance, or simply due to the increase of citations that might result from the wider audience for transcontinental publications."
  },
  {
    "sec_id": "sec0030",
    "sentence": "Although this issue has been addressed previously ([bib0115]; [bib0130]; [bib0165]) we performed a test in the landscape of our study.",
    "intent": "uses"
  },
  {
    "sec_id": "sec0030",
    "sentence": "For this purpose we studied the case of Singapore, a very small country that we found to be at the top of research performance in FETT and which has a strong record of collaboration with China and the USA."
  },
  {
    "sec_id": "sec0030",
    "sentence": "Obviously, collaboration with these two much bigger countries should increase the research performance of Singapore, if the hypothesis of the wider audience was correct."
  },
  {
    "sec_id": "sec0030",
    "sentence": "The results summarized in [tbl0035] show that in Singapore international collaboration (whole or fractional counting) had a minimal effect on the ep index, but a notable influence on the P'top 0.01% indicator as a consequence of the higher number of publications."
  },
  {
    "sec_id": "sec0030",
    "sentence": "[tbl0035] shows also the R2 parameter of the fitting to demonstrate the statistical robustness of the comparisons."
  },
  {
    "sec_id": "sec0030",
    "sentence": "These results demonstrate that despite their wider audience and total number of citations, international publications does not increase the ep index of countries with a high breakthrough potential."
  },
  {
    "sec_id": "sec0030",
    "sentence": "They also demonstrate that even under the ERC\u2019s stringent project selection process the results of EU projects are much better when they are performed in collaboration with external countries whose research performance is higher; the hypothesis of the higher audience can be ruled out."
  },
  {
    "sec_id": "sec0030",
    "sentence": "Table 7."
  },
  {
    "sec_id": "sec0030",
    "sentence": "Effects of international collaboration on the research performance indicators ep index and P'top 0.01% in fast evolving technological topics in Singapore in 2014."
  },
  {
    "sec_id": "sec0045",
    "sentence": "Our study aimed to demonstrate the weakness of research in the EU."
  },
  {
    "sec_id": "sec0045",
    "sentence": "For this purpose we used of the ep index, which measures the intrinsic efficiency or breakthrough potential of the research system and is a metric of excellence, and the P\u2019top 0.01% indicator to estimate the number of breakthroughs (explained in Section [sec0015])."
  },
  {
    "sec_id": "sec0045",
    "sentence": "Moreover, our focus on technological research is justified because many claims about the scientific excellence of EU research are focused on technological topics that support the knowledge-based economy ([bib0260]).",
    "intent": "background"
  },
  {
    "sec_id": "sec0045",
    "sentence": "The following are two such claims which explain our focus: \u201cOne of Europe\u2019s major weaknesses lies in its inferiority in terms of transforming the results of technological research and skills into innovations and competitive advantages\u201d ([bib0090]) and \u201cThe objective of Horizon 2020 is to reinforce and extend the excellence of the Union\u2019s science base and to consolidate the European Research Area in order to make the Union\u2019s research and innovation system more competitive on a global scale\u201d ([bib0100]).",
    "intent": "background"
  },
  {
    "sec_id": "sec0045",
    "sentence": "Future studies applying the same approach might reveal different findings in other research fields such as, for example, biomedicine, astrophysics, or particle physics."
  },
  {
    "sec_id": "sec0045",
    "sentence": "Taking as a reference point a value of the ep index of 0.1, which is the world reference, the values of the ep index in the EU without the UK in FETT, around 0.07 ([tbl0015]), reveal the weakness of the EU research and demonstrate the absence of research excellence in the forefront of technology."
  },
  {
    "sec_id": "sec0045",
    "sentence": "Examining the three geographical areas into which we divided the world, the USA, the EU, and Others, the values of the ep index show that the worst research performance is in the EU and the best is in the USA."
  },
  {
    "sec_id": "sec0045",
    "sentence": "The P'top 0.01% indicator shows similar values for the USA and Others, which was due the much higher number of publications from Others."
  },
  {
    "sec_id": "sec0045",
    "sentence": "This indicates higher effort and investments to compensate for the lower breakthrough potential."
  },
  {
    "sec_id": "sec0045",
    "sentence": "In any case, this competition with the USA and Others leaves the EU in a third position of low relevance in relation to the number of possible technological breakthroughs."
  },
  {
    "sec_id": "sec0045",
    "sentence": "Also disappointing are the ep index values in continental EU countries, which with the exception of The Netherlands, are all below 0.08 ([tbl0025])."
  },
  {
    "sec_id": "sec0045",
    "sentence": "These data show that in Switzerland and especially in Singapore the breakthrough potential or excellence of the research performance in FETT is high and that in the continental EU countries there is no excellence."
  },
  {
    "sec_id": "sec0045",
    "sentence": "Regrettably, the P\u2019top 0.01% indicator reveals that the four biggest continental EU countries, which as a whole exceed 250 millions inhabitants, are far from being able to compete with Singapore which has less than 6 millions inhabitants."
  },
  {
    "sec_id": "sec0045",
    "sentence": "Considering the great difference in the number of papers, seven times higher in the four EU countries than in Singapore, a reasonable deduction is that technological research is profitable in Singapore and unprofitable in the EU."
  },
  {
    "sec_id": "sec0045",
    "sentence": "In SETT the EU research performance is better than in FETT, but here too the values of the ep index are lower than 0.1, which implies that research is weak rather than excellent."
  },
  {
    "sec_id": "sec0045",
    "sentence": "Again, in SETT research in the USA shows the highest degree of excellence, but due to its lower number of publications relative to Others or the EU, the US\u2019s P'top 0.01% indicator shows no large differences from the two other geographical blocks."
  },
  {
    "sec_id": "sec0045",
    "sentence": "Therefore, the role of the EU in global research is more relevant in SETT than in FETT."
  },
  {
    "sec_id": "sec0045",
    "sentence": "The assumption that \u201cthe ERC has become a global beacon of scientific excellence\u201d ([bib0105]) requires some qualifications when referring to hot technological topics.",
    "intent": "background"
  },
  {
    "sec_id": "sec0045",
    "sentence": "According to the results summarized in [tbl0030], the ep index of the EU without the UK, 0.104, implies no excellence."
  },
  {
    "sec_id": "sec0045",
    "sentence": "In contrast, considering all ERC publications or those from the whole ERA, the values of the ep index, 0.139 and 0.129, respectively, imply a certain level of excellence."
  },
  {
    "sec_id": "sec0045",
    "sentence": "However, the most interesting finding, which again questions the excellence of EU research, is that the ep index of ERC publications reaches its maximum value of 0.158 for collaborative publications in which there is at least one non-ERA country involved."
  },
  {
    "sec_id": "sec0045",
    "sentence": "This implies that ERC-funded publications are excellent when there is at least an author of an external country that participates and perhaps focuses the research."
  },
  {
    "sec_id": "sec0045",
    "sentence": "The hypothesis that the enhancing effect of an external country on the ep index is merely due to an increase of the citing researchers can be ruled out because in the same research field an increasing effect does not occur for Singapore ([tbl0035])."
  },
  {
    "sec_id": "sec0045",
    "sentence": "If such an effect existed, it would be much higher in Singapore than in the EU because the population of internal researchers is much higher in the EU than in Singapore."
  },
  {
    "sec_id": "sec0045",
    "sentence": "In summary, our results, which use an indicator that has a mathematical definition and that is based on the existing correlation between highly cited papers and important breakthroughs ([bib0060]), corroborates previous studies ([bib0015]; [bib0025]; [bib0030]; [bib0080]; [bib0145]; [bib0210]; [bib0240]) and demonstrates that EU research on hot technological topics is uncompetitive.",
    "intent": "similarities"
  },
  {
    "sec_id": "sec0045",
    "sentence": "[fig0010] shows graphically what Ruiz-Castillo called \u201ca truly European drama\u201d ([bib0145]; [bib0235]).",
    "intent": "background"
  },
  {
    "sec_id": "sec0045",
    "sentence": "The status of technological research in the EU that we have described is overwhelmingly dire because not so long ago Europe was a beacon of progress."
  },
  {
    "sec_id": "sec0045",
    "sentence": "At the end of the 19th century Europe was an indisputable scientific and technological leader: \u201cThere is a dynamism about nineteenth century Europe that far exceeds anything previously known."
  },
  {
    "sec_id": "sec0045",
    "sentence": "Europe vibrated with power as never before: with technical power, economic power, cultural power."
  },
  {
    "sec_id": "sec0045",
    "sentence": "Its prime symbols were engines\u2015the locomotives, the gasworks, the electrical dynamos\u201d ([bib0075]).",
    "intent": "background"
  },
  {
    "sec_id": "sec0045",
    "sentence": "Starting from this position, the low efficiency of Germany and France at the forefront of technological research is particularly surprising."
  },
  {
    "sec_id": "sec0045",
    "sentence": "Although the causes of this scientific decline deserve specific studies, it is hard to believe that something other than research policy is the cause of this decline."
  },
  {
    "sec_id": "sec0045",
    "sentence": "More than 10 years ago, two academic studies called attention to this decline: \u201cthe European picture shows worrying signs of weakness with respect to the generation of both scientific knowledge and technological innovation\u201d ([bib0080]) and \u201cThis paper offers detailed evidence of the weak performance of European science in the upper tail of scientific quality, in fast moving scientific fields\u201d ([bib0025]).",
    "intent": "motivation background"
  },
  {
    "sec_id": "sec0045",
    "sentence": "Despite these clear warnings the European Commission continued with its \u201cwrong diagnoses and misguided policies\u201d ([bib0080]).",
    "intent": "background"
  },
  {
    "sec_id": "sec0045",
    "sentence": "Before trying to find an explanation for the weakness of technological research in the EU, it is worth noting that in slow evolving scientific fields, research quality in the EU and the USA is similar."
  },
  {
    "sec_id": "sec0045",
    "sentence": "This similarity has been demonstrated by double rank analysis in \u201cplant sciences\u201d ([bib0230]), a field which might be an illuminating case study.",
    "intent": "background"
  },
  {
    "sec_id": "sec0045",
    "sentence": "A notable characteristic of \u201cplant sciences\u201d is that, although agriculture is essential for providing food to the inhabitants of our planet, the knowledge progress in plant sciences that supports it is insignificant in comparison with electronic technologies."
  },
  {
    "sec_id": "sec0045",
    "sentence": "This observation raises the question of whether there is an excessive focus of EU research in slow evolving fields, where EU research is more competitive."
  },
  {
    "sec_id": "sec0045",
    "sentence": "For example, it is surprising that the \u201cmechanism of plant innate immunity\u201d is a \u201chot research front\u201d in the EU ([bib0100]).",
    "intent": "background"
  },
  {
    "sec_id": "sec0045",
    "sentence": "Considering the complex mechanisms through which researchers bring about scientific progress ([bib0020]; [bib0065]; [bib0150]) and the diversity of research policies in EU countries, the causes of the weak research performance in the EU might be diverse, though all having the same effect.",
    "intent": "background"
  },
  {
    "sec_id": "sec0045",
    "sentence": "Perhaps European researchers are less willing than others to take the risk of tackling the type of research that leads to important discoveries ([bib0065]).",
    "intent": "background"
  },
  {
    "sec_id": "sec0045",
    "sentence": "In addition to this risk avoidance, the presumption of EU research excellence by the European Commission might have also promoted weak performance at the leading edge of knowledge in some countries."
  },
  {
    "sec_id": "sec0045",
    "sentence": "In the first place, this is because some national governments have internalized this assumption, reducing their interest in boosting research\u2014why improve what is already excellent?"
  },
  {
    "sec_id": "sec0045",
    "sentence": "In the second place because amid the euphoria about excellence the European Commission has failed to develop its member countries\u2019 research surveillance."
  },
  {
    "sec_id": "sec0045",
    "sentence": "The case of Spain provides an example: its traditionally low investments in academic research suffered a 50% reduction due to the economic crisis, which has produced a very significant dismantling of the research system that had been developed over more than 30 years."
  },
  {
    "sec_id": "sec0045",
    "sentence": "The reconstruction of the system will cost far more than the money saved and will take many years."
  },
  {
    "sec_id": "sec0045",
    "sentence": "Incomprehensibly, although Spain is a recipient of cohesion funds, this research policy was never censored by the European Commission."
  },
  {
    "sec_id": "sec0045",
    "sentence": "An unlucky explanation for our results is that the distribution of the Q index, which captures the ability of scientists to succeed, ([bib0255]) is worse in the researcher population of EU countries than in other countries.",
    "intent": "differences"
  },
  {
    "sec_id": "sec0045",
    "sentence": "If this problem does not have a genetic basis, the selection of researchers in the EU was made improperly for many years, which again suggest a flawed research policy."
  },
  {
    "sec_id": "sec0045",
    "sentence": "As described above in Sections [sec0005] and [sec0010], the central hypothesis of the EU research programs is the contrast between a low capacity in innovation and its excellent research: \u201cThe EU\u2019s innovation deficit is not due to a lack of knowledge or ideas, but because we do not capitalise on them."
  },
  {
    "sec_id": "sec0045",
    "sentence": "We need rapid European or international scale-up of innovative solutions\u201d ([bib0105]).",
    "intent": "background"
  },
  {
    "sec_id": "sec0045",
    "sentence": "Yet, in contrast with this optimistic view of excellent research, the present and previous studies show that technological research is not as excellent as the European Commission claims."
  },
  {
    "sec_id": "sec0045",
    "sentence": "This situation raises the question of whether the scenario is just the opposite: innovation is limited by the poor performance of technological research, which would make weak research the greatest problem for the future of the EU economy."
  },
  {
    "sec_id": "sec0045",
    "sentence": "A high number of empirical studies have demonstrated that innovation entails much more than research but also that innovation depends on novel knowledge (e.g., [bib0085]; [bib0175]; [bib0305]).",
    "intent": "background"
  },
  {
    "sec_id": "sec0045",
    "sentence": "On the other hand, the economic profitability of research has been demonstrated ([bib0185], [bib0190]).",
    "intent": "background"
  },
  {
    "sec_id": "sec0045",
    "sentence": "The absence of a simple model for the economic benefits of research ([bib0245]) can be explained by the great diversity in the efficiency of research across countries, which so far has not been taken into account.",
    "intent": "background"
  },
  {
    "sec_id": "sec0045",
    "sentence": "Our data show that the economic benefits of research cannot be the same in the EU, the USA, and Singapore."
  },
  {
    "sec_id": "sec0045",
    "sentence": "The question which then arises is whether the EU can compete with other countries that produce much more efficient research."
  },
  {
    "sec_id": "sec0045",
    "sentence": "Although the answer to that question is not within the scope of this study, it is highly probable that the poor performance of the EU in technological research has had an important influence on innovation and competitiveness."
  },
  {
    "sec_id": "sec0045",
    "sentence": "Taking into consideration the low values of the ep index and P\u2019top 0.01% indicator for the EU\u2019s technological research, we can conclude that the innovation capacity of the EU\u2019s industry might not be low, and that it is rather the low technological research performance which limits innovation."
  },
  {
    "sec_id": "sec0045",
    "sentence": "From this point of view, the creation of the European Innovation Council seems to be based again on the wrong diagnosis that assumes that research institutions are producing breakthrough ideas but \u201coften lack the in-house capabilities to nurture break-through innovations and their spinouts find it difficult to scaleup\u201d ([bib0095]).",
    "intent": "background"
  },
  {
    "sec_id": "sec0045",
    "sentence": "It is worth insisting that the production of breakthrough ideas is much less frequent than in competitor countries."
  },
  {
    "sec_id": "sec0045",
    "sentence": "Even if the reasons for the EU\u2019s record of weak innovation were in doubt, it should not perform the experiment of maintaining the current low research efficiency expecting to find out that innovation can be improved by other means."
  },
  {
    "sec_id": "sec0045",
    "sentence": "It is obvious that some non-EU countries are not going to stop improving their own research systems while they wait for the end of the EU experiment."
  },
  {
    "sec_id": "sec0045",
    "sentence": "Research activity in Singapore was insignificant 25 years ago, but over this period its output of papers has increased 25 times and, much more importantly, it now seems to have the highest level in the world on the ep index of FETT research."
  },
  {
    "sec_id": "sec0045",
    "sentence": "Singapore cannot be a threat to the EU economy because it is a small country with a population of less than 6 million, but the population of China exceeds 1300 million, and China will not be waiting until the EU wakes up from its dream of excellent research."
  },
  {
    "sec_id": "sec0045",
    "sentence": "It follows from these considerations that the EU should increase the efficiency of its research."
  },
  {
    "sec_id": "sec0045",
    "sentence": "Thus, the statement: \u201cIt is essential \u2013 also as a strong signal to the rest of the world \u2013 that both the EU and its Member States finally undertake to reach the 3% target of GDP invested in R&I\u201d ([bib0105]) should be modified: \u201cIt is essential that both the EU and its States become the model of research efficiency.\u201d This does not mean that investments should not be increased, because although efficiency is not determined by investment it is not independent of it.",
    "intent": "background"
  },
  {
    "sec_id": "sec0045",
    "sentence": "Undoubtedly, the aforementioned reduction in research investments in Spain (Section [sec0055]) will reduce research efficiency more than the number of its publications."
  },
  {
    "sec_id": "sec0045",
    "sentence": "Making the analysis of research profitability more complex, effectiveness should also be considered."
  },
  {
    "sec_id": "sec0045",
    "sentence": "This issue can be summarized in the following question: Does the EU investigate what it needs?"
  },
  {
    "sec_id": "sec0045",
    "sentence": "As discussed above (Section [sec0055]), the answer to this question is probably no, because a large proportion of EU research projects is proposed by researchers themselves."
  },
  {
    "sec_id": "sec0045",
    "sentence": "There is no doubt that curiosity-driven research has let to important discoveries ([bib0110]) but this applies to specific cases not to all research production.",
    "intent": "background"
  },
  {
    "sec_id": "sec0045",
    "sentence": "In fact, in many cases much research that is alleged to be curiosity driven is in reality proposed under a high \u201cpublish or perish\u201d pressure and merely produces sound papers ([bib0215]).",
    "intent": "background"
  },
  {
    "sec_id": "sec0045",
    "sentence": "Furthermore, curiosity-driven research could address an almost infinite number of topics but the funds that society can allocate to research are finite ([bib0300]).",
    "intent": "background"
  },
  {
    "sec_id": "sec0045",
    "sentence": "Obviously, we do not propose that research has to be programed by a state body."
  },
  {
    "sec_id": "sec0045",
    "sentence": "We only notice that not all research is equally beneficial for society."
  },
  {
    "sec_id": "sec0045",
    "sentence": "Because most, if not all, of its problems with research seem to derive from \u201cwrong diagnoses and misguided policies\u201d as detailed more than 10 years ago ([bib0080]), the EU must accept the reality of its currently weak research system and restructure its research policy, focusing it on the correction of its failings.",
    "intent": "background"
  },
  {
    "sec_id": "sec0045",
    "sentence": "The revised policy should include the supervision of investments and research performance of member States."
  },
  {
    "sec_id": "sec0045",
    "sentence": "Otherwise, the economic future of Europeans is at risk."
  },
  {
    "sec_id": "sec0065",
    "sentence": "None."
  },
  {
    "sec_id": "sec0070",
    "sentence": "Alonso Rodr\u00edguez-Navarro: Concieved and designed the analysis; Collected the data; Contributed data or analysis tools; Performed the analysis; Wrote the paper."
  },
  {
    "sec_id": "sec0070",
    "sentence": "Ricardo Brito: Concieved and designed the analysis; Collected the data; Contributed data or analysis tools; Performed the analysis; Wrote the paper."
  }
]