[
  {
    "sec_id": "sec0005",
    "sentence": "In recent years scientometric research has seen an increasing use of spatial/geographic information for studying publication patterns and the development of science."
  },
  {
    "sec_id": "sec0005",
    "sentence": "One of the many applications of this information is measuring patterns of research internationalization."
  },
  {
    "sec_id": "sec0005",
    "sentence": "GIS-technology or other state-of-the-art visualization techniques are increasingly used as analysis and presentation tools ([bib0125]).",
    "intent": "background"
  },
  {
    "sec_id": "sec0005",
    "sentence": "In this paper, we propose a novel application of the barycenter method for representing internationalization of book publishing in the Social Sciences and Humanities (SSH)."
  },
  {
    "sec_id": "sec0005",
    "sentence": "Bibliometric studies have shown that research in the SSH is becoming more international."
  },
  {
    "sec_id": "sec0005",
    "sentence": "The rise of quantitative methods and the use of information technology have facilitated communication and comparison of research results with geographically distant colleagues ([bib0070], [bib0020]).",
    "intent": "background"
  },
  {
    "sec_id": "sec0005",
    "sentence": "In line with this, there is evidence of increasing international research collaboration as reflected by co-authorships ([bib0015], [bib0075], [bib0060], [bib0065]).",
    "intent": "background"
  },
  {
    "sec_id": "sec0005",
    "sentence": "Not surprisingly, scholars also seek to maximize the international visibility and impact of their research through more frequent use of English as publication language ([bib0030], [bib0080]).",
    "intent": "background"
  },
  {
    "sec_id": "sec0005",
    "sentence": "For their part, the leading citation indexes are expanding their coverage to include a larger share of the worldwide scholarly literature ([bib0105]), thereby further facilitating the international exchange of research results.",
    "intent": "background"
  },
  {
    "sec_id": "sec0005",
    "sentence": "Internationalization studies in bibliometrics have until now been foremost based on the journal and proceedings literature."
  },
  {
    "sec_id": "sec0005",
    "sentence": "The limited availability of sufficient and reliable bibliographic information on book publications (monographs, edited books and book chapters) has longtime prevented their inclusion in bibliometric studies ([bib0050]).",
    "intent": "background"
  },
  {
    "sec_id": "sec0005",
    "sentence": "There is, however, much to suggest that the publication of books by academic researchers is also part of the process of research internationalization."
  },
  {
    "sec_id": "sec0005",
    "sentence": "For one thing, over the last couple of decades, the scholarly book publishing trade has become far more globalized and competitive."
  },
  {
    "sec_id": "sec0005",
    "sentence": "Many European and North American publishers have expanded their radius of operations, both geographically and content-wise."
  },
  {
    "sec_id": "sec0005",
    "sentence": "To counter declining sales of scholarly monographs they have sought out new markets by extending their sales and marketing efforts overseas, and have put more effort in proactive commissioning by contracting the leading scholarly authors, often working in other countries ([bib0110]).",
    "intent": "background"
  },
  {
    "sec_id": "sec0005",
    "sentence": "For their part, scholars are increasingly aware of the symbolic and material rewards that come with publishing with a prestigious international publisher."
  },
  {
    "sec_id": "sec0005",
    "sentence": "They are conscious of differentiating aspects of \u2018publisher quality\u2019: the degree of specialization, the editorial process (esp."
  },
  {
    "sec_id": "sec0005",
    "sentence": "peer review), market position and marketing prowess, presence in major libraries and bibliographic databases, etc."
  },
  {
    "sec_id": "sec0005",
    "sentence": "([bib0035], [bib0040], [bib0045]).",
    "intent": "background"
  },
  {
    "sec_id": "sec0005",
    "sentence": "Research on the outcomes of the British Research Assessment Exercise (RAE) has indeed shown the substantial benefits for research performance assessment scores of publishing with a first-rate academic publisher ([bib0005]).",
    "intent": "background"
  },
  {
    "sec_id": "sec0005",
    "sentence": "Similarly, for acquiring tenure at (American) university humanities\u2019 departments, the esteem of a candidate's book publisher is explicitly or implicitly used as an assessment criterion ([bib0025]).",
    "intent": "background"
  },
  {
    "sec_id": "sec0005",
    "sentence": "In this article, it is our hypothesis that the parallel process of research internationalization in the SSH and the globalization of the academic book publishing trade has caused changes in the spatial dimension of book publishing by academic scholars."
  },
  {
    "sec_id": "sec0005",
    "sentence": "We show this for Flanders, Belgium, using a basic but fundamental indicator: the places of publication barycenters of book publications (monographs, edited books and book chapters)."
  },
  {
    "sec_id": "sec0010",
    "sentence": "The bibliographic data used for our study is registered in the Flemish Academic Bibliographic Database for the Social Sciences and Humanities (\u2018Vlaams Academisch Bibliografisch Bestand voor de Sociale en Humane Wetenschappen\u2019 or VABB-SHW) (see [bib0030], [bib0120]).",
    "intent": "uses"
  },
  {
    "sec_id": "sec0010",
    "sentence": "In the present article, we have no intent to measure the effect of the Flemish funding model on internationalization."
  },
  {
    "sec_id": "sec0010",
    "sentence": "As the non-WoS publication output of the SSH has been used for the funding model starting in 2010 only, at any rate there is insufficient data to reliably analyze the possible influence of the current funding system."
  },
  {
    "sec_id": "sec0010",
    "sentence": "Our analysis is based on 4098 peer reviewed book publications from the period 2002\u20132011 registered in the VABB-SHW database."
  },
  {
    "sec_id": "sec0010",
    "sentence": "In total, the publications originate from 115 publishers (cfr."
  },
  {
    "sec_id": "sec0010",
    "sentence": "Supplementary online material 1 (hereafter SOM1))."
  },
  {
    "sec_id": "sec0010",
    "sentence": "The distribution of publications over publishers is highly rightly skewed (min\u00a0=\u00a01, max\u00a0=\u00a0961, avg\u00a0=\u00a040.54, SD\u00a0=\u00a0109.05) but does not follow a Lotka or Poisson distribution (Kolmogorov\u2013Smirnov goodness of fit p\u00a0<\u00a00.01 in both cases)."
  },
  {
    "sec_id": "sec0010",
    "sentence": "All 4098 monographs, edited books and book chapters were published in either Flanders, the rest of continental Europe, the United Kingdom or the United States."
  },
  {
    "sec_id": "sec0010",
    "sentence": "Together, the four aggregated locations account for over 99.5% of all peer reviewed book publications registered in the VABB-SHW."
  },
  {
    "sec_id": "sec0010",
    "sentence": "Based on author affiliation(s), they are assigned to one or more SSH disciplines ([bib0030]).",
    "intent": "background"
  },
  {
    "sec_id": "sec0010",
    "sentence": "The total comprises 319 monographs, 585 edited books and 3194 book chapters."
  },
  {
    "sec_id": "sec0010",
    "sentence": "Since the VABB-SHW collects publications by scholars affiliated with a Flemish university, not all chapters that appeared in the edited books are included."
  },
  {
    "sec_id": "sec0010",
    "sentence": "Equally, a number of the included chapters have been published in non-included book titles edited by scholars without a Flemish academic affiliation."
  },
  {
    "sec_id": "sec0010",
    "sentence": "For our study, all places of publication of books were identified as available in the VABB-SHW database."
  },
  {
    "sec_id": "sec0010",
    "sentence": "In the online supplementary data attached to the electronic version of this article (SOM2) the number of publications per place of publication is available."
  },
  {
    "sec_id": "sec0010",
    "sentence": "For 8% of all records, the data contained more than one place of publication."
  },
  {
    "sec_id": "sec0010",
    "sentence": "Here, the first one mentioned was used."
  },
  {
    "sec_id": "sec0010",
    "sentence": "Missing places of publication were searched for and added."
  },
  {
    "sec_id": "sec0010",
    "sentence": "All places of publication were labeled as belonging to either 1\u00b0 Flanders, 2\u00b0 the rest of continental Europe (defined as the EU-27 except the United Kingdom plus its acceding or candidate members Croatia, Iceland, Montenegro, Serbia, the FYR of Macedonia and Turkey; plus Albania, Belarus, Moldavia, Norway and Switzerland), 3\u00b0 the United Kingdom or 4\u00b0 the USA."
  },
  {
    "sec_id": "sec0010",
    "sentence": "A barycenter of book publications is defined as the geographic center of weight of their places of publication, or the imaginary point at which a flat, weightless but stiff map of the world would balance if weights of identical value were placed on it so that each weight represented the place of publication of one monograph, edited book or book chapter ([bib0010], [bib0055], [bib0085]).",
    "intent": "background"
  },
  {
    "sec_id": "sec0010",
    "sentence": "Displacement of the publication barycenter over time visualizes changes in book publication patterns."
  },
  {
    "sec_id": "sec0010",
    "sentence": "In particular, it shows the growing or diminishing share of a place or region of publication within the total volume of book publications."
  },
  {
    "sec_id": "sec0010",
    "sentence": "However, in ([bib0115]) we observed that the geographic representation of barycenters results in difficulties in interpreting changes in distance to Flanders.",
    "intent": "motivation background"
  },
  {
    "sec_id": "sec0010",
    "sentence": "In the present article, we therefore locate the barycenters within a standardized polygon, where each vertex represents one geographic location."
  },
  {
    "sec_id": "sec0010",
    "sentence": "The abstract polygonal representation is preferable over localization on a geographic map whenever, as is the case here, no geographic unity between the different locations (e.g. several neighboring countries) exists."
  },
  {
    "sec_id": "sec0010",
    "sentence": "As we here seek to determine the publication weight of four geographic locations, 1\u00b0 Flanders, 2\u00b0 the rest of continental Europe, 3\u00b0 the UK and 4\u00b0 the USA, the polygon is a square."
  },
  {
    "sec_id": "sec0010",
    "sentence": "The center of this square is the origin (0, 0) of an X- and a Y-axis, and would be the barycenter location if the system were completely in balance \u2013 that is, if each of the four geographic locations represented an exact same number of publications."
  },
  {
    "sec_id": "sec0010",
    "sentence": "Correspondingly, the relative proximity of a barycenter to one geographic location (vertex) is indicative of that location's share in the total of the 4098 publications studied here."
  },
  {
    "sec_id": "sec0010",
    "sentence": "Each vertex lies at the same distance of 1 to the origin of the X- and the Y-axis; consequently the four vertices each have two geometric coordinates: (1, 1); (1, \u22121); (\u22121, \u22121) and (\u22121, 1)."
  },
  {
    "sec_id": "sec0010",
    "sentence": "Barycenter locations (C1, C2) within the polygon are now determined by calculating a weighted average of the vertices\u2019 coordinates according to the number of publications for each of the four geographic locations."
  },
  {
    "sec_id": "sec0010",
    "sentence": "The barycentre is thus defined as C\u00a0=\u00a0(C1, C2)C1=\u2211j=1nmjLj,1M;C2=\u2211j=1nmjLj,2M;withM=\u2211j=1nmjwhere Lj\u00a0=\u00a0(Lj,1, Lj,2) is the location of the jth element in the system (the place of the jth vertex of a regular n-gon), mj is the contribution of the jth element, and mj/M is the relative contribution of the jth element."
  },
  {
    "sec_id": "sec0010",
    "sentence": "For further methodological elaboration, we refer to [bib0090] and [bib0085].",
    "intent": "background"
  },
  {
    "sec_id": "sec0010",
    "sentence": "In the results below, we first focus on the barycenters of the 12 SSH disciplines for which we have sufficient data."
  },
  {
    "sec_id": "sec0010",
    "sentence": "Then we look at barycenters for three book publication types."
  },
  {
    "sec_id": "sec0010",
    "sentence": "One of the issues addressed for both SSH disciplines and publication types is barycenter displacement over time."
  },
  {
    "sec_id": "sec0010",
    "sentence": "In view of this, we divided our data in two five-year series, 2002\u20132006 and 2007\u20132011, to allow for robust comparison."
  },
  {
    "sec_id": "sec0010",
    "sentence": "Only the 12 disciplines that represent at least 50 publications in each of the two periods have been included in the analysis."
  },
  {
    "sec_id": "sec0010",
    "sentence": "For each (aggregation) of SS and H discipline(s) and each of three publication types, the publication shares for the four geographic locations were determined."
  },
  {
    "sec_id": "sec0010",
    "sentence": "A Chi-square (\u03c72) test of goodness of fit was performed on their absolute values to determine whether results for 2007\u20132011 are significantly different from those for 2002\u20132006."
  },
  {
    "sec_id": "sec0010",
    "sentence": "We calculated \u03c72 based on the observed number of publications per geographic location for the second period (2007\u20132011) and the expected number for this period based upon the proportion of publications per geographic location for the first period (2002\u20132006)."
  },
  {
    "sec_id": "sec0010",
    "sentence": "As our analysis is limited to four locations, there are three degrees of freedom."
  },
  {
    "sec_id": "sec0010",
    "sentence": "\u03c72 reaches significance when it exceeds 7.81."
  },
  {
    "sec_id": "sec0010",
    "sentence": "Rejection of the null hypothesis (no change) is traditionally at p\u00a0<\u00a00.05."
  },
  {
    "sec_id": "sec0010",
    "sentence": "In our results, we use exact p-values ([bib0095]).",
    "intent": "uses"
  },
  {
    "sec_id": "sec0025",
    "sentence": "[fig0005] shows barycenter locations for 2002\u20132011 for 12 SSH disciplines, as well as for the aggregated SS and H."
  },
  {
    "sec_id": "sec0025",
    "sentence": "The actual distribution of publications per discipline over the (non-aggregated) places of publication is available in the online supplementary data file attached to the electronic version of this article (SOM2)."
  },
  {
    "sec_id": "sec0025",
    "sentence": "There is a striking contrast between the barycenter locations for the SS and the H: whereas H disciplines publish most frequently with a Flemish or continental European based publisher, the SS disciplines tend much more strongly toward British publishers."
  },
  {
    "sec_id": "sec0025",
    "sentence": "Two somewhat atypical cases for the Humanities are Linguistics and Law."
  },
  {
    "sec_id": "sec0025",
    "sentence": "The barycenter location for Linguistics can be explained by the market share of specialized continental European publishers (e.g. De Gruyter in Germany and John Benjamins in the Netherlands) for linguistic research conducted at Flemish universities."
  },
  {
    "sec_id": "sec0025",
    "sentence": "In the case of Law, a discipline with a large degree of domestic, Dutch language journal publishing, the less domestic barycenter location is most likely explained by the relatively high share of book publications on European and other international law and on the impact thereof on the Belgian legal system."
  },
  {
    "sec_id": "sec0025",
    "sentence": "For all SSH disciplines as practiced in Flanders, publishers located in the United States play a far more modest role than their British and continental European counterparts."
  },
  {
    "sec_id": "sec0025",
    "sentence": "The presentation of the barycenter locations in [fig0005] (and [fig0010]) is one of two essentially different options."
  },
  {
    "sec_id": "sec0025",
    "sentence": "In total, there are two sets of each 12 possible permutations of essentially the same representation."
  },
  {
    "sec_id": "sec0025",
    "sentence": "[fig0005] presents the first option, the extra figure in the supplementary online material (SOM3) the second."
  },
  {
    "sec_id": "sec0025",
    "sentence": "In [fig0005], the clockwise order of the locations assigned to the vertices starting in the left-hand corner of the polygon is (A) Flanders, (B) Continental Europe, (C) USA, and (D) UK."
  },
  {
    "sec_id": "sec0025",
    "sentence": "The alternative representation used for the extra figure changes this order to ABDC."
  },
  {
    "sec_id": "sec0025",
    "sentence": "In [fig0005], the degree of internationalization is visualized by the maximum geometric distance in a square, away from Flanders (A) and diagonally toward the most geographically distant location, the USA (C)."
  },
  {
    "sec_id": "sec0025",
    "sentence": "By comparing the subperiods 2002\u20132006 and 2007\u20132011 it becomes apparent how the book publication barycenters of individual and aggregated SS and H have moved."
  },
  {
    "sec_id": "sec0025",
    "sentence": "[tbl0005] shows the changing shares of the four geographic locations, as well as the results of the Chi-square test based on the absolute values."
  },
  {
    "sec_id": "sec0025",
    "sentence": "Table 1."
  },
  {
    "sec_id": "sec0025",
    "sentence": "Shares of book publications for Flanders, Continental Europe (ConEur), United Kingdom (UK) and United States of America (USA) (2002\u20132006 and 2007\u20132011)."
  },
  {
    "sec_id": "sec0025",
    "sentence": "For two disciplines, Psychology and Linguistics, the Chi-square test when applied to all four locations did not yield a reliable result, due to an expected number of publications for one of the four locations lower than 5."
  },
  {
    "sec_id": "sec0025",
    "sentence": "We therefore recalculated \u03c72 and the p-value by omitting only these locations from the test."
  },
  {
    "sec_id": "sec0025",
    "sentence": "As [tbl0005] shows, at the level of the aggregated SSH the 35.24% share of Flemish-based publishers for 2002\u20132006 has diminished by 13.32% for 2007\u20132011, while those of continental European and British publishers have increased by 7.82% and 5.43%, respectively."
  },
  {
    "sec_id": "sec0025",
    "sentence": "The share of US-based publishers has remained virtually stable (+0.08%) for the SSH as a whole."
  },
  {
    "sec_id": "sec0025",
    "sentence": "The evolution for the aggregated SSH hides a marked discrepancy between the aggregated SS and the H."
  },
  {
    "sec_id": "sec0025",
    "sentence": "For the whole 2002\u20132011 timeframe, the SS opt for more than nine out of ten book publications for an Anglo-Saxon (i.e. UK- or US-based) publisher, while the H adhere for seven to eight publications out of ten to a local Flemish or other continental European publisher."
  },
  {
    "sec_id": "sec0025",
    "sentence": "There has also been a different evolution: whereas for the aggregated SS the shares of Flanders, continental Europe and the USA have all three diminished by 2\u20133%, the share of British publishers has increased by almost 8%."
  },
  {
    "sec_id": "sec0025",
    "sentence": "In contrast, for the H the Flemish share has decreased by a substantial 18.3%, while the shares of continental European (+10.31%), British (+6.82%) and American (+1.17%) publishers have all grown."
  },
  {
    "sec_id": "sec0025",
    "sentence": "These results imply that over the two subperiods, there has been a more profound evolution toward internationalization on the part of the aggregated H."
  },
  {
    "sec_id": "sec0025",
    "sentence": "While overall the SS are far more internationally oriented with regards to places of publication, the H are clearly gaining ground: in 2002\u20132006 the difference between the SS and the H regarding the total share of non-domestic places of publication was still 39.59%; in 2007\u20132011 this gap has diminished to 24.52%."
  },
  {
    "sec_id": "sec0025",
    "sentence": "All in all, given the already elevated internationalization of book publishing in the SS, a further modest increase has occurred, with an expansion of the British market share during the last five years."
  },
  {
    "sec_id": "sec0025",
    "sentence": "In the H, where there was ample room for growth, internationalization is more strongly on the rise, with expanding shares for continental European, British and American publishers alike."
  },
  {
    "sec_id": "sec0025",
    "sentence": "At the lowest aggregation level the percentages and Chi-square results in [tbl0005] point out that for individual SSH disciplines as well, Political Science and Economics and Business likely excepted, the distributions of publications per geographic location for 2002\u20132006 and 2007\u20132011 are significantly different."
  },
  {
    "sec_id": "sec0025",
    "sentence": "Of the five Social Sciences, all but one show the same evolution: diminishing shares for Flanders, continental Europe and the USA, and an expanding one for the UK."
  },
  {
    "sec_id": "sec0025",
    "sentence": "The exception is Sociology, which shows the share of the USA almost doubling to 16.48%, at the expense of the other three locations."
  },
  {
    "sec_id": "sec0025",
    "sentence": "For the H disciplines, the pattern of change is more diverse."
  },
  {
    "sec_id": "sec0025",
    "sentence": "We can distinguish a first group consisting of Art History and Theology showing diminishing shares for Flanders and the USA, and growing ones for continental Europe and the UK."
  },
  {
    "sec_id": "sec0025",
    "sentence": "For these two disciplines, especially continental Europe has considerably increased its share (+24.99% for Art History; +21.53% for Theology)."
  },
  {
    "sec_id": "sec0025",
    "sentence": "A second group consist of History, Literature and Philosophy, and shows a diminishing share for Flanders and growing ones for the other three locations."
  },
  {
    "sec_id": "sec0025",
    "sentence": "Here, most growth has occurred either for continental Europe (History: +14.50%; Literature: +20.84%) or for the UK (Philosophy: +18.49%)."
  },
  {
    "sec_id": "sec0025",
    "sentence": "Finally two disciplines each show a distinct pattern."
  },
  {
    "sec_id": "sec0025",
    "sentence": "Law shows diminishing shares for all locations but the UK (+17.64%)."
  },
  {
    "sec_id": "sec0025",
    "sentence": "In Linguistics, the shares of Flanders and the UK have diminished, while those of continental Europe and the USA have both grown by about 3%."
  },
  {
    "sec_id": "sec0025",
    "sentence": "It is notable that Linguistics is the only one of the twelve disciplines showing a slightly contracting UK share (\u22121.01%)."
  },
  {
    "sec_id": "sec0025",
    "sentence": "Publication barycenters for monographs, edited books and book chapters are situated at different locations in the polygon."
  },
  {
    "sec_id": "sec0025",
    "sentence": "[fig0010] shows how barycenters for the three publication types are in a different location for the aggregated SS and the H [fig0010]."
  },
  {
    "sec_id": "sec0025",
    "sentence": "Again, it is shown how for the H, Flemish and even more so continental European publishers are predominant for all three publication types, while for the SS British publishers carry the most weight."
  },
  {
    "sec_id": "sec0025",
    "sentence": "Most telling in this regard are the barycenters for monographs: while for the H monographs are the most Flemish-oriented type, for the SS they are the least Flemish and the most UK-oriented."
  },
  {
    "sec_id": "sec0025",
    "sentence": "Both for the SS and the H, the barycenters of edited books are located slightly closer to Flanders than barycenters for book chapters."
  },
  {
    "sec_id": "sec0025",
    "sentence": "This is explained by the fact that academic editors affiliated with a Flemish university will opt more easily for a Flemish or continental European based publisher, while Flemish affiliated chapter authors are often dependent on the choice of publisher of non-Flemish affiliated book editors (see Section [sec0015]), who obviously are more likely to choose a publisher located outside of Flanders [tbl0010]."
  },
  {
    "sec_id": "sec0025",
    "sentence": "Table 2."
  },
  {
    "sec_id": "sec0025",
    "sentence": "Shares of monographs, edited books and book chapters for Flanders, Continental Europe, United Kingdom and United States (2002\u20132006 and 2007\u20132011)."
  },
  {
    "sec_id": "sec0025",
    "sentence": "For results marked, the Chi-square test when applied to all four locations did not yield a reliable result, due to an expected number of publications for one of the four locations lower than 5."
  },
  {
    "sec_id": "sec0025",
    "sentence": "We therefore recalculated \u03c72 and the p-value by omitting only these locations from the test.)"
  },
  {
    "sec_id": "sec0025",
    "sentence": "In [tbl0010] we provide an overview of the evolving shares of the four geographic locations per publication type, as well as the Chi-square test results."
  },
  {
    "sec_id": "sec0025",
    "sentence": "At the level of the aggregated SSH, for all three publication types the share of Flanders has diminished by 11\u201313%."
  },
  {
    "sec_id": "sec0025",
    "sentence": "Continental Europe shows a 5.75% increase for edited books and a 9.79% growth for book chapters, but near stability for monographs."
  },
  {
    "sec_id": "sec0025",
    "sentence": "The UK shows for all three types a share growing by 3\u201312%, while that of the US changes 1% or less for all three types."
  },
  {
    "sec_id": "sec0025",
    "sentence": "For the aggregated SS, the share of Flanders has diminished for each publication type, those of continental Europe and the US have also mostly diminished, while that of the UK has grown consistently by 4\u201314%."
  },
  {
    "sec_id": "sec0025",
    "sentence": "For the aggregated H, there has been a drop of 17\u201319% of the Flemish share for the three publication types."
  },
  {
    "sec_id": "sec0025",
    "sentence": "The continental European share for monographs has grown by 2.5%, for edited books and book chapters it has seen a 10\u201311% increase."
  },
  {
    "sec_id": "sec0025",
    "sentence": "Finally, there has been a clear growth of the share of the UK for all three publication types and a more modest one of that of the US."
  },
  {
    "sec_id": "sec0040",
    "sentence": "The barycenter method is well applicable to places of publication of books."
  },
  {
    "sec_id": "sec0040",
    "sentence": "It offers a concise and easily apprehensible way to represent aspects of internationalization of academic book publishing."
  },
  {
    "sec_id": "sec0040",
    "sentence": "The most obvious aspect of internationalization measured by the barycenter method is the dissemination context: publishing books more internationally helps scholars to share their research with a larger circle of the global scholarly community."
  },
  {
    "sec_id": "sec0040",
    "sentence": "Undoubtedly, however, places of publication of books are also related to other, more intrinsic aspects of research internationalization."
  },
  {
    "sec_id": "sec0040",
    "sentence": "In order to be published with an international publisher based in another country, the topic of a book must hold relevance for a broader, non-local readership ([bib0110]).",
    "intent": "background"
  },
  {
    "sec_id": "sec0040",
    "sentence": "Hence the position of the disciplines in [fig0005] can also be understood as their position on a spectrum of universality of the research presented."
  },
  {
    "sec_id": "sec0040",
    "sentence": "Publication language for books is also clearly linked to place of publication; UK- and US-based publishers, for instance, will only rarely publish books in other languages than English."
  },
  {
    "sec_id": "sec0040",
    "sentence": "Due to these considerations, the barycentre method appears to be especially applicable to internationalization studies on non-Anglophone nations, such as the Nordic countries (which have similar data on books available) ([bib0100]).",
    "intent": "background"
  },
  {
    "sec_id": "sec0040",
    "sentence": "In view of making comparisons between countries, care should be taken to account for all factors influencing the outcome, in particular the publisher selection at the national level ([bib0120]).",
    "intent": "background"
  },
  {
    "sec_id": "sec0040",
    "sentence": "For Flanders, future research could analyze the relation between places of publication and international co-authorship and editorship of book publications."
  },
  {
    "sec_id": "sec0040",
    "sentence": "It is plausible, after all, that having a foreign co-author or editor facilitates access to publishers in other countries."
  },
  {
    "sec_id": "sec0040",
    "sentence": "The results in this article pertaining to the barycenter locations for different publication types already point in this direction."
  },
  {
    "sec_id": "sec0040",
    "sentence": "In the more distant future, a comparison between internationalization patterns of book publications and journal articles would be a considerable step forward."
  },
  {
    "sec_id": "sec0040",
    "sentence": "At present, such a direct comparison using the method outlined in this article, is not feasible in a reliable way."
  },
  {
    "sec_id": "sec0040",
    "sentence": "For journals, there is far greater ambiguity concerning the place of publication (the publisher of the intellectual contents vs."
  },
  {
    "sec_id": "sec0040",
    "sentence": "the commercial publishing enterprise), whereas for books, the unambiguous identification of publishers with an established peer review procedure remains difficult."
  },
  {
    "sec_id": "sec0040",
    "sentence": "This has a profound influence on the selection of publications registered in bibliographic databases like the VABB-SHW ([bib0120]).",
    "intent": "background"
  },
  {
    "sec_id": "sec0040",
    "sentence": "With regards to the relative weight of places of publications, this article has shown a stark contrast between the Social Sciences and the Humanities as practiced at Flemish universities."
  },
  {
    "sec_id": "sec0040",
    "sentence": "Humanities scholars more frequently publish their books and chapters with a domestic publisher."
  },
  {
    "sec_id": "sec0040",
    "sentence": "However, over the period under study, continental European publishers have overtaken their Flemish-based counterparts with regards to total volume of Humanities book publications."
  },
  {
    "sec_id": "sec0040",
    "sentence": "Meanwhile, the Social Sciences are far less reliant on domestic publishers."
  },
  {
    "sec_id": "sec0040",
    "sentence": "In 2007\u20132011, the share of Flemish publishers stood at less than 3% of all Social Sciences book publications."
  },
  {
    "sec_id": "sec0040",
    "sentence": "During these years, British publishers have increased their already substantial market share of Social Science book publishing."
  },
  {
    "sec_id": "sec0040",
    "sentence": "In spite of \u2013 or perhaps because of \u2013 their more modest starting point, however, the Humanities show a more pronounced evolution toward further internationalization than the Social Sciences."
  },
  {
    "sec_id": "sec0050",
    "sentence": "The following are the supplementary data to this article:Download : Download spreadsheet (13KB)Download : Download spreadsheet (17KB)Download : Download spreadsheet (16KB)Download : Download spreadsheet (26KB)"
  }
]