[
  {
    "sec_id": "sec0005",
    "sentence": "Received citations are probably the most common indicator used to evaluate the quality of scientific production."
  },
  {
    "sec_id": "sec0005",
    "sentence": "It is widely held that the number of citations received by a scientific product (article, book chapter, etc.) is somewhat a measure of its quality."
  },
  {
    "sec_id": "sec0005",
    "sentence": "A high number of received citations should mean higher influence on other authors, and thus a higher value in terms of novelty, quality of results, thoroughness ([bib0065]; see also the discussion in [bib0015]).",
    "intent": "background"
  },
  {
    "sec_id": "sec0005",
    "sentence": "Nevertheless the use of citations as quality index has been questioned by many authors in the past (see for instance [bib0115], [bib0120]).",
    "intent": "background"
  },
  {
    "sec_id": "sec0005",
    "sentence": "In consequence of these facts, in the last decades, several bibliometric indicators based on the number of received citations have been devised."
  },
  {
    "sec_id": "sec0005",
    "sentence": "Such indicators are intended to help evaluating journals, single works, and even the career of scientific authors."
  },
  {
    "sec_id": "sec0005",
    "sentence": "There exists experimental evidence of the validity of citation-based indicators (see for instance [bib0095], p.",
    "intent": "background"
  },
  {
    "sec_id": "sec0005",
    "sentence": "585 and thereafter)."
  },
  {
    "sec_id": "sec0005",
    "sentence": "One of the first of such metrics, and probably the most famous, is the Journal Impact Factor ([bib0060], [bib0070], [bib0075]).",
    "intent": "background"
  },
  {
    "sec_id": "sec0005",
    "sentence": "Notwithstanding (or possibly due to) its wide diffusion, Journal Impact Factor has received \u2013 also recently \u2013 several criticisms (see for instance [bib0140], [bib0145]).",
    "intent": "background"
  },
  {
    "sec_id": "sec0005",
    "sentence": "Other metrics, like the h-index, have become relevant in the last years ([bib0105]).",
    "intent": "background"
  },
  {
    "sec_id": "sec0005",
    "sentence": "Also the measure of the evolution with time of the distribution of received citations is a relevant topic."
  },
  {
    "sec_id": "sec0005",
    "sentence": "Its study, as also the literature overview of the present article shows, has an important space in bibliometric sciences."
  },
  {
    "sec_id": "sec0005",
    "sentence": "The present work aims at contributing to this specific topic."
  },
  {
    "sec_id": "sec0005",
    "sentence": "It does so performing an empirical study on the number of citations received by journal articles, tackling a specific research question: do (very) different research fields present a different evolution in the trend of received citations?"
  },
  {
    "sec_id": "sec0005",
    "sentence": "Is there a relevant difference between hard and social sciences?"
  },
  {
    "sec_id": "sec0005",
    "sentence": "Which are the implications originating from differences and/or similarities?"
  },
  {
    "sec_id": "sec0005",
    "sentence": "In order to answer to this question the present work operates in an empirical perspective."
  },
  {
    "sec_id": "sec0005",
    "sentence": "It measures in fact the evolution of received citation from a sample of journals belonging to two distinct ISI subject categories."
  },
  {
    "sec_id": "sec0005",
    "sentence": "The two subject categories are \u201cChemistry, multidisciplinary\u201d (ISI Science Edition) and \u201cManagement\u201d (ISI Social Science edition)."
  },
  {
    "sec_id": "sec0005",
    "sentence": "Time span of cited articles goes from 1999 to 2010, and that of the relative received citations goes up to 2011."
  },
  {
    "sec_id": "sec0005",
    "sentence": "Both mean citations per article and medians of citations per article per year have been taken in account, with the use of an apt methodology."
  },
  {
    "sec_id": "sec0005",
    "sentence": "The present paper is organized as follows."
  },
  {
    "sec_id": "sec0005",
    "sentence": "Section [sec0010] contains the overview of previous literature, mainly showing how time evolution of received citations has been studied by scholars in the recent past."
  },
  {
    "sec_id": "sec0005",
    "sentence": "Section [sec0015] presents the methodology exploited in the present work."
  },
  {
    "sec_id": "sec0005",
    "sentence": "Section [sec0020] presents and analyzes the obtained results, while fifth and last section discusses the results and sketches some possible future research directions."
  },
  {
    "sec_id": "sec0010",
    "sentence": "The corpus of literature studying citedness of scientific products and its evolution is vast and composite, and it tackles research questions related to several aspects of the topic."
  },
  {
    "sec_id": "sec0010",
    "sentence": "Thus the present overview will only discuss a fraction of the most relevant works related to the specific topic of timing of received citations, which consists of a vast stream of literature in itself.[fn0005]"
  },
  {
    "sec_id": "sec0010",
    "sentence": "Several articles tackle the topic of the time gap between the publication of a scientific work and its first received citation."
  },
  {
    "sec_id": "sec0010",
    "sentence": "This time gap is also studied as an index of quality of the cited publication: the shorter the time gap, the higher the quality."
  },
  {
    "sec_id": "sec0010",
    "sentence": "[bib0135] did introduce the \u201cMean response time\u201d (MRT) as an instrument to measure the performance of journals.",
    "intent": "background"
  },
  {
    "sec_id": "sec0010",
    "sentence": "MRT is calculated as \u201cthe exponential mean of the first citation a set of paper receives\u201d ([bib0080], p.",
    "intent": "background"
  },
  {
    "sec_id": "sec0010",
    "sentence": "53)."
  },
  {
    "sec_id": "sec0010",
    "sentence": "A model for a first-citation distribution has then been developed by [bib0040] referring to [bib0130] and to [bib0100].",
    "intent": "background"
  },
  {
    "sec_id": "sec0010",
    "sentence": "His experimental work proves a mathematical model for the cumulative distribution of first-citation times."
  },
  {
    "sec_id": "sec0010",
    "sentence": "This model combines aging rate and a Lotka's exponent."
  },
  {
    "sec_id": "sec0010",
    "sentence": "Egghe, using practical examples, is able to show that the function in question fits accurately data on first citations, both concavely or S-shaped."
  },
  {
    "sec_id": "sec0010",
    "sentence": "This result is able to offer an informetric rationale to the distribution of first citations."
  },
  {
    "sec_id": "sec0010",
    "sentence": "By his side also [bib0030], [bib0035] developed a stochastic model for the distribution of the first and the n-th prospective (diachronous) citation.",
    "intent": "background"
  },
  {
    "sec_id": "sec0010",
    "sentence": "His \u201cmixed-Poisson model with aging provides an intuitively reasonable description of prospective citation studies\u201d (2001, p."
  },
  {
    "sec_id": "sec0010",
    "sentence": "11)."
  },
  {
    "sec_id": "sec0010",
    "sentence": "In more recent times [bib0005], [bib0010] and [bib0045] have studied indexes of speed of received citations.",
    "intent": "background"
  },
  {
    "sec_id": "sec0010",
    "sentence": "[bib0005], [bib0010] perform an experimental activity on the manuscripts accepted or rejected in a top international chemistry journal.",
    "intent": "background"
  },
  {
    "sec_id": "sec0010",
    "sentence": "Experimental results show that accepted manuscripts are more likely to be cited first than those manuscripts that have been rejected (but published elsewhere)."
  },
  {
    "sec_id": "sec0010",
    "sentence": "This result indicates that it is meaningful to use the time up to first citation as a bibliometric evaluator."
  },
  {
    "sec_id": "sec0010",
    "sentence": "The subsequent work (2010b) presents instead the speed of first received citation as a complement to the h-index."
  },
  {
    "sec_id": "sec0010",
    "sentence": "The citation speed index is calculated for a group of articles from the first citation time in months."
  },
  {
    "sec_id": "sec0010",
    "sentence": "An experimental activity on the same sample of the previous article shows higher indexes (and thus faster citation time) for accepted manuscripts."
  },
  {
    "sec_id": "sec0010",
    "sentence": "Finally, [bib0045] set out a proposal for a first-citation-speed-index (FCSI).",
    "intent": "background"
  },
  {
    "sec_id": "sec0010",
    "sentence": "Authors introduce an \u201ch-index for increasing sequences\u201d (p."
  },
  {
    "sec_id": "sec0010",
    "sentence": "186), but nevertheless encourage the search \u201cfor other good FCSIs\u201d (ibidem)."
  },
  {
    "sec_id": "sec0010",
    "sentence": "The study of citation distribution is indeed the most relevant topic to be reviewed in relation to the present work."
  },
  {
    "sec_id": "sec0010",
    "sentence": "[bib0020] builds a model to describe citation distribution, performing a diachronous analysis.",
    "intent": "background"
  },
  {
    "sec_id": "sec0010",
    "sentence": "The aim is to identify the timing of the major loss of citations."
  },
  {
    "sec_id": "sec0010",
    "sentence": "The model is tested on a set of publication in ISI category \u2018Biochemistry & Molecular biology\u2019 from different countries."
  },
  {
    "sec_id": "sec0010",
    "sentence": "With the use of this model it is also possible to obtain the value of \u2018residual citations\u2019 (p."
  },
  {
    "sec_id": "sec0010",
    "sentence": "208) that a corpus of articles keeps after a long time from publication."
  },
  {
    "sec_id": "sec0010",
    "sentence": "A further analysis, performed by [bib0025] studies the changes in the life expectancy of different groups of articles via the application of the model.",
    "intent": "background"
  },
  {
    "sec_id": "sec0010",
    "sentence": "Results show variations in life expectancy between countries and scientific fields."
  },
  {
    "sec_id": "sec0010",
    "sentence": "Moreover their results show that \u201clife expectancy of scientific papers is lengthening with time\u201d (p."
  },
  {
    "sec_id": "sec0010",
    "sentence": "14)."
  },
  {
    "sec_id": "sec0010",
    "sentence": "With an original perspective [bib0125] compares the processes of aging of scientific publications and of mental forgetting.",
    "intent": "background"
  },
  {
    "sec_id": "sec0010",
    "sentence": "To do so he performs a synchronous analysis of citations, considering references found in ISI publications in year 1984."
  },
  {
    "sec_id": "sec0010",
    "sentence": "The empirical decay of citations and data on aging in newspapers are compared."
  },
  {
    "sec_id": "sec0010",
    "sentence": "Finally, the author builds a model \u2013 based on an inversed function \u2013 for aging considering the years after year 3 from publication."
  },
  {
    "sec_id": "sec0010",
    "sentence": "There is similarity between the two considered processes."
  },
  {
    "sec_id": "sec0010",
    "sentence": "Also [bib0155] perform a synchronous analysis of citations, but start analyzing the process of referencing and citation of a journal.",
    "intent": "background"
  },
  {
    "sec_id": "sec0010",
    "sentence": "They then build a model and test it on a sample of hard sciences journals from different fields."
  },
  {
    "sec_id": "sec0010",
    "sentence": "Finally, a rather interesting work in the perspective of the present article is that of [bib0150].",
    "intent": "background"
  },
  {
    "sec_id": "sec0010",
    "sentence": "In order to answer to the question \u201cwhy do statistics journals have low IFs?\u201d the author performs an experimental activity."
  },
  {
    "sec_id": "sec0010",
    "sentence": "He first selects the 20 most cited articles from three statistics journals."
  },
  {
    "sec_id": "sec0010",
    "sentence": "He then collects 20 articles \u201cfor several other disciplines\u201d (p."
  },
  {
    "sec_id": "sec0010",
    "sentence": "54), performing estimations for time series of the number of citations of each paper."
  },
  {
    "sec_id": "sec0010",
    "sentence": "Based on the performed analysis, \u201cit has become clear that statistical journals enjoy slower diffusion than do journals in other disciplines\u201d (p."
  },
  {
    "sec_id": "sec0010",
    "sentence": "59)."
  },
  {
    "sec_id": "sec0010",
    "sentence": "The present work will add evidence to the claim of different diffusion paths in scientific fields."
  },
  {
    "sec_id": "sec0010",
    "sentence": "This article, rather than modeling the evolution of citations, performs their empirical analysis."
  },
  {
    "sec_id": "sec0010",
    "sentence": "This is aimed at describing \u2013 starting from data \u2013 how the trends of average received citations evolve with time in different scientific fields."
  },
  {
    "sec_id": "sec0010",
    "sentence": "This diachronous analysis ([bib0085]) may prove relevant in describing different behaviors and peculiarities of scientific fields, as well as their effects on the values of scientific indicators.",
    "intent": "background"
  },
  {
    "sec_id": "sec0015",
    "sentence": "The empirical analysis performed in the present work is based on a sample of journals studied over the 1999\u20132010 time period (relying on the in-house version of the ISI Journal Citation Reports\u00ae at the University of Torino)."
  },
  {
    "sec_id": "sec0015",
    "sentence": "This sample has been yet extensively described in [bib0055].",
    "intent": "background"
  },
  {
    "sec_id": "sec0015",
    "sentence": "It contains journals extracted with a systematic sampling from two ISI Categories: \u201cChemistry, multidisciplinary\u201d (JCR Science Edition) and \u201cManagement\u201d (JCR Social Sciences Edition)."
  },
  {
    "sec_id": "sec0015",
    "sentence": "The two categories have been chosen as being not too specific in their scope, and thus more apt to show general results, in some way representative of the two JCR databases."
  },
  {
    "sec_id": "sec0015",
    "sentence": "The journals have been sampled according to the following determinants:-Presence within the ISI JCR throughout the analyzed time period (1999\u20132010);-Different Journal Impact Factors (according to ISI JCR 2010), going from top of the category to its lower end;-Number of published articles, going from high to low productivity;-Differentiation of origin in terms of Journal Country/Territory (according to ISI JCR data);-The choice has been performed randomly within the limits of these determinants."
  },
  {
    "sec_id": "sec0015",
    "sentence": "Trial-and-error, excluding possible candidates not fitting the determinants, has been performed (e.g., a journal might have had a suitable JIF but it might not have been present within the ISI JCR since 1999)."
  },
  {
    "sec_id": "sec0015",
    "sentence": "Presence within the ISI JCR throughout the analyzed time period (1999\u20132010);"
  },
  {
    "sec_id": "sec0015",
    "sentence": "Different Journal Impact Factors (according to ISI JCR 2010), going from top of the category to its lower end;"
  },
  {
    "sec_id": "sec0015",
    "sentence": "Number of published articles, going from high to low productivity;"
  },
  {
    "sec_id": "sec0015",
    "sentence": "Differentiation of origin in terms of Journal Country/Territory (according to ISI JCR data);"
  },
  {
    "sec_id": "sec0015",
    "sentence": "The choice has been performed randomly within the limits of these determinants."
  },
  {
    "sec_id": "sec0015",
    "sentence": "Trial-and-error, excluding possible candidates not fitting the determinants, has been performed (e.g., a journal might have had a suitable JIF but it might not have been present within the ISI JCR since 1999)."
  },
  {
    "sec_id": "sec0015",
    "sentence": "This rational system has been devised to ensure the selection of a sample that is representative and meaningful (within the limits of an operable research effort)."
  },
  {
    "sec_id": "sec0015",
    "sentence": "It contains 14 journals from \u201cChemistry, multidisciplinary\u201d category and 7 from \u201cManagement\u201d."
  },
  {
    "sec_id": "sec0015",
    "sentence": "The sampled journals are just above 10% of the two categories."
  },
  {
    "sec_id": "sec0015",
    "sentence": "In fact \u201cChemistry, multidisciplinary\u201d did contain 121 journals in 1999 and 147 in 2010, whereas \u201cManagement\u201d only 61 in 1999 and 144 in 2010."
  },
  {
    "sec_id": "sec0015",
    "sentence": "A stratified sample containing this (10%) percentage of the studied categories should assure meaningful results."
  },
  {
    "sec_id": "sec0015",
    "sentence": "Moreover, while it is not possible to claim that a sample is completely immune of biasing, its use makes possible presenting peculiar cases, as the following of the article will show."
  },
  {
    "sec_id": "sec0015",
    "sentence": "[tbl0005] reports the titles of, and relevant data about, the sampled journals."
  },
  {
    "sec_id": "sec0015",
    "sentence": "Data mining was performed on Thomson Reuters \u2013 ISI Web of Knowledge\u00ae in May 2012 (August 2013 for 1985\u20131998 data)."
  },
  {
    "sec_id": "sec0015",
    "sentence": "Table 1."
  },
  {
    "sec_id": "sec0015",
    "sentence": "Data on journals in the sample."
  },
  {
    "sec_id": "sec0015",
    "sentence": "(Source: ISI-WoS-Thomson Reuters)."
  },
  {
    "sec_id": "sec0015",
    "sentence": "Retrieved data are:\u2013Number of articles per year;\u2013Number of received citations for the years\u2019 articles per each year (year of publication and all the following years)."
  },
  {
    "sec_id": "sec0015",
    "sentence": "Number of articles per year;"
  },
  {
    "sec_id": "sec0015",
    "sentence": "Number of received citations for the years\u2019 articles per each year (year of publication and all the following years)."
  },
  {
    "sec_id": "sec0015",
    "sentence": "As described in the introduction, a first analysis has been performed on citations means."
  },
  {
    "sec_id": "sec0015",
    "sentence": "The methodology adopted for this analysis adapts for received citations the methodology described in [bib0050].",
    "intent": "extends"
  },
  {
    "sec_id": "sec0015",
    "sentence": "In an analytical way,[fn0010] considering articles published in year a and cited in year b, with b\u00a0\u2265\u00a0a, we calculate:MEANa,b=CITATIONb,aARTICLESaThen, keeping constant in each summation the value of (b\u00a0\u2212\u00a0a), we calculate:SUM_MEAN(b-a)=\u2211a=19992010MEANa,bnwhere n is the number of MEANa,b values summed."
  },
  {
    "sec_id": "sec0015",
    "sentence": "n depends on the time distance between a and 2012, and thus goes from 1 to 12 according to the number of occurrences (that is, the number of data obtained for each b-a time distance)."
  },
  {
    "sec_id": "sec0015",
    "sentence": "The final result is the plot of SUM_MEAN(b\u2013a) vs."
  },
  {
    "sec_id": "sec0015",
    "sentence": "(b\u00a0\u2212\u00a0a)."
  },
  {
    "sec_id": "sec0015",
    "sentence": "That is to say, in order to measure the evolution of average received citations, we calculate the mean number of citations per article received in each year after the publication (and in the year of publication)."
  },
  {
    "sec_id": "sec0015",
    "sentence": "Then we calculate the mean number of citations according to the forward lag in years existing between publication and citation."
  },
  {
    "sec_id": "sec0015",
    "sentence": "This is done summing the different occurrences and dividing by their number."
  },
  {
    "sec_id": "sec0015",
    "sentence": "In this way data relative to articles published in several years (up to 12 years) are averaged."
  },
  {
    "sec_id": "sec0015",
    "sentence": "This should help avoid any possible bias due to the use of citations received in a single year."
  },
  {
    "sec_id": "sec0015",
    "sentence": "In this way a curve descriptive of the behavior of a broader set of cited work, and thus more reliable, is obtained."
  },
  {
    "sec_id": "sec0015",
    "sentence": "It must be noted that trend lines show only values from 0 to 10 years after publication."
  },
  {
    "sec_id": "sec0015",
    "sentence": "This is due to the need of having at least three values averaged in the count of citations, for sake of obtaining more reliable results."
  },
  {
    "sec_id": "sec0015",
    "sentence": "Values at (b\u2212a)\u00a0=\u00a011 and (b\u2212a)\u00a0=\u00a012 in fact are respectively the average of 2 values (those from years 1999 and 2000) and the sole value for 1999 publications after 12 years from publication."
  },
  {
    "sec_id": "sec0015",
    "sentence": "Results are presented in [fig0005] (\u201cChemistry, multidisciplinary\u201d) and [fig0010] (\u201cManagement\u201d), presenting in each frame the plot related to a single journal."
  },
  {
    "sec_id": "sec0015",
    "sentence": "In the figures attention should be paid to the scale of the different curves."
  },
  {
    "sec_id": "sec0015",
    "sentence": "Values obtained and presented in ordinate in fact differ strongly between different journals."
  },
  {
    "sec_id": "sec0015",
    "sentence": "Once obtained the results of this first analysis, more specific attention has been paid to three cases of \u201cManagement\u201d journals: \u201cAcademy of Management Review\u201d, \u201cJournal of Management\u201d and \u201cStrategic Management Journal\u201d."
  },
  {
    "sec_id": "sec0015",
    "sentence": "These three journals, the most cited in the \u201cManagement\u201d sample (as well as those with the highest JIF), have been chosen for this further investigation because they present the highest linearity in the growth of received citations, as [fig0010] shows and the next section will describe."
  },
  {
    "sec_id": "sec0015",
    "sentence": "In order to investigate more deeply the nature of this growing path of received citations, data on the numbers of articles and received citations have been retrieved from 1985 onwards (again relying on the in-house version of the ISI Journal Citation Reports\u00ae at the University of Torino)."
  },
  {
    "sec_id": "sec0015",
    "sentence": "[fig0015] presents the results for the three journals; each curve is the average respectively of years 1985\u20131989, 1990\u20131994, 1995\u20131999."
  },
  {
    "sec_id": "sec0015",
    "sentence": "Presented data are the average of the 5 values and thus curves stop respectively after 22, 17 and 12 years lag."
  },
  {
    "sec_id": "sec0015",
    "sentence": "Besides this first analysis performed on means, a second study has been performed on medians of received citations."
  },
  {
    "sec_id": "sec0015",
    "sentence": "In particular this second analysis exploits mean received citations per year per paper as directly downloaded from Thomson Reuters \u2013 ISI Web of Knowledge\u00ae."
  },
  {
    "sec_id": "sec0015",
    "sentence": "Medians for each year have then been calculated from these data."
  },
  {
    "sec_id": "sec0015",
    "sentence": "Results are presented in [tbl0010] (Chemistry) and [tbl0015] (Management) and in [fig0020]."
  },
  {
    "sec_id": "sec0015",
    "sentence": "The four graphs in the figure present respectively the plot for the journal \u201cChemical Reviews\u201d (extracted due to its much higher values), the plots of the other 7 most cited \u201cChemistry\u201d journals, the plots of the last 6 \u201cChemistry\u201d journals, and the plot of the 7 \u201cManagement\u201d journals."
  },
  {
    "sec_id": "sec0015",
    "sentence": "Table 2."
  },
  {
    "sec_id": "sec0015",
    "sentence": "Values of medians of received citations per article per year for each year of publications \u2013 \u201cChemistry\u201d journals."
  },
  {
    "sec_id": "sec0015",
    "sentence": "Table 3."
  },
  {
    "sec_id": "sec0015",
    "sentence": "Values of medians of received citations per article per year for each year of publications \u2013 \u201cManagement\u201d journals."
  },
  {
    "sec_id": "sec0020",
    "sentence": "The empirical activity performed in the present work has led to the results presented in the following paragraphs."
  },
  {
    "sec_id": "sec0020",
    "sentence": "The trends of mean received citations within each of the two categories are rather consistent."
  },
  {
    "sec_id": "sec0020",
    "sentence": "The evolution of the trend of average received citations for \u201cChemistry, multidisciplinary\u201d journals is similar in most cases."
  },
  {
    "sec_id": "sec0020",
    "sentence": "In particular, 11 Chemistry journals peak the number of average received citations at 2 years after publication, and one at 3 years, and then decrease steadily; the evolution is different for each journal."
  },
  {
    "sec_id": "sec0020",
    "sentence": "Roughly considered, journals with higher number of average received citations and higher Impact Factors present a slower decrease of received citations."
  },
  {
    "sec_id": "sec0020",
    "sentence": "The trends of the other two \u201cChemistry, multidisciplinary\u201d journals present a peculiar behavior."
  },
  {
    "sec_id": "sec0020",
    "sentence": "The first journal, \u201cChemical Reviews\u201d, does not present a peak, but instead grows in the first 3\u20134 years and then stabilizes at very high values."
  },
  {
    "sec_id": "sec0020",
    "sentence": "This journal publishes only long review articles on specific topics (each containing in most cases hundreds of citations)."
  },
  {
    "sec_id": "sec0020",
    "sentence": "Thus the \u201cknowledge\u201d contained in such articles is feasibly lasting and being used much longer than the average experimental results (also those published in top journals)."
  },
  {
    "sec_id": "sec0020",
    "sentence": "That is to say, articles published in this journal continue being cited (probably as a reference of past literature) also after a long time from their publication."
  },
  {
    "sec_id": "sec0020",
    "sentence": "This result suggests that review articles have a very different citation path than research articles."
  },
  {
    "sec_id": "sec0020",
    "sentence": "The second journal, \u201cJournal of Computational Chemistry\u201d, presents a (not pronounced) peak at 6 years, and then slightly decreases."
  },
  {
    "sec_id": "sec0020",
    "sentence": "This journal belongs to a more specific subfield (though being listed only in \u201cChemistry, multidisciplinary\u201d) and it is possible that, again, it contains knowledge that is accessed and used for a longer time than it may generally happen in the field."
  },
  {
    "sec_id": "sec0020",
    "sentence": "A similar consistency is verified among \u201cManagement\u201d journals."
  },
  {
    "sec_id": "sec0020",
    "sentence": "But in this case the trends are totally different from those of \u201cChemistry, multidisciplinary\u201d."
  },
  {
    "sec_id": "sec0020",
    "sentence": "In fact, most Management journals do not present a peak of citations."
  },
  {
    "sec_id": "sec0020",
    "sentence": "5 out of 7 journals instead present a trend of continuous growth from 0 to 10 years."
  },
  {
    "sec_id": "sec0020",
    "sentence": "One case (Research-Technology Management) presents a peak at 7 years of age and then a slight decrease."
  },
  {
    "sec_id": "sec0020",
    "sentence": "In the seventh case (International Journal of Technology Management) the rate of average received citations grows until 3 years of age and then stabilizes."
  },
  {
    "sec_id": "sec0020",
    "sentence": "\u201cManagement\u201d journals thus seem not to present the phenomenon of \u201caging rate\u201d, described for instance by [bib0040] as \u201cthe decline from year to year of the number of citations a paper receives\u201d (p.",
    "intent": "background"
  },
  {
    "sec_id": "sec0020",
    "sentence": "345)."
  },
  {
    "sec_id": "sec0020",
    "sentence": "Trends like those shown by \u201cManagement\u201d journals are rather undescribed in past literature, and thus deserve further exploration."
  },
  {
    "sec_id": "sec0020",
    "sentence": "To do so, data on longer time series have been obtained with the same methodology, as Section [sec0015] describes."
  },
  {
    "sec_id": "sec0020",
    "sentence": "In fact, it could be that \u201cManagement\u201d journals are presenting a peak of received citations at a much further time distance from publication."
  },
  {
    "sec_id": "sec0020",
    "sentence": "This activity has been performed for three journals: \u201cAcademy of Management Review\u201d, \u201cJournal of Management\u201d and \u201cStrategic Management Journal\u201d."
  },
  {
    "sec_id": "sec0020",
    "sentence": "These are most cited \u201cManagement\u201d Journals within the sample, as well as those having the highest impact factors."
  },
  {
    "sec_id": "sec0020",
    "sentence": "These are also the journals presenting the most linear trends, as graphs in [fig0010] shows."
  },
  {
    "sec_id": "sec0020",
    "sentence": "Notwithstanding the length of the analyzed time series (calculated from 1985 onwards), the trends reported in [fig0015] show that these three \u201cManagement\u201d journals do not present a peak of received citations."
  },
  {
    "sec_id": "sec0020",
    "sentence": "Trend lines of more recent journals grow up more steep than those of older ones."
  },
  {
    "sec_id": "sec0020",
    "sentence": "These older journals stabilize around 10\u201315 years after publication and then start rising again."
  },
  {
    "sec_id": "sec0020",
    "sentence": "The medians partly agree with those on means."
  },
  {
    "sec_id": "sec0020",
    "sentence": "The trends of the most cited \u201cChemistry\u201d journals look \u201csymmetrical\u201d to the trends of means, and peak at some years\u2019 distance."
  },
  {
    "sec_id": "sec0020",
    "sentence": "Also the trend of \u201cChemical Reviews\u201d is somewhat similar to that of means (values grow with time), though some spikes are present in the curve."
  },
  {
    "sec_id": "sec0020",
    "sentence": "Less cited \u201cChemistry\u201d journals present less defined trends, though in some cases a peak is shown."
  },
  {
    "sec_id": "sec0020",
    "sentence": "Instead the trend lines of medians of \u201cManagement\u201d journals are more heterogeneous."
  },
  {
    "sec_id": "sec0020",
    "sentence": "More cited journals either present a peak after some years (e.g. \u201cAcademy of Management Review\u201d), or a less defined peak (e.g. \u201cJournal of Management\u201d) or a more-or-less growing trend (e.g. \u201cStrategic Management Journal\u201d)."
  },
  {
    "sec_id": "sec0020",
    "sentence": "Other results are even more blurred; in one case (\u201cResearch-Technology Management\u201d) all the medians are 0."
  },
  {
    "sec_id": "sec0020",
    "sentence": "This is also the only \u201cManagement\u201d journal presenting a somewhat defined peak of citations."
  },
  {
    "sec_id": "sec0025",
    "sentence": "The above described results answer to the research questions showing that strong differences exist between the trends of mean received citations of journals from very different fields."
  },
  {
    "sec_id": "sec0025",
    "sentence": "The medians show also differences between the two fields, though results look more difficult to interpret."
  },
  {
    "sec_id": "sec0025",
    "sentence": "A peak at two years for mean received citation in hard science journals articles has been previously described (see for instance [bib0020]).",
    "intent": "background"
  },
  {
    "sec_id": "sec0025",
    "sentence": "Indeed the trends of peculiar cases such as \u201cChemical Reviews\u201d may still deserve further exploration."
  },
  {
    "sec_id": "sec0025",
    "sentence": "Present results confirm this finding for a specific field."
  },
  {
    "sec_id": "sec0025",
    "sentence": "The trend of mean received citations presented by \u201cManagement\u201d journals is a rather undescribed phenomenon."
  },
  {
    "sec_id": "sec0025",
    "sentence": "This fact allows thinking that (strong) differences may exist between other specific fields of hard sciences and social sciences."
  },
  {
    "sec_id": "sec0025",
    "sentence": "More in general, the different trends for the two categories suggest that the aging of scientific products presents strong differences in (very) different fields."
  },
  {
    "sec_id": "sec0025",
    "sentence": "The growth in mean received citations persists also for older (20/25-years-old) groups of articles."
  },
  {
    "sec_id": "sec0025",
    "sentence": "It has not been possible to show, in the context of the present work, whether these trends persist also for longer time."
  },
  {
    "sec_id": "sec0025",
    "sentence": "The parallel analysis of medians of mean received citations per year partly confirms the trends for \u201cChemistry\u201d journal."
  },
  {
    "sec_id": "sec0025",
    "sentence": "Results for \u201cManagement\u201d journals, if basically differ from the former ones (thus at least partly confirming the difference existing between fields) only partly match those on citations."
  },
  {
    "sec_id": "sec0025",
    "sentence": "Interpreting this fact goes beyond the purposes of the present work."
  },
  {
    "sec_id": "sec0025",
    "sentence": "Nevertheless there might either be the influence of outliers in terms of received citations, magnified by the minor number of articles per year with respect to the most cited \u201cChemistry\u201d journals, as [tbl0005] shows."
  },
  {
    "sec_id": "sec0025",
    "sentence": "A further important effect of the highlighted facts is the influence on the values of the indexes commonly used for the evaluation of scientific production."
  },
  {
    "sec_id": "sec0025",
    "sentence": "This is particularly true regarding the Journal Impact Factor and the 5-years Journal Impact Factor."
  },
  {
    "sec_id": "sec0025",
    "sentence": "Figures show the maximum values of average received citations for \u201cManagement\u201d journals."
  },
  {
    "sec_id": "sec0025",
    "sentence": "This value is, for the most cited journals, higher than the peak of top \u201cChemistry, multidisciplinary\u201d journals (apart from the case of \u201cChemistry Reviews\u201d)."
  },
  {
    "sec_id": "sec0025",
    "sentence": "Nevertheless it is well known that the calculation of Journal Impact Factor only takes in account citations received in the first 2 years after publication (5 years for the 5-years Journal Impact Factor)."
  },
  {
    "sec_id": "sec0025",
    "sentence": "Thus, those higher values of citations existing for \u201cManagement\u201d journals are not captured in the computation of Journal Impact Factors."
  },
  {
    "sec_id": "sec0025",
    "sentence": "This results in Journal Impact Factors being lower for \u201cManagement\u201d journals than those of the other case."
  },
  {
    "sec_id": "sec0025",
    "sentence": "Present findings may account (at least in part) for the (strong) disparity in the values of Journal Impact Factor existing between different categories."
  },
  {
    "sec_id": "sec0025",
    "sentence": "Moreover, present findings also suggest that results on the trends of citations obtained for a specific field should not be generalized and used to describe the general behavior of other or larger fields."
  },
  {
    "sec_id": "sec0025",
    "sentence": "This work obviously does not claim to be exhaustive."
  },
  {
    "sec_id": "sec0025",
    "sentence": "Nevertheless some of the causes of the above described findings on \u201cManagement\u201d journals can be hypothesized."
  },
  {
    "sec_id": "sec0025",
    "sentence": "First of all, as sample description in section 3 reports, \u201cManagement\u201d ISI category has more than doubled the number of Journals from 1999 to 2010 (journals were 61 in 1999 and 144 in 2010)."
  },
  {
    "sec_id": "sec0025",
    "sentence": "If we admit a high share of inter-category citations, this growth could result in a parallel growth in the number of citations."
  },
  {
    "sec_id": "sec0025",
    "sentence": "This hypothesis (which obviously needs being proved) is also supported by the fact that trends of more recent years grow faster than those of older years."
  },
  {
    "sec_id": "sec0025",
    "sentence": "Conversely, trends of older years present a sort of \u201cstabilization\u201d after 10\u201315 years from publication, and then start rising again."
  },
  {
    "sec_id": "sec0025",
    "sentence": "A more detailed analysis (here sketched for sake of concision) could deepen also the role of single articles in each year's received citations."
  },
  {
    "sec_id": "sec0025",
    "sentence": "As above data show, there is not complete agreement between the effect of means and that of medians for \u201cManagement\u201d journals, while the agreement is stronger for \u201cChemistry\u201d."
  },
  {
    "sec_id": "sec0025",
    "sentence": "This could suggest the presence of outliers that affect the citation path of the former category."
  },
  {
    "sec_id": "sec0025",
    "sentence": "Besides this one, the results of this work suggest several research directions to further explore the topic of received citations in different research fields, and of citedness in Social Sciences."
  },
  {
    "sec_id": "sec0025",
    "sentence": "A first topic descends from one the above considerations: as citedness of different scientific fields has not necessarily the same behavior, more research could be performed to highlight possible differences."
  },
  {
    "sec_id": "sec0025",
    "sentence": "Also the categories studied in the present work might deserve further deepening."
  },
  {
    "sec_id": "sec0025",
    "sentence": "Nevertheless it is of strong(er) interest the study of further categories both in \u201cSciences\u201d and in the least studied \u201cSocial sciences\u201d."
  },
  {
    "sec_id": "sec0025",
    "sentence": "About journals in \u201cScience\u201d, the peculiar behavior of review journals and articles is a further research topic to be addressed."
  },
  {
    "sec_id": "sec0025",
    "sentence": "The present methodology is an example of how research on trends of received citations could be performed."
  }
]