[
  {
    "sec_id": "sec0005",
    "sentence": "In order to improve the quality of scientific research, research evaluation is an important part of scientific activity."
  },
  {
    "sec_id": "sec0005",
    "sentence": "Whereas research evaluation was dominated by the application of the peer-review process over a long time ([bib0045]), the quantitative analysis of research outputs and their citation impact has become more and more important ([bib0165]).",
    "intent": "background"
  },
  {
    "sec_id": "sec0005",
    "sentence": "One main reason for the increasing importance of metrics is that \u201cpressures on universities to be more accountable to government and public funders of research have intensified\u201d ([bib0300]).",
    "intent": "background"
  },
  {
    "sec_id": "sec0005",
    "sentence": "Bibliometric numbers are available in specific databases for nearly all scientific fields and can be used \u2013 following certain standards ([bib0040]) \u2013 to investigate the performance of institutions in comparison with each other or with a world-average.",
    "intent": "background"
  },
  {
    "sec_id": "sec0005",
    "sentence": "Although bibliometrics are accepted by the general scientific community ([bib0180]), the use of bibliometrics is also critically seen, as [bib0300] outlined: \u201cMetrics are widely seen as absolving research managers of the responsibility for making assessments based on more accurate and complete information, and as contributing to mistrust of research management more generally\u201d (p.",
    "intent": "background"
  },
  {
    "sec_id": "sec0005",
    "sentence": "80)."
  },
  {
    "sec_id": "sec0005",
    "sentence": "According to [bib0300] \u201cthe most widely exploited bibliometric relies on counts of citations.",
    "intent": "background"
  },
  {
    "sec_id": "sec0005",
    "sentence": "Citation counts are sometimes used as an indicator of academic impact in the sense that citations from other documents suggest that the cited work has influenced the citing work in some way\u201d (p."
  },
  {
    "sec_id": "sec0005",
    "sentence": "5)."
  },
  {
    "sec_id": "sec0005",
    "sentence": "Citations are used as an indicator of scientific impact, although scientific impact can occur which does not manifest in citations."
  },
  {
    "sec_id": "sec0005",
    "sentence": "Thus, citations are used as a measurable quantity which substitutes for impact."
  },
  {
    "sec_id": "sec0005",
    "sentence": "It is an advantage of this quantity that it is directly rooted in the publication process of scientific results: \u201cIt is one of the basic rules of scientific research that a piece of written research, in order to warrant publication, needs to be adequately situated within the existing research literature."
  },
  {
    "sec_id": "sec0005",
    "sentence": "Awareness of the existing literature, and of the decisive developments and discussions in a field, is signaled through the inclusion of a range of markers, most commonly, a combination of in-text citations and bibliographic entries\u201d ([bib0305]).",
    "intent": "background"
  },
  {
    "sec_id": "sec0005",
    "sentence": "For citation analyses in the evaluative practice, it is often necessary to make comparisons between papers which have been published in different fields ([bib0290]).",
    "intent": "background"
  },
  {
    "sec_id": "sec0005",
    "sentence": "Bare citation counts cannot be used for these comparisons, because each field has developed own practices of publication, citation, and authorship ([bib0275]).",
    "intent": "background"
  },
  {
    "sec_id": "sec0005",
    "sentence": "These practices lead to differences in the referencing patterns (which will be explored in Section [sec0030]) and \u2013 as a direct consequence \u2013 to differences in average citation counts."
  },
  {
    "sec_id": "sec0005",
    "sentence": "Beginning in the mid-1980s, field-normalized indicators have been developed whereby the citation count of a focal paper is compared with the average citation count of a field, in which the focal paper was published ([bib0005]).",
    "intent": "background"
  },
  {
    "sec_id": "sec0005",
    "sentence": "Thus, the field average is used as the expected number of citations for a focal paper ([bib0290]).",
    "intent": "uses"
  },
  {
    "sec_id": "sec0005",
    "sentence": "The comparison with the expected value is intended to correct as much as possible for the effect of field-specific practices of publication, citation, and authorship."
  },
  {
    "sec_id": "sec0005",
    "sentence": "Today, it is standard in bibliometrics to use field-normalized indicators; its use is also recommended in the guiding principles for research evaluation in the Leiden manifesto ([bib0100]).",
    "intent": "background"
  },
  {
    "sec_id": "sec0005",
    "sentence": "In recent years, many different methods have been developed to field-normalize citations (see an overview, for example, in [bib0160], [bib0290]).",
    "intent": "background"
  },
  {
    "sec_id": "sec0005",
    "sentence": "In this paper, a new field-normalized indicator is introduced, which is rooted in early insights in bibliometrics."
  },
  {
    "sec_id": "sec0005",
    "sentence": "[bib0080] emphasizes that bare citation counts from different fields cannot be compared for evaluative purposes, because the \u201ccitation potential\u201d can vary significantly between the fields (see also [bib0170]).",
    "intent": "background"
  },
  {
    "sec_id": "sec0005",
    "sentence": "[bib0080] suggests that \u201cthe most accurate measure of citation potential is the average number of references per paper published in a given field\u201d.",
    "intent": "background"
  },
  {
    "sec_id": "sec0005",
    "sentence": "Based on this suggestion, our new indicator is basically defined as follows: the citation count of a focal paper is divided by the mean number of cited references in a field to normalize citations."
  },
  {
    "sec_id": "sec0005",
    "sentence": "The new indicator is called citation score normalized by cited references (CSNCR) and will be explained, justified, and compared with existing field-normalized indicators in the following."
  },
  {
    "sec_id": "sec0005",
    "sentence": "It is an advantage of the new indicator that the mean number of cited references in a field, which are used for normalizing citation counts, does no longer change after the paper has been published."
  },
  {
    "sec_id": "sec0005",
    "sentence": "In other words, having produced these numbers for various time periods, they can be used for normalization at any time."
  },
  {
    "sec_id": "sec0005",
    "sentence": "For other field-normalized indicators, these scores have to be reproduced regularly."
  },
  {
    "sec_id": "sec0005",
    "sentence": "For example, Thomson Reuters could publish tables with the mean numbers of cited references in the fields in the Essential Science Indicators, which could then be used for normalizing citation counts."
  },
  {
    "sec_id": "sec0005",
    "sentence": "The paper is organized as follows: In the Methods Sections [sec0015] and [sec0020], the underlying dataset of the study is described and the indicators are explained which are used for the comparison with the CSNCR."
  },
  {
    "sec_id": "sec0005",
    "sentence": "In the Results Section [sec0025], field-specific referencing patterns are revealed and the CSNCR is explained as well as theoretically and empirically analysed."
  },
  {
    "sec_id": "sec0005",
    "sentence": "The paper closes with a discussion of the CSNCR in the context of field normalization."
  },
  {
    "sec_id": "sec0010",
    "sentence": "The complete publication records of the Web of Science (WoS) with the document type \u201carticle\u201d including their cited references (which are not restricted to \u201carticles\u201d) of papers published between 1980 and 2014 are used in this study."
  },
  {
    "sec_id": "sec0010",
    "sentence": "The bibliometric data used in this paper are from an in-house database developed and maintained by the Max Planck Digital Library (MPDL, Munich) and derived from the Science Citation Index Expanded (SCI-E), Social Sciences Citation Index (SSCI), Arts and Humanities Citation Index (AHCI) prepared by Thomson Reuters (Philadelphia, Pennsylvania, USA)."
  },
  {
    "sec_id": "sec0010",
    "sentence": "The in-house database was updated on the 5th of February 2016."
  },
  {
    "sec_id": "sec0010",
    "sentence": "As we can\u2019t expect the publication year 2015 to be indexed completely, citations are accounted for until the end of 2014."
  },
  {
    "sec_id": "sec0010",
    "sentence": "In recent years, several overviews on field-normalized indicators have been published ([bib0025]; [bib0255], [bib0290]).",
    "intent": "background"
  },
  {
    "sec_id": "sec0010",
    "sentence": "For comparison with the CSNCR, we have selected those six indicators which have gained a degree of importance in bibliometrics and are available in the MPDL in-house database."
  },
  {
    "sec_id": "sec0010",
    "sentence": "In this study, WoS subject categories are used to define fields."
  },
  {
    "sec_id": "sec0010",
    "sentence": "The WoS subject categories are sets of journals from similar research areas.(1)The first indicator is the item-oriented field normalized citation score ([bib0200]).",
    "intent": "uses"
  },
  {
    "sec_id": "sec0010",
    "sentence": "[bib0280] call this indicator \u201cmean normalized citation score\u201d (MNCS).",
    "intent": "background"
  },
  {
    "sec_id": "sec0010",
    "sentence": "It is one of the most frequently used field-normalized indicators and is basically calculated by dividing the citation count of a focal paper by the average citation count of the papers published in the same field (and publication year)."
  },
  {
    "sec_id": "sec0010",
    "sentence": "The normalization procedure is based on all articles published within one year (and must be repeated for papers from other years)."
  },
  {
    "sec_id": "sec0010",
    "sentence": "It starts with the calculation of the average citation counts (\u03c1) of all papers in each field:(1)\u03c1\u2061=1n\u2211i=1nciHere, ci denotes the citation count of paper i and n is the number of papers in the field of paper i."
  },
  {
    "sec_id": "sec0010",
    "sentence": "Afterwards, the citation count of paper i is divided by the average number of citations in the field of paper i (\u03c1), yielding the normalized citation score (NCS) for paper i: If paper i belongs to multiple fields, the calculation of the NCS can be done in different ways, e.g. fractional counting ([bib0230], [bib0280]).",
    "intent": "background"
  },
  {
    "sec_id": "sec0010",
    "sentence": "In this study, the average is calculated over the NCS in multiple fields.(2)NCSi=ci\u03c1\u2061"
  },
  {
    "sec_id": "sec0010",
    "sentence": "The first indicator is the item-oriented field normalized citation score ([bib0200]).",
    "intent": "uses"
  },
  {
    "sec_id": "sec0010",
    "sentence": "[bib0280] call this indicator \u201cmean normalized citation score\u201d (MNCS).",
    "intent": "background"
  },
  {
    "sec_id": "sec0010",
    "sentence": "It is one of the most frequently used field-normalized indicators and is basically calculated by dividing the citation count of a focal paper by the average citation count of the papers published in the same field (and publication year)."
  },
  {
    "sec_id": "sec0010",
    "sentence": "The normalization procedure is based on all articles published within one year (and must be repeated for papers from other years)."
  },
  {
    "sec_id": "sec0010",
    "sentence": "It starts with the calculation of the average citation counts (\u03c1) of all papers in each field:"
  },
  {
    "sec_id": "sec0010",
    "sentence": "The overall normalized citation impact of a specific aggregation level (e.g., researcher, institute, or country) can be analyzed on the basis of the mean value over the paper set."
  },
  {
    "sec_id": "sec0010",
    "sentence": "This results in the mean NCS (MNCS) for the paper set."
  },
  {
    "sec_id": "sec0010",
    "sentence": "According to [bib0060] the MNCS can be interpreted as follows: \u201cExactly 1.00 means that the output performs just as expected for the global average.",
    "intent": "background"
  },
  {
    "sec_id": "sec0010",
    "sentence": "More than 1.00 means that the output is more cited than expected according to the global average; for example, 1.48 means 48% more cited than expected."
  },
  {
    "sec_id": "sec0010",
    "sentence": "Less than 1 means that the output is cited less than expected according to the global average; for example, 0.91 means 9% less cited than expected\u201d (p."
  },
  {
    "sec_id": "sec0010",
    "sentence": "75)."
  },
  {
    "sec_id": "sec0010",
    "sentence": "If full counting of publications is used, the global average might be slightly different from 1 ([bib0085]).(2)The second indicator is a variant of the MNCS (named as MNCSj) which is not based on fields for the calculation of the expected values, but on single journals.",
    "intent": "background"
  },
  {
    "sec_id": "sec0010",
    "sentence": "Thus, the citation impact of a focal paper is divided by the average citation count of the papers published in the journal where the focal paper appeared."
  },
  {
    "sec_id": "sec0010",
    "sentence": "The MNCSj was frequently used at the beginning of field normalization, since the demands on the available data to calculate the indicator (especially the expected values) are relatively low."
  },
  {
    "sec_id": "sec0010",
    "sentence": "However, the indicator has the disadvantage that it favors the publication in journals with low mean citation impact: \u201cNevertheless, the advantage for teams or countries publishing primarily in relatively low GF [Garfield factor or Journal Impact Factor] journals is obvious\u201d ([bib0260]).",
    "intent": "background"
  },
  {
    "sec_id": "sec0010",
    "sentence": "Thus, the MNCSj lost its important position as field-normalized indicator against the MNCS, which is not affected by this problem.(3)The third indicator is a percentile-based indicator which is more and more used in bibliometrics."
  },
  {
    "sec_id": "sec0010",
    "sentence": "\u201cPercentiles and PRCs [Percentile Rank Classes] have become a standard instrument in bibliometrics\u201d ([bib0220]).",
    "intent": "background"
  },
  {
    "sec_id": "sec0010",
    "sentence": "Based on the citation counts of papers published in a certain field, percentiles are calculated for each single paper."
  },
  {
    "sec_id": "sec0010",
    "sentence": "In this study, percentiles are calculated on the basis of the formula ((i\u00a0\u2212\u00a00.5)/n * 100) derived by [bib0095], where i is the rank of the paper in the paper set of a field and n is the number of papers in the set ([bib0050]).",
    "intent": "uses"
  },
  {
    "sec_id": "sec0010",
    "sentence": "The Hazen approach which uses linear interpolation is used very frequently nowadays for the calculation of percentiles, because it results in an average percentile of 50 for a set."
  },
  {
    "sec_id": "sec0010",
    "sentence": "If a paper belongs to more than one field, the average percentile is calculated."
  },
  {
    "sec_id": "sec0010",
    "sentence": "The second indicator is a variant of the MNCS (named as MNCSj) which is not based on fields for the calculation of the expected values, but on single journals."
  },
  {
    "sec_id": "sec0010",
    "sentence": "Thus, the citation impact of a focal paper is divided by the average citation count of the papers published in the journal where the focal paper appeared."
  },
  {
    "sec_id": "sec0010",
    "sentence": "The MNCSj was frequently used at the beginning of field normalization, since the demands on the available data to calculate the indicator (especially the expected values) are relatively low."
  },
  {
    "sec_id": "sec0010",
    "sentence": "However, the indicator has the disadvantage that it favors the publication in journals with low mean citation impact: \u201cNevertheless, the advantage for teams or countries publishing primarily in relatively low GF [Garfield factor or Journal Impact Factor] journals is obvious\u201d ([bib0260]).",
    "intent": "background"
  },
  {
    "sec_id": "sec0010",
    "sentence": "Thus, the MNCSj lost its important position as field-normalized indicator against the MNCS, which is not affected by this problem."
  },
  {
    "sec_id": "sec0010",
    "sentence": "The third indicator is a percentile-based indicator which is more and more used in bibliometrics."
  },
  {
    "sec_id": "sec0010",
    "sentence": "\u201cPercentiles and PRCs [Percentile Rank Classes] have become a standard instrument in bibliometrics\u201d ([bib0220]).",
    "intent": "background"
  },
  {
    "sec_id": "sec0010",
    "sentence": "Based on the citation counts of papers published in a certain field, percentiles are calculated for each single paper."
  },
  {
    "sec_id": "sec0010",
    "sentence": "In this study, percentiles are calculated on the basis of the formula ((i\u00a0\u2212\u00a00.5)/n * 100) derived by [bib0095], where i is the rank of the paper in the paper set of a field and n is the number of papers in the set ([bib0050]).",
    "intent": "uses"
  },
  {
    "sec_id": "sec0010",
    "sentence": "The Hazen approach which uses linear interpolation is used very frequently nowadays for the calculation of percentiles, because it results in an average percentile of 50 for a set."
  },
  {
    "sec_id": "sec0010",
    "sentence": "If a paper belongs to more than one field, the average percentile is calculated."
  },
  {
    "sec_id": "sec0010",
    "sentence": "In contrast to indicators which are based on mean citation counts (as the MNCS indicators), percentiles are not affected by single very highly cited papers in a set which can distort the overall picture."
  },
  {
    "sec_id": "sec0010",
    "sentence": "However, it is a disadvantage of percentiles that they are not intuitively understandable as citation counts: Indicators based on citation percentiles map \u201call actual values onto a 0\u2013100 scale; one may lose the sense of underlying absolute differences, and undervalue extraordinary cases\u201d ([bib0165]).(4)The indicators explained under points 1\u20133 are indicators based on cited-side normalization.",
    "intent": "background"
  },
  {
    "sec_id": "sec0010",
    "sentence": "The cited papers are the focus of normalization."
  },
  {
    "sec_id": "sec0010",
    "sentence": "According to [bib0290] \u201can important alternative normalization approach is given by the concept of citing-side normalization\u201d (p.",
    "intent": "background"
  },
  {
    "sec_id": "sec0010",
    "sentence": "378)."
  },
  {
    "sec_id": "sec0010",
    "sentence": "The method of citing-side normalization was introduced by [bib0320].",
    "intent": "background"
  },
  {
    "sec_id": "sec0010",
    "sentence": "They modified the Journal Impact Factor (JIF) by fractional citation weighting."
  },
  {
    "sec_id": "sec0010",
    "sentence": "The citing-side normalization is also named as source normalization, fractional counting of citations or as a priori normalization ([bib0270]).",
    "intent": "background"
  },
  {
    "sec_id": "sec0010",
    "sentence": "It has been applied not only to journals but also to other publication sets."
  },
  {
    "sec_id": "sec0010",
    "sentence": "The normalization tries to consider the different citation densities in which a citation emerged ([bib0090]; [bib0125]; [bib0145]; [bib0195]; [bib0250]; [bib0325]; [bib0320]).",
    "intent": "background uses"
  },
  {
    "sec_id": "sec0010",
    "sentence": "Each citation is weighted by the corresponding average number of cited references: A citation from a field with a high average number of cited references has a lower weight than a citation from a field with a low average number of cited reference."
  },
  {
    "sec_id": "sec0010",
    "sentence": "The indicators explained under points 1\u20133 are indicators based on cited-side normalization."
  },
  {
    "sec_id": "sec0010",
    "sentence": "The cited papers are the focus of normalization."
  },
  {
    "sec_id": "sec0010",
    "sentence": "According to [bib0290] \u201can important alternative normalization approach is given by the concept of citing-side normalization\u201d (p.",
    "intent": "background"
  },
  {
    "sec_id": "sec0010",
    "sentence": "378)."
  },
  {
    "sec_id": "sec0010",
    "sentence": "The method of citing-side normalization was introduced by [bib0320].",
    "intent": "background"
  },
  {
    "sec_id": "sec0010",
    "sentence": "They modified the Journal Impact Factor (JIF) by fractional citation weighting."
  },
  {
    "sec_id": "sec0010",
    "sentence": "The citing-side normalization is also named as source normalization, fractional counting of citations or as a priori normalization ([bib0270]).",
    "intent": "background"
  },
  {
    "sec_id": "sec0010",
    "sentence": "It has been applied not only to journals but also to other publication sets."
  },
  {
    "sec_id": "sec0010",
    "sentence": "The normalization tries to consider the different citation densities in which a citation emerged ([bib0090]; [bib0125]; [bib0145]; [bib0195]; [bib0250]; [bib0325]; [bib0320]).",
    "intent": "background uses"
  },
  {
    "sec_id": "sec0010",
    "sentence": "Each citation is weighted by the corresponding average number of cited references: A citation from a field with a high average number of cited references has a lower weight than a citation from a field with a low average number of cited reference."
  },
  {
    "sec_id": "sec0010",
    "sentence": "Whereas the CSNCR uses the number of cited references on the cited-side to normalize citations, the citing side indicators use them on the citing-side: \u201cCiting-side normalisation is based on the idea that differences among fields in citation density are to a large extent caused by the fact that in some fields publications tend to have much longer reference lists than in other fields."
  },
  {
    "sec_id": "sec0010",
    "sentence": "Citing-side normalisation aims to normalise citation impact indicators by correcting for the effect of reference list length\u201d ([bib0310]).",
    "intent": "background"
  },
  {
    "sec_id": "sec0010",
    "sentence": "In the simplest variant of citing-side normalization, the number of cited references is used to weight the citations from a paper ([bib0125]; [bib0130]; [bib0140]; [bib0145]; [bib0275]).",
    "intent": "background"
  },
  {
    "sec_id": "sec0010",
    "sentence": "[bib0275] call this variant SNCS(2), which is defined as follows:(3)SNCS(2)=\u2211i=1c1riHere, each citation i of a paper is divided by the number of linked cited references in the citing publication ri and c is the total number of citations the publication has received.",
    "intent": "background"
  },
  {
    "sec_id": "sec0010",
    "sentence": "Linked cited references are a sub-group of all cited references: These cited references can be linked to papers in journals covered by the employed database (here: WoS) ([bib0155]).",
    "intent": "background"
  },
  {
    "sec_id": "sec0010",
    "sentence": "The other cited references cannot be linked, because the corresponding journal is not covered or the referenced publication is not published in a journal."
  },
  {
    "sec_id": "sec0010",
    "sentence": "The length of the reference window within which linked references are counted equals the length of the citation window of the publication for which the SNCS is calculated."
  },
  {
    "sec_id": "sec0010",
    "sentence": "For example, if the citation window for a publication is five years (looking forward after publication), only references are considered which have been published during the last five years (looking backwards before publication)."
  },
  {
    "sec_id": "sec0010",
    "sentence": "In another variant of citing-side normalization (SNCS(1)), the average number of linked cited references of the papers which appeared in the same journal as the citing paper is used for the calculation of the weighting factor.(4)SNCS(1)=\u2211i=1c1aiHere, ai is the average number of linked cited references (in a given reference window) in those papers published in the same journal and year as the citing publication i."
  },
  {
    "sec_id": "sec0010",
    "sentence": "The definition of SNCS(1) is similar to the audience factor proposed by [bib0320].",
    "intent": "similarities"
  },
  {
    "sec_id": "sec0010",
    "sentence": "Since the SNCS(1) is based on the average number of linked cited references instead of the references in only one paper, it has a higher probability of considering typical citation densities in a field than the SNCS(2) ([bib0020]).",
    "intent": "differences"
  },
  {
    "sec_id": "sec0010",
    "sentence": "A combination of both variants is also possible, as described by [bib0275].(5)SNCS(3)=\u2211i=1c1piriHere, ri is the number of linked cited references in the citing paper (in a given reference window).",
    "intent": "background"
  },
  {
    "sec_id": "sec0010",
    "sentence": "pi is the share of the papers which contain at least one linked cited reference (in a given reference window) among those papers which appeared in the same journal and year as the citing paper i."
  },
  {
    "sec_id": "sec0025",
    "sentence": "In Section [sec0005], we have explained that the basic idea for the development of the CSNCR is rooted in Garfield\u2019s (1979) sentence that \u201cthe most accurate measure of citation potential is the average number of references per paper published in a given field\u201d."
  },
  {
    "sec_id": "sec0025",
    "sentence": "Thus, we considered the average number of references in the definition of the CSNCR as the main element."
  },
  {
    "sec_id": "sec0025",
    "sentence": "[fig0005] shows the mean (and median) number of linked cited references per paper (with interquartile range) in different subject categories as defined by the OECD."
  },
  {
    "sec_id": "sec0025",
    "sentence": "The OECD subject categories are aggregated WoS journal sets.[fn0005] The figure reveals clear field differences which are reported in other studies in similar form ([bib0275]).",
    "intent": "similarities"
  },
  {
    "sec_id": "sec0025",
    "sentence": "The results in [fig0005] do not include all cited references from the papers, but only the linked cited references (without considering a reference window)."
  },
  {
    "sec_id": "sec0025",
    "sentence": "The results of [bib0155] show that the differences between the fields in the mean number of cited references are mostly triggered by the coverage of the literature in the WoS.",
    "intent": "background"
  },
  {
    "sec_id": "sec0025",
    "sentence": "Thus, the field-specific citation potential measured by the mean number of cited references is mainly a database-specific phenomenon which should be considered in the definition of a field-normalized indicator."
  },
  {
    "sec_id": "sec0025",
    "sentence": "A second phenomenon which should be considered in the definition of a new indicator based on cited references is the tendency in some fields to cite rather recently published papers and in other fields to cite older papers ([bib0275]).",
    "intent": "background"
  },
  {
    "sec_id": "sec0025",
    "sentence": "These differences of the fields are visualized in [fig0010]."
  },
  {
    "sec_id": "sec0025",
    "sentence": "It shows the mean (and median) cited reference year (with interquartile range) in different subject categories as defined by the OECD."
  },
  {
    "sec_id": "sec0025",
    "sentence": "It is clearly visible that papers published in the humanities are citing on average significantly older literature than papers published in engineering and natural sciences."
  },
  {
    "sec_id": "sec0025",
    "sentence": "The results correspond to those reported by [bib0295]: \u201cRegarding the research field, we confirm previous findings that citations of papers in the biomedical fields rise very quickly while in the humanities it takes a longer time to get recognized and cited\u201d (p.",
    "intent": "similarities"
  },
  {
    "sec_id": "sec0025",
    "sentence": "858)."
  },
  {
    "sec_id": "sec0025",
    "sentence": "The field-specific differences in the time-scale of citing publications should be considered in the definition of the CSNCR, because the citations of the papers which are intended to be field-normalized are restricted to a fixed citation window."
  },
  {
    "sec_id": "sec0025",
    "sentence": "The restriction to a fixed citation window should not only be applied to the citing-side, but also to the cited-side in order to reach the desired goal of field-normalization."
  },
  {
    "sec_id": "sec0025",
    "sentence": "In other words, the citation and reference windows should be of the same length."
  },
  {
    "sec_id": "sec0025",
    "sentence": "A third phenomenon which should be considered in a definition of an indicator based on cited references are changes in the mean number of cited references over time."
  },
  {
    "sec_id": "sec0025",
    "sentence": "[fig0015] shows the mean number of linked cited references per paper for papers published between 1985 and 2014."
  },
  {
    "sec_id": "sec0025",
    "sentence": "Since we don\u2019t have publications before 1980 in our in-house database, the earliest publication year in the figure is 1985 and the mean number of cited references is restricted to a three year reference window."
  },
  {
    "sec_id": "sec0025",
    "sentence": "It is clearly visible that all fields are concerned by an increase in the mean number of cited references."
  },
  {
    "sec_id": "sec0025",
    "sentence": "The strongest increase is visible for the natural sciences, engineering, and medicine."
  },
  {
    "sec_id": "sec0025",
    "sentence": "Similar results based on papers published in engineering journals were published by [bib0240].",
    "intent": "similarities"
  },
  {
    "sec_id": "sec0025",
    "sentence": "The consequences for an indicator based on cited references are that it is calculated separately for the papers published in different publication years (this is the standard procedure in field-normalization)."
  },
  {
    "sec_id": "sec0025",
    "sentence": "Thus, the increase of the mean number of cited references is controlled."
  },
  {
    "sec_id": "sec0025",
    "sentence": "The idea to normalize citation counts by the number of cited references on the cited-side is not new."
  },
  {
    "sec_id": "sec0025",
    "sentence": "For example, [bib0315] introduced the \u2018citation factor\u2019 where the number of citations of a given journal are divided by the number of citations from the given journal.",
    "intent": "background"
  },
  {
    "sec_id": "sec0025",
    "sentence": "[bib0175] refined this indicator by considering a three-year publication and citation window.",
    "intent": "background"
  },
  {
    "sec_id": "sec0025",
    "sentence": "[bib0110] proposed the NSP (number of successful publications) indicator whereby the number of citations of a single paper is divided by its number of cited references.",
    "intent": "background"
  },
  {
    "sec_id": "sec0025",
    "sentence": "All papers with a quotient >1 are counted as successful papers for a research unit (e.g. a researcher or an institution)."
  },
  {
    "sec_id": "sec0025",
    "sentence": "[bib0070] take up the idea of an indicator measuring successful papers and recommend the calculation of a mean value of cited references.",
    "intent": "background"
  },
  {
    "sec_id": "sec0025",
    "sentence": "If only the cited references of the focal paper are used for the NSP indicator, there is the danger that researchers try to manipulate it by reducing the number of cited references."
  },
  {
    "sec_id": "sec0025",
    "sentence": "The mean value of cited references should be calculated across papers representing the \u2018neighborhood\u2019 of the focal papers (e.g. all papers published in the same journal)."
  },
  {
    "sec_id": "sec0025",
    "sentence": "Papers with quotients >1 are counted and shape the so called \u2018success index\u2019."
  },
  {
    "sec_id": "sec0025",
    "sentence": "The success index is seen as an alternative to the h index which also specifies the number of successful papers in a researcher\u2019s set ([bib0075]).",
    "intent": "differences"
  },
  {
    "sec_id": "sec0025",
    "sentence": "Following proposals by [bib0065], who refine the proposal of normalizing citation counts by dividing it by the number of cited references, we introduce the CSNCR here.",
    "intent": "uses"
  },
  {
    "sec_id": "sec0025",
    "sentence": "Basically, the CSNCR continues the idea of the success index by assessing the citation impact of a paper against the number of cited references of comparable papers."
  },
  {
    "sec_id": "sec0025",
    "sentence": "The CSNCR is calculated as follows:(1)WoS subject categories are used to define fields."
  },
  {
    "sec_id": "sec0025",
    "sentence": "However, its use has been frequently criticized."
  },
  {
    "sec_id": "sec0025",
    "sentence": "The first critical point concerns the existence of multi-disciplinary categories which include, for example, journals like Nature and Science."
  },
  {
    "sec_id": "sec0025",
    "sentence": "Papers published in the journals of these sets are not properly assigned to a field."
  },
  {
    "sec_id": "sec0025",
    "sentence": "The second and third critical points are related to the first, but can be solved by an approach introduced by [bib0205], [bib0210] (which is used for the CSNCR).",
    "intent": "background"
  },
  {
    "sec_id": "sec0025",
    "sentence": "WoS subject categories specify a mix of rather broad and more fine grained fields."
  },
  {
    "sec_id": "sec0025",
    "sentence": "Many papers are assigned to more than one subject category by Thomson Reuters (which makes fractional counting, multiplicative counting, or averaging necessary)."
  },
  {
    "sec_id": "sec0025",
    "sentence": "WoS subject categories are used to define fields."
  },
  {
    "sec_id": "sec0025",
    "sentence": "However, its use has been frequently criticized."
  },
  {
    "sec_id": "sec0025",
    "sentence": "The first critical point concerns the existence of multi-disciplinary categories which include, for example, journals like Nature and Science."
  },
  {
    "sec_id": "sec0025",
    "sentence": "Papers published in the journals of these sets are not properly assigned to a field."
  },
  {
    "sec_id": "sec0025",
    "sentence": "The second and third critical points are related to the first, but can be solved by an approach introduced by [bib0205], [bib0210] (which is used for the CSNCR).",
    "intent": "background"
  },
  {
    "sec_id": "sec0025",
    "sentence": "WoS subject categories specify a mix of rather broad and more fine grained fields."
  },
  {
    "sec_id": "sec0025",
    "sentence": "Many papers are assigned to more than one subject category by Thomson Reuters (which makes fractional counting, multiplicative counting, or averaging necessary)."
  },
  {
    "sec_id": "sec0025",
    "sentence": "[bib0205], [bib0210] proposes that overlapping WoS subject categories define fine grained fields which should be used for field categorization in addition to non-overlapping subject categories.",
    "intent": "background"
  },
  {
    "sec_id": "sec0025",
    "sentence": "The approach can solve the problem of multiple assignments of papers and introduces fine grained subject categories."
  },
  {
    "sec_id": "sec0025",
    "sentence": "Thus, if papers are assigned to a specific set of WoS subject categories, these papers define a new overlapping field which is used in the analysis then."
  },
  {
    "sec_id": "sec0025",
    "sentence": "For example, all papers belonging to \u201cchemistry, organic\u201d and \u201cchemistry, physical\u201d are seen as those papers which define an overlapping fine grained field in (physical and organic) chemistry."
  },
  {
    "sec_id": "sec0025",
    "sentence": "The mean number of cited references is calculated for all papers belonging to both categories."
  },
  {
    "sec_id": "sec0025",
    "sentence": "In order to calculate the expected value for a reference set reliably, only subject categories (subject category combinations) are used in this study with at least 10 papers.(2)The average number of linked cited references of all articles i is calculated for each field (here: overlapping WoS subject categories) and for each publication year:(6)R=1N\u2211i=1NriHere, ri is the number of linked references within the desired reference window in publication i."
  },
  {
    "sec_id": "sec0025",
    "sentence": "The citation potential R from Eq. [eq0030] is used to assign the expected number of citations ei to each publication i."
  },
  {
    "sec_id": "sec0025",
    "sentence": "Additionally, we imposed a restriction on the cited reference years which is dependent on the citation window: If the citation window accounted for three years, the cited reference window was equally set to three years."
  },
  {
    "sec_id": "sec0025",
    "sentence": "For example, all linked cited references which were published between 2008 and 2010 are considered for articles published in 2011 (citation window from 2012 to 2014).(3)In the next step, the number of citations of a focal paper is divided by the expected number of citations:(7)CSNCRi=cieiHere, ci are the citations the paper i has received, and ei is the expected number of citations based on the average number of linked cited references over all publications i in the same publication year and field as calculated according to Eq. [eq0030]."
  },
  {
    "sec_id": "sec0025",
    "sentence": "The quantity ei constitutes the citation potential for each paper."
  },
  {
    "sec_id": "sec0025",
    "sentence": "This definition of the citation potential is closely related to definitions of citation potentials in citing-side methods."
  },
  {
    "sec_id": "sec0025",
    "sentence": "The results in Section [sec0030] show that there are large differences between broad fields in their citation potentials."
  },
  {
    "sec_id": "sec0025",
    "sentence": "The average number of linked cited references of all articles i is calculated for each field (here: overlapping WoS subject categories) and for each publication year:"
  },
  {
    "sec_id": "sec0025",
    "sentence": "In the next step, the number of citations of a focal paper is divided by the expected number of citations:"
  },
  {
    "sec_id": "sec0025",
    "sentence": "The CSNCRi is the new field-normalized indicator on the single paper level."
  },
  {
    "sec_id": "sec0025",
    "sentence": "When aggregated paper sets (e.g., n papers of a researcher) are analyzed, the average of all CSNCRi values is used as a size-independent indicator:(8)MCSNCR=1n\u2211i=1nCSNCRi"
  },
  {
    "sec_id": "sec0025",
    "sentence": "Alternatively, the sum over all CSNCRi values can be used as a size-dependent indicator, TCSNCR (Total CSNCR):(9)TCSNCR=\u2211i=1nCSNCRi=n\u00b7MCSNCR"
  },
  {
    "sec_id": "sec0025",
    "sentence": "Combining Eqs."
  },
  {
    "sec_id": "sec0025",
    "sentence": "[eq0035] and [eq0040], the MCSNCR can be rewritten as follows:(10)MCSNCR=1n\u2211i=1nciei"
  },
  {
    "sec_id": "sec0025",
    "sentence": "In the theoretical analysis of the MCSNCR, we study whether the indicator satisfies several properties as desirable conditions for proper impact measurements ([bib0280]).",
    "intent": "background uses"
  },
  {
    "sec_id": "sec0025",
    "sentence": "First, we point out the connection to the MNCS indicator which can also be written in the form of Eq. [eq0050] ([bib0280]).",
    "intent": "uses"
  },
  {
    "sec_id": "sec0025",
    "sentence": "The MCSNCR and MNCS differ only in the definition of the citation potential ei."
  },
  {
    "sec_id": "sec0025",
    "sentence": "The MNCS approximates the citation potential from the average number of citations of all publications published in the same field and publication year as the focal paper, while the MCSNCR derives the citation potential from the linked references of all publications published in the same field and publication year as the focal paper."
  },
  {
    "sec_id": "sec0025",
    "sentence": "The TNCS is related to the TCSNCR in the same way as the MNCS and MCSNCR are."
  },
  {
    "sec_id": "sec0025",
    "sentence": "Second, we are interested in the properties of consistency and homogeneous normalization."
  },
  {
    "sec_id": "sec0025",
    "sentence": "An indicator of average performance is said to be consistent if the following is true: the ranks of two publication sets of equal size (e.g., of two different researchers) do not change if both publication sets are expanded by an additional publication with the same number of citations in the same disciplines."
  },
  {
    "sec_id": "sec0025",
    "sentence": "Using the definition of [bib0280], the \u201cproperty of homogeneous normalization is concerned with homogeneous sets of publications.",
    "intent": "uses"
  },
  {
    "sec_id": "sec0025",
    "sentence": "In the context of this paper, a homogeneous set of publications is a set of publications that all belong to the same field\u201c (p."
  },
  {
    "sec_id": "sec0025",
    "sentence": "43)."
  },
  {
    "sec_id": "sec0025",
    "sentence": "In the quote from [bib0280], \u201can indicator of average performance has the property of homogeneous normalization if, in the case of a set of publications that all belong to the same field, the indicator equals the average number of citations per publication divided by the field\u2019s expected number of citations per publication\u201c (p.",
    "intent": "background"
  },
  {
    "sec_id": "sec0025",
    "sentence": "43)."
  },
  {
    "sec_id": "sec0025",
    "sentence": "[bib0280] have presented a proof for the statement that the MNCS indicator has the properties of consistency and homogeneous normalization.",
    "intent": "background"
  },
  {
    "sec_id": "sec0025",
    "sentence": "This proof is independent of the choice of the expected number of citations (ei)."
  },
  {
    "sec_id": "sec0025",
    "sentence": "Therefore, this proof also shows that the MCSNCR has the properties of consistency and homogeneous normalization."
  },
  {
    "sec_id": "sec0025",
    "sentence": "For clarity sake, we introduce an example with two researchers who authored six publications each in the same field in [tbl0005]."
  },
  {
    "sec_id": "sec0025",
    "sentence": "These twelve papers constitute the entire publication output in this fictitious, field-specific universe."
  },
  {
    "sec_id": "sec0025",
    "sentence": "Table 1."
  },
  {
    "sec_id": "sec0025",
    "sentence": "Conceived papers with number of citations, linked references, and CSNCR values from two different researchers in the same scientific fields."
  },
  {
    "sec_id": "sec0025",
    "sentence": "The average over all linked cited references in the example publications in [tbl0005] is 19.33."
  },
  {
    "sec_id": "sec0025",
    "sentence": "According to Eq. [eq0035], the CSNCR of the first paper of researcher A is 40/19.33\u00a0=\u00a02.07."
  },
  {
    "sec_id": "sec0025",
    "sentence": "The average over all CSNCR values is 0.88."
  },
  {
    "sec_id": "sec0025",
    "sentence": "Therefore, we can judge from the average over all CSNCR values (1.02) that researcher A has achieved an impact below average while researcher B has reached an impact above average."
  },
  {
    "sec_id": "sec0025",
    "sentence": "The example in [tbl0005] already shows that the MCSNCR for a full publication year does not equal 1."
  },
  {
    "sec_id": "sec0025",
    "sentence": "Possible reasons are that the number of citations is different for different publication years, and the number of linked references is different for different publication years."
  },
  {
    "sec_id": "sec0025",
    "sentence": "We know from [fig0015] that the number of linked references is not constant over the years."
  },
  {
    "sec_id": "sec0025",
    "sentence": "Taken together, the average indicator value may be different from one because there is no proper balance between citations received from other fields and citations given to other fields ([bib0285]).",
    "intent": "background"
  },
  {
    "sec_id": "sec0025",
    "sentence": "Fields that give many citations to other fields but do not receive many citations from other fields will tend to have relatively low average values for the MCSNCR."
  },
  {
    "sec_id": "sec0025",
    "sentence": "The other way around, fields that do not give many citations to other fields but receive many citations from other fields will tend to have relatively high average values for the MCSNCR."
  },
  {
    "sec_id": "sec0025",
    "sentence": "[bib0055] propose an approach which can be applied to study the ability of the CSNCR to field-normalize citations (see also [bib0105]; [bib0195]).",
    "intent": "background"
  },
  {
    "sec_id": "sec0025",
    "sentence": "The approach can be called \u201cfairness test\u201d: According to [bib0190] \u201cthe \u2018fairness\u2019 of a citation indicator is \u2026 directly quantifiable by looking at the ability of the indicator to suppress any potential citation bias related to the classification of papers in disciplines or topics of research\u201d (p.",
    "intent": "background"
  },
  {
    "sec_id": "sec0025",
    "sentence": "125)."
  },
  {
    "sec_id": "sec0025",
    "sentence": "In this study, we use the test to compare the CSNCR with other field-normalized indicators (see section [sec0020]) and bare citation counts with respect to field-normalization."
  },
  {
    "sec_id": "sec0025",
    "sentence": "[bib0015] already used the fairness test to study field-normalized indicators in the area of altmetrics (Mendeley reader data).",
    "intent": "background"
  },
  {
    "sec_id": "sec0025",
    "sentence": "(1) In the first step of the fairness test (made for each indicator separately), all papers from one publication year are sorted in descending order by a specific indicator."
  },
  {
    "sec_id": "sec0025",
    "sentence": "Then, the 10% papers with the highest indicator values are identified and a new binary variable is generated, where 1 marks highly cited papers and 0 the rest (90% of the papers)."
  },
  {
    "sec_id": "sec0025",
    "sentence": "(2) In the second step of the fairness test, all papers are grouped by subject categories the papers are assigned to."
  },
  {
    "sec_id": "sec0025",
    "sentence": "(3) In the third step of the fairness test, the proportion of papers belonging to the 10% papers with the highest indicator values is calculated for each subject category \u2212 using the binary variable from the first step."
  },
  {
    "sec_id": "sec0025",
    "sentence": "An indicator can be called as fair, if the proportions of highly cited papers within the subject categories equal the expected value of 10%."
  },
  {
    "sec_id": "sec0025",
    "sentence": "In other words, the smaller the deviations from 10% are, the less the indicator is field-biased."
  },
  {
    "sec_id": "sec0025",
    "sentence": "Furthermore, field-normalized indicators should show smaller deviations from 10% than bare citation counts."
  },
  {
    "sec_id": "sec0025",
    "sentence": "For the fairness test, the used subject category scheme should be independent from the subject categories used for the normalization of the indicators ([bib0225], [bib0275]).",
    "intent": "background"
  },
  {
    "sec_id": "sec0025",
    "sentence": "In 2012, [bib0265] proposed the algorithmically constructed classification system (ACCS) as an alternative bibliometric subject category scheme to the frequently used scheme based on journal sets (as the WoS category schema).",
    "intent": "background"
  },
  {
    "sec_id": "sec0025",
    "sentence": "The ACCS was developed based on direct citation relations between papers."
  },
  {
    "sec_id": "sec0025",
    "sentence": "In contrast to the WoS category scheme, in which a paper can be assigned to more than one field, each paper is assigned to only one subject category in the ACCS."
  },
  {
    "sec_id": "sec0025",
    "sentence": "We downloaded the ACCS for the papers at the Leiden Ranking homepage[fn0010] and used it on the highest aggregation level with five broad subject categories."
  },
  {
    "sec_id": "sec0025",
    "sentence": "In this study, two indicators with bare citation counts are used: The first indicator is based on all citations from publication year until 2014 and the second is based on all citations for a three year citation window (excluding the publication year)."
  },
  {
    "sec_id": "sec0025",
    "sentence": "[tbl0010] shows the results of the fairness tests calculated for the field-normalized indicators and bare citation counts."
  },
  {
    "sec_id": "sec0025",
    "sentence": "We conducted the tests for several publication years (2007\u20132011) in order to study the stability of the results."
  },
  {
    "sec_id": "sec0025",
    "sentence": "The mean absolute deviation in [tbl0010] is the average of the absolute deviations from 10 in the five subject categories."
  },
  {
    "sec_id": "sec0025",
    "sentence": "For example, the results for the CSNCR in 2007 shows that it deviates from 10 with an average value of 0.64 across the subject categories."
  },
  {
    "sec_id": "sec0025",
    "sentence": "The deviations from 10 are significantly higher for bare citation counts (3 years): The mean absolute deviation is 4.35 in 2007."
  },
  {
    "sec_id": "sec0025",
    "sentence": "Table 2."
  },
  {
    "sec_id": "sec0025",
    "sentence": "Results of the fairness test based on articles published between 2007 and 2011."
  },
  {
    "sec_id": "sec0025",
    "sentence": "[tbl0015] summarizes the results from [tbl0010] by showing means over the annual mean absolute deviations in [tbl0010]."
  },
  {
    "sec_id": "sec0025",
    "sentence": "For example, the value of 0.36 for the NCS is the mean across all results in [tbl0010] for this indicator (2007\u00a0=\u00a00.32, 2008\u00a0=\u00a00.34, 2009\u00a0=\u00a00.36, 2010\u00a0=\u00a00.40, 2011\u00a0=\u00a00.38)."
  },
  {
    "sec_id": "sec0025",
    "sentence": "Both NCS and the percentile indicators show the smallest deviations from the expected value of 10."
  },
  {
    "sec_id": "sec0025",
    "sentence": "The SNCS(2) and CSNCR indicators follow in [tbl0015]."
  },
  {
    "sec_id": "sec0025",
    "sentence": "The worst result among the field-normalized indicators is found for the SNCS(3) indicator."
  },
  {
    "sec_id": "sec0025",
    "sentence": "Expectedly, the mean deviations of the bare citation counts are significantly larger than the deviations of all field-normalized indicators."
  },
  {
    "sec_id": "sec0025",
    "sentence": "Taken as a whole, the cited-side indicators tend to perform better than the citing-side indicators."
  },
  {
    "sec_id": "sec0025",
    "sentence": "Table 3."
  },
  {
    "sec_id": "sec0025",
    "sentence": "Aggregated results of the fairness tests from [tbl0010]."
  },
  {
    "sec_id": "sec0050",
    "sentence": "Field-normalization of citation counts is one of the most important topics in bibliometrics ([bib0100]).",
    "intent": "background"
  },
  {
    "sec_id": "sec0050",
    "sentence": "Since it is accepted in the community (and beyond) that only field-normalized scores can measure citation impact fairly and reliably in cross-field comparisons, it is an ongoing task to improve the existing indicators and to develop new ones ([bib0160]).",
    "intent": "future_work"
  },
  {
    "sec_id": "sec0050",
    "sentence": "In this study, we have proposed a new field-normalized indicator, which is not only based on previous proposals of using cited references as reference sets ([bib0075]) but is rooted in early proposals of [bib0080] to use cited reference rates as proxies for field-specific citation cultures.",
    "intent": "extends"
  },
  {
    "sec_id": "sec0050",
    "sentence": "In this study, we explained our reasons for developing the new indicator and tested it theoretically and empirically against standard indicators in the field."
  },
  {
    "sec_id": "sec0050",
    "sentence": "It is an advantage of the new indicator that the scores for normalizing citation counts (the mean cited reference counts) have to be calculated only once (when all papers published in one year are entered in the literature database) and can then be used for all following normalization calculations."
  },
  {
    "sec_id": "sec0050",
    "sentence": "For the other field-normalized indicators, these scores have to be updated regularly."
  },
  {
    "sec_id": "sec0050",
    "sentence": "The theoretical analysis of the CSNCR in Section [sec0040] shows that the indicator satisfies several properties formulated by [bib0280].",
    "intent": "background"
  },
  {
    "sec_id": "sec0050",
    "sentence": "The empirical comparison of the CSNCR with other indicators in Section [sec0045] shows that it is slightly poorer able to field-normalize citation counts than other cited-side normalized indicators (e.g. the MNCS), but its results are favorable compared to two citing-side indicators (SNCS(1) and SNCS(3))."
  },
  {
    "sec_id": "sec0050",
    "sentence": "The results of this study reveal that the CSNCR is an interesting alternative to the other field-normalized indicators."
  },
  {
    "sec_id": "sec0050",
    "sentence": "However, we need further studies using other statistical approaches besides the fairness test to investigate the validity of this indicator."
  },
  {
    "sec_id": "sec0050",
    "sentence": "These approaches have been published, for example, by [bib0275] and [bib0025].",
    "intent": "background"
  },
  {
    "sec_id": "sec0050",
    "sentence": "[bib0275] proposed the following: \u201cThe degree to which differences in citation practices between fields have been corrected for is indicated by the degree to which the normalized citation distributions of different fields coincide with each other.",
    "intent": "background"
  },
  {
    "sec_id": "sec0050",
    "sentence": "Differences in citation practices between fields have been perfectly corrected for if, after normalization, each field is characterized by exactly the same citation distribution\u201d (p."
  },
  {
    "sec_id": "sec0050",
    "sentence": "838, following approaches published by [bib0185], [bib0195]).",
    "intent": "uses"
  },
  {
    "sec_id": "sec0050",
    "sentence": "[bib0025] studied the convergent validity of field-normalized indicators by comparing them with assessments by experts in a field.",
    "intent": "background"
  },
  {
    "sec_id": "sec0050",
    "sentence": "The comparison of bibliometric indicators with peer evaluation has been widely acknowledged as a reasonable way of validating metrics ([bib0080], [bib0115]).",
    "intent": "background"
  },
  {
    "sec_id": "sec0050",
    "sentence": "In this study, we have calculated the CSNCR for articles only."
  },
  {
    "sec_id": "sec0050",
    "sentence": "In principle, the procedure for calculating the normalized scores can be performed analogously for other document types."
  },
  {
    "sec_id": "sec0050",
    "sentence": "However, future studies should show whether the extension to other document types can be carried out without any problems and whether in that case the CSNCR would still have good properties."
  },
  {
    "sec_id": "sec0050",
    "sentence": "An important issue which concerns the development and improvement of all field-normalized indicators is the applied scheme of field-categorization."
  },
  {
    "sec_id": "sec0050",
    "sentence": "In this study, we used a modified version of WoS subject categories to calculate the CSNCR."
  },
  {
    "sec_id": "sec0050",
    "sentence": "The use of subject categories from WoS (or Scopus) is the current standard procedure in bibliometrics: \u201cThe WoS journal subject categories are the most commonly used field classification system for normalisation purposes\u201d ([bib0310]).",
    "intent": "background"
  },
  {
    "sec_id": "sec0050",
    "sentence": "An important limitation of this approach concerns multi-disciplinary journals whose papers cannot be distinctly assigned to single fields ([bib0120]).",
    "intent": "background"
  },
  {
    "sec_id": "sec0050",
    "sentence": "Another limitation is that the subject categories tend to be too broad and therefore too heterogeneous ([bib0245]).",
    "intent": "background"
  },
  {
    "sec_id": "sec0050",
    "sentence": "In order to overcome this limitation there are two other approaches in use in bibliometrics which assign papers to fields on a paper-by-paper basis:(1)The ACCS is already used in this study for conducting the fairness test and is based on direct citation relations between papers instead of journal sets."
  },
  {
    "sec_id": "sec0050",
    "sentence": "The ACCS approach is a pure bibliometric approach of delineating fields ([bib0150]; [bib0215]).(2)A second approach which is frequently used in bibliometrics is restricted to bibliometrics in single fields ([bib0310]): Some field-specific literature databases have implemented field-classification schemes based on expert assignments which can be used for bibliometric studies.",
    "intent": "background"
  },
  {
    "sec_id": "sec0050",
    "sentence": "[bib0010] and [bib0035] used Chemical Abstracts sections (subject categories for chemistry and related areas) to field-normalize citation counts.",
    "intent": "background"
  },
  {
    "sec_id": "sec0050",
    "sentence": "Medical Subject Headings (MeSH terms) are used by the US National Library of Medicine to index publications in the area of medicine."
  },
  {
    "sec_id": "sec0050",
    "sentence": "[bib0030] used MeSH terms for compiling reference sets in an evaluative study (see also [bib0135], [bib0235]).",
    "intent": "background"
  },
  {
    "sec_id": "sec0050",
    "sentence": "Since at least two alternative approaches exist for generating field-specific reference sets, the calculation and use of the CSNCR should be tested not only with journal sets as reference sets, but also with the other alternative approaches."
  },
  {
    "sec_id": "sec0050",
    "sentence": "One can expect different normalized scores depending on the applied subject category scheme."
  },
  {
    "sec_id": "sec0050",
    "sentence": "The ACCS is already used in this study for conducting the fairness test and is based on direct citation relations between papers instead of journal sets."
  },
  {
    "sec_id": "sec0050",
    "sentence": "The ACCS approach is a pure bibliometric approach of delineating fields ([bib0150]; [bib0215]).",
    "intent": "background"
  },
  {
    "sec_id": "sec0050",
    "sentence": "A second approach which is frequently used in bibliometrics is restricted to bibliometrics in single fields ([bib0310]): Some field-specific literature databases have implemented field-classification schemes based on expert assignments which can be used for bibliometric studies.",
    "intent": "background"
  },
  {
    "sec_id": "sec0050",
    "sentence": "[bib0010] and [bib0035] used Chemical Abstracts sections (subject categories for chemistry and related areas) to field-normalize citation counts.",
    "intent": "background"
  },
  {
    "sec_id": "sec0050",
    "sentence": "Medical Subject Headings (MeSH terms) are used by the US National Library of Medicine to index publications in the area of medicine."
  },
  {
    "sec_id": "sec0050",
    "sentence": "[bib0030] used MeSH terms for compiling reference sets in an evaluative study (see also [bib0135], [bib0235]).",
    "intent": "background"
  },
  {
    "sec_id": "sec0050",
    "sentence": "Since at least two alternative approaches exist for generating field-specific reference sets, the calculation and use of the CSNCR should be tested not only with journal sets as reference sets, but also with the other alternative approaches."
  },
  {
    "sec_id": "sec0050",
    "sentence": "One can expect different normalized scores depending on the applied subject category scheme."
  },
  {
    "sec_id": "sec0050",
    "sentence": "It is a possible limitation of the CSNCR that it is based on cited references to calculate the baseline."
  },
  {
    "sec_id": "sec0050",
    "sentence": "The number of cited references listed in a paper can be influenced by the evaluated researchers themselves."
  },
  {
    "sec_id": "sec0050",
    "sentence": "Thus, there is the danger that scientists try to manipulate the CSNCR by reducing the number of references in their upcoming papers."
  },
  {
    "sec_id": "sec0050",
    "sentence": "However, we think that this danger is not reasonable, because the CSNCR uses the mean number of references in a field to normalize citations."
  },
  {
    "sec_id": "sec0050",
    "sentence": "This number can hardly be manipulated by single scientists."
  },
  {
    "sec_id": "sec0050",
    "sentence": "The danger would be reasonable only if the number of cited references in a single paper were used instead of the mean number."
  },
  {
    "sec_id": "sec0050",
    "sentence": "Another (clear) limitation of the CSNCR is that it does not equal 1 for a full publication year."
  },
  {
    "sec_id": "sec0050",
    "sentence": "Future studies might solve this problem with developing improved variants of the CSNCR."
  },
  {
    "sec_id": "sec0055",
    "sentence": "Conceived and designed the analysis: Lutz Bornmann and Robin Haunschild."
  },
  {
    "sec_id": "sec0055",
    "sentence": "Collected the data: Lutz Bornmann and Robin Haunschild."
  },
  {
    "sec_id": "sec0055",
    "sentence": "Contributed data or analysis tools: Lutz Bornmann and Robin Haunschild."
  },
  {
    "sec_id": "sec0055",
    "sentence": "Performed the analysis: Lutz Bornmann and Robin Haunschild."
  },
  {
    "sec_id": "sec0055",
    "sentence": "Wrote the paper: Lutz Bornmann and Robin Haunschild."
  }
]