[
  {
    "sec_id": "sec0005",
    "sentence": "[bib0050] introduced the h-index (or Hirsch-index) as a simple and efficient tool for quantifying the scientific productivity and the scientific impact of an individual researcher.",
    "intent": "background"
  },
  {
    "sec_id": "sec0005",
    "sentence": "The h-index is based on the researcher's articles and on the number of citations that they have received: \u201cA scientist has index h, if h of his n articles have at least h citations each, whereas the other n\u2013h articles have at most h citations each.\u201d This h-index has become extremely popular over the years, and it has attracted considerable attention among scientometricians and information scientists."
  },
  {
    "sec_id": "sec0005",
    "sentence": "There is a huge body of literature on the h-index and its variations; for a survey of the area we refer the reader to [bib0005], [bib0045], [bib0075], and [bib0085].",
    "intent": "background"
  },
  {
    "sec_id": "sec0005",
    "sentence": "One branch of the literature has turned to the axiomatic analysis of scientific impact indices."
  },
  {
    "sec_id": "sec0005",
    "sentence": "Every axiom captures a certain property of an impact index, for instance how the index should change if the underlying data is slightly perturbed."
  },
  {
    "sec_id": "sec0005",
    "sentence": "The objective is to describe an impact index in terms of a small number of simple axioms."
  },
  {
    "sec_id": "sec0005",
    "sentence": "This branch has been started by [bib0060] and [bib0090] who provided axiomatic characterizations for the ranking of scientists resulting from the h-index and for the h-index itself, respectively.",
    "intent": "background"
  },
  {
    "sec_id": "sec0005",
    "sentence": "For other representative results in this research branch, we point the reader to [bib0010], [bib0015], [bib0030], [bib0065], [bib0070], [bib0080], and [bib0095], [bib0100].",
    "intent": "background"
  },
  {
    "sec_id": "sec0005",
    "sentence": "In a recent paper, [bib0020] introduced two fascinating new axioms that are simple and appealing, and that have a nice mathematical motivation.",
    "intent": "background"
  },
  {
    "sec_id": "sec0005",
    "sentence": "They also may be interpreted algebraically by means of certain homomorphisms between certain semi-groups."
  },
  {
    "sec_id": "sec0005",
    "sentence": "Most importantly, these axioms are satisfied by the h-index and also by some other natural indices."
  },
  {
    "sec_id": "sec0005",
    "sentence": "They proved that these two axioms characterize a family of scientific research indices that they called step-based indices and that contain the h-index, the maximum-index, the i10-index and the publication count as special cases; see Section\u00a0[sec0010] for the definitions of these indices."
  },
  {
    "sec_id": "sec0005",
    "sentence": "In this paper, we perform a deeper and more detailed analysis of the Chambers\u2013Miller axioms."
  },
  {
    "sec_id": "sec0005",
    "sentence": "We combinatorially characterize the indices that satisfy the first axiom, we characterize the indices that satisfy the second axiom, and we characterize the indices that satisfy both axioms together."
  },
  {
    "sec_id": "sec0005",
    "sentence": "The two axioms are kind of symmetric to each other, and this symmetry is clearly reflected in our characterizations."
  },
  {
    "sec_id": "sec0005",
    "sentence": "As a side-result, we also produce a new proof for the main result of [bib0020].",
    "intent": "extends"
  },
  {
    "sec_id": "sec0005",
    "sentence": "In the second part of the paper, we investigate the so-called staircase indices which on the one hand form a natural generalization of the h-index and on the other hand form a neat sub-class of the step-based indices."
  },
  {
    "sec_id": "sec0005",
    "sentence": "We provide an axiomatic characterization of the staircase indices in terms of four axioms; our axioms are a generalization of the axioms in the characterization of the h-index in [bib0090].",
    "intent": "extends"
  },
  {
    "sec_id": "sec0005",
    "sentence": "The paper is organized as follows."
  },
  {
    "sec_id": "sec0005",
    "sentence": "Section\u00a0[sec0010] states the basic definitions on research indices, and Section\u00a0[sec0015] summarizes the axioms of [bib0020].",
    "intent": "background"
  },
  {
    "sec_id": "sec0005",
    "sentence": "Section\u00a0[sec0020] presents our three combinatorial characterizations for the indices satisfying the Chambers\u2013Miller axioms."
  },
  {
    "sec_id": "sec0005",
    "sentence": "Section\u00a0[sec0040] introduces step-based indices and staircase indices, and Section\u00a0[sec0045] finally provides the axiomatic characterization of the staircase indices."
  },
  {
    "sec_id": "sec0010",
    "sentence": "We denote by \u2115 the set of non-negative integers."
  },
  {
    "sec_id": "sec0010",
    "sentence": "The symbol \u221e (infinity) is used to denote an abstract upper bound on \u2115 that is larger than all the elements of \u2115."
  },
  {
    "sec_id": "sec0010",
    "sentence": "Next, let us introduce two sets of integer sequences that will be crucial throughout the paper.\u2022The set X\u221e consists of all infinite, non-increasing sequences with elements from \u2115\u222a{\u221e}.\u2022The set X contains all infinite, non-increasing sequences with elements from \u2115 that contain only finitely many non-zero elements. Note that X is a subset of X\u221e."
  },
  {
    "sec_id": "sec0010",
    "sentence": "Note furthermore that by stripping off the infinitely long tail of zeros from some sequence in X, we produce a positive integer vector of finite length."
  },
  {
    "sec_id": "sec0010",
    "sentence": "We will sometimes specify sequences in X by listing only some finite initial piece of the sequence, with the understanding that all the non-listed elements are zeros."
  },
  {
    "sec_id": "sec0010",
    "sentence": "The set X\u221e consists of all infinite, non-increasing sequences with elements from \u2115\u222a{\u221e}."
  },
  {
    "sec_id": "sec0010",
    "sentence": "The set X contains all infinite, non-increasing sequences with elements from \u2115 that contain only finitely many non-zero elements."
  },
  {
    "sec_id": "sec0010",
    "sentence": "For two sequences x=(xk)k\u22651 and y=(yk)k\u22651 in X\u221e, we say that x is dominated by y, if xk\u00a0\u2264\u00a0yk holds for all k\u00a0\u2265\u00a01; we write x\u00a0\u2aaf\u00a0y to denote this situation."
  },
  {
    "sec_id": "sec0010",
    "sentence": "Clearly, this dominance relation is reflexive, anti-symmetric and transitive, and hence yields a partial order on X\u221e."
  },
  {
    "sec_id": "sec0010",
    "sentence": "This dominance relation \u2aaf induces a dominance relation on the set X in the natural way."
  },
  {
    "sec_id": "sec0010",
    "sentence": "A chain is a sequence of sequences in X\u221e that is totally ordered with respect to the dominance relation; every sequence in such a chain dominates all its predecessor sequences and is dominated by all its successor sequences."
  },
  {
    "sec_id": "sec0010",
    "sentence": "Next, consider a researcher who has published n\u00a0\u2265\u00a00 publications that have received a positive number of citations."
  },
  {
    "sec_id": "sec0010",
    "sentence": "(We will ignore publications without citations, since they have not generated any impact.) If n\u00a0\u2265\u00a01, this researcher may be represented by a vector x\u00a0=\u00a0(x1, \u2026, xn) with n positive integer components x1\u00a0\u2265\u00a0x2\u00a0\u2265\u00a0\u22ef\u00a0\u2265\u00a0xn that are arranged in non-increasing order; in other words, the kth component xk of this vector states the total number of citations to this researcher's kth-most cited publication."
  },
  {
    "sec_id": "sec0010",
    "sentence": "Equivalently, this researcher is represented by the sequence in X that results from x by appending an infinitely long tail of zeros."
  },
  {
    "sec_id": "sec0010",
    "sentence": "In the special case n\u00a0=\u00a00, the researcher has not received a single citation to his publications; the corresponding vector x is empty and the corresponding sequence in X entirely consists of zeros."
  },
  {
    "sec_id": "sec0010",
    "sentence": "Definition 2.1([bib0090]) A scientific impact index is a function f:X\u2192\u2115 that satisfies the following conditions:\u2022If x entirely consists of zeros, then f(x)\u00a0=\u00a00.\u2022Monotonicity: If x\u00a0\u2aaf\u00a0y, then f(x)\u00a0\u2264\u00a0f(y).These conditions seem to be fundamental: A researcher without citations apparently has no impact.",
    "intent": "background"
  },
  {
    "sec_id": "sec0010",
    "sentence": "If the citations to the output of researcher Y dominate the citations to the output of researcher X publication by publication, then Y has more impact than X."
  },
  {
    "sec_id": "sec0010",
    "sentence": "The following list summarizes some of the standard research indices that we are going to use throughout for illustrating purposes.\u2022The Hirsch index assigns to x=(xk)k\u22651 the value h(x)\u00a0:\u00a0=\u00a0max\u00a0{k\u00a0:\u00a0xk\u00a0\u2265\u00a0k}.\u2022The maximum-index assigns the value fmax(x)\u00a0:\u00a0=\u00a0x1.\u2022The publication count assigns the number pc(x)\u00a0:\u00a0=\u00a0max\u00a0{k\u00a0:\u00a0xk\u00a0\u2265\u00a01} of publications that have been cited at least once.\u2022The i10-index assigns the number i10(x)\u00a0:\u00a0=\u00a0max\u00a0{k\u00a0:\u00a0xk\u00a0\u2265\u00a010} of publications that have been cited at least ten times.\u2022The total citation number index assigns the number ftot(x)\u00a0:\u00a0=\u00a0\u2211k\u22651xk of citations.\u2022The Egghe-index assigns the value g(x):=max{k:\u2211i=1kxi\u2265k2}.\u2022The Kosmulski-index assigns the value h(2)(x)\u00a0:\u00a0=\u00a0max\u00a0{k\u00a0:\u00a0xk\u00a0\u2265\u00a0k2}.\u2022The w-index assigns w(x):=max{k:xi\u2265k\u2212i+1foralli\u2264k}. The Egghe-index has been introduced by [bib0035], [bib0040], the Kosmulski-index by [bib0055], and the w-index by [bib0090].",
    "intent": "background"
  },
  {
    "sec_id": "sec0010",
    "sentence": "The following definition describes the so-called generalized Kosmulski-indices, a wide family of research indices that was introduced by [bib0030].",
    "intent": "background"
  },
  {
    "sec_id": "sec0010",
    "sentence": "Definition 2.1"
  },
  {
    "sec_id": "sec0010",
    "sentence": "([bib0090]) A scientific impact index is a function f:X\u2192\u2115 that satisfies the following conditions:\u2022If x entirely consists of zeros, then f(x)\u00a0=\u00a00.\u2022Monotonicity: If x\u00a0\u2aaf\u00a0y, then f(x)\u00a0\u2264\u00a0f(y).",
    "intent": "background"
  },
  {
    "sec_id": "sec0010",
    "sentence": "If x entirely consists of zeros, then f(x)\u00a0=\u00a00."
  },
  {
    "sec_id": "sec0010",
    "sentence": "Monotonicity: If x\u00a0\u2aaf\u00a0y, then f(x)\u00a0\u2264\u00a0f(y)."
  },
  {
    "sec_id": "sec0010",
    "sentence": "The Hirsch index assigns to x=(xk)k\u22651 the value h(x)\u00a0:\u00a0=\u00a0max\u00a0{k\u00a0:\u00a0xk\u00a0\u2265\u00a0k}."
  },
  {
    "sec_id": "sec0010",
    "sentence": "The maximum-index assigns the value fmax(x)\u00a0:\u00a0=\u00a0x1."
  },
  {
    "sec_id": "sec0010",
    "sentence": "The publication count assigns the number pc(x)\u00a0:\u00a0=\u00a0max\u00a0{k\u00a0:\u00a0xk\u00a0\u2265\u00a01} of publications that have been cited at least once."
  },
  {
    "sec_id": "sec0010",
    "sentence": "The i10-index assigns the number i10(x)\u00a0:\u00a0=\u00a0max\u00a0{k\u00a0:\u00a0xk\u00a0\u2265\u00a010} of publications that have been cited at least ten times."
  },
  {
    "sec_id": "sec0010",
    "sentence": "The total citation number index assigns the number ftot(x)\u00a0:\u00a0=\u00a0\u2211k\u22651xk of citations."
  },
  {
    "sec_id": "sec0010",
    "sentence": "The Egghe-index assigns the value g(x):=max{k:\u2211i=1kxi\u2265k2}."
  },
  {
    "sec_id": "sec0010",
    "sentence": "The Kosmulski-index assigns the value h(2)(x)\u00a0:\u00a0=\u00a0max\u00a0{k\u00a0:\u00a0xk\u00a0\u2265\u00a0k2}."
  },
  {
    "sec_id": "sec0010",
    "sentence": "The w-index assigns w(x):=max{k:xi\u2265k\u2212i+1foralli\u2264k}."
  },
  {
    "sec_id": "sec0010",
    "sentence": "Definition 2.2([bib0030]) A function s:\u2115\u2192\u2115 is well-behaved, if it satisfies s(0)\u00a0=\u00a00 and s(k)\u00a0\u2265\u00a01 for all k\u00a0\u2265\u00a01, and if it is non-decreasing on the set \u2115 of non-negative integers.",
    "intent": "background"
  },
  {
    "sec_id": "sec0010",
    "sentence": "The corresponding generalized Kosmulski-index assigns to sequence x=(xk)k\u22651 in X the value K[s](x)\u00a0:\u00a0=\u00a0max\u00a0{k\u00a0:\u00a0xk\u00a0\u2265\u00a0s(k)}."
  },
  {
    "sec_id": "sec0010",
    "sentence": "Definition 2.2"
  },
  {
    "sec_id": "sec0010",
    "sentence": "([bib0030]) A function s:\u2115\u2192\u2115 is well-behaved, if it satisfies s(0)\u00a0=\u00a00 and s(k)\u00a0\u2265\u00a01 for all k\u00a0\u2265\u00a01, and if it is non-decreasing on the set \u2115 of non-negative integers.",
    "intent": "background"
  },
  {
    "sec_id": "sec0010",
    "sentence": "The corresponding generalized Kosmulski-index assigns to sequence x=(xk)k\u22651 in X the value K[s](x)\u00a0:\u00a0=\u00a0max\u00a0{k\u00a0:\u00a0xk\u00a0\u2265\u00a0s(k)}."
  },
  {
    "sec_id": "sec0010",
    "sentence": "Note that these generalized Kosmulski-indices cover as special cases the Hirsch index, the publication count, the i10-index, and the Kosmulski-index."
  },
  {
    "sec_id": "sec0010",
    "sentence": "In contrast to this, the maximum-index, the total citation number index, Egghe's g-index and the w-index do not belong to the generalized Kosmulski-indices."
  },
  {
    "sec_id": "sec0015",
    "sentence": "In this section, we state two axioms that have been introduced by [bib0020].",
    "intent": "uses"
  },
  {
    "sec_id": "sec0015",
    "sentence": "We start with some mathematical definitions."
  },
  {
    "sec_id": "sec0015",
    "sentence": "Let x=(xk)k\u22651 and y=(yk)k\u22651 be two sequences in X."
  },
  {
    "sec_id": "sec0015",
    "sentence": "We denote the sequence whose kth component is min\u00a0{xk, yk} by min(x, y), and we denote the sequence whose kth component is max\u00a0{xk, yk} by max(x, y)."
  },
  {
    "sec_id": "sec0015",
    "sentence": "For example if the initial pieces are x\u00a0=\u00a0(8, 8, 5, 3, 0, 0, 0) and y\u00a0=\u00a0(9, 6, 4, 4, 1, 1, 1), then we have min(x, y)\u00a0=\u00a0(8, 6, 4, 3) and max(x, y)\u00a0=\u00a0(9, 8, 5, 4, 1, 1, 1)."
  },
  {
    "sec_id": "sec0015",
    "sentence": "Observation 3.1Any sequences x, y, z\u00a0\u2208\u00a0X satisfy the following relations.\u2022min(x, y)\u00a0\u2aaf\u00a0x\u00a0\u2aaf\u00a0max(x, y)\u2022z\u00a0\u2aaf\u00a0x and z\u00a0\u2aaf\u00a0y imply z\u00a0\u2aaf\u00a0min(x, y)\u2022z\u00a0\u2ab0\u00a0x and z\u00a0\u2ab0\u00a0y imply z\u00a0\u2ab0\u00a0max(x, y)"
  },
  {
    "sec_id": "sec0015",
    "sentence": "Observation 3.1"
  },
  {
    "sec_id": "sec0015",
    "sentence": "Any sequences x, y, z\u00a0\u2208\u00a0X satisfy the following relations.\u2022min(x, y)\u00a0\u2aaf\u00a0x\u00a0\u2aaf\u00a0max(x, y)\u2022z\u00a0\u2aaf\u00a0x and z\u00a0\u2aaf\u00a0y imply z\u00a0\u2aaf\u00a0min(x, y)\u2022z\u00a0\u2ab0\u00a0x and z\u00a0\u2ab0\u00a0y imply z\u00a0\u2ab0\u00a0max(x, y)"
  },
  {
    "sec_id": "sec0015",
    "sentence": "min(x, y)\u00a0\u2aaf\u00a0x\u00a0\u2aaf\u00a0max(x, y)"
  },
  {
    "sec_id": "sec0015",
    "sentence": "z\u00a0\u2aaf\u00a0x and z\u00a0\u2aaf\u00a0y imply z\u00a0\u2aaf\u00a0min(x, y)"
  },
  {
    "sec_id": "sec0015",
    "sentence": "z\u00a0\u2ab0\u00a0x and z\u00a0\u2ab0\u00a0y imply z\u00a0\u2ab0\u00a0max(x, y)"
  },
  {
    "sec_id": "sec0015",
    "sentence": "We note furthermore that the binary operations min and max are associative and commutative on X; hence the corresponding algebraic structures (X, max) and (X, min) form commutative semi-groups."
  },
  {
    "sec_id": "sec0015",
    "sentence": "Our next goal is to formulate the crucial axioms Homo-min and Homo-max."
  },
  {
    "sec_id": "sec0015",
    "sentence": "Algebraically speaking, these axioms state that a research index should constitute (i) a homomorphism between the two semi-groups (X, min) and (\u2115,min), respectively and (ii) a homomorphism between the semi-groups (X, max) and (\u2115,max):Homo-min.f(min(x, y))\u00a0=\u00a0min\u00a0{f(x), f(y)} for all sequences x, y\u00a0\u2208\u00a0X.Homo-max.f(max(x, y))\u00a0=\u00a0max\u00a0{f(x), f(y)} for all sequences x, y\u00a0\u2208\u00a0X."
  },
  {
    "sec_id": "sec0015",
    "sentence": "f(min(x, y))\u00a0=\u00a0min\u00a0{f(x), f(y)} for all sequences x, y\u00a0\u2208\u00a0X."
  },
  {
    "sec_id": "sec0015",
    "sentence": "f(max(x, y))\u00a0=\u00a0max\u00a0{f(x), f(y)} for all sequences x, y\u00a0\u2208\u00a0X."
  },
  {
    "sec_id": "sec0015",
    "sentence": "[bib0020] introduced Homo-min and Homo-max under the names \u201cconsistency with worse scientists\u201d and \u201cconsistency with better scientists\u201d.",
    "intent": "background"
  },
  {
    "sec_id": "sec0015",
    "sentence": "Their definitions were partially motivated by the work of [bib0025] on join and meet-homomorphism axioms in the context of a ranking problem.",
    "intent": "background"
  },
  {
    "sec_id": "sec0015",
    "sentence": "The intuition behind these axioms is that min(x, y) constitutes the largest joint lower bound (with respect to the partial dominance order relation \u2aaf) for the two sequences x and y; in other words, min(x, y) is objectively the most influential scientist which is objectively at most as influential as each of x and y."
  },
  {
    "sec_id": "sec0015",
    "sentence": "The axiom Homo-min then requires the weaker one of x and y to be considered equally influential as the lower bound min(x, y)."
  },
  {
    "sec_id": "sec0015",
    "sentence": "Axiom Homo-min and the smallest joint upper bound max(x, y) can be considered and interpreted in a symmetric fashion."
  },
  {
    "sec_id": "sec0020",
    "sentence": "In this section, we provide three clean combinatorial characterizations of the research indices that (i) satisfy axiom Homo-min, (ii) satisfy axiom Homo-max, and (iii) simultaneously satisfy both axioms."
  },
  {
    "sec_id": "sec0020",
    "sentence": "The contents of the following theorem is essentially due to [bib0020]; the statement is implicitly contained in the appendix of their paper, and it is somewhat hidden in the middle of a proof.",
    "intent": "background"
  },
  {
    "sec_id": "sec0020",
    "sentence": "We stress that Chambers and Miller use a purely ordinal version of this statement, whereas we are mainly interested in its cardinal contents.Theorem 4.1([bib0020]) A scientific impact index f:X\u2192\u2115 satisfies axiom Homo-min, if and only if there exists an infinite chain(1)L0*\u2aafL1*\u2aafL2*\u2aaf\u22ef\u2aafLk*\u2aafLk+1*\u2aaf\u22efof sequences in X\u221e such that the following holds: for every x\u00a0\u2208\u00a0X, the index f(x) coincides with the largest integer k for which Lk*\u2aafx.",
    "intent": "background"
  },
  {
    "sec_id": "sec0020",
    "sentence": "Theorem 4.1"
  },
  {
    "sec_id": "sec0020",
    "sentence": "([bib0020]) A scientific impact index f:X\u2192\u2115 satisfies axiom Homo-min, if and only if there exists an infinite chain(1)L0*\u2aafL1*\u2aafL2*\u2aaf\u22ef\u2aafLk*\u2aafLk+1*\u2aaf\u22efof sequences in X\u221e such that the following holds: for every x\u00a0\u2208\u00a0X, the index f(x) coincides with the largest integer k for which Lk*\u2aafx.",
    "intent": "background"
  },
  {
    "sec_id": "sec0020",
    "sentence": "ProofFor the (if-part), consider two sequences x, y\u00a0\u2208\u00a0X with f(x)\u00a0=\u00a0r\u00a0\u2264\u00a0s\u00a0=\u00a0f(y)."
  },
  {
    "sec_id": "sec0020",
    "sentence": "Then Lr*\u2aafx and Lr+1*\u2aaf\u0338x, and similarly Lr*\u2aafLs*\u2aafy and Ls+1*\u2aaf\u0338y."
  },
  {
    "sec_id": "sec0020",
    "sentence": "[enun0015] implies Lr*\u2aafmin(x,y) and Lr+1*\u2aaf\u0338min(x,y)."
  },
  {
    "sec_id": "sec0020",
    "sentence": "This yields f(min(x, y))\u00a0=\u00a0r\u00a0=\u00a0min\u00a0{r, s} exactly as we desired."
  },
  {
    "sec_id": "sec0020",
    "sentence": "Hence f satisfies Homo-min.For the (only-if-part), we consider an arbitrary research index f that satisfies axiom Homo-min."
  },
  {
    "sec_id": "sec0020",
    "sentence": "For k\u00a0\u2265\u00a00, let the set Xk consist of all sequences x\u00a0\u2208\u00a0X with f(x)\u00a0\u2265\u00a0k."
  },
  {
    "sec_id": "sec0020",
    "sentence": "If Xk is empty, we let sequence Lk* entirely consist of \u221e components."
  },
  {
    "sec_id": "sec0020",
    "sentence": "If Xk is non-empty, we define a sequence Lk* as the componentwise minimum of all the sequences x\u00a0\u2208\u00a0Xk; note that in this case Lk* has only finitely many non-zero components and actually belongs to X."
  },
  {
    "sec_id": "sec0020",
    "sentence": "Note that Xk\u00a0\u2287\u00a0Xk+1 implies Lk*\u2aafLk+1* for all k."
  },
  {
    "sec_id": "sec0020",
    "sentence": "Furthermore, by definition Lk*\u2aafx holds for all x\u00a0\u2208\u00a0Xk.Now consider some fixed sequence x\u00a0\u2208\u00a0X with f(x)\u00a0=\u00a0k."
  },
  {
    "sec_id": "sec0020",
    "sentence": "Suppose for the sake of contradiction that Lk+1*\u2aafx."
  },
  {
    "sec_id": "sec0020",
    "sentence": "Then all components of Lk+1* are finite, so that Lk+1*\u2208X."
  },
  {
    "sec_id": "sec0020",
    "sentence": "The sequence Lk+1* can be written as the componentwise minimum of finitely many elements from Xk+1, which all have index value at least k\u00a0+\u00a01."
  },
  {
    "sec_id": "sec0020",
    "sentence": "Axiom Homo-min implies f(Lk+1*)\u2265k+1."
  },
  {
    "sec_id": "sec0020",
    "sentence": "Together with the assumption Lk+1*\u2aafx, this yields the contradiction f(x)\u00a0\u2265\u00a0k\u00a0+\u00a01."
  },
  {
    "sec_id": "sec0020",
    "sentence": "Hence Lk+1*\u2aaf\u0338x, and furthermore x\u00a0\u2208\u00a0Xk implies Lk*\u2aafx."
  },
  {
    "sec_id": "sec0020",
    "sentence": "Therefore, the index f(x) indeed coincides with the largest integer k for which Lk*\u2aafx."
  },
  {
    "sec_id": "sec0020",
    "sentence": "\u25a1"
  },
  {
    "sec_id": "sec0020",
    "sentence": "Proof"
  },
  {
    "sec_id": "sec0020",
    "sentence": "For the (if-part), consider two sequences x, y\u00a0\u2208\u00a0X with f(x)\u00a0=\u00a0r\u00a0\u2264\u00a0s\u00a0=\u00a0f(y)."
  },
  {
    "sec_id": "sec0020",
    "sentence": "Then Lr*\u2aafx and Lr+1*\u2aaf\u0338x, and similarly Lr*\u2aafLs*\u2aafy and Ls+1*\u2aaf\u0338y."
  },
  {
    "sec_id": "sec0020",
    "sentence": "[enun0015] implies Lr*\u2aafmin(x,y) and Lr+1*\u2aaf\u0338min(x,y)."
  },
  {
    "sec_id": "sec0020",
    "sentence": "This yields f(min(x, y))\u00a0=\u00a0r\u00a0=\u00a0min\u00a0{r, s} exactly as we desired."
  },
  {
    "sec_id": "sec0020",
    "sentence": "Hence f satisfies Homo-min."
  },
  {
    "sec_id": "sec0020",
    "sentence": "For the (only-if-part), we consider an arbitrary research index f that satisfies axiom Homo-min."
  },
  {
    "sec_id": "sec0020",
    "sentence": "For k\u00a0\u2265\u00a00, let the set Xk consist of all sequences x\u00a0\u2208\u00a0X with f(x)\u00a0\u2265\u00a0k."
  },
  {
    "sec_id": "sec0020",
    "sentence": "If Xk is empty, we let sequence Lk* entirely consist of \u221e components."
  },
  {
    "sec_id": "sec0020",
    "sentence": "If Xk is non-empty, we define a sequence Lk* as the componentwise minimum of all the sequences x\u00a0\u2208\u00a0Xk; note that in this case Lk* has only finitely many non-zero components and actually belongs to X."
  },
  {
    "sec_id": "sec0020",
    "sentence": "Note that Xk\u00a0\u2287\u00a0Xk+1 implies Lk*\u2aafLk+1* for all k."
  },
  {
    "sec_id": "sec0020",
    "sentence": "Furthermore, by definition Lk*\u2aafx holds for all x\u00a0\u2208\u00a0Xk."
  },
  {
    "sec_id": "sec0020",
    "sentence": "Now consider some fixed sequence x\u00a0\u2208\u00a0X with f(x)\u00a0=\u00a0k."
  },
  {
    "sec_id": "sec0020",
    "sentence": "Suppose for the sake of contradiction that Lk+1*\u2aafx."
  },
  {
    "sec_id": "sec0020",
    "sentence": "Then all components of Lk+1* are finite, so that Lk+1*\u2208X."
  },
  {
    "sec_id": "sec0020",
    "sentence": "The sequence Lk+1* can be written as the componentwise minimum of finitely many elements from Xk+1, which all have index value at least k\u00a0+\u00a01."
  },
  {
    "sec_id": "sec0020",
    "sentence": "Axiom Homo-min implies f(Lk+1*)\u2265k+1."
  },
  {
    "sec_id": "sec0020",
    "sentence": "Together with the assumption Lk+1*\u2aafx, this yields the contradiction f(x)\u00a0\u2265\u00a0k\u00a0+\u00a01."
  },
  {
    "sec_id": "sec0020",
    "sentence": "Hence Lk+1*\u2aaf\u0338x, and furthermore x\u00a0\u2208\u00a0Xk implies Lk*\u2aafx."
  },
  {
    "sec_id": "sec0020",
    "sentence": "Therefore, the index f(x) indeed coincides with the largest integer k for which Lk*\u2aafx."
  },
  {
    "sec_id": "sec0020",
    "sentence": "\u25a1"
  },
  {
    "sec_id": "sec0020",
    "sentence": "Let us discuss axiom Homo-min for some of the standard research indices introduced in Section\u00a0[sec0010]."
  },
  {
    "sec_id": "sec0020",
    "sentence": "We first observe that for every well-behaved function s:\u2115\u2192\u2115, the corresponding generalized Kosmulski-index satisfies Homo-min."
  },
  {
    "sec_id": "sec0020",
    "sentence": "Indeed, in [enun0020] we may choose L0* as the sequence entirely consisting of zeros."
  },
  {
    "sec_id": "sec0020",
    "sentence": "For k\u00a0\u2265\u00a01 we may choose Lk* as the sequence consisting of k components of value s(k) and followed by infinitely many zeros."
  },
  {
    "sec_id": "sec0020",
    "sentence": "This implies that the Hirsch index, the publication count, the i10-index, and the Kosmulski-index all satisfy Homo-min."
  },
  {
    "sec_id": "sec0020",
    "sentence": "Also the maximum-index (where sequence Lk* starts with a component of value k, followed by zeros) and the w-index (where sequence Lk* starts with components k, k\u00a0\u2212\u00a01, \u2026, 3, 2, 1, followed by zeros) both satisfy Homo-min."
  },
  {
    "sec_id": "sec0020",
    "sentence": "The total citation number index ftot and Egghe's g-index both violate Homo-min, for instance for the sequences in X that start as x\u00a0=\u00a0(7, 1, 1) and y\u00a0=\u00a0(2, 2, 0)."
  },
  {
    "sec_id": "sec0020",
    "sentence": "We now turn to axiom Homo-max."
  },
  {
    "sec_id": "sec0020",
    "sentence": "Parts of our analysis form symmetric counterparts to our statements and arguments in Section\u00a0[sec0025], but most of the details are more involved."
  },
  {
    "sec_id": "sec0020",
    "sentence": "The following theorem forms the counterpart to [enun0020]."
  },
  {
    "sec_id": "sec0020",
    "sentence": "Theorem 4.2A scientific impact index f:X\u2192\u2115 satisfies axiom Homo-max, if and only if there exists an infinite chain(2)U0*\u2aafU1*\u2aafU2*\u2aaf\u22ef\u2aafUk*\u2aafUk+1*\u2aaf\u22efof sequences in X\u221e such that the following holds: for every x\u00a0\u2208\u00a0X, the index f(x) coincides with the least integer k for which x\u2aafUk*."
  },
  {
    "sec_id": "sec0020",
    "sentence": "Theorem 4.2"
  },
  {
    "sec_id": "sec0020",
    "sentence": "A scientific impact index f:X\u2192\u2115 satisfies axiom Homo-max, if and only if there exists an infinite chain(2)U0*\u2aafU1*\u2aafU2*\u2aaf\u22ef\u2aafUk*\u2aafUk+1*\u2aaf\u22efof sequences in X\u221e such that the following holds: for every x\u00a0\u2208\u00a0X, the index f(x) coincides with the least integer k for which x\u2aafUk*."
  },
  {
    "sec_id": "sec0020",
    "sentence": "ProofFor the (if-part), consider two sequences x, y\u00a0\u2208\u00a0X with f(x)\u00a0=\u00a0r\u00a0\u2264\u00a0s\u00a0=\u00a0f(y)."
  },
  {
    "sec_id": "sec0020",
    "sentence": "Then x\u2aafUr*\u2aafUs* and x\u2aaf\u0338Ur\u22121*, and similarly y\u2aafUs* and y\u2aaf\u0338Us\u22121*."
  },
  {
    "sec_id": "sec0020",
    "sentence": "[enun0015] implies max(x,y)\u2aafUs* and max(x,y)\u2aaf\u0338Us\u22121*."
  },
  {
    "sec_id": "sec0020",
    "sentence": "This yields f(max(x, y))\u00a0=\u00a0s\u00a0=\u00a0max\u00a0{r, s} exactly as we desired, and f satisfies Homo-max.For the (only-if-part), we consider an arbitrary index f that satisfies axiom Homo-max."
  },
  {
    "sec_id": "sec0020",
    "sentence": "For k\u00a0\u2265\u00a00, let the set Yk consist of all sequences x\u00a0\u2208\u00a0X with f(x)\u00a0\u2264\u00a0k."
  },
  {
    "sec_id": "sec0020",
    "sentence": "Note that every such set Yk is non-empty, as it contains the sequence that entirely consists of zeros."
  },
  {
    "sec_id": "sec0020",
    "sentence": "We define Uk* as the sequence in X\u221e whose jth component is the least upper bound on the jth components of the sequences in Yk; if these jth components are unbounded for some j, then the corresponding component in Uk* is set to \u221e."
  },
  {
    "sec_id": "sec0020",
    "sentence": "The relation Yk\u00a0\u2286\u00a0Yk+1 implies Uk*\u2aafUk+1* for all k."
  },
  {
    "sec_id": "sec0020",
    "sentence": "By definition, x\u2aafUk* holds for all x\u00a0\u2208\u00a0Yk.Now consider some fixed sequence x\u00a0\u2208\u00a0X with f(x)\u00a0=\u00a0k."
  },
  {
    "sec_id": "sec0020",
    "sentence": "Suppose for the sake of contradiction that x\u2aafUk\u22121*."
  },
  {
    "sec_id": "sec0020",
    "sentence": "Then for every component xi in x, there exists a corresponding sequence y(i)\u00a0\u2208\u00a0Yk\u22121 whose ith component is at least xi."
  },
  {
    "sec_id": "sec0020",
    "sentence": "Let y(1), \u2026, y(n) be such sequences for the n non-zero components in x, and let y denote the componentwise maximum of these n sequences."
  },
  {
    "sec_id": "sec0020",
    "sentence": "Axiom Homo-max implies that the index f(y) coincides with the maximum of the values f(y(i)) over i\u00a0=\u00a01, \u2026, n, and y(i)\u00a0\u2208\u00a0Yk\u22121 implies that this maximum is at most k\u00a0\u2212\u00a01."
  },
  {
    "sec_id": "sec0020",
    "sentence": "Then x\u00a0\u2aaf\u00a0y and f(y)\u00a0\u2264\u00a0k\u00a0\u2212\u00a01 yield the contradiction f(x)\u00a0\u2264\u00a0k\u00a0\u2212\u00a01."
  },
  {
    "sec_id": "sec0020",
    "sentence": "Consequently x\u2aaf\u0338Uk\u22121*."
  },
  {
    "sec_id": "sec0020",
    "sentence": "Together with x\u00a0\u2208\u00a0Xk, this then implies x\u2aafUk*."
  },
  {
    "sec_id": "sec0020",
    "sentence": "Hence, the index f(x) indeed coincides with the least integer k for which x\u2aafUk*."
  },
  {
    "sec_id": "sec0020",
    "sentence": "\u25a1"
  },
  {
    "sec_id": "sec0020",
    "sentence": "Proof"
  },
  {
    "sec_id": "sec0020",
    "sentence": "For the (if-part), consider two sequences x, y\u00a0\u2208\u00a0X with f(x)\u00a0=\u00a0r\u00a0\u2264\u00a0s\u00a0=\u00a0f(y)."
  },
  {
    "sec_id": "sec0020",
    "sentence": "Then x\u2aafUr*\u2aafUs* and x\u2aaf\u0338Ur\u22121*, and similarly y\u2aafUs* and y\u2aaf\u0338Us\u22121*."
  },
  {
    "sec_id": "sec0020",
    "sentence": "[enun0015] implies max(x,y)\u2aafUs* and max(x,y)\u2aaf\u0338Us\u22121*."
  },
  {
    "sec_id": "sec0020",
    "sentence": "This yields f(max(x, y))\u00a0=\u00a0s\u00a0=\u00a0max\u00a0{r, s} exactly as we desired, and f satisfies Homo-max."
  },
  {
    "sec_id": "sec0020",
    "sentence": "For the (only-if-part), we consider an arbitrary index f that satisfies axiom Homo-max."
  },
  {
    "sec_id": "sec0020",
    "sentence": "For k\u00a0\u2265\u00a00, let the set Yk consist of all sequences x\u00a0\u2208\u00a0X with f(x)\u00a0\u2264\u00a0k."
  },
  {
    "sec_id": "sec0020",
    "sentence": "Note that every such set Yk is non-empty, as it contains the sequence that entirely consists of zeros."
  },
  {
    "sec_id": "sec0020",
    "sentence": "We define Uk* as the sequence in X\u221e whose jth component is the least upper bound on the jth components of the sequences in Yk; if these jth components are unbounded for some j, then the corresponding component in Uk* is set to \u221e."
  },
  {
    "sec_id": "sec0020",
    "sentence": "The relation Yk\u00a0\u2286\u00a0Yk+1 implies Uk*\u2aafUk+1* for all k."
  },
  {
    "sec_id": "sec0020",
    "sentence": "By definition, x\u2aafUk* holds for all x\u00a0\u2208\u00a0Yk."
  },
  {
    "sec_id": "sec0020",
    "sentence": "Now consider some fixed sequence x\u00a0\u2208\u00a0X with f(x)\u00a0=\u00a0k."
  },
  {
    "sec_id": "sec0020",
    "sentence": "Suppose for the sake of contradiction that x\u2aafUk\u22121*."
  },
  {
    "sec_id": "sec0020",
    "sentence": "Then for every component xi in x, there exists a corresponding sequence y(i)\u00a0\u2208\u00a0Yk\u22121 whose ith component is at least xi."
  },
  {
    "sec_id": "sec0020",
    "sentence": "Let y(1), \u2026, y(n) be such sequences for the n non-zero components in x, and let y denote the componentwise maximum of these n sequences."
  },
  {
    "sec_id": "sec0020",
    "sentence": "Axiom Homo-max implies that the index f(y) coincides with the maximum of the values f(y(i)) over i\u00a0=\u00a01, \u2026, n, and y(i)\u00a0\u2208\u00a0Yk\u22121 implies that this maximum is at most k\u00a0\u2212\u00a01."
  },
  {
    "sec_id": "sec0020",
    "sentence": "Then x\u00a0\u2aaf\u00a0y and f(y)\u00a0\u2264\u00a0k\u00a0\u2212\u00a01 yield the contradiction f(x)\u00a0\u2264\u00a0k\u00a0\u2212\u00a01."
  },
  {
    "sec_id": "sec0020",
    "sentence": "Consequently x\u2aaf\u0338Uk\u22121*."
  },
  {
    "sec_id": "sec0020",
    "sentence": "Together with x\u00a0\u2208\u00a0Xk, this then implies x\u2aafUk*."
  },
  {
    "sec_id": "sec0020",
    "sentence": "Hence, the index f(x) indeed coincides with the least integer k for which x\u2aafUk*."
  },
  {
    "sec_id": "sec0020",
    "sentence": "\u25a1"
  },
  {
    "sec_id": "sec0020",
    "sentence": "We discuss axiom Homo-max for the research indices introduced in Section\u00a0[sec0010]."
  },
  {
    "sec_id": "sec0020",
    "sentence": "For every well-behaved function s:\u2115\u2192\u2115, the corresponding generalized Kosmulski-index can be seen to satisfy Homo-max."
  },
  {
    "sec_id": "sec0020",
    "sentence": "In [enun0030] we choose Uk*\u2208X\u221e as the sequence whose first k components are \u221e and whose remaining components all take the value s(k\u00a0+\u00a01)\u00a0\u2212\u00a01."
  },
  {
    "sec_id": "sec0020",
    "sentence": "This demonstrates that the Hirsch index, the publication count, the i10-index, and the Kosmulski-index satisfy Homo-max."
  },
  {
    "sec_id": "sec0020",
    "sentence": "Also the maximum-index (for which every sequence Uk* entirely consists of components of value k) satisfies Homo-max."
  },
  {
    "sec_id": "sec0020",
    "sentence": "The w-index, the total citation number index ftot, and Egghe's g-index all violate Homo-max; this can for instance be seen from the sequences in X that start as x\u00a0=\u00a0(7, 0, 0) and y\u00a0=\u00a0(2, 2, 1)."
  },
  {
    "sec_id": "sec0020",
    "sentence": "The following special sequences in X\u221e will play an important role in our further investigations.\u2022For integers \u03b1\u00a0\u2265\u00a01 and \u03b2\u00a0\u2265\u00a01, the rectangular sequence R(\u03b1, \u03b2) consists of \u03b1 components of value \u03b2; all remaining components are 0."
  },
  {
    "sec_id": "sec0020",
    "sentence": "Furthermore, the rectangular sequence R(0, 0) consists entirely of zero components.\u2022For integers \u03b1\u00a0\u2265\u00a00 and \u03b2\u00a0\u2265\u00a00, the hook-shaped sequence H(\u03b1, \u03b2) consists of \u03b1 components of value \u221e; all remaining components are \u03b2.\u2022Finally, the rectangular sequence R(\u221e\u00a0, \u221e) and the hook-shaped sequence H(\u221e\u00a0, \u221e) both entirely consists of \u221e components. Note that the Ferrers diagram of a rectangular sequence is a rectangle, and note that the Ferrers diagram of a hook-shaped sequence is an L-shaped hook."
  },
  {
    "sec_id": "sec0020",
    "sentence": "We start our analysis with three useful combinatorial lemmas."
  },
  {
    "sec_id": "sec0020",
    "sentence": "For integers \u03b1\u00a0\u2265\u00a01 and \u03b2\u00a0\u2265\u00a01, the rectangular sequence R(\u03b1, \u03b2) consists of \u03b1 components of value \u03b2; all remaining components are 0."
  },
  {
    "sec_id": "sec0020",
    "sentence": "Furthermore, the rectangular sequence R(0, 0) consists entirely of zero components."
  },
  {
    "sec_id": "sec0020",
    "sentence": "For integers \u03b1\u00a0\u2265\u00a00 and \u03b2\u00a0\u2265\u00a00, the hook-shaped sequence H(\u03b1, \u03b2) consists of \u03b1 components of value \u221e; all remaining components are \u03b2."
  },
  {
    "sec_id": "sec0020",
    "sentence": "Finally, the rectangular sequence R(\u221e\u00a0, \u221e) and the hook-shaped sequence H(\u221e\u00a0, \u221e) both entirely consists of \u221e components."
  },
  {
    "sec_id": "sec0020",
    "sentence": "Lemma 4.3A sequence s\u00a0=\u00a0(s1, s2, \u2026) in X\u221e fails to be hook-shaped, if and only if it contains two consecutive terms sk and sk+1 with 0\u2264\u00a0sk+1\u00a0<\u00a0sk\u00a0<\u00a0\u221e."
  },
  {
    "sec_id": "sec0020",
    "sentence": "Lemma 4.3"
  },
  {
    "sec_id": "sec0020",
    "sentence": "A sequence s\u00a0=\u00a0(s1, s2, \u2026) in X\u221e fails to be hook-shaped, if and only if it contains two consecutive terms sk and sk+1 with 0\u2264\u00a0sk+1\u00a0<\u00a0sk\u00a0<\u00a0\u221e."
  },
  {
    "sec_id": "sec0020",
    "sentence": "ProofFirst assume that s\u00a0=\u00a0H(\u221e\u00a0, \u221e)."
  },
  {
    "sec_id": "sec0020",
    "sentence": "Then s is hook-shaped and indeed does not contain two such consecutive terms."
  },
  {
    "sec_id": "sec0020",
    "sentence": "In the remaining cases, let t denote the smallest index with st<\u00a0\u221e."
  },
  {
    "sec_id": "sec0020",
    "sentence": "If sk\u00a0=\u00a0st for all k\u00a0\u2265\u00a0t, then s\u00a0=\u00a0H(t\u00a0\u2212\u00a01, st) is hook-shaped and indeed does not contain two such consecutive terms."
  },
  {
    "sec_id": "sec0020",
    "sentence": "If there exists an index k with sk\u00a0<\u00a0st, then let u be the smallest such index; in this case the sequence is not hook-shaped and does contain two consecutive terms su\u22121 and su with 0\u2264\u00a0su\u00a0<\u00a0su\u22121\u00a0<\u00a0\u221e."
  },
  {
    "sec_id": "sec0020",
    "sentence": "\u25a1"
  },
  {
    "sec_id": "sec0020",
    "sentence": "Proof"
  },
  {
    "sec_id": "sec0020",
    "sentence": "First assume that s\u00a0=\u00a0H(\u221e\u00a0, \u221e)."
  },
  {
    "sec_id": "sec0020",
    "sentence": "Then s is hook-shaped and indeed does not contain two such consecutive terms."
  },
  {
    "sec_id": "sec0020",
    "sentence": "In the remaining cases, let t denote the smallest index with st<\u00a0\u221e."
  },
  {
    "sec_id": "sec0020",
    "sentence": "If sk\u00a0=\u00a0st for all k\u00a0\u2265\u00a0t, then s\u00a0=\u00a0H(t\u00a0\u2212\u00a01, st) is hook-shaped and indeed does not contain two such consecutive terms."
  },
  {
    "sec_id": "sec0020",
    "sentence": "If there exists an index k with sk\u00a0<\u00a0st, then let u be the smallest such index; in this case the sequence is not hook-shaped and does contain two consecutive terms su\u22121 and su with 0\u2264\u00a0su\u00a0<\u00a0su\u22121\u00a0<\u00a0\u221e."
  },
  {
    "sec_id": "sec0020",
    "sentence": "\u25a1"
  },
  {
    "sec_id": "sec0020",
    "sentence": "Lemma 4.4For integers \u03b1\u00a0\u2265\u00a00 and \u03b2\u00a0\u2265\u00a00 and for any sequence x\u00a0\u2208\u00a0X, the two statements R(\u03b1\u00a0+\u00a01, \u03b2\u00a0+\u00a01)\u00a0\u2aaf\u0338\u00a0x and x\u00a0\u2aaf\u00a0H(\u03b1, \u03b2) are equivalent to each other."
  },
  {
    "sec_id": "sec0020",
    "sentence": "Lemma 4.4"
  },
  {
    "sec_id": "sec0020",
    "sentence": "For integers \u03b1\u00a0\u2265\u00a00 and \u03b2\u00a0\u2265\u00a00 and for any sequence x\u00a0\u2208\u00a0X, the two statements R(\u03b1\u00a0+\u00a01, \u03b2\u00a0+\u00a01)\u00a0\u2aaf\u0338\u00a0x and x\u00a0\u2aaf\u00a0H(\u03b1, \u03b2) are equivalent to each other."
  },
  {
    "sec_id": "sec0020",
    "sentence": "ProofFor x=(xk)k\u22651 both statements are equivalent to x\u03b1+1\u00a0\u2264\u00a0\u03b2."
  },
  {
    "sec_id": "sec0020",
    "sentence": "\u25a1"
  },
  {
    "sec_id": "sec0020",
    "sentence": "Proof"
  },
  {
    "sec_id": "sec0020",
    "sentence": "For x=(xk)k\u22651 both statements are equivalent to x\u03b1+1\u00a0\u2264\u00a0\u03b2."
  },
  {
    "sec_id": "sec0020",
    "sentence": "\u25a1"
  },
  {
    "sec_id": "sec0020",
    "sentence": "Lemma 4.5Let L and U be sequences in X\u221e, so that the set {x\u00a0\u2208\u00a0X\u00a0:\u00a0L\u00a0\u2aaf\u00a0x} coincides with the set {x\u00a0\u2208\u00a0X\u00a0:\u00a0x\u00a0\u2aaf\u0338\u00a0U}."
  },
  {
    "sec_id": "sec0020",
    "sentence": "Then L is rectangular and U is hook-shaped."
  },
  {
    "sec_id": "sec0020",
    "sentence": "Lemma 4.5"
  },
  {
    "sec_id": "sec0020",
    "sentence": "Let L and U be sequences in X\u221e, so that the set {x\u00a0\u2208\u00a0X\u00a0:\u00a0L\u00a0\u2aaf\u00a0x} coincides with the set {x\u00a0\u2208\u00a0X\u00a0:\u00a0x\u00a0\u2aaf\u0338\u00a0U}."
  },
  {
    "sec_id": "sec0020",
    "sentence": "Then L is rectangular and U is hook-shaped."
  },
  {
    "sec_id": "sec0020",
    "sentence": "ProofLet X\u2032\u00a0=\u00a0{x\u00a0\u2208\u00a0X\u00a0:\u00a0L\u00a0\u2aaf\u00a0x}\u00a0=\u00a0{x\u00a0\u2208\u00a0X\u00a0:\u00a0x\u00a0\u2aaf\u0338\u00a0U} denote the set under consideration."
  },
  {
    "sec_id": "sec0020",
    "sentence": "Suppose for the sake of contradiction that the sequence U\u00a0=\u00a0(u1, u2, \u2026) is not hook-shaped."
  },
  {
    "sec_id": "sec0020",
    "sentence": "Then by [enun0040], there exists an index k with 0\u2264\u00a0uk+1\u00a0<\u00a0uk\u00a0<\u00a0\u221e."
  },
  {
    "sec_id": "sec0020",
    "sentence": "Consequently the two sequences x\u00a0:\u00a0=\u00a0R(k, uk\u00a0+\u00a01)\u00a0\u2aaf\u0338\u00a0U and y\u00a0:\u00a0=\u00a0R(k\u00a0+\u00a01, uk+1\u00a0+\u00a01)\u00a0\u2aaf\u0338\u00a0U are both contained in X\u2032, which by the definition of X\u2032 is equivalent to L\u00a0\u2aaf\u00a0x and L\u00a0\u2aaf\u00a0y."
  },
  {
    "sec_id": "sec0020",
    "sentence": "[enun0015] yields L\u00a0\u2aaf\u00a0min(x, y)\u00a0=\u00a0:\u00a0z, so that z\u00a0=\u00a0R(k, uk+1\u00a0+\u00a01) is in X\u2032."
  },
  {
    "sec_id": "sec0020",
    "sentence": "Since z\u00a0\u2aaf\u00a0U, we have reached the desired contradiction.Hence U indeed is hook-shaped, and U\u00a0=\u00a0H(\u03b1, \u03b2)."
  },
  {
    "sec_id": "sec0020",
    "sentence": "If \u03b1, \u03b2<\u00a0\u221e, then some easy arguments based on [enun0050] show that L\u00a0=\u00a0R(\u03b1\u00a0+\u00a01, \u03b2\u00a0+\u00a01) must hold."
  },
  {
    "sec_id": "sec0020",
    "sentence": "If \u03b1\u00a0=\u00a0\u03b2\u00a0=\u221e then X\u2032 is empty, which yields L\u00a0=\u00a0R(\u221e\u00a0, \u221e)."
  },
  {
    "sec_id": "sec0020",
    "sentence": "Hence L indeed is rectangular."
  },
  {
    "sec_id": "sec0020",
    "sentence": "\u25a1"
  },
  {
    "sec_id": "sec0020",
    "sentence": "Proof"
  },
  {
    "sec_id": "sec0020",
    "sentence": "Let X\u2032\u00a0=\u00a0{x\u00a0\u2208\u00a0X\u00a0:\u00a0L\u00a0\u2aaf\u00a0x}\u00a0=\u00a0{x\u00a0\u2208\u00a0X\u00a0:\u00a0x\u00a0\u2aaf\u0338\u00a0U} denote the set under consideration."
  },
  {
    "sec_id": "sec0020",
    "sentence": "Suppose for the sake of contradiction that the sequence U\u00a0=\u00a0(u1, u2, \u2026) is not hook-shaped."
  },
  {
    "sec_id": "sec0020",
    "sentence": "Then by [enun0040], there exists an index k with 0\u2264\u00a0uk+1\u00a0<\u00a0uk\u00a0<\u00a0\u221e."
  },
  {
    "sec_id": "sec0020",
    "sentence": "Consequently the two sequences x\u00a0:\u00a0=\u00a0R(k, uk\u00a0+\u00a01)\u00a0\u2aaf\u0338\u00a0U and y\u00a0:\u00a0=\u00a0R(k\u00a0+\u00a01, uk+1\u00a0+\u00a01)\u00a0\u2aaf\u0338\u00a0U are both contained in X\u2032, which by the definition of X\u2032 is equivalent to L\u00a0\u2aaf\u00a0x and L\u00a0\u2aaf\u00a0y."
  },
  {
    "sec_id": "sec0020",
    "sentence": "[enun0015] yields L\u00a0\u2aaf\u00a0min(x, y)\u00a0=\u00a0:\u00a0z, so that z\u00a0=\u00a0R(k, uk+1\u00a0+\u00a01) is in X\u2032."
  },
  {
    "sec_id": "sec0020",
    "sentence": "Since z\u00a0\u2aaf\u00a0U, we have reached the desired contradiction."
  },
  {
    "sec_id": "sec0020",
    "sentence": "Hence U indeed is hook-shaped, and U\u00a0=\u00a0H(\u03b1, \u03b2)."
  },
  {
    "sec_id": "sec0020",
    "sentence": "If \u03b1, \u03b2<\u00a0\u221e, then some easy arguments based on [enun0050] show that L\u00a0=\u00a0R(\u03b1\u00a0+\u00a01, \u03b2\u00a0+\u00a01) must hold."
  },
  {
    "sec_id": "sec0020",
    "sentence": "If \u03b1\u00a0=\u00a0\u03b2\u00a0=\u221e then X\u2032 is empty, which yields L\u00a0=\u00a0R(\u221e\u00a0, \u221e)."
  },
  {
    "sec_id": "sec0020",
    "sentence": "Hence L indeed is rectangular."
  },
  {
    "sec_id": "sec0020",
    "sentence": "\u25a1"
  },
  {
    "sec_id": "sec0020",
    "sentence": "The following theorem strengthens and extends the main result of [bib0020], which essentially states the equivalence between statements (i) and (iii).",
    "intent": "extends"
  },
  {
    "sec_id": "sec0020",
    "sentence": "Theorem 4.6For any scientific impact index f:X\u2192\u2115, the following three statements are pairwise equivalent.(i)There exists an infinite chain R0*\u2aafR1*\u2aafR2*\u2aaf\u22ef\u2aafRk*\u2aafRk+1*\u2aaf\u22ef of rectangular sequences in X\u221e such that for every x\u00a0\u2208\u00a0X, the value f(x) coincides with the largest integer k for which Rk*\u2aafx.(ii)There exists an infinite chain H0*\u2aafH1*\u2aafH2*\u2aaf\u22ef\u2aafHk*\u2aafHk+1*\u2aaf\u22ef of hook-shaped sequences in X\u221e such that for every x\u00a0\u2208\u00a0X, the value f(x) coincides with the least integer k for which x\u2aafHk*.(iii)The index f satisfies both axioms Homo-min and Homo-max."
  },
  {
    "sec_id": "sec0020",
    "sentence": "Theorem 4.6"
  },
  {
    "sec_id": "sec0020",
    "sentence": "For any scientific impact index f:X\u2192\u2115, the following three statements are pairwise equivalent.(i)There exists an infinite chain R0*\u2aafR1*\u2aafR2*\u2aaf\u22ef\u2aafRk*\u2aafRk+1*\u2aaf\u22ef of rectangular sequences in X\u221e such that for every x\u00a0\u2208\u00a0X, the value f(x) coincides with the largest integer k for which Rk*\u2aafx.(ii)There exists an infinite chain H0*\u2aafH1*\u2aafH2*\u2aaf\u22ef\u2aafHk*\u2aafHk+1*\u2aaf\u22ef of hook-shaped sequences in X\u221e such that for every x\u00a0\u2208\u00a0X, the value f(x) coincides with the least integer k for which x\u2aafHk*.(iii)The index f satisfies both axioms Homo-min and Homo-max."
  },
  {
    "sec_id": "sec0020",
    "sentence": "There exists an infinite chain R0*\u2aafR1*\u2aafR2*\u2aaf\u22ef\u2aafRk*\u2aafRk+1*\u2aaf\u22ef of rectangular sequences in X\u221e such that for every x\u00a0\u2208\u00a0X, the value f(x) coincides with the largest integer k for which Rk*\u2aafx."
  },
  {
    "sec_id": "sec0020",
    "sentence": "There exists an infinite chain H0*\u2aafH1*\u2aafH2*\u2aaf\u22ef\u2aafHk*\u2aafHk+1*\u2aaf\u22ef of hook-shaped sequences in X\u221e such that for every x\u00a0\u2208\u00a0X, the value f(x) coincides with the least integer k for which x\u2aafHk*."
  },
  {
    "sec_id": "sec0020",
    "sentence": "The index f satisfies both axioms Homo-min and Homo-max."
  },
  {
    "sec_id": "sec0020",
    "sentence": "ProofWe first establish the equivalence of (i) and (ii), and then show that (i) and (ii) together are equivalent to (iii).Assume that (i) holds, and let the rectangular sequences be given by Rk*=R(\u03b1k,\u03b2k) for k\u00a0\u2265\u00a00."
  },
  {
    "sec_id": "sec0020",
    "sentence": "[enun0005] imposes f(x)\u00a0=\u00a00 for the sequence x consisting entirely of zeros."
  },
  {
    "sec_id": "sec0020",
    "sentence": "This implies \u03b10\u00a0=\u00a0\u03b20\u00a0=\u00a00 and also \u03b11, \u03b21\u00a0\u2265\u00a01."
  },
  {
    "sec_id": "sec0020",
    "sentence": "We choose Hk*=H(\u03b1k+1\u22121,\u03b2k+1\u22121) for k\u00a0\u2265\u00a00."
  },
  {
    "sec_id": "sec0020",
    "sentence": "Then for any x\u00a0\u2208\u00a0X, the smallest integer k with x\u2aafHk* coincides with the largest integer k for which x\u2aaf\u0338Hk\u22121*; by [enun0050] this integer k in turn coincides with the largest integer satisfying Rk*\u2aafx."
  },
  {
    "sec_id": "sec0020",
    "sentence": "This establishes (ii) for our choice of Hk*.Next assume that (ii) holds, and let Hk*=H(\u03b1k,\u03b2k) for k\u00a0\u2265\u00a00."
  },
  {
    "sec_id": "sec0020",
    "sentence": "We choose R0*=R(0,0) and Rk*=R(\u03b1k\u22121+1,\u03b2k\u22121+1) for k\u00a0\u2265\u00a01."
  },
  {
    "sec_id": "sec0020",
    "sentence": "By [enun0050], then for any x\u00a0\u2208\u00a0X the largest integer k with Rk*\u2aafx coincides with the least integer k with x\u2aafHk*."
  },
  {
    "sec_id": "sec0020",
    "sentence": "This establishes (i), and implies that (i) and (ii) are equivalent.If (i) and (ii) hold, then [enun0020], [enun0030] yield that index f satisfies the axioms Homo-min and Homo-max.Finally assume (iii)."
  },
  {
    "sec_id": "sec0020",
    "sentence": "For k\u00a0\u2265\u00a00, we define Zk as the set of all x\u00a0\u2208\u00a0X with f(x)\u00a0\u2265\u00a0k."
  },
  {
    "sec_id": "sec0020",
    "sentence": "[enun0020], [enun0030] imply the existence of the sequences Lk* and Uk* in Eqs."
  },
  {
    "sec_id": "sec0020",
    "sentence": "[eq0005], [eq0010]."
  },
  {
    "sec_id": "sec0020",
    "sentence": "By [enun0020], set Zk consists of all sequences x\u00a0\u2208\u00a0X with Lk*\u2aafx."
  },
  {
    "sec_id": "sec0020",
    "sentence": "By [enun0030], set Zk consists of all sequences x\u00a0\u2208\u00a0X with x\u2aafUk*."
  },
  {
    "sec_id": "sec0020",
    "sentence": "Then by [enun0060], Lk* is rectangular and Uk* is hook-shaped."
  },
  {
    "sec_id": "sec0020",
    "sentence": "Hence (iii) implies (i) and (ii)."
  },
  {
    "sec_id": "sec0020",
    "sentence": "\u25a1"
  },
  {
    "sec_id": "sec0020",
    "sentence": "Proof"
  },
  {
    "sec_id": "sec0020",
    "sentence": "We first establish the equivalence of (i) and (ii), and then show that (i) and (ii) together are equivalent to (iii)."
  },
  {
    "sec_id": "sec0020",
    "sentence": "Assume that (i) holds, and let the rectangular sequences be given by Rk*=R(\u03b1k,\u03b2k) for k\u00a0\u2265\u00a00."
  },
  {
    "sec_id": "sec0020",
    "sentence": "[enun0005] imposes f(x)\u00a0=\u00a00 for the sequence x consisting entirely of zeros."
  },
  {
    "sec_id": "sec0020",
    "sentence": "This implies \u03b10\u00a0=\u00a0\u03b20\u00a0=\u00a00 and also \u03b11, \u03b21\u00a0\u2265\u00a01."
  },
  {
    "sec_id": "sec0020",
    "sentence": "We choose Hk*=H(\u03b1k+1\u22121,\u03b2k+1\u22121) for k\u00a0\u2265\u00a00."
  },
  {
    "sec_id": "sec0020",
    "sentence": "Then for any x\u00a0\u2208\u00a0X, the smallest integer k with x\u2aafHk* coincides with the largest integer k for which x\u2aaf\u0338Hk\u22121*; by [enun0050] this integer k in turn coincides with the largest integer satisfying Rk*\u2aafx."
  },
  {
    "sec_id": "sec0020",
    "sentence": "This establishes (ii) for our choice of Hk*."
  },
  {
    "sec_id": "sec0020",
    "sentence": "Next assume that (ii) holds, and let Hk*=H(\u03b1k,\u03b2k) for k\u00a0\u2265\u00a00."
  },
  {
    "sec_id": "sec0020",
    "sentence": "We choose R0*=R(0,0) and Rk*=R(\u03b1k\u22121+1,\u03b2k\u22121+1) for k\u00a0\u2265\u00a01."
  },
  {
    "sec_id": "sec0020",
    "sentence": "By [enun0050], then for any x\u00a0\u2208\u00a0X the largest integer k with Rk*\u2aafx coincides with the least integer k with x\u2aafHk*."
  },
  {
    "sec_id": "sec0020",
    "sentence": "This establishes (i), and implies that (i) and (ii) are equivalent."
  },
  {
    "sec_id": "sec0020",
    "sentence": "If (i) and (ii) hold, then [enun0020], [enun0030] yield that index f satisfies the axioms Homo-min and Homo-max."
  },
  {
    "sec_id": "sec0020",
    "sentence": "Finally assume (iii)."
  },
  {
    "sec_id": "sec0020",
    "sentence": "For k\u00a0\u2265\u00a00, we define Zk as the set of all x\u00a0\u2208\u00a0X with f(x)\u00a0\u2265\u00a0k."
  },
  {
    "sec_id": "sec0020",
    "sentence": "[enun0020], [enun0030] imply the existence of the sequences Lk* and Uk* in Eqs."
  },
  {
    "sec_id": "sec0020",
    "sentence": "[eq0005], [eq0010]."
  },
  {
    "sec_id": "sec0020",
    "sentence": "By [enun0020], set Zk consists of all sequences x\u00a0\u2208\u00a0X with Lk*\u2aafx."
  },
  {
    "sec_id": "sec0020",
    "sentence": "By [enun0030], set Zk consists of all sequences x\u00a0\u2208\u00a0X with x\u2aafUk*."
  },
  {
    "sec_id": "sec0020",
    "sentence": "Then by [enun0060], Lk* is rectangular and Uk* is hook-shaped."
  },
  {
    "sec_id": "sec0020",
    "sentence": "Hence (iii) implies (i) and (ii)."
  },
  {
    "sec_id": "sec0020",
    "sentence": "\u25a1"
  },
  {
    "sec_id": "sec0040",
    "sentence": "In the preceding section, we derived combinatorial descriptions of the scientific impact indices that simultaneously satisfy the axioms Homo-min and Homo-max."
  },
  {
    "sec_id": "sec0040",
    "sentence": "According to [enun0070](i), these indices may also be defined in the following way."
  },
  {
    "sec_id": "sec0040",
    "sentence": "Definition 5.1([bib0020]) Let \u03b1,\u03b2:\u2115\u2192\u2115 be two non-decreasing functions with \u03b1(0)\u00a0=\u00a0\u03b2(0)\u00a0=\u00a00.",
    "intent": "background"
  },
  {
    "sec_id": "sec0040",
    "sentence": "The corresponding step-based research index assigns to every sequence x\u00a0\u2208\u00a0X the largest integer k for which R(\u03b1(k), \u03b2(k))\u00a0\u2aaf\u00a0x."
  },
  {
    "sec_id": "sec0040",
    "sentence": "Definition 5.1"
  },
  {
    "sec_id": "sec0040",
    "sentence": "([bib0020]) Let \u03b1,\u03b2:\u2115\u2192\u2115 be two non-decreasing functions with \u03b1(0)\u00a0=\u00a0\u03b2(0)\u00a0=\u00a00.",
    "intent": "background"
  },
  {
    "sec_id": "sec0040",
    "sentence": "The corresponding step-based research index assigns to every sequence x\u00a0\u2208\u00a0X the largest integer k for which R(\u03b1(k), \u03b2(k))\u00a0\u2aaf\u00a0x."
  },
  {
    "sec_id": "sec0040",
    "sentence": "Of course, there is also another equivalent definition of step-based research indices via hook-shaped sequences, as indicated by [enun0070](ii) and [enun0050]."
  },
  {
    "sec_id": "sec0040",
    "sentence": "It is easy to see that every generalized Kosmulski-index (and hence: the Hirsch index, the publication count, the i10-index, and the Kosmulski-index) belongs to the family of step-based research indices."
  },
  {
    "sec_id": "sec0040",
    "sentence": "This can also be seen directly from [enun0010], [enun0080]: the underlying functions satisfy \u03b1(k)\u00a0=\u00a0k and \u03b2(k)\u00a0=\u00a0s(k) for all k\u00a0\u2265\u00a00."
  },
  {
    "sec_id": "sec0040",
    "sentence": "The maximum-index fmax is a step-based index, but not a generalized Kosmulski-index."
  },
  {
    "sec_id": "sec0040",
    "sentence": "The following definition introduces a subclass of the step-based indices that we call staircase indices, as lengths and heights of the steps R(\u03b1(k), \u03b2(k)) behave in a highly regular way; see [fig0005] for an illustration."
  },
  {
    "sec_id": "sec0040",
    "sentence": "Definition 5.2For an integer \u03bb\u00a0\u2265\u00a01, the corresponding staircase research index SC\u03bb assigns to sequence x=(xk)k\u22651 the value SC\u03bb(x)\u00a0:\u00a0=\u00a0max\u00a0{k\u00a0:\u00a0x\u03bbk\u00a0\u2265\u00a0k}."
  },
  {
    "sec_id": "sec0040",
    "sentence": "Definition 5.2"
  },
  {
    "sec_id": "sec0040",
    "sentence": "For an integer \u03bb\u00a0\u2265\u00a01, the corresponding staircase research index SC\u03bb assigns to sequence x=(xk)k\u22651 the value SC\u03bb(x)\u00a0:\u00a0=\u00a0max\u00a0{k\u00a0:\u00a0x\u03bbk\u00a0\u2265\u00a0k}."
  },
  {
    "sec_id": "sec0040",
    "sentence": "By choosing \u03b1(k)\u00a0=\u00a0\u03bbk and \u03b2(k)\u00a0=\u00a0k in [enun0080], we see that the staircase index SC\u03bb indeed belongs to the step-based indices."
  },
  {
    "sec_id": "sec0040",
    "sentence": "By [enun0070], a sequence x\u00a0\u2208\u00a0X satisfies SC\u03bb(x)\u00a0\u2265\u00a0k if and only if R(\u03bbk, k)\u00a0\u2aaf\u00a0x, if and only if x\u00a0\u2aaf\u0338\u00a0H(\u03bbk\u00a0\u2212\u00a01, k\u00a0\u2212\u00a01)."
  },
  {
    "sec_id": "sec0040",
    "sentence": "For \u03bb\u00a0=\u00a02, the corresponding rectangular sequences R(2k, k) are depicted in [fig0005]."
  },
  {
    "sec_id": "sec0040",
    "sentence": "For \u03bb\u00a0=\u00a01, the staircase index coincides with the Hirsch index, and hence is a generalized Kosmulski-index."
  },
  {
    "sec_id": "sec0040",
    "sentence": "For \u03bb\u00a0\u2265\u00a02, none of the corresponding staircase indices SC\u03bb does belong to the generalized Kosmulski-indices."
  },
  {
    "sec_id": "sec0040",
    "sentence": "In the rest of this paper, we will take a closer look at these staircase indices."
  },
  {
    "sec_id": "sec0045",
    "sentence": "In this section, we present an axiomatic characterization of the staircase indices SC\u03bb."
  },
  {
    "sec_id": "sec0045",
    "sentence": "We begin by stating three simple axioms that have been introduced by [bib0090].",
    "intent": "uses"
  },
  {
    "sec_id": "sec0045",
    "sentence": "These axioms formulate conditions on some research index f:X\u2192\u2115 and sequences x, y\u00a0\u2208\u00a0X."
  },
  {
    "sec_id": "sec0045",
    "sentence": "The first axiom A1 states that if one adds to a publication list a single publication that is not substantially stronger than the current index, then this should not raise the index."
  },
  {
    "sec_id": "sec0045",
    "sentence": "The second axiom B states that a minor change in the citation record should not lead to major changes in the index."
  },
  {
    "sec_id": "sec0045",
    "sentence": "The third axiom D deals with the situation where both the number of publications and the number of citations go up.A1.If y results from x by adding a new article with f(x) citations, then f(y)\u00a0\u2264\u00a0f(x).B.If y results from x by increasing the number of citations of a single article, then f(y)\u00a0\u2264\u00a0f(x)\u00a0+\u00a01.D.If y results from x by first adding an article with f(x) citations and afterwards increasing the number of citations of every article with non-zero citations by at least one, then f(y)\u00a0>\u00a0f(x)."
  },
  {
    "sec_id": "sec0045",
    "sentence": "If y results from x by adding a new article with f(x) citations, then f(y)\u00a0\u2264\u00a0f(x)."
  },
  {
    "sec_id": "sec0045",
    "sentence": "If y results from x by increasing the number of citations of a single article, then f(y)\u00a0\u2264\u00a0f(x)\u00a0+\u00a01."
  },
  {
    "sec_id": "sec0045",
    "sentence": "If y results from x by first adding an article with f(x) citations and afterwards increasing the number of citations of every article with non-zero citations by at least one, then f(y)\u00a0>\u00a0f(x)."
  },
  {
    "sec_id": "sec0045",
    "sentence": "[bib0090] showed that these three axioms concisely characterize the Hirsch-index:Proposition 6.1([bib0090]) A scientific impact index f:X\u2192\u2115 satisfies the three axioms A1, B, and D, if and only if it is the Hirsch-index.[bib0030] present an axiomatic characterization of the generalized Kosmulski-indices that is built around appropriate generalizations and parameterizations of these three axioms A1, B, and D.",
    "intent": "background"
  },
  {
    "sec_id": "sec0045",
    "sentence": "In a very similar spirit, we will now parameterize the old axioms B and D for the staircase index SC\u03bb, and make them depend on the integer parameter \u03bb.B[\u03bb].If y results from x by increasing the number of citations of at most \u03bb articles, then f(y)\u00a0\u2264\u00a0f(x)\u00a0+\u00a01.D[\u03bb].If y results from x by first adding \u03bb articles with f(x) citations and afterwards increasing the number of citations of every article with non-zero citations by at least one, then f(y)\u00a0>\u00a0f(x). Finally, we introduce the following purely technical axiom Z[\u03bb] that fixes the index value of certain weak citation sequences (with only few non-zero components) at zero.Z[\u03bb].If x has at most \u03bb\u00a0\u2212\u00a01 non-zero components, then f(x)\u00a0=\u00a00. It is instructive to consider the special case \u03bb\u00a0=\u00a01, for which the staircase index coincides with the Hirsch index."
  },
  {
    "sec_id": "sec0045",
    "sentence": "Then the parameterized axioms B[\u03bb] and D[\u03bb] boil down to the original axioms B and D."
  },
  {
    "sec_id": "sec0045",
    "sentence": "Furthermore, axiom Z[\u03bb] becomes vacuous, since its contents is already covered by [enun0005]."
  },
  {
    "sec_id": "sec0045",
    "sentence": "Proposition 6.1"
  },
  {
    "sec_id": "sec0045",
    "sentence": "([bib0090]) A scientific impact index f:X\u2192\u2115 satisfies the three axioms A1, B, and D, if and only if it is the Hirsch-index.",
    "intent": "background"
  },
  {
    "sec_id": "sec0045",
    "sentence": "If y results from x by increasing the number of citations of at most \u03bb articles, then f(y)\u00a0\u2264\u00a0f(x)\u00a0+\u00a01."
  },
  {
    "sec_id": "sec0045",
    "sentence": "If y results from x by first adding \u03bb articles with f(x) citations and afterwards increasing the number of citations of every article with non-zero citations by at least one, then f(y)\u00a0>\u00a0f(x)."
  },
  {
    "sec_id": "sec0045",
    "sentence": "If x has at most \u03bb\u00a0\u2212\u00a01 non-zero components, then f(x)\u00a0=\u00a00."
  },
  {
    "sec_id": "sec0045",
    "sentence": "The following theorem contains the main contribution of this section.Theorem 6.2For any integer \u03bb\u00a0\u2265\u00a01, a scientific impact index f:X\u2192\u2115 satisfies the four axioms A1, B[\u03bb], D[\u03bb], and Z[\u03bb] if and only if it is the staircase index SC\u03bb."
  },
  {
    "sec_id": "sec0045",
    "sentence": "Theorem 6.2"
  },
  {
    "sec_id": "sec0045",
    "sentence": "For any integer \u03bb\u00a0\u2265\u00a01, a scientific impact index f:X\u2192\u2115 satisfies the four axioms A1, B[\u03bb], D[\u03bb], and Z[\u03bb] if and only if it is the staircase index SC\u03bb."
  },
  {
    "sec_id": "sec0045",
    "sentence": "Note that for \u03bb\u00a0=\u00a01, our characterization [enun0095] indeed boils down to the characterization of the Hirsch index in [enun0090]."
  },
  {
    "sec_id": "sec0045",
    "sentence": "The following [enun0100] demonstrates that the characterization in [enun0095] is tight: One cannot drop any of the four characterizing axioms without losing the uniqueness conclusion."
  },
  {
    "sec_id": "sec0045",
    "sentence": "Another interesting consequence of [enun0100] is that none of these four axioms is implied by the other axioms, that is, that the four axioms are logically independent of each other."
  },
  {
    "sec_id": "sec0045",
    "sentence": "Theorem 6.3For any integer \u03bb\u00a0\u2265\u00a02, there exist scientific impact indices that satisfy(a)the axioms B[\u03bb], D[\u03bb], and Z[\u03bb], but not A1;(b)the axioms A1, D[\u03bb], and Z[\u03bb], but not B[\u03bb];(c)the axioms A1, B[\u03bb], and Z[\u03bb], but not D[\u03bb];(d)the axioms A1, B[\u03bb], and D[\u03bb], but not Z[\u03bb].The proofs of [enun0095], [enun0100] will be presented in Sections\u00a0[sec0050], [sec0055], respectively."
  },
  {
    "sec_id": "sec0045",
    "sentence": "Theorem 6.3"
  },
  {
    "sec_id": "sec0045",
    "sentence": "For any integer \u03bb\u00a0\u2265\u00a02, there exist scientific impact indices that satisfy(a)the axioms B[\u03bb], D[\u03bb], and Z[\u03bb], but not A1;(b)the axioms A1, D[\u03bb], and Z[\u03bb], but not B[\u03bb];(c)the axioms A1, B[\u03bb], and Z[\u03bb], but not D[\u03bb];(d)the axioms A1, B[\u03bb], and D[\u03bb], but not Z[\u03bb]."
  },
  {
    "sec_id": "sec0045",
    "sentence": "the axioms B[\u03bb], D[\u03bb], and Z[\u03bb], but not A1;"
  },
  {
    "sec_id": "sec0045",
    "sentence": "the axioms A1, D[\u03bb], and Z[\u03bb], but not B[\u03bb];"
  },
  {
    "sec_id": "sec0045",
    "sentence": "the axioms A1, B[\u03bb], and Z[\u03bb], but not D[\u03bb];"
  },
  {
    "sec_id": "sec0045",
    "sentence": "the axioms A1, B[\u03bb], and D[\u03bb], but not Z[\u03bb]."
  },
  {
    "sec_id": "sec0045",
    "sentence": "In this section we prove [enun0095]."
  },
  {
    "sec_id": "sec0045",
    "sentence": "Fix \u03bb\u00a0\u2265\u00a01, and consider the corresponding staircase index SC\u03bb."
  },
  {
    "sec_id": "sec0045",
    "sentence": "The (if-part) of the proof is straightforward."
  },
  {
    "sec_id": "sec0045",
    "sentence": "Indeed, consider a sequence x=(xk)k\u22651 in X with SC\u03bb(x)\u00a0=\u00a0k."
  },
  {
    "sec_id": "sec0045",
    "sentence": "This means that x\u03bbk\u00a0\u2265\u00a0k and x\u03bb(k+1)\u00a0\u2264\u00a0k.\u2022By adding components of value k to sequence x, one can never bring the value of component x\u03bb(k+1) above k; hence axiom A1 is satisfied.\u2022The \u03bb\u00a0+\u00a01 components x\u03bb(k+1), \u2026, x\u03bb(k+2) all are strictly below k\u00a0+\u00a02."
  },
  {
    "sec_id": "sec0045",
    "sentence": "By increasing the values of only \u03bb components, one can never bring the value of component x\u03bb(k+2) to k\u00a0+\u00a02 or higher."
  },
  {
    "sec_id": "sec0045",
    "sentence": "Hence axiom B[\u03bb] is satisfied.\u2022If one adds \u03bb components of value k to x and then increases every non-zero component by 1, this will raise component x\u03bb(k+1) to k\u00a0+\u00a01; hence the index goes up and D[\u03bb] holds.\u2022Finally, SC\u03bb(x)\u00a0\u2265\u00a01 enforces x\u03bb\u00a0\u2265\u00a01; hence also the technical axiom Z[\u03bb] is satisfied. For the (only-if-part) of the proof, we consider an arbitrary scientific impact index f that satisfies the four axioms A1, B[\u03bb], D[\u03bb], and Z[\u03bb]."
  },
  {
    "sec_id": "sec0045",
    "sentence": "We will show that index f coincides with the staircase index SC\u03bb."
  },
  {
    "sec_id": "sec0045",
    "sentence": "By adding components of value k to sequence x, one can never bring the value of component x\u03bb(k+1) above k; hence axiom A1 is satisfied."
  },
  {
    "sec_id": "sec0045",
    "sentence": "The \u03bb\u00a0+\u00a01 components x\u03bb(k+1), \u2026, x\u03bb(k+2) all are strictly below k\u00a0+\u00a02."
  },
  {
    "sec_id": "sec0045",
    "sentence": "By increasing the values of only \u03bb components, one can never bring the value of component x\u03bb(k+2) to k\u00a0+\u00a02 or higher."
  },
  {
    "sec_id": "sec0045",
    "sentence": "Hence axiom B[\u03bb] is satisfied."
  },
  {
    "sec_id": "sec0045",
    "sentence": "If one adds \u03bb components of value k to x and then increases every non-zero component by 1, this will raise component x\u03bb(k+1) to k\u00a0+\u00a01; hence the index goes up and D[\u03bb] holds."
  },
  {
    "sec_id": "sec0045",
    "sentence": "Finally, SC\u03bb(x)\u00a0\u2265\u00a01 enforces x\u03bb\u00a0\u2265\u00a01; hence also the technical axiom Z[\u03bb] is satisfied."
  },
  {
    "sec_id": "sec0045",
    "sentence": "Lemma 6.4Let k\u00a0\u2265\u00a00."
  },
  {
    "sec_id": "sec0045",
    "sentence": "Then any sequence x=(xk)k\u22651 in X with n\u00a0<\u00a0\u03bb(k\u00a0+\u00a01) non-zero components satisfies f(x)\u00a0\u2264\u00a0k."
  },
  {
    "sec_id": "sec0045",
    "sentence": "Lemma 6.4"
  },
  {
    "sec_id": "sec0045",
    "sentence": "Let k\u00a0\u2265\u00a00."
  },
  {
    "sec_id": "sec0045",
    "sentence": "Then any sequence x=(xk)k\u22651 in X with n\u00a0<\u00a0\u03bb(k\u00a0+\u00a01) non-zero components satisfies f(x)\u00a0\u2264\u00a0k."
  },
  {
    "sec_id": "sec0045",
    "sentence": "ProofThe statement is proved by induction on k\u00a0\u2265\u00a00."
  },
  {
    "sec_id": "sec0045",
    "sentence": "For k\u00a0=\u00a00, the statement follows from axiom Z[\u03bb]."
  },
  {
    "sec_id": "sec0045",
    "sentence": "In the inductive step, consider an arbitrary sequence y\u00a0\u2208\u00a0X with n\u00a0<\u00a0\u03bb(k\u00a0+\u00a01) non-zero components."
  },
  {
    "sec_id": "sec0045",
    "sentence": "Let x be the sequence that results from y by setting its last \u03bb non-zero components to zero."
  },
  {
    "sec_id": "sec0045",
    "sentence": "Since x has fewer than \u03bbk non-zero components, the inductive assumption yields f(x)\u00a0\u2264\u00a0k\u00a0\u2212\u00a01."
  },
  {
    "sec_id": "sec0045",
    "sentence": "Since y results from x by increasing at most \u03bb components, axiom B[\u03bb] implies f(y)\u00a0\u2264\u00a0f(x)\u00a0+\u00a01\u00a0\u2264\u00a0k, exactly as desired."
  },
  {
    "sec_id": "sec0045",
    "sentence": "\u25a1"
  },
  {
    "sec_id": "sec0045",
    "sentence": "Proof"
  },
  {
    "sec_id": "sec0045",
    "sentence": "The statement is proved by induction on k\u00a0\u2265\u00a00."
  },
  {
    "sec_id": "sec0045",
    "sentence": "For k\u00a0=\u00a00, the statement follows from axiom Z[\u03bb]."
  },
  {
    "sec_id": "sec0045",
    "sentence": "In the inductive step, consider an arbitrary sequence y\u00a0\u2208\u00a0X with n\u00a0<\u00a0\u03bb(k\u00a0+\u00a01) non-zero components."
  },
  {
    "sec_id": "sec0045",
    "sentence": "Let x be the sequence that results from y by setting its last \u03bb non-zero components to zero."
  },
  {
    "sec_id": "sec0045",
    "sentence": "Since x has fewer than \u03bbk non-zero components, the inductive assumption yields f(x)\u00a0\u2264\u00a0k\u00a0\u2212\u00a01."
  },
  {
    "sec_id": "sec0045",
    "sentence": "Since y results from x by increasing at most \u03bb components, axiom B[\u03bb] implies f(y)\u00a0\u2264\u00a0f(x)\u00a0+\u00a01\u00a0\u2264\u00a0k, exactly as desired."
  },
  {
    "sec_id": "sec0045",
    "sentence": "\u25a1"
  },
  {
    "sec_id": "sec0045",
    "sentence": "Lemma 6.5For k\u00a0\u2265\u00a00, the rectangular sequence R(\u03bbk, k) satisfies f(R(\u03bbk, k))\u00a0=\u00a0k."
  },
  {
    "sec_id": "sec0045",
    "sentence": "Lemma 6.5"
  },
  {
    "sec_id": "sec0045",
    "sentence": "For k\u00a0\u2265\u00a00, the rectangular sequence R(\u03bbk, k) satisfies f(R(\u03bbk, k))\u00a0=\u00a0k."
  },
  {
    "sec_id": "sec0045",
    "sentence": "ProofThe proof is by induction on k."
  },
  {
    "sec_id": "sec0045",
    "sentence": "For k\u00a0=\u00a00, the statement follows from [enun0005]."
  },
  {
    "sec_id": "sec0045",
    "sentence": "In the inductive step, consider x\u00a0:\u00a0=\u00a0R(\u03bbk, k) and y\u00a0:\u00a0=\u00a0R(\u03bb(k\u00a0+\u00a01), k\u00a0+\u00a01)."
  },
  {
    "sec_id": "sec0045",
    "sentence": "The inductive assumption yields f(x)\u00a0=\u00a0k, so that y results from x by first adding \u03bb articles with f(x)\u00a0=\u00a0k citations and afterwards increasing the number of citations of every non-zero component by one."
  },
  {
    "sec_id": "sec0045",
    "sentence": "With this, axiom D[\u03bb] yields f(y)\u00a0>\u00a0f(x)\u00a0=\u00a0k."
  },
  {
    "sec_id": "sec0045",
    "sentence": "As y has \u03bb(k\u00a0+\u00a01) non-zero components, [enun0105] yields f(y)\u00a0\u2264\u00a0k\u00a0+\u00a01."
  },
  {
    "sec_id": "sec0045",
    "sentence": "This implies the desired f(y)\u00a0=\u00a0k\u00a0+\u00a01."
  },
  {
    "sec_id": "sec0045",
    "sentence": "\u25a1"
  },
  {
    "sec_id": "sec0045",
    "sentence": "Proof"
  },
  {
    "sec_id": "sec0045",
    "sentence": "The proof is by induction on k."
  },
  {
    "sec_id": "sec0045",
    "sentence": "For k\u00a0=\u00a00, the statement follows from [enun0005]."
  },
  {
    "sec_id": "sec0045",
    "sentence": "In the inductive step, consider x\u00a0:\u00a0=\u00a0R(\u03bbk, k) and y\u00a0:\u00a0=\u00a0R(\u03bb(k\u00a0+\u00a01), k\u00a0+\u00a01)."
  },
  {
    "sec_id": "sec0045",
    "sentence": "The inductive assumption yields f(x)\u00a0=\u00a0k, so that y results from x by first adding \u03bb articles with f(x)\u00a0=\u00a0k citations and afterwards increasing the number of citations of every non-zero component by one."
  },
  {
    "sec_id": "sec0045",
    "sentence": "With this, axiom D[\u03bb] yields f(y)\u00a0>\u00a0f(x)\u00a0=\u00a0k."
  },
  {
    "sec_id": "sec0045",
    "sentence": "As y has \u03bb(k\u00a0+\u00a01) non-zero components, [enun0105] yields f(y)\u00a0\u2264\u00a0k\u00a0+\u00a01."
  },
  {
    "sec_id": "sec0045",
    "sentence": "This implies the desired f(y)\u00a0=\u00a0k\u00a0+\u00a01."
  },
  {
    "sec_id": "sec0045",
    "sentence": "\u25a1"
  },
  {
    "sec_id": "sec0045",
    "sentence": "Now let us complete the proof."
  },
  {
    "sec_id": "sec0045",
    "sentence": "Consider an arbitrary sequence x=(xk)k\u22651 in X, and let k\u00a0:\u00a0=\u00a0SC\u03bb(x)."
  },
  {
    "sec_id": "sec0045",
    "sentence": "This means(3)x\u03bbk\u2265kandx\u03bb(k+1)\u2264k.Let y\u00a0=\u00a0(x1, \u2026, x\u03bb(k+1)\u22121, 0, 0, \u2026) denote the sequence that consists of the first \u03bb(k\u00a0+\u00a01)\u00a0\u2212\u00a01 components of x followed by zeros."
  },
  {
    "sec_id": "sec0045",
    "sentence": "Eq. [eq0015] implies that sequence y dominates R(\u03bbk, k), which together with monotonicity and [enun0115] yields f(y)\u00a0\u2265\u00a0k."
  },
  {
    "sec_id": "sec0045",
    "sentence": "Furthermore f(y)\u00a0\u2264\u00a0k by [enun0105]."
  },
  {
    "sec_id": "sec0045",
    "sentence": "Altogether, this yields f(y)\u00a0=\u00a0k."
  },
  {
    "sec_id": "sec0045",
    "sentence": "Note that sequence x results from sequence y by repeatedly adding components of value x\u03bb(k+1) or lower to y."
  },
  {
    "sec_id": "sec0045",
    "sentence": "By repeatedly using axiom A1 and [eq0015], we derive f(x)\u00a0=\u00a0f(y)\u00a0=\u00a0k."
  },
  {
    "sec_id": "sec0045",
    "sentence": "Therefore f(x)\u00a0=\u00a0SC\u03bb(x) for all x."
  },
  {
    "sec_id": "sec0045",
    "sentence": "This completes the proof of [enun0095]."
  },
  {
    "sec_id": "sec0045",
    "sentence": "In this section we prove [enun0100]."
  },
  {
    "sec_id": "sec0045",
    "sentence": "For part (a), we use the index f1 that assigns to x\u00a0\u2208\u00a0X the value f1(x)\u00a0=\u230a\u00a0pc(x)/\u03bb\u00a0\u230b; in this expression the publication count pc(x) states the number of non-zero components in x."
  },
  {
    "sec_id": "sec0045",
    "sentence": "Note that by increasing the value of at most \u03bb components, one will increase the value pc(x) by at most \u03bb, so that the value f1(x) increases by at most 1."
  },
  {
    "sec_id": "sec0045",
    "sentence": "This implies that f1 satisfies axiom B[\u03bb]."
  },
  {
    "sec_id": "sec0045",
    "sentence": "If one adds \u03bb new non-zero components to some x, then the publication count increases by \u03bb and f1(x) increases by 1."
  },
  {
    "sec_id": "sec0045",
    "sentence": "This implies that f1 also satisfies axiom D[\u03bb]."
  },
  {
    "sec_id": "sec0045",
    "sentence": "Furthermore, pc(x)\u00a0\u2264\u00a0\u03bb\u00a0\u2212\u00a01 implies f1(x)\u00a0=\u00a00 so that also axiom Z[\u03bb] is satisfied."
  },
  {
    "sec_id": "sec0045",
    "sentence": "Any x\u00a0\u2208\u00a0X with pc(x)\u00a0=\u00a02\u03bb\u00a0\u2212\u00a01 violates axiom A1."
  },
  {
    "sec_id": "sec0045",
    "sentence": "For part (b), we use the index f2 that assigns to sequence x=(xk)k\u22651 in X the value f2(x)\u00a0=\u00a0min\u00a0{x1, \u2026, x\u03bb}."
  },
  {
    "sec_id": "sec0045",
    "sentence": "This index f2 clearly satisfies axiom A1."
  },
  {
    "sec_id": "sec0045",
    "sentence": "If every non-zero component of x is increased by 1, the value f2(x) increases by 1; hence axiom D[\u03bb] holds."
  },
  {
    "sec_id": "sec0045",
    "sentence": "As n\u00a0<\u00a0\u03bb implies x\u03bb\u00a0=\u00a00\u00a0=\u00a0f2(x), we see that also axiom Z[\u03bb] holds."
  },
  {
    "sec_id": "sec0045",
    "sentence": "If each of the first \u03bb components of x is increased by 2, then the value f2(x) increases by 2; hence axiom B[\u03bb] is violated."
  },
  {
    "sec_id": "sec0045",
    "sentence": "For part (c), we use the index f3\u00a0\u2261\u00a00."
  },
  {
    "sec_id": "sec0045",
    "sentence": "This trivial index satisfies the three axioms A1, B[\u03bb] and Z[\u03bb], and violates axiom D[\u03bb]."
  },
  {
    "sec_id": "sec0045",
    "sentence": "For part (d), we use the index f4(x)\u00a0=\u00a0max\u00a0{k\u00a0:\u00a0x\u03bb(k\u22121)+1\u00a0\u2265\u00a0k}."
  },
  {
    "sec_id": "sec0045",
    "sentence": "By adding components of value k, one can never push the index f4(x) above k; hence axiom A1 is satisfied."
  },
  {
    "sec_id": "sec0045",
    "sentence": "Next consider a sequence x with f4(x)\u00a0=\u00a0k; this implies x\u03bbk+1\u00a0\u2264\u00a0k and a fortiori x\u03bb(k+1)+1\u00a0\u2264\u00a0k."
  },
  {
    "sec_id": "sec0045",
    "sentence": "By increasing the values of \u03bb components, one will never bring the value of x\u03bb(k+1)+1 above k."
  },
  {
    "sec_id": "sec0045",
    "sentence": "Hence also axiom B[\u03bb] is satisfied."
  },
  {
    "sec_id": "sec0045",
    "sentence": "Finally, one easily verifies that f4 satisfies axiom D[\u03bb] and violates axiom Z[\u03bb]."
  },
  {
    "sec_id": "sec0045",
    "sentence": "This completes the proof of [enun0100]."
  }
]