[
  {
    "sec_id": "sec0005",
    "sentence": "The trade-off between quality and quantity in scholarly work has long been discussed."
  },
  {
    "sec_id": "sec0005",
    "sentence": "[bib0025] studied the scientific output of university physicists and found that quality and quantity tend to be positively correlated.",
    "intent": "background"
  },
  {
    "sec_id": "sec0005",
    "sentence": "They argued that, in the case of an inconsistency, quality is more important than quantity."
  },
  {
    "sec_id": "sec0005",
    "sentence": "[bib0080] studied the scholarly performance of university departments and showed that the relationship between quality and quantity is less clear.",
    "intent": "background"
  },
  {
    "sec_id": "sec0005",
    "sentence": "Their study indicated that citation count is the least biased measure of scholar work."
  },
  {
    "sec_id": "sec0005",
    "sentence": "Later on, [bib0050] studied the publishing and citing activities as a self-similar social process.",
    "intent": "background"
  },
  {
    "sec_id": "sec0005",
    "sentence": "A positive correlation between quality and quantity was demonstrated in various science communities."
  },
  {
    "sec_id": "sec0005",
    "sentence": "Recently, many studies focused on evaluating the academic performance of individuals or groups."
  },
  {
    "sec_id": "sec0005",
    "sentence": "The results were mixed with regards to the correlation between quality and quantity."
  },
  {
    "sec_id": "sec0005",
    "sentence": "A positive correlation had been reported in the study of 500 largest universities worldwide ([bib0110]), top 100 European universities ([bib0100]) and Italian universities ([bib0005], [bib0015]).",
    "intent": "background"
  },
  {
    "sec_id": "sec0005",
    "sentence": "On the contrary, a negative correlation had been reported in the study of Australian academics ([bib0040]), UK scientists ([bib0065]), Iranian institutes ([bib0045]), and US physicians ([bib0095]).",
    "intent": "background"
  },
  {
    "sec_id": "sec0005",
    "sentence": "The discrepancy indicates that the correlation can be influenced significantly by research policy and funding guidelines."
  },
  {
    "sec_id": "sec0005",
    "sentence": "A biased evaluation might reward quantity rather than quality ([bib0020], [bib0055]).",
    "intent": "background"
  },
  {
    "sec_id": "sec0005",
    "sentence": "Evaluating the quality of a research work has not been a simple task."
  },
  {
    "sec_id": "sec0005",
    "sentence": "With an emphasis on peer review, the number of citations is basically a good indicator to measure the impact of a published article."
  },
  {
    "sec_id": "sec0005",
    "sentence": "In practice, impact factor of the journal publishing the article is frequently used as a simple indicator to the long-term citation count."
  },
  {
    "sec_id": "sec0005",
    "sentence": "The advantage of impact factor is the simplicity."
  },
  {
    "sec_id": "sec0005",
    "sentence": "However, some caution has been raised against the use of impact factor to measure the quality ([bib0030]; [bib0070]).",
    "intent": "background"
  },
  {
    "sec_id": "sec0005",
    "sentence": "Citations reflect not only the quality of the research work, but also the practice of the field and the popularity of the topic."
  },
  {
    "sec_id": "sec0005",
    "sentence": "Citation analysis cannot be justified to compare different disciplines."
  },
  {
    "sec_id": "sec0005",
    "sentence": "Besides, there are large fluctuations between the citations to a particular article and the average citations per article in that journal."
  },
  {
    "sec_id": "sec0005",
    "sentence": "An article published in a low impact-factor journal might receive more citations than an article published in a high impact-factor journal."
  },
  {
    "sec_id": "sec0005",
    "sentence": "In contrast, more recent studies showed that the impact factor of the journal can still be a preferable proxy of an article's quality."
  },
  {
    "sec_id": "sec0005",
    "sentence": "The long-term citations of a published article can be predicted more accurately by impact factor of the journal than by early citations of the article ([bib0010], [bib0060]).",
    "intent": "background"
  },
  {
    "sec_id": "sec0005",
    "sentence": "More complicated relations among impact factor, early citation, and long-term citation had been investigated ([bib0085], [bib0090]).",
    "intent": "background"
  },
  {
    "sec_id": "sec0005",
    "sentence": "Alternative indicators of quality had also been proposed ([bib0035], [bib0075], [bib0105]).",
    "intent": "background"
  },
  {
    "sec_id": "sec0005",
    "sentence": "Compared to the ambiguity in measuring the quality, counting the number of articles published by a scholar seems to be a simple task."
  },
  {
    "sec_id": "sec0005",
    "sentence": "Nowadays, various kinds of collaborations among researchers are essential and encouraged."
  },
  {
    "sec_id": "sec0005",
    "sentence": "The issue of co-authorship becomes more and more complicated."
  },
  {
    "sec_id": "sec0005",
    "sentence": "A clear-cut definition of quantity is difficult due to the overlap in different scholars\u2019 publications."
  },
  {
    "sec_id": "sec0005",
    "sentence": "Measuring the quantity can be as ambiguous as measuring the quality."
  },
  {
    "sec_id": "sec0005",
    "sentence": "It is interesting to note that the ambiguity disappears when the issue is addressed from the perspective of publishers."
  },
  {
    "sec_id": "sec0005",
    "sentence": "An article can be co-authored by a number of scholars; each published article belongs only to one journal."
  },
  {
    "sec_id": "sec0005",
    "sentence": "The impact factor was originally created to help classify the journals, not the articles."
  },
  {
    "sec_id": "sec0005",
    "sentence": "Compared to the citation count of an article, the impact factor of a journal is relatively stable over the years."
  },
  {
    "sec_id": "sec0005",
    "sentence": "To our knowledge, there is no systematic study on the correlation between impact factor and article number of the scholarly publishers."
  },
  {
    "sec_id": "sec0005",
    "sentence": "It is a reasonable opinion that quality and quantity are negatively correlated."
  },
  {
    "sec_id": "sec0005",
    "sentence": "The simple assumption is that rare things are precious."
  },
  {
    "sec_id": "sec0005",
    "sentence": "On the other hand, it is also plausible to argue that quality and quantity are not correlated."
  },
  {
    "sec_id": "sec0005",
    "sentence": "Since the total citations have already been normalized by the number of articles, the impact factor should be independent of the article number."
  },
  {
    "sec_id": "sec0005",
    "sentence": "In this work, empirical data are collected to reveal a positive correlation between quality and quantity in the professional journals, i.e., high impact journals publish more papers."
  },
  {
    "sec_id": "sec0005",
    "sentence": "A new plot is proposed to give a clear demonstration of this positive correlation."
  },
  {
    "sec_id": "sec0005",
    "sentence": "Data analysis and results are presented in Section\u00a0[sec0010], followed by the discussions in Section\u00a0[sec0015]."
  },
  {
    "sec_id": "sec0010",
    "sentence": "Data are collected from the 2011 Journal Citation Reports (JCR) published by Thomson Reuters."
  },
  {
    "sec_id": "sec0010",
    "sentence": "The database includes more than ten thousand scholarly journals, which are divided into more than two hundred subject categories."
  },
  {
    "sec_id": "sec0010",
    "sentence": "To avoid comparing journals from different research fields, data are compiled from the same subject category."
  },
  {
    "sec_id": "sec0010",
    "sentence": "To have sufficient statistics, the subject categories consisting of less than one hundred journals are excluded from consideration."
  },
  {
    "sec_id": "sec0010",
    "sentence": "To include a variety of quality, both the high impact-factor subject categories and the low impact-factor subject categories are covered."
  },
  {
    "sec_id": "sec0010",
    "sentence": "This work selects 24 subject categories from science (SCI) and social science (SSCI)."
  },
  {
    "sec_id": "sec0010",
    "sentence": "The SCI subject categories include: Cell Biology (3.263), Immunology (2.992), Biochemistry & Molecular Biology (2.857), Neurosciences (2.748), Oncology (2.534), Genetics & Heredity (2.524), Statistics & Probability (0.863), Veterinary Sciences (0.812), Engineering, Mechanical (0.743), Mathematics, Applied (0.724), Engineering, Civil (0.681), and Mathematics (0.561)."
  },
  {
    "sec_id": "sec0010",
    "sentence": "The SSCI subject categories include: Psychology, Clinical (1.386), Psychiatry (1.354), Public, Environmental & Occupational Health (1.278), Management (1.183), Business (1.135), Psychology, Multidisciplinary (0.955), Sociology (0.784), Economics (0.778), Law (0.759), Education & Educational Research (0.708), Political Science (0.613), and Linguistics (0.487)."
  },
  {
    "sec_id": "sec0010",
    "sentence": "The number in parentheses is the median impact factor in each subject category."
  },
  {
    "sec_id": "sec0010",
    "sentence": "All citable articles are included."
  },
  {
    "sec_id": "sec0010",
    "sentence": "The mean and standard deviation for both impact factor (F) and article number (N) are listed in [tbl0005]."
  },
  {
    "sec_id": "sec0010",
    "sentence": "The data show that the mean and the standard deviation are in the same order of magnitude, i.e., \u3008F\u3009\u00a0\u223c\u00a0\u0394F and \u3008N\u3009\u00a0\u223c\u00a0\u0394N, which imply large fluctuations in both the impact factor and the article number within a subject category."
  },
  {
    "sec_id": "sec0010",
    "sentence": "Table 1."
  },
  {
    "sec_id": "sec0010",
    "sentence": "List of 24 subject categories with various parameters."
  },
  {
    "sec_id": "sec0010",
    "sentence": "A typical result is shown in [fig0005] for the SCI subject category Cell Biology, which consists of 181 journals."
  },
  {
    "sec_id": "sec0010",
    "sentence": "The vertical axis is the article number published in each journal; the horizontal axis is the rank of impact factor for each journal."
  },
  {
    "sec_id": "sec0010",
    "sentence": "The plot is shown in a semi-logarithmic scale."
  },
  {
    "sec_id": "sec0010",
    "sentence": "The average number of articles is 129, which is shown as the dotted line."
  },
  {
    "sec_id": "sec0010",
    "sentence": "The data points fluctuate wildly."
  },
  {
    "sec_id": "sec0010",
    "sentence": "Yet it can still be discerned that more data points lie above the average for the lower ranks and below the average for the higher ranks."
  },
  {
    "sec_id": "sec0010",
    "sentence": "To show the trend more clearly, these journals are divided into quarters."
  },
  {
    "sec_id": "sec0010",
    "sentence": "The bold-grey line shows the average number of articles in each quarter."
  },
  {
    "sec_id": "sec0010",
    "sentence": "It is evident that the publication quantity decreases as the impact-factor rank increases."
  },
  {
    "sec_id": "sec0010",
    "sentence": "Furthermore, the solid line shows the result when these journals are divided into deciles."
  },
  {
    "sec_id": "sec0010",
    "sentence": "The trend is not monotonic."
  },
  {
    "sec_id": "sec0010",
    "sentence": "But it shows clearly that high impact-factor journals publish more articles."
  },
  {
    "sec_id": "sec0010",
    "sentence": "[fig0010] shows a similar result for the SSCI subject category Psychology, Clinical, which consists of 110 journals."
  },
  {
    "sec_id": "sec0010",
    "sentence": "The same trend is confirmed."
  },
  {
    "sec_id": "sec0010",
    "sentence": "[fig0005] and [fig0010] plot the article number Ni versus the impact-factor rank i, where the index i runs through all the M journals within the subject category, i.e., i\u00a0=\u00a01, 2, 3, \u2026, M."
  },
  {
    "sec_id": "sec0010",
    "sentence": "This work proposes a new plot to clearly demonstrate the correlation between the article number and the rank of impact factor."
  },
  {
    "sec_id": "sec0010",
    "sentence": "The same data in [fig0005] and [fig0010] are re-plotted in [fig0015] and [fig0020], respectively."
  },
  {
    "sec_id": "sec0010",
    "sentence": "The vertical axis y is the accumulated article number; the horizontal axis x is the normalized rank of impact factor, as following"
  },
  {
    "sec_id": "sec0010",
    "sentence": "(1)yi=\u2211j=1iNj\u2211j=1MNjandxi=iM,where xi, yi\u00a0\u2208\u00a0(0, 1]."
  },
  {
    "sec_id": "sec0010",
    "sentence": "This cumulative curve is also known as the Lorentz curve in the study of inequality of the frequency distribution."
  },
  {
    "sec_id": "sec0010",
    "sentence": "By definition, the curve y(x) is monotonically increasing and has two fixed end-points at (x, y)\u00a0=\u00a0(0, 0) and (1, 1)."
  },
  {
    "sec_id": "sec0010",
    "sentence": "If the article number is independent of the impact factor, the result will be a straight line y\u00a0=\u00a0x as shown by the dotted line."
  },
  {
    "sec_id": "sec0010",
    "sentence": "If the correlation is negative, the straight line will bend toward the lower right corner and become concave."
  },
  {
    "sec_id": "sec0010",
    "sentence": "On the contrary, if the correlation is positive, the straight line will bend toward the upper left corner and become convex."
  },
  {
    "sec_id": "sec0010",
    "sentence": "The data show clearly a positive correlation in both [fig0015] and [fig0020], where the curve is obviously convex."
  },
  {
    "sec_id": "sec0010",
    "sentence": "Data from the 24 subject categories are summarized in [fig0025]."
  },
  {
    "sec_id": "sec0010",
    "sentence": "The positive correlation is demonstrated by the convex region."
  },
  {
    "sec_id": "sec0010",
    "sentence": "This work further proposes that the empirical data can be well described by the following simple parametrization,"
  },
  {
    "sec_id": "sec0010",
    "sentence": "(2)y=x+\u03b1x\u03b2(1\u2212x)\u03b3,where \u03b1, \u03b2, and \u03b3 are three fitting parameters."
  },
  {
    "sec_id": "sec0010",
    "sentence": "The fitting results are also shown in [fig0015] and [fig0020]."
  },
  {
    "sec_id": "sec0010",
    "sentence": "With the help of the \u03c72 statistics, the best fitting values of the three parameters are listed in [tbl0005] for the 24 subject categories."
  },
  {
    "sec_id": "sec0010",
    "sentence": "The positive correlation between article number and impact factor is evident by the positive value of the parameter \u03b1."
  },
  {
    "sec_id": "sec0015",
    "sentence": "This study reveals an interesting correlation between impact factor and article number in scholarly journals."
  },
  {
    "sec_id": "sec0015",
    "sentence": "Quality and quantity are positively correlated."
  },
  {
    "sec_id": "sec0015",
    "sentence": "High impact journals publish more articles."
  },
  {
    "sec_id": "sec0015",
    "sentence": "Data from 24 subject categories cover more than four thousand scholarly journals."
  },
  {
    "sec_id": "sec0015",
    "sentence": "This correlation is a common trend in different subject categories."
  },
  {
    "sec_id": "sec0015",
    "sentence": "The correlation is obscure in a direct plot of article number versus impact factor, as shown in [fig0030]."
  },
  {
    "sec_id": "sec0015",
    "sentence": "This study proposes to plot the accumulated article number versus normalized rank of impact factor, where the positive correlation is clearly demonstrated."
  },
  {
    "sec_id": "sec0015",
    "sentence": "With the parametrization of Eq. [eq0010], journal with the highest impact-factor might not be the most evident part of this correlation."
  },
  {
    "sec_id": "sec0015",
    "sentence": "When \u03b2\u00a0<\u00a01, a positive correlation is evident from y\u00a0\u223c\u00a0\u03b1x\u03b2 in the limit x\u00a0\u2192\u00a00."
  },
  {
    "sec_id": "sec0015",
    "sentence": "When \u03b2\u00a0\u2265\u00a01, y\u00a0\u223c\u00a0x in the limit x\u00a0\u2192\u00a00 and the correlation vanishes in the top-ranked journals."
  },
  {
    "sec_id": "sec0015",
    "sentence": "For example, \u03b2\u00a0=\u00a01.58 in [fig0005], where the distribution of top-ranked journals is along the line of equality y\u00a0=\u00a0x."
  },
  {
    "sec_id": "sec0015",
    "sentence": "The inequality of a frequency distribution can be conveniently represented by the Gini index, which measures the ratio of the convex area as shown in [fig0025]."
  },
  {
    "sec_id": "sec0015",
    "sentence": "On the three parameters in Eq. [eq0010], the Gini index G is proportional to the parameter \u03b1."
  },
  {
    "sec_id": "sec0015",
    "sentence": "The dependence on the other two parameters (\u03b2, \u03b3) can be expressed analytically as the beta function B(p, q),"
  },
  {
    "sec_id": "sec0015",
    "sentence": "(3)G=\u03b1B(\u03b2+1,\u03b3+1)=\u2211n=0\u221e(\u22121)n\u03b1\u03b2+n+1\u03b3n=\u03b1\u03b2+1\u2212\u03b1\u03b3\u03b2+2+\u03b1\u03b3(\u03b3\u22121)2(\u03b2+3)\u2212\u03b1\u03b3(\u03b3\u22121)(\u03b3\u22122)6(\u03b2+4)+\u22ef"
  },
  {
    "sec_id": "sec0015",
    "sentence": "This positive correlation is a curious contrast to the saying that when the fruit is scarcest, its taste is sweetest. Many scholars work hard to produce a publication in the high impact journal, which is surely a sweet reward for their hard work."
  },
  {
    "sec_id": "sec0015",
    "sentence": "However, the precious things are not so rare in this case."
  },
  {
    "sec_id": "sec0015",
    "sentence": "The high impact journals publish more papers."
  },
  {
    "sec_id": "sec0015",
    "sentence": "The reasons can be understood as follows."
  },
  {
    "sec_id": "sec0015",
    "sentence": "First, it is by no means implied that publishing a paper in the high impact journal is easy."
  },
  {
    "sec_id": "sec0015",
    "sentence": "The submission must go through a stringent procedure of peer review."
  },
  {
    "sec_id": "sec0015",
    "sentence": "A paper being accepted and published in a high impact journal is always a great challenge and reward to a scholar."
  },
  {
    "sec_id": "sec0015",
    "sentence": "Second, it can be thought of as a result of supply and demand."
  },
  {
    "sec_id": "sec0015",
    "sentence": "With a steady growth in the population of scholars in recent decades, the demand for publishing papers is growing fast."
  },
  {
    "sec_id": "sec0015",
    "sentence": "A scholarly publisher will flourish if more authors submit their papers."
  },
  {
    "sec_id": "sec0015",
    "sentence": "In general, the high impact journal has a high profile to attract a large number of submissions."
  },
  {
    "sec_id": "sec0015",
    "sentence": "Third, it can be the result from competition among scholars."
  },
  {
    "sec_id": "sec0015",
    "sentence": "In this age of publish-or-perish, all are under the pressure to publish more papers."
  },
  {
    "sec_id": "sec0015",
    "sentence": "Publishing papers has become the criteria for graduate students to get the degrees, for postdocs to get the positions, and for junior faculty members to be promoted."
  },
  {
    "sec_id": "sec0015",
    "sentence": "As the competition becomes severe, simply publishing more papers is not good enough."
  },
  {
    "sec_id": "sec0015",
    "sentence": "The importance of quality over quantity has been emphasized everywhere."
  },
  {
    "sec_id": "sec0015",
    "sentence": "Publishing papers in high impact journals becomes a scholarly pursuit of quality."
  },
  {
    "sec_id": "sec0015",
    "sentence": "The positive correlation between impact factor and article number can be the result of this pursuit of quality."
  },
  {
    "sec_id": "sec0015",
    "sentence": "In conclusion, this study reports a positive correlation between quality and quantity in the production of publishers."
  },
  {
    "sec_id": "sec0015",
    "sentence": "Previous studies showed that the correlation between quality and quantity in the research output of scholars can be either positive or negative."
  },
  {
    "sec_id": "sec0015",
    "sentence": "The change of research policy has a great influence on this correlation in scholars."
  },
  {
    "sec_id": "sec0015",
    "sentence": "In contrast, the influence on the publishers is indirect."
  },
  {
    "sec_id": "sec0015",
    "sentence": "The correlation in publishers is then more robust."
  },
  {
    "sec_id": "sec0015",
    "sentence": "Clarifying the correlation in publishers might help to provide a more accurate evaluation for the scholars\u2019 research performance, which can lead to a better development of research policy."
  }
]