[
  {
    "sec_id": "sec0005",
    "sentence": "Citation counts are a popular indicator of the impact of scientific publications."
  },
  {
    "sec_id": "sec0005",
    "sentence": "In the evaluation of research institutions, bibliometric indicators based on the citations received by the publications of an institution often play an important role."
  },
  {
    "sec_id": "sec0005",
    "sentence": "However, the use of citation-based indicators is problematic when the impact of recent publications needs to be determined."
  },
  {
    "sec_id": "sec0005",
    "sentence": "One or two years after their appearance, most publications have received only a few citations."
  },
  {
    "sec_id": "sec0005",
    "sentence": "After one year, there are many publications with just one or two citations or even with no citations at all."
  },
  {
    "sec_id": "sec0005",
    "sentence": "Some of these publications may receive a lot of citations in later years, while others may attract hardly any attention in the future."
  },
  {
    "sec_id": "sec0005",
    "sentence": "This makes it difficult to determine the impact of recent publications."
  },
  {
    "sec_id": "sec0005",
    "sentence": "Nevertheless, research institutions often want their performance to be assessed based on their most recent work ([bib0030]).",
    "intent": "background"
  },
  {
    "sec_id": "sec0005",
    "sentence": "For example, a research institution may be interested in comparing the performance of different research groups based on publications from the four or five most recent years."
  },
  {
    "sec_id": "sec0005",
    "sentence": "Publications from earlier years may not be considered of interest anymore because many of them were produced by researchers who are no longer affiliated to the institution or because they belong to old research lines that in the meantime have been closed down."
  },
  {
    "sec_id": "sec0005",
    "sentence": "Given the practical importance of taking into account very recent publications in research evaluations, our aim in this paper is to introduce a model for making predictions of the impact that recent publications will have in the long term."
  },
  {
    "sec_id": "sec0005",
    "sentence": "Our model predicts the long-term citation impact of a publication based on two variables, namely the impact factor of the journal in which the publication has appeared and the number of early citations the publication has received."
  },
  {
    "sec_id": "sec0005",
    "sentence": "Early citations are defined as citations received in the year in which a publication appeared or in the year thereafter."
  },
  {
    "sec_id": "sec0005",
    "sentence": "The two predictors that we use are easily available, and contrary to for example the prediction approach proposed by [bib0190], they allow predictions to be made fairly soon after the appearance of a publication.",
    "intent": "differences"
  },
  {
    "sec_id": "sec0005",
    "sentence": "Also, compared with other predictors that could be considered, such as the length of the reference list of a publication or the number of authors of a publication, the predictors that we use are relatively hard to manipulate."
  },
  {
    "sec_id": "sec0005",
    "sentence": "Earlier studies have shown that both impact factors and early citations are important predictors of future citations."
  },
  {
    "sec_id": "sec0005",
    "sentence": "In the next section, we will provide an overview of these earlier studies and we will discuss their relationship with our present work."
  },
  {
    "sec_id": "sec0005",
    "sentence": "Earlier studies on citation impact prediction have often focused on providing a point estimate of the future number of citations of a publication."
  },
  {
    "sec_id": "sec0005",
    "sentence": "Given the high degree of uncertainty in citation impact predictions, we believe that it is more relevant to know the probability that a publication will receive a certain number of citations in the future."
  },
  {
    "sec_id": "sec0005",
    "sentence": "We therefore do not predict the average number of citations that a publication is expected to attract in the future, but instead we predict a probability distribution for the future number of citations of a publication."
  },
  {
    "sec_id": "sec0005",
    "sentence": "To predict this probability distribution conditional on a publication's impact factor and its early citations, we employ the technique of quantile regression introduced by [bib0115].",
    "intent": "uses"
  },
  {
    "sec_id": "sec0005",
    "sentence": "We also study the relationship between our prediction model based on quantile regression and results from extreme value theory."
  },
  {
    "sec_id": "sec0005",
    "sentence": "To do so, we first use so-called Zenga plots, introduced recently by [bib0050], to establish that the citation distributions obtained in our analysis have a Pareto tail.",
    "intent": "uses"
  },
  {
    "sec_id": "sec0005",
    "sentence": "This result then enables us to provide analytical insight into the behavior of the quantile regression coefficients for high quantiles."
  },
  {
    "sec_id": "sec0005",
    "sentence": "More specifically, we are able to link the regression coefficients to an estimator for the tail quantiles of a Pareto distribution developed in the framework of extreme value theory ([bib0070]).",
    "intent": "uses"
  },
  {
    "sec_id": "sec0005",
    "sentence": "We use citation data for a large set of publications in the field of physics to test our prediction approach."
  },
  {
    "sec_id": "sec0005",
    "sentence": "The data is taken from the Web of Science database."
  },
  {
    "sec_id": "sec0005",
    "sentence": "The paper is organized as follows."
  },
  {
    "sec_id": "sec0005",
    "sentence": "First, Section\u00a0[sec0010] discusses how our research relates to earlier work reported in the literature."
  },
  {
    "sec_id": "sec0005",
    "sentence": "Next, Section\u00a0[sec0015] describes the data that were used in our analysis."
  },
  {
    "sec_id": "sec0005",
    "sentence": "Section\u00a0[sec0020] then introduces our model for predicting the long-term citation impact of publications, conditional on impact factors and early citations."
  },
  {
    "sec_id": "sec0005",
    "sentence": "Section\u00a0[sec0035] presents our empirical results."
  },
  {
    "sec_id": "sec0005",
    "sentence": "Sections\u00a0[sec0040], [sec0045] focus on the values obtained for the parameters of our model."
  },
  {
    "sec_id": "sec0005",
    "sentence": "Sections\u00a0[sec0050], [sec0055], [sec0060], [sec0065] address the fit of this model to the data and the predictive power of the model."
  },
  {
    "sec_id": "sec0005",
    "sentence": "Section\u00a0[sec0070] studies the relationship between our model and results from extreme value theory."
  },
  {
    "sec_id": "sec0005",
    "sentence": "Section\u00a0[sec0090] addresses the sensitivity of the parameters of our model to differences between fields of science, focusing on the fields of biology, chemistry and physics."
  },
  {
    "sec_id": "sec0005",
    "sentence": "Finally, Section\u00a0[sec0095] concludes the paper."
  },
  {
    "sec_id": "sec0010",
    "sentence": "There is an extensive literature on modeling or predicting the number of citations of a publication based on all kinds of variables."
  },
  {
    "sec_id": "sec0010",
    "sentence": "An early study in this literature is the work by [bib0155], who investigate the determinants of the citation impact of chemical engineering publications.",
    "intent": "background"
  },
  {
    "sec_id": "sec0010",
    "sentence": "More recent work in this literature is reported by, among others, [bib0035], [bib0075], [bib0080], [bib0085], [bib0095], [bib0185], [bib0200], [bib0205], [bib0210], and [bib0150].",
    "intent": "background"
  },
  {
    "sec_id": "sec0010",
    "sentence": "Various studies have also appeared in non-bibliometric journals (e.g. [bib0100], [bib0130], [bib0145]).",
    "intent": "background"
  },
  {
    "sec_id": "sec0010",
    "sentence": "Recent overviews of the literature on modeling or predicting citation impact are provided by [bib0075], [bib0080] and [bib0150].",
    "intent": "background"
  },
  {
    "sec_id": "sec0010",
    "sentence": "Examples of variables that have been found to predict citation impact include the impact factor of the journal in which a publication has appeared, the type of study (e.g., original research vs."
  },
  {
    "sec_id": "sec0010",
    "sentence": "literature review), the number of pages of a publication, the number of references of a publication, the number of authors, institutions, and countries in a publication's address list, and the past performance of these authors, institutions, and countries."
  },
  {
    "sec_id": "sec0010",
    "sentence": "It is important to emphasize that the objective of our work is different from the studies mentioned above."
  },
  {
    "sec_id": "sec0010",
    "sentence": "Like the above-mentioned studies, our interest is in predicting citation impact."
  },
  {
    "sec_id": "sec0010",
    "sentence": "However, our more specific interest is in using citation impact predictions in the evaluation of researchers, research groups, research institutions, and so on."
  },
  {
    "sec_id": "sec0010",
    "sentence": "In this specific context, many of the variables that have been found to correlate with citation impact should not be used for making citation impact predictions."
  },
  {
    "sec_id": "sec0010",
    "sentence": "Some variables have the problem that they can be easily manipulated."
  },
  {
    "sec_id": "sec0010",
    "sentence": "For example, suppose researchers know that they will be evaluated based on the predicted citation impact of their publications, and suppose researchers also know that the citation impact of a publication will be predicted based on, for example, the number of pages or the number of references of the publication."
  },
  {
    "sec_id": "sec0010",
    "sentence": "In that case, in order to be evaluated more favorably, it might be tempting for researchers to try to artificially increase the number of pages or the number of references of their publications."
  },
  {
    "sec_id": "sec0010",
    "sentence": "Therefore, we consider only variables that cannot be altered easily by the authors of a publication."
  },
  {
    "sec_id": "sec0010",
    "sentence": "Other variables have the problem that they may lead to an undesirable self-reinforcing effect."
  },
  {
    "sec_id": "sec0010",
    "sentence": "For example, suppose researchers are evaluated based on the predicted citation impact of their publications, and suppose the citation impact of a publication is predicted based on the citation impact of the earlier work of the authors of the publication."
  },
  {
    "sec_id": "sec0010",
    "sentence": "In that case, researchers who were successful in their older work will automatically be predicted to be successful also in their more recent work."
  },
  {
    "sec_id": "sec0010",
    "sentence": "This creates a self-reinforcing effect."
  },
  {
    "sec_id": "sec0010",
    "sentence": "Future success is determined by past success."
  },
  {
    "sec_id": "sec0010",
    "sentence": "In order to avoid problems related to manipulation and self-reinforcing effects, we aim to predict the citation impact of a publication based on indicators that are available shortly after the publication's appearance and that can be considered to provide an impression of the value of the publication for the scientific community."
  },
  {
    "sec_id": "sec0010",
    "sentence": "Our focus is specifically on two indicators, namely the impact factor of the journal in which a publication has appeared and the number of citations a publication has received during the first year after its appearance."
  },
  {
    "sec_id": "sec0010",
    "sentence": "Other indicators that could be used are the number of downloads of a publication ([bib0040]), the number of readers according to a service such as Mendeley ([bib0170]), and other types of altmetric indicators ([bib0060]).",
    "intent": "background"
  },
  {
    "sec_id": "sec0010",
    "sentence": "In this paper, however, our focus is on impact factors and early citations."
  },
  {
    "sec_id": "sec0010",
    "sentence": "The use of early citations to predict long-term citation impact has been studied in various papers."
  },
  {
    "sec_id": "sec0010",
    "sentence": "[bib0045], [bib0090], [bib0135], [bib0140], and [bib0190] propose mathematical models that describe how publications accumulate citations over time.",
    "intent": "background"
  },
  {
    "sec_id": "sec0010",
    "sentence": "Using these models, they predict the citation impact of a publication in the longer term based on the publication's short-term citation history."
  },
  {
    "sec_id": "sec0010",
    "sentence": "[bib0015], [bib0035], [bib0125], and [bib0195] present empirical analyses of the correlation between short-term and long-term citation counts.",
    "intent": "background"
  },
  {
    "sec_id": "sec0010",
    "sentence": "Based on an analysis of publications from 1993 in six fields in the physical and life sciences, [bib0015] concludes that \u201cacross reasonably large samples of research publications (not individual papers) it is possible to use initial citation counts predictively to index emerging quality relative to the field\u201d (p.",
    "intent": "background"
  },
  {
    "sec_id": "sec0010",
    "sentence": "579)."
  },
  {
    "sec_id": "sec0010",
    "sentence": "[bib0195] performs an analysis of all publications from 1980 indexed in the Web of Science database and reports that the Spearman correlation between short-term citation counts and citation counts after 31 years \u201crises from 0.266 in year 1 to 0.756 in year 3, and then slowly reaches 1 in year 31\u201d (p.",
    "intent": "background"
  },
  {
    "sec_id": "sec0010",
    "sentence": "866)."
  },
  {
    "sec_id": "sec0010",
    "sentence": "Studies based on correlations reveal general patterns."
  },
  {
    "sec_id": "sec0010",
    "sentence": "Individual publications may of course strongly deviate from these patterns."
  },
  {
    "sec_id": "sec0010",
    "sentence": "Extreme deviations can be observed in the case of so-called \u2018sleeping beauties\u2019, which are publications that are hardly cited for a long time and then suddenly receive a lot of citations ([bib0175]).",
    "intent": "background"
  },
  {
    "sec_id": "sec0010",
    "sentence": "The phenomenon of sleeping beauties illustrates the difficulty of making accurate predictions of long-term citation impact."
  },
  {
    "sec_id": "sec0010",
    "sentence": "We are aware of three studies in which a comparison is made between the use of early citations and the use of impact factors for predicting longer-term citation impact."
  },
  {
    "sec_id": "sec0010",
    "sentence": "[bib0005] compare rankings of Italian universities based on citations and based on impact factors.",
    "intent": "background"
  },
  {
    "sec_id": "sec0010",
    "sentence": "They find that in certain fields, in particular in mathematics and in computer sciences, the ranking based on impact factors outperforms the ranking based on early citations in terms of the correlation with the ranking based on longer-term citation impact."
  },
  {
    "sec_id": "sec0010",
    "sentence": "[bib0125] propose a combined indicator of the impact of a publication that is obtained by taking a weighted average of the number of citations of a publication and the impact factor of the journal in which the publication has appeared.",
    "intent": "background"
  },
  {
    "sec_id": "sec0010",
    "sentence": "They report that in the case of a citation window of no more than one year the combined indicator provides a better prediction of the longer-term citation impact of publications in the field of economics than a straightforward indicator based only on citations."
  },
  {
    "sec_id": "sec0010",
    "sentence": "These results are in line with the findings of [bib0165] for publications in the fields of economics and political science.",
    "intent": "similarities"
  },
  {
    "sec_id": "sec0010",
    "sentence": "[bib0165] reports that shortly after the appearance of a publication the combined use of early citations and impact factors yields a better prediction of the longer-term citation impact of the publication than the use of early citations only.",
    "intent": "background"
  },
  {
    "sec_id": "sec0010",
    "sentence": "We have now provided an overview of the literature that is most closely related to the research that we present in this paper."
  },
  {
    "sec_id": "sec0010",
    "sentence": "To make clear how our research contributes to the literature, let us summarize how our research differs from existing work:\u2022Our interest is in predicting long-term citation impact based exclusively on impact factors and early citations."
  },
  {
    "sec_id": "sec0010",
    "sentence": "As mentioned above, we do not want to use variables that can be easily manipulated or that may cause self-reinforcing effects.\u2022Our interest is in predicting long-term citation impact within one or two years after the appearance of a publication."
  },
  {
    "sec_id": "sec0010",
    "sentence": "Unlike some earlier studies ([bib0120], [bib0205], [bib0200], [bib0190]), we do not want to wait for five or more years before making predictions.\u2022Earlier work has shown that predicting long-term citation impact is a difficult task.",
    "intent": "differences"
  },
  {
    "sec_id": "sec0010",
    "sentence": "Hence, it cannot be expected that the future number of citations of a publication can be predicted with a high degree of accuracy."
  },
  {
    "sec_id": "sec0010",
    "sentence": "Unlike most earlier work, our interest therefore is in predicting a probability distribution for the future number of citations of a publication."
  },
  {
    "sec_id": "sec0010",
    "sentence": "This probability distribution represents the uncertainty that we have about the number of citations a publication will receive in the future."
  },
  {
    "sec_id": "sec0010",
    "sentence": "We want this probability distribution to be predicted with a high degree of accuracy."
  },
  {
    "sec_id": "sec0010",
    "sentence": "We do not aim to provide a point estimate of the future number of citations of a publication.\u2022Most earlier studies (an exception is [bib0090]) actually consider a simplified version of the problem of predicting long-term citation impact.",
    "intent": "differences"
  },
  {
    "sec_id": "sec0010",
    "sentence": "For example, a study may consider the problem of predicting the number of citations that publications from 2005 have received by the end of 2014, where the prediction is based on information available at the end of 2006."
  },
  {
    "sec_id": "sec0010",
    "sentence": "However, how do we know whether the prediction model obtained for this problem will also work well when it is applied to a different time period?"
  },
  {
    "sec_id": "sec0010",
    "sentence": "For example, will the model also work well to predict, based on information available at the end of 2014, the number of citations that publications from 2013 will have received by the end of 2022?"
  },
  {
    "sec_id": "sec0010",
    "sentence": "This essential question is left unanswered in most earlier studies, but it will be addressed in our research."
  },
  {
    "sec_id": "sec0010",
    "sentence": "Our interest is in predicting long-term citation impact based exclusively on impact factors and early citations."
  },
  {
    "sec_id": "sec0010",
    "sentence": "As mentioned above, we do not want to use variables that can be easily manipulated or that may cause self-reinforcing effects."
  },
  {
    "sec_id": "sec0010",
    "sentence": "Our interest is in predicting long-term citation impact within one or two years after the appearance of a publication."
  },
  {
    "sec_id": "sec0010",
    "sentence": "Unlike some earlier studies ([bib0120], [bib0205], [bib0200], [bib0190]), we do not want to wait for five or more years before making predictions.",
    "intent": "differences"
  },
  {
    "sec_id": "sec0010",
    "sentence": "Earlier work has shown that predicting long-term citation impact is a difficult task."
  },
  {
    "sec_id": "sec0010",
    "sentence": "Hence, it cannot be expected that the future number of citations of a publication can be predicted with a high degree of accuracy."
  },
  {
    "sec_id": "sec0010",
    "sentence": "Unlike most earlier work, our interest therefore is in predicting a probability distribution for the future number of citations of a publication."
  },
  {
    "sec_id": "sec0010",
    "sentence": "This probability distribution represents the uncertainty that we have about the number of citations a publication will receive in the future."
  },
  {
    "sec_id": "sec0010",
    "sentence": "We want this probability distribution to be predicted with a high degree of accuracy."
  },
  {
    "sec_id": "sec0010",
    "sentence": "We do not aim to provide a point estimate of the future number of citations of a publication."
  },
  {
    "sec_id": "sec0010",
    "sentence": "Most earlier studies (an exception is [bib0090]) actually consider a simplified version of the problem of predicting long-term citation impact.",
    "intent": "background"
  },
  {
    "sec_id": "sec0010",
    "sentence": "For example, a study may consider the problem of predicting the number of citations that publications from 2005 have received by the end of 2014, where the prediction is based on information available at the end of 2006."
  },
  {
    "sec_id": "sec0010",
    "sentence": "However, how do we know whether the prediction model obtained for this problem will also work well when it is applied to a different time period?"
  },
  {
    "sec_id": "sec0010",
    "sentence": "For example, will the model also work well to predict, based on information available at the end of 2014, the number of citations that publications from 2013 will have received by the end of 2022?"
  },
  {
    "sec_id": "sec0010",
    "sentence": "This essential question is left unanswered in most earlier studies, but it will be addressed in our research."
  },
  {
    "sec_id": "sec0015",
    "sentence": "In this paper, we use the in-house version of the Web of Science database of the Centre for Science and Technology Studies of Leiden University."
  },
  {
    "sec_id": "sec0015",
    "sentence": "Only publications of the document types \u2018article\u2019 and \u2018review\u2019 are included in the analysis."
  },
  {
    "sec_id": "sec0015",
    "sentence": "For counting citations, author self-citations are excluded."
  },
  {
    "sec_id": "sec0015",
    "sentence": "In order to estimate the coefficients of the regression model presented in Section\u00a0[sec0020], we use a specific set of publications."
  },
  {
    "sec_id": "sec0015",
    "sentence": "Because citation behavior differs between fields of science, only publications in the field of physics that were published in 1984 are included."
  },
  {
    "sec_id": "sec0015",
    "sentence": "In order to be included, a publication must belong to at least one of the following Web of Science subject categories: Applied Physics, Fluids and Plasma Physics, Atomic, Molecular and Chemical Physics, Multidisciplinary Physics, Condensed Matter Physics, Nuclear Physics, Particles and Fields Physics, and Mathematical Physics."
  },
  {
    "sec_id": "sec0015",
    "sentence": "Our entire data set includes 56,207 publications."
  },
  {
    "sec_id": "sec0015",
    "sentence": "As already explained, we build a regression model with two predictors: the number of early citations of a publication and the impact factor of the journal in which a publication was published."
  },
  {
    "sec_id": "sec0015",
    "sentence": "In the rest of this paper, we will refer to these predictors as covariates."
  },
  {
    "sec_id": "sec0015",
    "sentence": "The number of early citations is defined as the number of citations received by a publication in the first year after its appearance."
  },
  {
    "sec_id": "sec0015",
    "sentence": "It is denoted by c1."
  },
  {
    "sec_id": "sec0015",
    "sentence": "In our data set, c1 is the number of citations that a publication has received before the end of 1985."
  },
  {
    "sec_id": "sec0015",
    "sentence": "Hence, for counting early citations, all citations received by a publication in 1984 and 1985 are included."
  },
  {
    "sec_id": "sec0015",
    "sentence": "The impact factors that we use are impact factors for the year in which a publication appeared, which is 1984 in our data set."
  },
  {
    "sec_id": "sec0015",
    "sentence": "The impact factor of a journal in 1984 is calculated as the average number of citations that publications published in the journal in 1982 and 1983 received in 1984."
  },
  {
    "sec_id": "sec0015",
    "sentence": "In the calculation of the impact factor of a journal, only publications of the document types \u2018article\u2019 and \u2018review\u2019 are taken into account, both on the citing side and on the cited side."
  },
  {
    "sec_id": "sec0015",
    "sentence": "In Section\u00a0[sec0065], we also consider two sets of publications in the field of physics published respectively in 1990 and 2000."
  },
  {
    "sec_id": "sec0015",
    "sentence": "These sets of publications are used to evaluate the predictive performance of our regression model."
  },
  {
    "sec_id": "sec0015",
    "sentence": "In Section\u00a0[sec0090], we address the sensitivity of the regression coefficients to a specific field."
  },
  {
    "sec_id": "sec0015",
    "sentence": "To this end, we use a set of publications in the fields of biology and chemistry published in 1984."
  },
  {
    "sec_id": "sec0020",
    "sentence": "As pointed out in Sections\u00a0[sec0005], [sec0010], our interest is not in providing a point estimate of the future number of citations of a publication."
  },
  {
    "sec_id": "sec0020",
    "sentence": "Instead, our focus is on predicting a probability distribution for the future number of citations of a publication."
  },
  {
    "sec_id": "sec0020",
    "sentence": "More specifically, our aim is to predict the quantiles of this probability distribution."
  },
  {
    "sec_id": "sec0020",
    "sentence": "Formally, the pth quantile q(p) of a random variable Y with distribution function f is given byq(p)=F\u22121(p)=inf{y:F(y)\u2265p}."
  },
  {
    "sec_id": "sec0020",
    "sentence": "Hence, saying that a publication scores at the pth quantile means that the number of citations of the publication is greater than or equal to the number of citations of a proportion of p of all publications."
  },
  {
    "sec_id": "sec0020",
    "sentence": "Our goal is to predict quantiles for the distribution of the number of citations received by a publication starting from the second year after its publication date."
  },
  {
    "sec_id": "sec0020",
    "sentence": "For example, in our data set of publications published in 1984, we consider quantiles for the number of citations received by a publication between January 1986 and December 2013."
  },
  {
    "sec_id": "sec0020",
    "sentence": "We refer to this as the future number of citations of a publication or, alternatively, as the long-term citation impact of a publication."
  },
  {
    "sec_id": "sec0020",
    "sentence": "In this section, we propose a model that predicts the quantiles of the long-term citation distribution of a publication, conditioned on the impact factor and the number of citations in the first year."
  },
  {
    "sec_id": "sec0020",
    "sentence": "Like [bib0110], we assume that each publication has a fitness factor \u03b7.",
    "intent": "uses similarities"
  },
  {
    "sec_id": "sec0020",
    "sentence": "This fitness factor gives information about the competitiveness of a publication relative to other publications in obtaining citations."
  },
  {
    "sec_id": "sec0020",
    "sentence": "The fitness factor depends on different factors \u03d5s that contribute to the success of a publication."
  },
  {
    "sec_id": "sec0020",
    "sentence": "The fitness factor is assumed to be a product of each of these factors raised to some power \u03b4s:"
  },
  {
    "sec_id": "sec0020",
    "sentence": "(1)\u03b7\u221d\u220fs\u03d5s\u03b4s."
  },
  {
    "sec_id": "sec0020",
    "sentence": "We predict the quantiles of the distribution of future citations, conditioned on the fitness factor."
  },
  {
    "sec_id": "sec0020",
    "sentence": "A higher fitness factor means that a publication has a higher competitiveness to obtain citations."
  },
  {
    "sec_id": "sec0020",
    "sentence": "Therefore one expects that the quantiles of publications with a higher fitness factor are higher."
  },
  {
    "sec_id": "sec0020",
    "sentence": "We assume that the pth quantile of publications with fitness factor \u03b7, denoted by q(p|\u03b7), is proportional to \u03b7:q(p|\u03b7)=C\u02dcp\u03b7.Here C\u02dcp is a constant independent of \u03b7 for each quantile p."
  },
  {
    "sec_id": "sec0020",
    "sentence": "We consider three definitions of the fitness factor: a definition based only on the impact factor IF, a definition based only on the number of citations in the first year c1, and a definition based on both IF and c1."
  },
  {
    "sec_id": "sec0020",
    "sentence": "For clarity of notation, the exponents \u03b41 and \u03b42 from Eq. [eq0010] are relabeled as \u03b2 and \u03b3."
  },
  {
    "sec_id": "sec0020",
    "sentence": "The three definitions of the fitness factor are summarized in [tbl0005]."
  },
  {
    "sec_id": "sec0020",
    "sentence": "The constant k0 is needed to account for publications that have zero citations after one year."
  },
  {
    "sec_id": "sec0020",
    "sentence": "We will discuss our choice for k0 in Section\u00a0[sec0040]."
  },
  {
    "sec_id": "sec0020",
    "sentence": "Table 1."
  },
  {
    "sec_id": "sec0020",
    "sentence": "Three models studied in this paper."
  },
  {
    "sec_id": "sec0020",
    "sentence": "In the model described in Section\u00a0[sec0025], the logarithm of the quantiles is linear in the logarithm of the covariates."
  },
  {
    "sec_id": "sec0020",
    "sentence": "For example, for the full model in [tbl0005] we obtain"
  },
  {
    "sec_id": "sec0020",
    "sentence": "(2)ln(q(p|IF,c1))=\u03b3pln(c1+k0)+\u03b2pln(IF)+Cp,where Cp=ln(C\u02dcp)."
  },
  {
    "sec_id": "sec0020",
    "sentence": "Because the logarithm is an increasing function, the logarithm of the pth quantile is equal to the pth quantile of the log-transformed citation counts."
  },
  {
    "sec_id": "sec0020",
    "sentence": "This means that we can take the logarithm of the number of citations and then fit Eq. [eq0020] to the quantiles of those values."
  },
  {
    "sec_id": "sec0020",
    "sentence": "Eq. [eq0020] is fitted using quantile regression introduced by [bib0115].",
    "intent": "uses"
  },
  {
    "sec_id": "sec0020",
    "sentence": "While in standard least squares regression the sum of squared errors is minimized, quantile regression minimizes a different function."
  },
  {
    "sec_id": "sec0020",
    "sentence": "It solves"
  },
  {
    "sec_id": "sec0020",
    "sentence": "(3)min\u03be\u2211i\u03c1p(yi\u2212xi\u03be)."
  },
  {
    "sec_id": "sec0020",
    "sentence": "Here yi is the logarithm of the future number of citations of publication i, xi is the vector of log-transformed covariates corresponding to publication i, \u03beT=Cp\u03b2p\u03b3p, and the function \u03c1p is defined as\u03c1p(z)=zp\u2212z1z<0=zpifz\u22650z(p\u22121)ifz<0."
  },
  {
    "sec_id": "sec0020",
    "sentence": "Eq. [eq0025] minimizes the difference between p and the fraction of negative residuals ([bib0115]).",
    "intent": "uses"
  },
  {
    "sec_id": "sec0020",
    "sentence": "Hence, when all values are different, the empirical quantiles for the future number of citations are fitted precisely."
  },
  {
    "sec_id": "sec0020",
    "sentence": "In our case, many publications have the same number of citations, and therefore there can be small differences between actual and fitted quantiles (for an illustration, see the blue dots in [fig0055] below)."
  },
  {
    "sec_id": "sec0035",
    "sentence": "In this section, we apply the regression model from Section\u00a0[sec0020] to the data described in Section\u00a0[sec0015]."
  },
  {
    "sec_id": "sec0035",
    "sentence": "From a research evaluation perspective, high quantiles of citation distributions are especially important because interest often focuses on identifying high-impact research."
  },
  {
    "sec_id": "sec0035",
    "sentence": "For this reason, in our analysis we consider the 0.5th up to the 0.99th quantile."
  },
  {
    "sec_id": "sec0035",
    "sentence": "[fig0005]a\u2013c shows the parameters Cp, \u03b2p and \u03b3p resulting from the quantile regression."
  },
  {
    "sec_id": "sec0035",
    "sentence": "The coefficients are shown for the three different versions of the model listed in [tbl0005]."
  },
  {
    "sec_id": "sec0035",
    "sentence": "The coefficient Cp in [fig0005]a is increasing in p for all three versions of the model."
  },
  {
    "sec_id": "sec0035",
    "sentence": "This is to be expected, because the quantiles are nondecreasing in p."
  },
  {
    "sec_id": "sec0035",
    "sentence": "We also see that Cp is a convex function."
  },
  {
    "sec_id": "sec0035",
    "sentence": "For the higher quantiles, Cp grows faster in p than for the lower quantiles."
  },
  {
    "sec_id": "sec0035",
    "sentence": "This indicates that for example the 0.98th and the 0.99th quantile are further away from each other than, say, the 0.60th and the 0.61th quantile."
  },
  {
    "sec_id": "sec0035",
    "sentence": "In Section\u00a0[sec0070], we will explain the behavior of Cp more precisely using quantile estimators for Pareto-tailed distributions."
  },
  {
    "sec_id": "sec0035",
    "sentence": "The coefficients \u03b2p and \u03b3p are decreasing in p."
  },
  {
    "sec_id": "sec0035",
    "sentence": "Hence, the impact factor and the number of citations in the first year have less influence on the long-term citation impact of highly cited publications than on the long-term citation impact of publications with an average number of citations."
  },
  {
    "sec_id": "sec0035",
    "sentence": "Another observation is that the parameter \u03b3p in the model with only c1 follows a wave-like pattern: \u03b3p first increases as p increases, but at some point \u03b3p then decreases as p increases."
  },
  {
    "sec_id": "sec0035",
    "sentence": "For small values of p, a similar pattern can be observed for Cp in the model with only c1."
  },
  {
    "sec_id": "sec0035",
    "sentence": "This is caused by the fact that there are only a couple of different values of c1 in the data set, since most publications have only a small number of citations in the first year."
  },
  {
    "sec_id": "sec0035",
    "sentence": "This makes the parameters that are fitted unstable in p."
  },
  {
    "sec_id": "sec0035",
    "sentence": "The parameter k0 in the models listed in [tbl0005] is not fitted in the quantile regression."
  },
  {
    "sec_id": "sec0035",
    "sentence": "To get an understanding of the influence of k0 on the regression coefficients, quantile regression is used to obtain the coefficients Cp, \u03b2p, and \u03b3p for several values of k0."
  },
  {
    "sec_id": "sec0035",
    "sentence": "[fig0010]a\u2013c shows the values of the regression coefficients for k0\u00a0=\u00a00.3 to 1.5 for the full model."
  },
  {
    "sec_id": "sec0035",
    "sentence": "We see that k0 has hardly any influence on \u03b2p."
  },
  {
    "sec_id": "sec0035",
    "sentence": "Also, k0 does not have much influence on \u03b3p and Cp."
  },
  {
    "sec_id": "sec0035",
    "sentence": "Essentially, these coefficients increase or decrease by a constant value if k0 changes."
  },
  {
    "sec_id": "sec0035",
    "sentence": "We use the value of k0 that minimizes the sum of the squared difference between the fraction of publications with fewer citations than the predicted pth quantile and p."
  },
  {
    "sec_id": "sec0035",
    "sentence": "This results in k0\u00a0=\u00a00.5."
  },
  {
    "sec_id": "sec0035",
    "sentence": "We now investigate the fit of the models listed in [tbl0005] to the data."
  },
  {
    "sec_id": "sec0035",
    "sentence": "The fit of the model that uses only the impact factor is illustrated in [fig0015]."
  },
  {
    "sec_id": "sec0035",
    "sentence": "For every value of the impact factor, the predicted 0.50th, 0.80th, and 0.95th quantiles are shown as solid lines and the empirical quantiles are shown as dots."
  },
  {
    "sec_id": "sec0035",
    "sentence": "To create this figure, all impact factors are rounded to one decimal."
  },
  {
    "sec_id": "sec0035",
    "sentence": "A group of publications with the same rounded impact factor is included in the figure if there are at least 50 publications in the group."
  },
  {
    "sec_id": "sec0035",
    "sentence": "It is clear that the predicted and empirical quantiles may differ a lot."
  },
  {
    "sec_id": "sec0035",
    "sentence": "In a similar manner, the fit of the model that uses only the number of early citations is illustrated in [fig0020]."
  },
  {
    "sec_id": "sec0035",
    "sentence": "For the 0.50th quantile, the empirical and the predicted quantiles almost overlap."
  },
  {
    "sec_id": "sec0035",
    "sentence": "For the 0.80th and the 0.95th quantile, the model fits well for publications with a small number of citations in the first year, but it underestimates the quantiles for publications with a large number of early citations."
  },
  {
    "sec_id": "sec0035",
    "sentence": "To illustrate the fit of the full model, we plot the predicted quantiles against the empirical quantiles."
  },
  {
    "sec_id": "sec0035",
    "sentence": "To do so, we first create groups of publications."
  },
  {
    "sec_id": "sec0035",
    "sentence": "A group consists of publications that all have the same c1 and the same impact factor, where impact factors have been rounded to halves."
  },
  {
    "sec_id": "sec0035",
    "sentence": "[fig0025], [fig0030], [fig0035] show all groups that include at least 50 publications."
  },
  {
    "sec_id": "sec0035",
    "sentence": "The figures relate to, respectively, the 0.50th, 0.80th, and 0.95th quantile."
  },
  {
    "sec_id": "sec0035",
    "sentence": "Each dot in the figures corresponds to a group of publications with the same IF and c1."
  },
  {
    "sec_id": "sec0035",
    "sentence": "The 45-degree lines are shown as a reference."
  },
  {
    "sec_id": "sec0035",
    "sentence": "In the case of a perfect fit, all dots should be located on the 45-degree lines."
  },
  {
    "sec_id": "sec0035",
    "sentence": "We see that for many groups of publications predictions are quite accurate, but there are also quite some groups for which there is a large difference between the predicted and the empirical quantile."
  },
  {
    "sec_id": "sec0035",
    "sentence": "Taking a closer look at the data, we see that, naturally, a better fit is obtained for larger groups."
  },
  {
    "sec_id": "sec0035",
    "sentence": "For example, the 0.95th quantile in a group with 50 observations is equal to the third largest observation, whereas in a group of 500 observations it is equal to the 26th largest observation."
  },
  {
    "sec_id": "sec0035",
    "sentence": "The third largest observation in a smaller group is more easily influenced by a few outliers than the 26th largest observation in a larger group of publications."
  },
  {
    "sec_id": "sec0035",
    "sentence": "In [fig0040], the predicted quantiles are again plotted against the empirical quantiles, but only groups including at least 500 publications are shown."
  },
  {
    "sec_id": "sec0035",
    "sentence": "The 0.50th, 0.80th, and 0.95th quantiles are presented in the same plot."
  },
  {
    "sec_id": "sec0035",
    "sentence": "For the 0.50th and 0.80th quantile, the fit is excellent."
  },
  {
    "sec_id": "sec0035",
    "sentence": "For the 0.95th quantile, there are more outliers."
  },
  {
    "sec_id": "sec0035",
    "sentence": "We note that estimates for high quantiles will be explored further using quantile estimators for Pareto tails in Section\u00a0[sec0070]."
  },
  {
    "sec_id": "sec0035",
    "sentence": "[fig0045]a\u2013c illustrates the difference in the fit of the three models."
  },
  {
    "sec_id": "sec0035",
    "sentence": "Let f be the fraction of publications with fewer citations than the predicted 0.50th quantile."
  },
  {
    "sec_id": "sec0035",
    "sentence": "For different groups of publications, the figures show f \u2013 0.5. If the model predicts correctly, we expect this value to be close to zero."
  },
  {
    "sec_id": "sec0035",
    "sentence": "This is indicated by a green color in the figures."
  },
  {
    "sec_id": "sec0035",
    "sentence": "Red colors represent positive values, indicating that the model overestimates the 0.50th quantile for a group of publications."
  },
  {
    "sec_id": "sec0035",
    "sentence": "Blue colors correspond to negative values, which means underestimation of the 0.50th quantile."
  },
  {
    "sec_id": "sec0035",
    "sentence": "Each rectangle in the figures represents a group of publications with the same impact factor and the same number of citations in the first year."
  },
  {
    "sec_id": "sec0035",
    "sentence": "For example, for the model that uses only the impact factor, the model overestimates the 0.50th quantile for publications with an impact factor of 2.5 and with 0 citations in the first year."
  },
  {
    "sec_id": "sec0035",
    "sentence": "It underestimates the 0.50th quantile for publications with an impact factor of 2.5 and with 5 citations in the first year."
  },
  {
    "sec_id": "sec0035",
    "sentence": "Based on these figures, we see that the model which uses only the impact factor does not predict very well for publications with either a small or a large number of citations in the first year."
  },
  {
    "sec_id": "sec0035",
    "sentence": "Likewise, the model that uses only the number of early citations does not predict very well for publications with either a low or a high impact factor."
  },
  {
    "sec_id": "sec0035",
    "sentence": "Similar figures can be created for other quantiles instead of the 0.50th quantile."
  },
  {
    "sec_id": "sec0035",
    "sentence": "From these figures we conclude that the full model yields more accurate predictions than the other two models."
  },
  {
    "sec_id": "sec0035",
    "sentence": "This means that both the impact factor and the number of citations in the first year provide important information for predictive purposes, and that impact factors and early citations should therefore be used together to obtain accurate predictions."
  },
  {
    "sec_id": "sec0035",
    "sentence": "For this reason, in the remainder of the results, the full model is used."
  },
  {
    "sec_id": "sec0035",
    "sentence": "Using the quantile regression model, we can predict the entire conditional distribution of the number of citations."
  },
  {
    "sec_id": "sec0035",
    "sentence": "[fig0050]a and b shows the predicted and empirical conditional distribution for publications that have impact factor zero and zero citations in the first year and for publications that have impact factor one and one citation in the first year respectively."
  },
  {
    "sec_id": "sec0035",
    "sentence": "It is clear that publications with the same impact factor and the same number of citations in the first year, may have different citation numbers after 30 years."
  },
  {
    "sec_id": "sec0035",
    "sentence": "For this reason, predicting the entire conditional distribution is more valuable than giving a point estimate on the number of citations that publications receive."
  },
  {
    "sec_id": "sec0035",
    "sentence": "Furthermore, the conditional distributions in the two figures are different, which indicates that it is important to take into account the influence of the impact factor and the number of early citations."
  },
  {
    "sec_id": "sec0035",
    "sentence": "The quantile regression method predicts the conditional distribution quite accurately, especially for the publications with an impact factor of zero, and zero citations in the first year."
  },
  {
    "sec_id": "sec0035",
    "sentence": "In this section, we test whether the model fitted based on older publications also predicts well when applied to more recent publications."
  },
  {
    "sec_id": "sec0035",
    "sentence": "To this end, we first estimate the quantile regression coefficients for publications in the field of physics published in 1990."
  },
  {
    "sec_id": "sec0035",
    "sentence": "The model is fitted to predict the quantiles of the number of citations that these publications have received by the end of 2000."
  },
  {
    "sec_id": "sec0035",
    "sentence": "We then use the resulting model to predict the quantiles of the number of citations that publications in the field of physics published in 2000 have received by the end of 2010."
  },
  {
    "sec_id": "sec0035",
    "sentence": "The predictive performance of the model is illustrated in [fig0055]."
  },
  {
    "sec_id": "sec0035",
    "sentence": "We compute the fraction of publications that have received fewer citations than their predicted pth quantile."
  },
  {
    "sec_id": "sec0035",
    "sentence": "If the model predicts well, this fraction should be p."
  },
  {
    "sec_id": "sec0035",
    "sentence": "In [fig0055], p is plotted against the fraction of publications with fewer citations than their predicted pth quantile."
  },
  {
    "sec_id": "sec0035",
    "sentence": "Results are shown both for publications from 1990 (which were used to fit the model) and for publications from 2000 (which were not used in model fitting)."
  },
  {
    "sec_id": "sec0035",
    "sentence": "The 45-degree line is included as a reference."
  },
  {
    "sec_id": "sec0035",
    "sentence": "In the case of a perfect fit, all dots should be located on the 45-degree line."
  },
  {
    "sec_id": "sec0035",
    "sentence": "For publications from 1990, the quantiles are predicted almost perfectly, which is to be expected because we use quantile regression (see Section\u00a0[sec0030])."
  },
  {
    "sec_id": "sec0035",
    "sentence": "However, when the model is applied to publications from 2000, we see that the quantiles are underestimated."
  },
  {
    "sec_id": "sec0035",
    "sentence": "For example, only around 43% of the publications from 2000 have received fewer citations than their predicted 0.50th quantile."
  },
  {
    "sec_id": "sec0035",
    "sentence": "This disappointing result must be due to structural changes that have taken place over time and that cause a model fitted to older data not to perform well when applied to newer data."
  },
  {
    "sec_id": "sec0035",
    "sentence": "In particular, there is a trend to include more and more references in publications, and as a result of this trend, the average number of citations that publications receive has increased over time ([bib0180]).",
    "intent": "background"
  },
  {
    "sec_id": "sec0035",
    "sentence": "Because the model is fitted based on older publications, which have lower citation counts than more recent publications, the model underestimates the quantiles for more recent publications."
  },
  {
    "sec_id": "sec0035",
    "sentence": "We want to adjust the predictions of the model for the increase over time in the average number of citations per publication."
  },
  {
    "sec_id": "sec0035",
    "sentence": "To do so, we make predictions based on normalized data."
  },
  {
    "sec_id": "sec0035",
    "sentence": "This means that all inputs and outputs of the model are divided by their average value."
  },
  {
    "sec_id": "sec0035",
    "sentence": "For example, the number of citations of a publication in the first year, c1, is divided by the average value of c1 over all publications."
  },
  {
    "sec_id": "sec0035",
    "sentence": "Similarly, the number of citations of a publication after 10 years is divided by the average number of citations after 10 years over all publications."
  },
  {
    "sec_id": "sec0035",
    "sentence": "The quantile regression model is fitted on the normalized data from 1990."
  },
  {
    "sec_id": "sec0035",
    "sentence": "The data from 2000 are normalized in the same way, and the model fitted based on publications from 1990 is used to predict the quantiles for publications from 2000."
  },
  {
    "sec_id": "sec0035",
    "sentence": "The resulting predictions are normalized predictions with respect to the average number of citations after 10 years over all publications from 2000."
  },
  {
    "sec_id": "sec0035",
    "sentence": "Hence, a predicted quantile of for example 2 means that the quantile equals twice the average number of citations after 10 years over all publications from 2000."
  },
  {
    "sec_id": "sec0035",
    "sentence": "[fig0060] shows that the performance of the model for publications from 2000 has become just as good as for publications from 1990."
  },
  {
    "sec_id": "sec0035",
    "sentence": "Like in [fig0055], p is plotted against the fraction of publications with fewer citations than their predicted pth quantile."
  },
  {
    "sec_id": "sec0035",
    "sentence": "The good performance of the model based on normalized data indicates that the increasing number of citations received by publications is indeed responsible for the underestimation that can be observed in [fig0055]."
  },
  {
    "sec_id": "sec0035",
    "sentence": "The use of normalized data solves this problem."
  },
  {
    "sec_id": "sec0070",
    "sentence": "In this section, we take a closer look at high quantiles using a quantile estimation technique from extreme value theory."
  },
  {
    "sec_id": "sec0070",
    "sentence": "In the literature, a lot of attention has been paid to the tail of citation distributions, and in particular to the question whether this tail follows a Pareto distribution."
  },
  {
    "sec_id": "sec0070",
    "sentence": "The possibility of a Pareto tail was already suggested by [bib0065].",
    "intent": "background"
  },
  {
    "sec_id": "sec0070",
    "sentence": "[bib0160] analyzed a large data set of publications and their citations and observed that the tail of the distribution of citations over publications can be described by a power law.",
    "intent": "background"
  },
  {
    "sec_id": "sec0070",
    "sentence": "[bib0055] proposed a statistical methodology for testing the presence of power-law behavior in empirical data.",
    "intent": "background"
  },
  {
    "sec_id": "sec0070",
    "sentence": "Based on the same data set as [bib0160], they concluded that for citation distributions a power-law tail cannot be ruled out.",
    "intent": "background"
  },
  {
    "sec_id": "sec0070",
    "sentence": "The methodology of [bib0055] was also used by [bib0020], who found that in a large number of scientific fields citation distributions seem to have a power-law tail.",
    "intent": "background"
  },
  {
    "sec_id": "sec0070",
    "sentence": "Formally, let X be the number of future citations."
  },
  {
    "sec_id": "sec0070",
    "sentence": "The random variable X has a Pareto tail if for some xl we haveP(X>x)=wx\u2212\u03b1,x\u2265xl.Here w and \u03b1 are parameters."
  },
  {
    "sec_id": "sec0070",
    "sentence": "\u03b1 is also called the tail exponent."
  },
  {
    "sec_id": "sec0070",
    "sentence": "There are many ways to test whether a distribution has a Pareto tail."
  },
  {
    "sec_id": "sec0070",
    "sentence": "Here we use the Zenga plot proposed by [bib0050].",
    "intent": "uses"
  },
  {
    "sec_id": "sec0070",
    "sentence": "The motivation behind this method is that it allows distinguishing between a Pareto tail and a lognormal tail, while many other methods, such as the QQ-plot, fail to detect this difference."
  },
  {
    "sec_id": "sec0070",
    "sentence": "Let f be the distribution function of a random variable X."
  },
  {
    "sec_id": "sec0070",
    "sentence": "The Zenga curve Z is defined asZ(u)=1\u2212Q\u2212(u)Q+(u),0<u<1,Q\u2212(u)=1u\u222b0uF\u22121(s)ds,0\u2264u\u22641,Q+(u)=11\u2212u\u222bu1F\u22121(s)ds,0\u2264u\u22641."
  },
  {
    "sec_id": "sec0070",
    "sentence": "Hence, the Zenga curve is a measure of how much weight of the distribution lies below the uth quantile relative to how much weight lies above the uth quantile, as a function of u."
  },
  {
    "sec_id": "sec0070",
    "sentence": "The Zenga curve has different shapes for different distributions."
  },
  {
    "sec_id": "sec0070",
    "sentence": "For the lognormal distribution, the Zenga curve is a straight line, while for Pareto distributions, the Zenga curve is a convex increasing function ([bib0050]).",
    "intent": "background"
  },
  {
    "sec_id": "sec0070",
    "sentence": "[fig0065], [fig0070] show the empirical Zenga plot for groups of publications with either the same number of citations in the first year or the same impact factor."
  },
  {
    "sec_id": "sec0070",
    "sentence": "The Zenga curves are clearly convex increasing functions."
  },
  {
    "sec_id": "sec0070",
    "sentence": "This indicates that for all groups of publications the citation distribution has a Pareto tail."
  },
  {
    "sec_id": "sec0070",
    "sentence": "Under the assumption of a Pareto tail, we can estimate high quantiles using the estimator proposed by [bib0070].",
    "intent": "uses"
  },
  {
    "sec_id": "sec0070",
    "sentence": "For a group of publications with given IF and c1, this estimator is of the form(4)q(p|IF,c1)=X(n\u2212k,n)kn(1\u2212p)1/\u03b1.Here n\u00a0:\u00a0=\u00a0n(IF, c1) is the number of publications in the group of publications with given IF, and c1 and X(n\u2212k,n)\u00a0:\u00a0=\u00a0X(n,n\u2212k)(IF, c1) is the number of citations of the kth most cited publication in this group."
  },
  {
    "sec_id": "sec0070",
    "sentence": "Furthermore, k\u00a0:\u00a0=\u00a0k(IF, c1) is the threshold where the Pareto tail starts."
  },
  {
    "sec_id": "sec0070",
    "sentence": "So the k publications with the largest number of citations follow a Pareto distribution."
  },
  {
    "sec_id": "sec0070",
    "sentence": "The Pareto tail starts at the (1\u00a0\u2212\u00a0(k/n))th quantile."
  },
  {
    "sec_id": "sec0070",
    "sentence": "This threshold quantile will be called the p*th quantile."
  },
  {
    "sec_id": "sec0070",
    "sentence": "Thus, X(n\u2212k,n) is the empirical value of the p*th quantile."
  },
  {
    "sec_id": "sec0070",
    "sentence": "The tail index \u03b1 is estimated using the Hill estimator ([bib0105]).",
    "intent": "uses"
  },
  {
    "sec_id": "sec0070",
    "sentence": "The threshold k and hence the threshold quantile p* is estimated using the procedure suggested by [bib0025].",
    "intent": "uses"
  },
  {
    "sec_id": "sec0070",
    "sentence": "This procedure minimizes an approximation of the asymptotic mean squared error of the estimate of \u03b1."
  },
  {
    "sec_id": "sec0070",
    "sentence": "The resulting estimate for p* is p*\u00a0=\u00a00.95."
  },
  {
    "sec_id": "sec0070",
    "sentence": "[fig0075] plots the quantiles that are predicted by Eq. [eq0045] against the empirical quantiles, when X(n\u2212k,n) is given."
  },
  {
    "sec_id": "sec0070",
    "sentence": "Note that the accuracy of the predictions is inconclusive because we rely on X(n\u2212k,n), which is not known in practice."
  },
  {
    "sec_id": "sec0070",
    "sentence": "However, we see that Eq. [eq0045] captures the behavior of high quantiles quite accurately."
  },
  {
    "sec_id": "sec0070",
    "sentence": "In the next section, we will obtain insight into the predictions for high quantiles by linking the Pareto estimator to the quantile regression estimator."
  },
  {
    "sec_id": "sec0070",
    "sentence": "As mentioned above, the problem with Eq. [eq0045] is that it uses X(n\u2212k,n), the empirical value of the p*th quantile, at which the Pareto tail starts."
  },
  {
    "sec_id": "sec0070",
    "sentence": "In practice, X(n\u2212k,n) is not known and needs to be predicted."
  },
  {
    "sec_id": "sec0070",
    "sentence": "A natural way to overcome this is to replace X(n\u2212k,n) by the predicted p*th quantile from the quantile regression:q(p*|IF,c1)=C\u02dcp*IF\u03b2p*(c1+k0)\u03b3p*.We then obtain the following estimator for the tail quantiles:(5)q(p|IF,c1)=1\u2212p*1\u2212p1/\u03b1C\u02dcp*IF\u03b2p*(c1+k0)\u03b3p*,p\u2265p*,where we used the identity (k/n)\u00a0=\u00a01\u00a0\u2212\u00a0p*."
  },
  {
    "sec_id": "sec0070",
    "sentence": "We can now explain the behavior of Cp=ln(Cp\u02dc) in [fig0005]a by comparing Eq. [eq0055] to the regression estimator."
  },
  {
    "sec_id": "sec0070",
    "sentence": "If the two estimators were equal, then for p\u00a0\u2265\u00a0p* we would have1\u2212p*1\u2212p1/\u03b1C\u02dcp*IF\u03b2p*(c1+k0)\u03b3p*=C\u02dcpIF\u03b2p(c1+k0)\u03b3p.Hence, if we assume that \u03b2p and \u03b3p are constant for large values of p, this suggests that we may use ((1\u2212p*)/(1\u2212p))1/\u03b1C\u02dcp* for C\u02dcp."
  },
  {
    "sec_id": "sec0070",
    "sentence": "By taking the logarithm, we obtain the following proxy C\u02c6p for the regression coefficient Cp:(6)C\u02c6p=Cp*+1\u03b1(ln(1\u2212p*)\u2212ln(1\u2212p)),p\u2265p*.In [fig0080], Cp and C\u02c6p are plotted."
  },
  {
    "sec_id": "sec0070",
    "sentence": "The line corresponds to C\u02c6p given by Eq. [eq0065] with p*\u00a0=\u00a00.95."
  },
  {
    "sec_id": "sec0070",
    "sentence": "For completeness, we plot this line for all p\u00a0\u2208\u00a0[0.5, 0.99]."
  },
  {
    "sec_id": "sec0070",
    "sentence": "The dots correspond to the regression coefficients Cp."
  },
  {
    "sec_id": "sec0070",
    "sentence": "We see that Eq. [eq0065] indeed can be used as an analytical description of Cp when p\u00a0\u2265\u00a0p*."
  },
  {
    "sec_id": "sec0070",
    "sentence": "For p\u00a0\u2265\u00a00.95, there is an excellent agreement between Cp and C\u02c6p."
  },
  {
    "sec_id": "sec0070",
    "sentence": "In fact, Eq. [eq0065] shows a good agreement for all p\u00a0\u2265\u00a00.9."
  },
  {
    "sec_id": "sec0090",
    "sentence": "In the previous sections, data from the field of physics was used to fit the coefficients of the regression model."
  },
  {
    "sec_id": "sec0090",
    "sentence": "In this section, we study the influence of the field of science on the regression coefficients."
  },
  {
    "sec_id": "sec0090",
    "sentence": "We again consider publications published in 1984, and the quantile regression is again used to predict the conditional quantiles of the distribution of the number of citations received by these publications by the end of 2013."
  },
  {
    "sec_id": "sec0090",
    "sentence": "The coefficients Cp, \u03b2p, and \u03b3p obtained from the quantile regression are plotted in [fig0085]a\u2013c for three different fields: Biology, chemistry, and physics."
  },
  {
    "sec_id": "sec0090",
    "sentence": "The regression coefficient Cp is higher for publications in biology and chemistry than for publications in physics."
  },
  {
    "sec_id": "sec0090",
    "sentence": "Other things being equal, this means that publications in biology and chemistry receive more citations than publications in physics."
  },
  {
    "sec_id": "sec0090",
    "sentence": "This is the case mainly for the lower quantiles."
  },
  {
    "sec_id": "sec0090",
    "sentence": "For the higher quantiles, the differences in the coefficient Cp are small."
  },
  {
    "sec_id": "sec0090",
    "sentence": "The regression coefficient \u03b2p is lower for biology publications than for publications in physics and chemistry."
  },
  {
    "sec_id": "sec0090",
    "sentence": "This means that in biology the impact factor is less determining for the long-term citation impact of publications."
  },
  {
    "sec_id": "sec0090",
    "sentence": "However, the differences in this coefficient are small."
  },
  {
    "sec_id": "sec0090",
    "sentence": "The coefficient \u03b3p is highest for publications in physics."
  },
  {
    "sec_id": "sec0090",
    "sentence": "Hence, in physics the number of citations that a publication has received in the first year is more determining for the publication's long-term citation impact than in biology and chemistry."
  },
  {
    "sec_id": "sec0095",
    "sentence": "We have proposed a model to predict a probability distribution for the future number of citations of a publication."
  },
  {
    "sec_id": "sec0095",
    "sentence": "Two predictors are considered in the model: The impact factor of the journal in which a publication has appeared and the number of citations received by a publication in the first year after its appearance."
  },
  {
    "sec_id": "sec0095",
    "sentence": "The proposed model is based on quantile regression."
  },
  {
    "sec_id": "sec0095",
    "sentence": "The good fit of the model indicates that quantile regression is a suitable tool to predict the quantiles of the probability distribution of a publication's future number of citations."
  },
  {
    "sec_id": "sec0095",
    "sentence": "We have found that the quantile regression coefficients \u03b2p and \u03b3p, corresponding to respectively the impact factor and the number of early citations, are not stable in the quantile p."
  },
  {
    "sec_id": "sec0095",
    "sentence": "Hence, the influence of the impact factor and the number of early citations on the long-term citation impact of a publication is different for different quantiles."
  },
  {
    "sec_id": "sec0095",
    "sentence": "Three variants of our prediction model have been studied."
  },
  {
    "sec_id": "sec0095",
    "sentence": "The variant in which both the impact factor and the number of early citations are used turns out to fit the data better than the variants in which only one of the two predictors is included."
  },
  {
    "sec_id": "sec0095",
    "sentence": "This means that both the impact factor and the number of early citations are important to predict the probability distribution of a publication's future number of citations."
  },
  {
    "sec_id": "sec0095",
    "sentence": "Importantly, our proposed model provides accurate predictions also for publications that were published later than the publications used for estimating the model parameters."
  },
  {
    "sec_id": "sec0095",
    "sentence": "However, in order to obtain these accurate predictions, it is necessary to normalize all inputs and outputs of the model by their average value."
  },
  {
    "sec_id": "sec0095",
    "sentence": "We emphasize that we obtain accurate predictions of the probability distribution for the future number of citations of a publication, not of the future number of citations itself."
  },
  {
    "sec_id": "sec0095",
    "sentence": "This is a key difference."
  },
  {
    "sec_id": "sec0095",
    "sentence": "We are able to accurately predict the probability distribution for the future number of citations of a publication, but this probability distribution may turn out to be very wide, in which case we still face a lot of uncertainty about the number of citations a publication will receive in the future."
  },
  {
    "sec_id": "sec0095",
    "sentence": "We have also investigated the tail of the citation distributions obtained in our analysis."
  },
  {
    "sec_id": "sec0095",
    "sentence": "Zenga plots ([bib0050]) have been used for this purpose.",
    "intent": "uses"
  },
  {
    "sec_id": "sec0095",
    "sentence": "It turns out that the tail of our citation distributions can be approximated by a Pareto distribution."
  },
  {
    "sec_id": "sec0095",
    "sentence": "Using an estimator for the tail quantiles of a Pareto distribution ([bib0070]), we have obtained an explicit equation for the regression coefficient Cp in our model for high quantiles p.",
    "intent": "uses"
  },
  {
    "sec_id": "sec0095",
    "sentence": "There are a number of issues that require further research."
  },
  {
    "sec_id": "sec0095",
    "sentence": "First of all, further research may focus on the fitness factor that we use in our model."
  },
  {
    "sec_id": "sec0095",
    "sentence": "Following [bib0110], we have assumed that the fitness factor is a product of our two predictors each raised to a certain power.",
    "intent": "uses"
  },
  {
    "sec_id": "sec0095",
    "sentence": "Other ways of modeling the fitness factor may also be investigated."
  },
  {
    "sec_id": "sec0095",
    "sentence": "The analysis presented in this paper is based on publications in the field of physics."
  },
  {
    "sec_id": "sec0095",
    "sentence": "This is a broad field consisting of many different subfields."
  },
  {
    "sec_id": "sec0095",
    "sentence": "These subfields probably all have their own citation practices."
  },
  {
    "sec_id": "sec0095",
    "sentence": "Differences in citation practices between fields or subfields have not been taken into account in our prediction approach."
  },
  {
    "sec_id": "sec0095",
    "sentence": "Further research may focus on linking our prediction approach to the literature on field normalization of citation-based indicators."
  },
  {
    "sec_id": "sec0095",
    "sentence": "Another issue for further research is the use of other predictors, in addition to impact factor and early citations."
  },
  {
    "sec_id": "sec0095",
    "sentence": "In Section\u00a0[sec0010], we already suggested some possibilities: Number of downloads of a publication, number of readers according to a service such as Mendeley, and other types of altmetric indicators."
  },
  {
    "sec_id": "sec0095",
    "sentence": "Further research may investigate the effect of adding these predictors to our model."
  },
  {
    "sec_id": "sec0095",
    "sentence": "In particular, it would be interesting to find out whether the use of additional predictors decreases the level of uncertainty in predictions of long-term citation impact."
  },
  {
    "sec_id": "sec0095",
    "sentence": "Finally, perhaps the most challenging issue for further research is to make predictions of long-term citation impact not only for individual publications but also for the entire publication oeuvre of a researcher, a research group, or a research institution (e.g. [bib0010], [bib0030]).",
    "intent": "future_work"
  },
  {
    "sec_id": "sec0095",
    "sentence": "Moving from predictions at the individual publication level to predictions at the level of oeuvres of publications is an essential step in the development of a methodology for bibliometric research evaluation based on very recent publications, but this step is far from trivial."
  },
  {
    "sec_id": "sec0095",
    "sentence": "A prediction approach that yields accurate results at the individual publication level may provide biased results when it is used at the level of oeuvres of publications."
  }
]