[
  {
    "sec_id": "sec0005",
    "sentence": "A series of behaviors are conducted in the research process, including but not limited to information seeking, saving, reading, annotating, brainstorming, experimentation, data analysis, paper drafting and citing."
  },
  {
    "sec_id": "sec0005",
    "sentence": "The citing behavior is recorded by citations, giving birth to citation analysis; in the modern digital era, many behaviors are recorded by online scholarly tools and platforms, laying the foundation of altmetrics."
  },
  {
    "sec_id": "sec0005",
    "sentence": "Altmetrics, by capturing digital traces of scientific products, aims to improve scholarly communication, scientific evaluation and literature discovery ([bib0130]).",
    "intent": "background"
  },
  {
    "sec_id": "sec0005",
    "sentence": "Altmetrics research is developing from theoretical ([bib0165]) and critical debate ([bib0170]) to more empirical ([bib0240]), experimental ([bib0040]) and application-oriented ([bib0035]) studies.",
    "intent": "background"
  },
  {
    "sec_id": "sec0005",
    "sentence": "So far, digital traces on many tools and platforms have been studied, including Twitter ([bib0065]), Mendeley ([bib0220]), ResearchBlogging ([bib0205]), F1000 ([bib0135]), ResearchGate ([bib0215]) and YouTube ([bib0105]), among others.",
    "intent": "background"
  },
  {
    "sec_id": "sec0005",
    "sentence": "While scientific article is still the most commonly studied type of scientific product, many other types are explored, for instance, blogs ([bib0200]), software ([bib0090]), slides ([bib0110]), datasets ([bib0150]), and videos ([bib0105]).",
    "intent": "background"
  },
  {
    "sec_id": "sec0005",
    "sentence": "Altmetrics has been applied in scientific evaluation."
  },
  {
    "sec_id": "sec0005",
    "sentence": "Evaluated objects can be a journal ([bib0125]), an institution ([bib0145]; [bib0175]), a discipline ([bib0080]) or a scientist ([bib0100]).",
    "intent": "background"
  },
  {
    "sec_id": "sec0005",
    "sentence": "Some institutions ([bib0180]) have enabled users to rank literature retrieval results by the Altmetric Attention Score.",
    "intent": "background"
  },
  {
    "sec_id": "sec0005",
    "sentence": "Altmetrics has drawn attention from worldwide academia."
  },
  {
    "sec_id": "sec0005",
    "sentence": "As shown in [fig0005], four types of altmetrics research are defined based on the geographical variation of altmetrics sources and scientific outputs."
  },
  {
    "sec_id": "sec0005",
    "sentence": "Type-B and type-D altmetrics studies investigate the communication between local science and global science, while type-C altmetrics studies mainly focus on domestic scientific communication."
  },
  {
    "sec_id": "sec0005",
    "sentence": "[bib0005] argues that by disseminating research in online social media, the altmetrics movement would reduce the bias caused by leading bibliographic databases where research from developing countries is underrepresented.",
    "intent": "background"
  },
  {
    "sec_id": "sec0005",
    "sentence": "However, altmetrics research hitherto has been focused on type-A studies where data are collected from international platforms, of research from international mainstream publishers, prevailingly in developed countries."
  },
  {
    "sec_id": "sec0005",
    "sentence": "A few researchers have considered local altmetrics and conducted Type-D studies."
  },
  {
    "sec_id": "sec0005",
    "sentence": "[bib0010] investigated the coverage of altmetrics data in the prominent Latin American journal portal SciELO and found the coverage level of most social media sources was zero or negligible.",
    "intent": "background"
  },
  {
    "sec_id": "sec0005",
    "sentence": "Poplasen ([bib0155]) tried to use altmetrics for measuring science in Croatia.",
    "intent": "background"
  },
  {
    "sec_id": "sec0005",
    "sentence": "[bib0210] tested altmetrics as an evaluation method for Italian scholars in the humanities.",
    "intent": "background"
  },
  {
    "sec_id": "sec0005",
    "sentence": "Torres et al."
  },
  {
    "sec_id": "sec0005",
    "sentence": "([bib0230]) conducted a case study on a sample of Spanish communication studies.",
    "intent": "background"
  },
  {
    "sec_id": "sec0005",
    "sentence": "However, these studies all used data from international social media platforms, neglecting local platforms, which play an important role in domestic scientific communication."
  },
  {
    "sec_id": "sec0005",
    "sentence": "Type-B and type-C studies are seldom seen, because the infrastructure for analyzing local altmetrics, for example data aggregating services, is not well established."
  },
  {
    "sec_id": "sec0005",
    "sentence": "This paper argues that local altmetrics is an integral part of the holistic altmetrics landscape."
  },
  {
    "sec_id": "sec0005",
    "sentence": "Discussions on local altmetrics sources can function as channels for introducing international scientific research."
  },
  {
    "sec_id": "sec0005",
    "sentence": "This is true especially in countries where English is not the first language or where global platforms are blocked."
  },
  {
    "sec_id": "sec0005",
    "sentence": "Including local altmetrics of different context would reveal a more comprehensive view of a research product\u2019s true impact over the world."
  },
  {
    "sec_id": "sec0005",
    "sentence": "China, while thriving as a strong scientific power, has restricted access to many international social media platforms such as Twitter, Facebook, and YouTube."
  },
  {
    "sec_id": "sec0005",
    "sentence": "Sina Weibo is currently the most widely used microblog service."
  },
  {
    "sec_id": "sec0005",
    "sentence": "As a type-B study, the aim of this study is twofold: (1) To investigate the characteristics of an important local altmetrics source, namely Weibo, in discussing global science."
  },
  {
    "sec_id": "sec0005",
    "sentence": "It is of particular interest to see how global scientific research is discussed on Weibo by Chinese users, considering that China is a large economic entity which also has a large academic community."
  },
  {
    "sec_id": "sec0005",
    "sentence": "(2) To study the difference between Weibo and Twitter as a comparison of local altmetrics and global altmetrics."
  },
  {
    "sec_id": "sec0005",
    "sentence": "Although both of these two platforms are popular microblog services, they have completely different users from diverse cultural backgrounds."
  },
  {
    "sec_id": "sec0005",
    "sentence": "It is also of significant meaning to compare altmetrics based on these two platforms to reveal the nature of altmetrics of microblog services as a whole."
  },
  {
    "sec_id": "sec0010",
    "sentence": "The research questions are: (1) How frequently do Sina Weibo users discuss global science?"
  },
  {
    "sec_id": "sec0010",
    "sentence": "(2) How immediate is Weibo altmetrics?"
  },
  {
    "sec_id": "sec0010",
    "sentence": "In other words, how soon do weibos appear after the publication of the articles?"
  },
  {
    "sec_id": "sec0010",
    "sentence": "(3) What are the distributions of Weibo altmetrics on the article, source and discipline levels?"
  },
  {
    "sec_id": "sec0010",
    "sentence": "How are the patterns compared with Twitter altmetrics?"
  },
  {
    "sec_id": "sec0010",
    "sentence": "(4) How and why do Weibo users discuss global scientific articles?"
  },
  {
    "sec_id": "sec0010",
    "sentence": "To answer this question, we mainly focus on the motivation, elements mentioned, and sentiment of the top weibos."
  },
  {
    "sec_id": "sec0010",
    "sentence": "This study contributes to altmetrics studies in four ways: (1) We study a novel altmetrics, Weibo, and call for attention on local altmetrics."
  },
  {
    "sec_id": "sec0010",
    "sentence": "It will advance the development of domestic altmetrics and take altmetrics studies one step further to provide a more complete view of research impact."
  },
  {
    "sec_id": "sec0010",
    "sentence": "(2) We measure the immediacy of microblog altmetrics in a systematic way."
  },
  {
    "sec_id": "sec0010",
    "sentence": "The result provides evidence of whether and how much microblog altmetrics is faster than citations."
  },
  {
    "sec_id": "sec0010",
    "sentence": "(3) We conduct a comprehensive comparison between Weibo and Twitter."
  },
  {
    "sec_id": "sec0010",
    "sentence": "As the two most popular microblog services, the similarities and differences between them in global science discussion are of particular interest to scientific communication."
  },
  {
    "sec_id": "sec0010",
    "sentence": "(4) Moreover, in this study, we use the largest altmetrics dataset of Weibo and Twitter so far."
  },
  {
    "sec_id": "sec0010",
    "sentence": "Our results will provide reference to other related empirical studies."
  },
  {
    "sec_id": "sec0015",
    "sentence": "For convenience of discussion, frequently used terms in the paper are explained as follows."
  },
  {
    "sec_id": "sec0015",
    "sentence": "Altmetrics: According to the context, this could refer to the research field or the altmetrics indicators."
  },
  {
    "sec_id": "sec0015",
    "sentence": "Weibo: The proper noun Weibo refers to the microblog platform Sina Weibo (Weibo.com)."
  },
  {
    "sec_id": "sec0015",
    "sentence": "The common noun weibo refers to a microblog posted on Sina Weibo, i.e., a Weibo post."
  },
  {
    "sec_id": "sec0015",
    "sentence": "When used as a verb, weibo refers to the behavior of posting a microblog on Weibo."
  },
  {
    "sec_id": "sec0015",
    "sentence": "Weibo altmetrics: This denotes altmetrics based on Sina Weibo."
  },
  {
    "sec_id": "sec0015",
    "sentence": "When a research product is mentioned in a Weibo via a link, a DOI or other trackable ways, we say that this research product receives a Weibo mention, or has Weibo altmetrics."
  },
  {
    "sec_id": "sec0015",
    "sentence": "Scientific weibo: We refer to a weibo as a scientific weibo when it mentions a scientific product and usually contains a link to it."
  },
  {
    "sec_id": "sec0015",
    "sentence": "Weibo, originally the Chinese Pinyin for microblog and referring to general microblog services, was branded by Sina Corporation in 2010."
  },
  {
    "sec_id": "sec0015",
    "sentence": "Now Weibo normally refers to Sina Weibo."
  },
  {
    "sec_id": "sec0015",
    "sentence": "As microcosm of Chinese society, Weibo has attracted a wide range of users, including celebrities and public figures, organizations such as media outlets, businesses, government agencies and charities, as well as the general public."
  },
  {
    "sec_id": "sec0015",
    "sentence": "According to the latest report, in November 2015, Weibo had 261 million monthly active users, compared with 310 million monthly active Twitter users."
  },
  {
    "sec_id": "sec0015",
    "sentence": "Weibo enables users to express and share their ideas, opinions and stories in the form of text and attached multimedia, including images, music, and short videos."
  },
  {
    "sec_id": "sec0015",
    "sentence": "There used to be a 140 character limit on Weibo posts, however, the limit was removed in February 2016."
  },
  {
    "sec_id": "sec0015",
    "sentence": "A dominating 97.2% of Weibo users are from China, however, only 21.9% of Twitter users are from the U.S. In this sense, Sina Weibo is a local microblogging service in China."
  },
  {
    "sec_id": "sec0015",
    "sentence": "Like Twitter, Weibo is widely used for scientific communication."
  },
  {
    "sec_id": "sec0015",
    "sentence": "It helps evaluate the quantity and quality of information flux between traditional scientific expert communities and the broader public ([bib0265]).",
    "intent": "background"
  },
  {
    "sec_id": "sec0015",
    "sentence": "One report shows that Weibo users who are engaged in science include professional researchers, teachers in colleges and universities, science writers, journalists, and editors of science, etc."
  },
  {
    "sec_id": "sec0015",
    "sentence": "([bib0120]).",
    "intent": "background"
  },
  {
    "sec_id": "sec0015",
    "sentence": "[bib0015]), because the cost became unaffordable when Sina Weibo stopped distributing data to external companies and ever since started up using Socialgist as their sole non-Chinese data broker.[fn0005] Altmetric.com provided the full dataset from October 2011 to November 2015 for this research, making it possible to conduct large scale comparison and analysis.",
    "intent": "background uses"
  },
  {
    "sec_id": "sec0015",
    "sentence": "The dataset contained over 4.4 million records in JSON format."
  },
  {
    "sec_id": "sec0015",
    "sentence": "A relational database was established for retrieval\u2019s convenience, and python scripts were used to extract and analyze the data."
  },
  {
    "sec_id": "sec0015",
    "sentence": "To compare Weibo altmetrics with other altmetrics in the same time window, we focused on records captured by [sec0020], these altmetrics have various levels of coverage on articles."
  },
  {
    "sec_id": "sec0015",
    "sentence": "A brief description of these indicators can be found in [tbl0005]."
  },
  {
    "sec_id": "sec0015",
    "sentence": "Table 1."
  },
  {
    "sec_id": "sec0015",
    "sentence": "Brief description of altmetrics indicators."
  },
  {
    "sec_id": "sec0015",
    "sentence": "Coverage statistics reflects the activeness of altmetrics indicators."
  },
  {
    "sec_id": "sec0015",
    "sentence": "For example, if 90% of a set of articles have been tweeted but only 10% of them are saved in Mendeley, then the coverage of Twitter altmetrics is higher than Mendeley altmetrics for this set of articles."
  },
  {
    "sec_id": "sec0015",
    "sentence": "The coverage of altmetrics have been discussed in a number of studies."
  },
  {
    "sec_id": "sec0015",
    "sentence": "For instance, [bib0020] examined Twitter and Facebook mentions of articles published in a Brazilian LIS journal; [bib0055] explored Twitter activities and Altmetric coverage of articles on Arxiv; [bib0255] studied the presence and distribution of altmetrics in the set of publications, across fields, and document types; [bib0060] investigated the adoption of altmetrics sources by sampled bibliomatricians.",
    "intent": "background"
  },
  {
    "sec_id": "sec0015",
    "sentence": "While these results provide some idea about the activeness of altmetrics, the coverages they have explored are under different contexts, making it difficult to compare them."
  },
  {
    "sec_id": "sec0015",
    "sentence": "Our study, therefore, calculates the relative coverage of Weibo altmetrics, along with several other popular altmetrics."
  },
  {
    "sec_id": "sec0015",
    "sentence": "We use the total number of research records (1.99 million) tracked by Altmetric.com in the Weibo data collection period (from March 2014 to July 2015) as the denominator, and the number of records for each altmetrics source as the numerator, to calculate the percentage."
  },
  {
    "sec_id": "sec0015",
    "sentence": "In this way, despite the total coverage of Altmetric.com, we can have a better understanding of the relative coverage of Weibo altmetrics, compared to others."
  },
  {
    "sec_id": "sec0015",
    "sentence": "The time difference between the publication date and the first Weibo mention date is calculated to measure the immediacy of Weibo altmetrics."
  },
  {
    "sec_id": "sec0015",
    "sentence": "The same measuring technique is used on Twitter and the general altmetrics."
  },
  {
    "sec_id": "sec0015",
    "sentence": "As discussed by [bib0070], the first public online appearance of VoR (Version of Record) should be used as the basic time unit to determine the official publication date of a paper, and among many available data sources, the publication date collected by Altmetric.com, which is a mixture of journal issue date and online date, is one of the best proxies for online publication.",
    "intent": "background"
  },
  {
    "sec_id": "sec0015",
    "sentence": "As a result, Altmetric publication date was used as the publication date in our immediacy calculation."
  },
  {
    "sec_id": "sec0015",
    "sentence": "Let Tpw denote the time Tw be the first Weibo mention date, Tp be the Altmetric publication date, thenTpw\u00a0=\u00a0Tw\u00a0\u2212\u00a0Tp (days)"
  },
  {
    "sec_id": "sec0015",
    "sentence": "If Tpw\u00a0<\u00a0180\u00a0days, the Weibo mention is defined to be immediate, compared with citations that would take years to accumulate ([bib0030]).",
    "intent": "background"
  },
  {
    "sec_id": "sec0015",
    "sentence": "The immediacy distribution is presented in time intervals of 1\u00a0day, 7\u00a0days (one week), 30\u00a0days (one month), 180\u00a0days (half year), 360\u00a0days (one year) and over 360\u00a0days."
  },
  {
    "sec_id": "sec0015",
    "sentence": "When the first Weibo mention is prior to the Altmetric publication date, Tpw is negative."
  },
  {
    "sec_id": "sec0015",
    "sentence": "For comparison, the immediacy of Twitter and the general altmetrics, measured respectively by Tpt Tpa defined the same way as Tpw, were also calculated."
  },
  {
    "sec_id": "sec0015",
    "sentence": "Ta is the first date when an article is captured by any altmetrics source tracked by Altmetric.com."
  },
  {
    "sec_id": "sec0015",
    "sentence": "To study the distribution of Weibo altmetrics, we count the number of Weibo posts for each article, each source and each discipline."
  },
  {
    "sec_id": "sec0015",
    "sentence": "As observed, Altmetric.com has maintained the discipline category based on the Scopus schema (Ss) and two other classification systems, i.e. publisher discipline (Sp) and Medline discipline (Sm)."
  },
  {
    "sec_id": "sec0015",
    "sentence": "48.2% of the weiboed articles have all three classification schemes, while 78.7% of articles have at least one of these three classification code."
  },
  {
    "sec_id": "sec0015",
    "sentence": "Specifically, Ss covers the most articles (72.8%), Sp covers the second most articles (68.7%), and Sm covers the least articles (59.5%)."
  },
  {
    "sec_id": "sec0015",
    "sentence": "21.3% of articles are not classified."
  },
  {
    "sec_id": "sec0015",
    "sentence": "These articles are mainly either from open access or preprint platforms such as arXiv, SSRN, IEEE and so on, or from other small scale publishers, who maintain their own classification system that are, however, too sparse to be recorded and analyzed."
  },
  {
    "sec_id": "sec0015",
    "sentence": "Considering that Ss has the highest coverage, here in this study we use it in the discipline level analysis."
  },
  {
    "sec_id": "sec0015",
    "sentence": "It must be noticed that Ss is slightly different from the current Scopus classification schema."
  },
  {
    "sec_id": "sec0015",
    "sentence": "The current Scopus classification has divided \u201cPhysics and Astronomy\u201d into two smaller categories, i.e., \u201cAstronomy, Astrophysics, Space Science\u201d and \u201cPhysics\u201d."
  },
  {
    "sec_id": "sec0015",
    "sentence": "Ss has 30 disciplines of which the abbreviation and full title can be referenced in [sec0105]."
  },
  {
    "sec_id": "sec0015",
    "sentence": "Publisher Sp mainly consists of the classification systems adopted by the ERA (Excellence in Research for Australia), the NPG (Nature Publishing Group), and Springer."
  },
  {
    "sec_id": "sec0015",
    "sentence": "Specifically, ERA has 155 disciplines in its classification system, Springer has 250, and NPG has 882, according to the Altmetric.com data."
  },
  {
    "sec_id": "sec0015",
    "sentence": "Amidst weiboed articles covered Sp, ERA articles take up 76.6%, NPG articles take up 17.5% and Springer articles take up 6.9%."
  },
  {
    "sec_id": "sec0015",
    "sentence": "The NPG\u2019s disciplines are found to be more like keywords rather than disciplines."
  },
  {
    "sec_id": "sec0015",
    "sentence": "Due to the heterogeneous nature of Sp\u00a0; publisher discipline was used for reference."
  },
  {
    "sec_id": "sec0015",
    "sentence": "Medline discipline Sm provides detailed disciplines of general medical science and has 96 disciplines."
  },
  {
    "sec_id": "sec0015",
    "sentence": "It could provide insight in the further analysis of disciplinary distribution of the medical field."
  },
  {
    "sec_id": "sec0015",
    "sentence": "A good combination of these three classification systems can clearly reveal the disciplinary distribution of the weiboed articles."
  },
  {
    "sec_id": "sec0015",
    "sentence": "In order to understand why users weibo the highly weiboed scholarly articles, content analysis was conducted on weibos of the top 1% (109 of 10,754) of weiboed articles, which accounts for 29% (10,775 of 37,200) of the total weibos."
  },
  {
    "sec_id": "sec0015",
    "sentence": "Given that reposts do not disclose enough information for the analysis of motivation, in this study we focus on original weibos, which occupy 41% of the total."
  },
  {
    "sec_id": "sec0015",
    "sentence": "For each of the 109 highly weiboed articles, 5 original weibos were randomly selected."
  },
  {
    "sec_id": "sec0015",
    "sentence": "If for an article the number of original weibos is less than 5, all original weibos of this article were collected."
  },
  {
    "sec_id": "sec0015",
    "sentence": "As a result, 321 original weibos were sampled and analyzed."
  },
  {
    "sec_id": "sec0015",
    "sentence": "In the first step, we referenced the coding scheme of Na\u2019s work ([bib0140]) when analyzing motivation for tweeting scholarly articles to form a basic idea of the motivation categories.",
    "intent": "uses"
  },
  {
    "sec_id": "sec0015",
    "sentence": "50 weibos were then coded by three coders."
  },
  {
    "sec_id": "sec0015",
    "sentence": "After discussion, the initial coding scheme was formed."
  },
  {
    "sec_id": "sec0015",
    "sentence": "In the second step, another 50 weibos were coded using the initial scheme."
  },
  {
    "sec_id": "sec0015",
    "sentence": "The agreement rate was 72%."
  },
  {
    "sec_id": "sec0015",
    "sentence": "Three coders discussed again, with a particular focus on the coding disagreement and potential new categories."
  },
  {
    "sec_id": "sec0015",
    "sentence": "The initial scheme was then revised to the final version of coding scheme."
  },
  {
    "sec_id": "sec0015",
    "sentence": "In the third step, two coders coded all 321 weibos."
  },
  {
    "sec_id": "sec0015",
    "sentence": "The agreement rate was 87%."
  },
  {
    "sec_id": "sec0015",
    "sentence": "The disagreed weibos were coded again by the third coder."
  },
  {
    "sec_id": "sec0015",
    "sentence": "Mainly three aspects of weibo content were analyzed."
  },
  {
    "sec_id": "sec0015",
    "sentence": "The coding schema are presented in [tbl0010], [tbl0015], [tbl0020] ."
  },
  {
    "sec_id": "sec0015",
    "sentence": "All weibos were manually coded.(1)Motivation."
  },
  {
    "sec_id": "sec0015",
    "sentence": "Four major motivation categories are identified, which are dissemination, discussion, marketing and triggering."
  },
  {
    "sec_id": "sec0015",
    "sentence": "Dissemination has the intent of informing more people about an article, usually by providing the link of it without further explanation, or briefly mentioning highlights of the article in order to attract attention; Discussion has the intent of making certain points in an article clearer, usually by describing, reasoning, applying, summarizing, commenting or criticizing specific aspects of the article; Marketing is when an article is praised and recommended explicitly; Triggering is when an article reminds the Weibo user of something relevant."
  },
  {
    "sec_id": "sec0015",
    "sentence": "(See [tbl0010].)(2)Element."
  },
  {
    "sec_id": "sec0015",
    "sentence": "Element mentioned in the Weibo is coded to demonstrate which part of articles attracts the most Weibo attention."
  },
  {
    "sec_id": "sec0015",
    "sentence": "(See [tbl0015].)(3)Sentiment."
  },
  {
    "sec_id": "sec0015",
    "sentence": "Sentiment of the weibos indicates whether the user has a positive, neutral, or negative attitude towards the article mentioned."
  },
  {
    "sec_id": "sec0015",
    "sentence": "(See [tbl0020].)"
  },
  {
    "sec_id": "sec0015",
    "sentence": "Motivation."
  },
  {
    "sec_id": "sec0015",
    "sentence": "Four major motivation categories are identified, which are dissemination, discussion, marketing and triggering."
  },
  {
    "sec_id": "sec0015",
    "sentence": "Dissemination has the intent of informing more people about an article, usually by providing the link of it without further explanation, or briefly mentioning highlights of the article in order to attract attention; Discussion has the intent of making certain points in an article clearer, usually by describing, reasoning, applying, summarizing, commenting or criticizing specific aspects of the article; Marketing is when an article is praised and recommended explicitly; Triggering is when an article reminds the Weibo user of something relevant."
  },
  {
    "sec_id": "sec0015",
    "sentence": "(See [tbl0010].)"
  },
  {
    "sec_id": "sec0015",
    "sentence": "Element."
  },
  {
    "sec_id": "sec0015",
    "sentence": "Element mentioned in the Weibo is coded to demonstrate which part of articles attracts the most Weibo attention."
  },
  {
    "sec_id": "sec0015",
    "sentence": "(See [tbl0015].)"
  },
  {
    "sec_id": "sec0015",
    "sentence": "Sentiment."
  },
  {
    "sec_id": "sec0015",
    "sentence": "Sentiment of the weibos indicates whether the user has a positive, neutral, or negative attitude towards the article mentioned."
  },
  {
    "sec_id": "sec0015",
    "sentence": "(See [tbl0020].)"
  },
  {
    "sec_id": "sec0015",
    "sentence": "Table 2."
  },
  {
    "sec_id": "sec0015",
    "sentence": "Motivation coding scheme."
  },
  {
    "sec_id": "sec0015",
    "sentence": "Table 3."
  },
  {
    "sec_id": "sec0015",
    "sentence": "Element coding scheme."
  },
  {
    "sec_id": "sec0015",
    "sentence": "Table 4."
  },
  {
    "sec_id": "sec0015",
    "sentence": "Sentiment coding scheme."
  },
  {
    "sec_id": "sec0015",
    "sentence": "This study considers only articles among all available types of research products, and heavily relies on the accuracy of data collection by [bib0260]).",
    "intent": "uses"
  },
  {
    "sec_id": "sec0015",
    "sentence": "Therefore, the dataset is considered complete and valid enough to explore the research questions."
  },
  {
    "sec_id": "sec0015",
    "sentence": "When calculating the immediacy of Weibo altmetrics, Altmetric publication date is used as the proxy of the first public online appearance of VoR, because there is hardly a systematic way of collecting the ideal publication date."
  },
  {
    "sec_id": "sec0015",
    "sentence": "This bottleneck awaits better solution by making various dates reported by publishers more transparent and standardized ([bib0070]).",
    "intent": "background"
  },
  {
    "sec_id": "sec0060",
    "sentence": "According to [tbl0025], the coverage of Weibo is 0.5%, which is significantly dwarfed by Twitter, which has a coverage of 65.7%."
  },
  {
    "sec_id": "sec0060",
    "sentence": "Facebook (17.5%), blogs (6.2%), Wikipedia (6.2%) and News (6.0%) are also popular altmetrics sources."
  },
  {
    "sec_id": "sec0060",
    "sentence": "The only three sources having lower coverage than Weibo are Peer Reviews, Video and Q&A."
  },
  {
    "sec_id": "sec0060",
    "sentence": "Policy, Reddit and F1000 are of similar coverage level (<1%) as Weibo."
  },
  {
    "sec_id": "sec0060",
    "sentence": "The result shows that although Altmetric.com so far only tracks articles from the international academia, Weibo users are communicating global science in the Chinese society."
  },
  {
    "sec_id": "sec0060",
    "sentence": "Table 5."
  },
  {
    "sec_id": "sec0060",
    "sentence": "Relative coverage of Weibo compared with other altmetrics sources."
  },
  {
    "sec_id": "sec0060",
    "sentence": "Altmetrics was proposed to be more immediate than citations, which usually take months or years to accumulate ([bib0160].",
    "intent": "background"
  },
  {
    "sec_id": "sec0060",
    "sentence": "To confirm this, we defined and calculated the immediacy of Weibo posts, as well as Twitter and the general altmetrics."
  },
  {
    "sec_id": "sec0060",
    "sentence": "Results are shown in [fig0010]."
  },
  {
    "sec_id": "sec0060",
    "sentence": "Regarding Weibo, [fig0010]-A shows that Weibo altmetrics is more immediate compared with citations, in that 69% of articles with Weibo attention are captured within 180\u00a0days."
  },
  {
    "sec_id": "sec0060",
    "sentence": "It\u2019s highlighted that 44% of articles in the dataset get their first Weibo post in no more than 7\u00a0days, and particularly, 7% of them have Weibo posts prior to their formal publication."
  },
  {
    "sec_id": "sec0060",
    "sentence": "Still, 27% of the articles receive fairly lagged (Tpw\u00a0>\u00a0360\u00a0days) Weibo attention, implying that Weibo users also discuss old articles."
  },
  {
    "sec_id": "sec0060",
    "sentence": "The general altmetrics respond more slowly than Weibo."
  },
  {
    "sec_id": "sec0060",
    "sentence": "As [fig0010]-B illustrates, 46% of general altmetrics happen more than 360\u00a0days after publishing."
  },
  {
    "sec_id": "sec0060",
    "sentence": "This implies that altmetrics sources have different levels of immediacy, and some of them may not be as immediate as expected."
  },
  {
    "sec_id": "sec0060",
    "sentence": "Next, we compared the immediacy of Weibo with Twitter."
  },
  {
    "sec_id": "sec0060",
    "sentence": "In [fig0010]-C, it can be seen that Twitter shares a similar immediacy distribution with Weibo, reflected in that 64% of tweeted articles are firstly tweeted within 180\u00a0days, 37% of them receive their first tweet within 7\u00a0days, and particularly, 12% are tweeted before formal publishing."
  },
  {
    "sec_id": "sec0060",
    "sentence": "[fig0010]-D is the immediacy distribution of Twitter in a broader time span, showing a slight drop in time interval of [0,1] and (1, 7], and a bit of rise in [180,360] and (360,)."
  },
  {
    "sec_id": "sec0060",
    "sentence": "Nevertheless, the shape of the curve is basically the same with [fig0010]-C, demonstrating that the distribution is stable and reflects the nature of Twitter altmetrics."
  },
  {
    "sec_id": "sec0060",
    "sentence": "Citation distribution is well known for its skewness ([bib0185]).",
    "intent": "background"
  },
  {
    "sec_id": "sec0060",
    "sentence": "Therefore, we investigated whether Weibo altmetrics follows a similar distribution."
  },
  {
    "sec_id": "sec0060",
    "sentence": "[fig0015] is the cumulative post counts distribution of Weibo in comparison with Twitter."
  },
  {
    "sec_id": "sec0060",
    "sentence": "As is seen, the distribution is heavily skewed."
  },
  {
    "sec_id": "sec0060",
    "sentence": "10% of the articles are mentioned by 61% of the weibos, and 20% of the articles are discussed in 72% of the weibos."
  },
  {
    "sec_id": "sec0060",
    "sentence": "The skewness is even more significant in Twitter altmetrics\u2019 distribution, with 10% of the articles mentioned in 66% of the tweets and 20% articles discussed in 76% of the total tweets."
  },
  {
    "sec_id": "sec0060",
    "sentence": "[fig0020] compares the distribution of Twitter altmetrics and citation, using Scopus citation data and [bib0245]).",
    "intent": "background"
  },
  {
    "sec_id": "sec0060",
    "sentence": "As shown in [fig0020], 10% of journal articles accumulate only around 42% of total citations, and 20% of journal articles account for about 61% of overall citations."
  },
  {
    "sec_id": "sec0060",
    "sentence": "Hence, the overall skewness of microblog altmetrics is higher than citations."
  },
  {
    "sec_id": "sec0060",
    "sentence": "[fig0025] illustrates Weibo altmetrics distribution from another perspective."
  },
  {
    "sec_id": "sec0060",
    "sentence": "Weibo has 65.5% of articles with only 1 post, 12.9% of articles with 2 posts, and 5.5% of articles with 3 posts."
  },
  {
    "sec_id": "sec0060",
    "sentence": "In other words, 83.9% of the articles obtain no more than 3 posts if they receive any Weibo attention."
  },
  {
    "sec_id": "sec0060",
    "sentence": "Compared with Weibo, Twitter has less articles that get tweeted only once (44.4%), but more articles that get tweeted twice (19.2%)."
  },
  {
    "sec_id": "sec0060",
    "sentence": "In total, 73.6% of the articles are tweeted no more than 3 times."
  },
  {
    "sec_id": "sec0060",
    "sentence": "The distribution demonstrates a low level of both Weibo and Twitter altmetrics for most articles."
  },
  {
    "sec_id": "sec0060",
    "sentence": "Moreover, not a single article gets more than 500 Weibo posts; Whereas, a small portion of articles receive over 500 tweets, and in rare cases, the number of tweets could reach 17,679."
  },
  {
    "sec_id": "sec0060",
    "sentence": "On average, a weiboed article receives 3.5 weibos, and a tweeted article receives 6.2 tweets."
  },
  {
    "sec_id": "sec0060",
    "sentence": "Results of the content analysis of the top 1% of weibos are shown in Tables [tbl0030], [tbl0035] and [tbl0045] ."
  },
  {
    "sec_id": "sec0060",
    "sentence": "In addition, statistical result of how motivation and element co-occur is shown in [tbl0040]."
  },
  {
    "sec_id": "sec0060",
    "sentence": "Table 6."
  },
  {
    "sec_id": "sec0060",
    "sentence": "Motivation coding result."
  },
  {
    "sec_id": "sec0060",
    "sentence": "Table 7."
  },
  {
    "sec_id": "sec0060",
    "sentence": "Element coding result."
  },
  {
    "sec_id": "sec0060",
    "sentence": "Table 8."
  },
  {
    "sec_id": "sec0060",
    "sentence": "Distribution of motivation-element pair (NO."
  },
  {
    "sec_id": "sec0060",
    "sentence": ">\u00a03)."
  },
  {
    "sec_id": "sec0060",
    "sentence": "*M."
  },
  {
    "sec_id": "sec0060",
    "sentence": "is motivation; E."
  },
  {
    "sec_id": "sec0060",
    "sentence": "is element; NO."
  },
  {
    "sec_id": "sec0060",
    "sentence": "is the number of combination of M."
  },
  {
    "sec_id": "sec0060",
    "sentence": "and E.; Percentage."
  },
  {
    "sec_id": "sec0060",
    "sentence": "is the percentage of the combination in all possible combinations."
  },
  {
    "sec_id": "sec0060",
    "sentence": "For the code number, please refer to [tbl0030], [tbl0035]."
  },
  {
    "sec_id": "sec0060",
    "sentence": "*M."
  },
  {
    "sec_id": "sec0060",
    "sentence": "is motivation; E."
  },
  {
    "sec_id": "sec0060",
    "sentence": "is element; NO."
  },
  {
    "sec_id": "sec0060",
    "sentence": "is the number of combination of M."
  },
  {
    "sec_id": "sec0060",
    "sentence": "and E.; Percentage."
  },
  {
    "sec_id": "sec0060",
    "sentence": "is the percentage of the combination in all possible combinations."
  },
  {
    "sec_id": "sec0060",
    "sentence": "For the code number, please refer to [tbl0030], [tbl0035]."
  },
  {
    "sec_id": "sec0060",
    "sentence": "Table 9."
  },
  {
    "sec_id": "sec0060",
    "sentence": "Sentiment coding result."
  },
  {
    "sec_id": "sec0060",
    "sentence": "[tbl0030] shows that the most common motivation for weiboing an article is to disseminate this article by providing both a link and some perfunctory introduction (code 1.6, 20.9%)."
  },
  {
    "sec_id": "sec0060",
    "sentence": "It is followed by to discuss by elaborating the academic usefulness of the article (code 2.3, 11.5%), to discuss by elaborating the practical usefulness of the article (code 2.4, 10.3%) and to discuss by elaborating the surprising part(s) (code 2.2, 10.3%) or interesting part(s) (code 2.1, 7.5%) of the article."
  },
  {
    "sec_id": "sec0060",
    "sentence": "Meanwhile, a small percentage of marketing (6.2%) and triggering (1.6%) are observed."
  },
  {
    "sec_id": "sec0060",
    "sentence": "In general, discussion is the major motivation category (51.4%)."
  },
  {
    "sec_id": "sec0060",
    "sentence": "[tbl0035] shows that a large percentage of weibos (code 11, 33%) mention no element of the articles."
  },
  {
    "sec_id": "sec0060",
    "sentence": "The most commonly mentioned element of articles in Weibo is the conclusion (code 4, 23.1%)."
  },
  {
    "sec_id": "sec0060",
    "sentence": "It\u2019s followed by the main topic of the article (code 7, 14.3%) and fragment of content (code 6, 8.7%)."
  },
  {
    "sec_id": "sec0060",
    "sentence": "[tbl0040] shows the pattern of how the motivation categories co-occur with the element categories."
  },
  {
    "sec_id": "sec0060",
    "sentence": "It is common to see in weibos that an article link with perfunctory introduction co-occur with no mention of any element of the article (14%)."
  },
  {
    "sec_id": "sec0060",
    "sentence": "Plenty of weibos discuss the conclusions of the article because they are practically useful (7.8%) or interesting (5%)."
  },
  {
    "sec_id": "sec0060",
    "sentence": "Users also mention fragment of content in the article because they find it beyond normal expectation (4.7%)."
  },
  {
    "sec_id": "sec0060",
    "sentence": "[tbl0045] shows that most of weibos are neutral (84.7%), certain percentage are positive (13.4%), and very few are negative (1.9%)."
  },
  {
    "sec_id": "sec0060",
    "sentence": "In citation analysis, Garfield\u2019s law of concentration ([bib0050]) indicates that a few core journals receive most of the citations.",
    "intent": "background"
  },
  {
    "sec_id": "sec0060",
    "sentence": "In our study, we include the source distribution of Weibo metrics in [fig0030]."
  },
  {
    "sec_id": "sec0060",
    "sentence": "[fig0030]-A highlights the coverage of the top weiboed sources."
  },
  {
    "sec_id": "sec0060",
    "sentence": "The most frequently weiboed source alone has 8.2% of all the Weibo posts, and the 10 top weiboed sources has 30.6% of the total Weibo posts."
  },
  {
    "sec_id": "sec0060",
    "sentence": "Twitter shows a similar phenomenon, with the most frequently tweeted source accounting for 10.3% of the total tweets."
  },
  {
    "sec_id": "sec0060",
    "sentence": "Nevertheless, the increasing speed of cumulative percentage afterwards is lower than Weibo, due to the large number of tweeted sources."
  },
  {
    "sec_id": "sec0060",
    "sentence": "[fig0030]-B shows the distribution of mentioned articles over percentage of sources, rather than the absolute number."
  },
  {
    "sec_id": "sec0060",
    "sentence": "Curves of Weibo and Twitter meet at point (5.5%, 62.3%)."
  },
  {
    "sec_id": "sec0060",
    "sentence": "Before this point, the Weibo curve is above Twitter curve, which means that the same percentage of mentioned sources have a higher percentage of posts than Twitter."
  },
  {
    "sec_id": "sec0060",
    "sentence": "In other words, Weibo altmetrics has a more concentrated core source area."
  },
  {
    "sec_id": "sec0060",
    "sentence": "The overall concentration degree of Weibo altmetrics is higher than citations, as less than 10% of the sources (200 sources) cover 68% of the total weiboed articles, whereas Garfield\u2019s study ([bib0045]) showed 10% sources received 51% of all the citations.",
    "intent": "background"
  },
  {
    "sec_id": "sec0060",
    "sentence": "[fig0030]-C examines the distribution using Bradford\u2019s method ([bib0235]), where journals are ranked in descending order by number of posts.",
    "intent": "uses"
  },
  {
    "sec_id": "sec0060",
    "sentence": "N is the cumulative number of journals, and R(n) is the cumulative number of posts."
  },
  {
    "sec_id": "sec0060",
    "sentence": "According to Bradford\u2019s law, the distribution curve consists of three parts: an exponential increase representing the core journals, followed by a linear increase representing relevant journals, and a logarithmic increase representing irrelevant journals."
  },
  {
    "sec_id": "sec0060",
    "sentence": "As shown in [fig0030]-C, the Weibo curve is linear, while the Twitter curve shows clearly three separate parts."
  },
  {
    "sec_id": "sec0060",
    "sentence": "In other words, Twitter altmetrics follows the traditional Bradford\u2019s law, and the tweeted sources can be classified into three sections."
  },
  {
    "sec_id": "sec0060",
    "sentence": "Meanwhile, 2412 sources were mentioned by 10,606 Weibo posts, while 37,986 sources were mentioned by 3.16 million tweets."
  },
  {
    "sec_id": "sec0060",
    "sentence": "The number of both the sources and posts of Weibo were dwarfed by those of Twitter."
  },
  {
    "sec_id": "sec0060",
    "sentence": "[tbl0050] lists the top 15 weiboed and tweeted sources respectively."
  },
  {
    "sec_id": "sec0060",
    "sentence": "From [tbl0050], Weibo shares many top posted sources with Twitter."
  },
  {
    "sec_id": "sec0060",
    "sentence": "In addition to traditional multidisciplinary journals like Nature, Science, PNAS and prestigious professional journals like The Lancet, open access journals and preprint platforms like PLoS ONE and arXiv are also widely discussed on Weibo and Twitter."
  },
  {
    "sec_id": "sec0060",
    "sentence": "Meanwhile, Weibo has its own emphasis on some specific journals which reflects Chinese local attention."
  },
  {
    "sec_id": "sec0060",
    "sentence": "For example, Cell, along with Science and Nature (SNC), are all considered highly recognized top-tier journals in China ([bib0190]).",
    "intent": "background"
  },
  {
    "sec_id": "sec0060",
    "sentence": "According to [tbl0050], Cell gains high attention on Weibo, but not equal attention on Twitter, being ranked 87th among all the highly tweeted journals."
  },
  {
    "sec_id": "sec0060",
    "sentence": "Other examples are Science Translational Medicine and Neuron, which are both highly mentioned on Weibo but much less visible on Twitter."
  },
  {
    "sec_id": "sec0060",
    "sentence": "In general, multidisciplinary journals and medical science sources get the most attention on Weibo."
  },
  {
    "sec_id": "sec0060",
    "sentence": "Twitter users pay much attention to chemical science sources, for example, Angewandte Chemie International Edition (a German chemical journal) and JAMA."
  },
  {
    "sec_id": "sec0060",
    "sentence": "Table 10."
  },
  {
    "sec_id": "sec0060",
    "sentence": "Top weiboed sources vs."
  },
  {
    "sec_id": "sec0060",
    "sentence": "top tweeted sources (top 15)."
  },
  {
    "sec_id": "sec0060",
    "sentence": "*Shared top posted sources are denoted in bold."
  },
  {
    "sec_id": "sec0060",
    "sentence": "*Shared top posted sources are denoted in bold."
  },
  {
    "sec_id": "sec0060",
    "sentence": "In addition, a Spearman\u2019s rank-order correlation was run to determine the relationship between the lists of weiboed and tweeted sources."
  },
  {
    "sec_id": "sec0060",
    "sentence": "In total, 2414 sources are mentioned on Weibo; 37986 sources are mentioned on Twitter."
  },
  {
    "sec_id": "sec0060",
    "sentence": "2006 sources are mentioned by both Weibo and Twitter."
  },
  {
    "sec_id": "sec0060",
    "sentence": "There is a strong, positive correlation between these two list of sources (rs(2006)\u00a0=\u00a00.75, p\u00a0=\u00a00.00)."
  },
  {
    "sec_id": "sec0060",
    "sentence": "As observed above, journals that are both highly weiboed and tweeted have high Impact Factors."
  },
  {
    "sec_id": "sec0060",
    "sentence": "To explore the relationship between Impact Factor and the attention on both Weibo and Twitter, we first examined how much common journals Weibo and Twitter users pay attention to."
  },
  {
    "sec_id": "sec0060",
    "sentence": "[fig0035] shows that largely, around 40% of journals are both weiboed and tweeted, regardless of the number of top journals we look at."
  },
  {
    "sec_id": "sec0060",
    "sentence": "Particularly, the most top weiboed and tweeted articles overlap even more."
  },
  {
    "sec_id": "sec0060",
    "sentence": "We then examined whether weiboed or tweeted journals have higher Impact Factors."
  },
  {
    "sec_id": "sec0060",
    "sentence": "The average JIF (Journal Impact Factor) percentile reported in JCR (Journal Citation Reports) 2015, designed for measuring Impact Factor of journals across field, is used for comparison\u2019s purpose."
  },
  {
    "sec_id": "sec0060",
    "sentence": "[fig0040] shows that the average JIF percentiles of the tweeted journals are evenly distributed, with approximately 5% of the tweeted journals falling on each level of average JIF percentile."
  },
  {
    "sec_id": "sec0060",
    "sentence": "Compared with Twitter, weiboed journals have their average JIF percentiles more prevailingly falling on the higher levels."
  },
  {
    "sec_id": "sec0060",
    "sentence": "For example, more than 15% of weiboed journals have average JIF percentiles higher than 95%."
  },
  {
    "sec_id": "sec0060",
    "sentence": "This indicates that Weibo users pay more attention to higher impact journals, but Twitter users do not have a preference on high impact journals."
  },
  {
    "sec_id": "sec0060",
    "sentence": "There are significant disciplinary differences regarding citation indicators."
  },
  {
    "sec_id": "sec0060",
    "sentence": "Comparison between citations of physics publications and that of psychology ones, for example, can thus be misleading."
  },
  {
    "sec_id": "sec0060",
    "sentence": "We investigate the disciplinary differences of Weibo altmetrics based on Ss (see Methodology, Section [sec0045])."
  },
  {
    "sec_id": "sec0060",
    "sentence": "From [fig0045], we see that the most frequently weiboed articles are from General disciplines (20.5%)."
  },
  {
    "sec_id": "sec0060",
    "sentence": "This means that interdisciplinary content gains the most attention from Weibo."
  },
  {
    "sec_id": "sec0060",
    "sentence": "Biochemistry, Genetics and Molecular Biology (14.4%) is ranked the second."
  },
  {
    "sec_id": "sec0060",
    "sentence": "It\u2019s followed by Health sciences (13.4%) and Medicine (13.2%), which get the third and fourth position respectively."
  },
  {
    "sec_id": "sec0060",
    "sentence": "The next is \u201cLife Sciences\u201d, which is ranked the fifth."
  },
  {
    "sec_id": "sec0060",
    "sentence": "These five disciplines are the most frequently weiboed disciplines."
  },
  {
    "sec_id": "sec0060",
    "sentence": "Each of them has a percentage over 10%, and they together occupy 72.3% of all the weiboed articles."
  },
  {
    "sec_id": "sec0060",
    "sentence": "The following disciplines are \u201cSocial Sciences\u201d (6.4%), \u201cPhysical Sciences\u201d (4.2%), \u201cNeuroscience\u201d (2.2%), \u201cPsychology\u201d (1.8%), \u201cEconomics, Econometrics and Finance\u201d (1.7%), \u201cAgricultural and Biological Sciences\u201d (1.5%), and \u201cPhysics and Astronomy\u201d (1.2%)."
  },
  {
    "sec_id": "sec0060",
    "sentence": "These 7 disciplines have percentages over 1% and together occupy 19.1% of all weiboed articles."
  },
  {
    "sec_id": "sec0060",
    "sentence": "The rest 19 disciplines occupy the remaining 8.6% of all the weiboed articles."
  },
  {
    "sec_id": "sec0060",
    "sentence": "Twitter users, on the other hand, discuss mostly about Health Science discipline (22.1%), and then Medicine (20.8%) and Life Science (10.7%), followed by Social Science (7.6%) and Physical Science (7%)."
  },
  {
    "sec_id": "sec0060",
    "sentence": "The fact that both Weibo and Twitter users discuss extensively about Health Science and Medicine indicates that these two disciplines are of special interest to users of microblog services."
  },
  {
    "sec_id": "sec0060",
    "sentence": "Meanwhile, Weibo users pay the most attention to General and Biochemistry, Genetics and Molecular Biology, showing Chinese scientists\u2019 attention to these two disciplines."
  },
  {
    "sec_id": "sec0060",
    "sentence": "While the discipline distribution based on Ss provides a macro view, the distribution based on Sp and Sm provide further insight as shown in [tbl0055]."
  },
  {
    "sec_id": "sec0060",
    "sentence": "From [tbl0055], we see discipline distributions based on Sp and Sm are basically in accordance with that based on Ss, but with more details."
  },
  {
    "sec_id": "sec0060",
    "sentence": "For example, under general \u201cBiology Sciences\u201d, it is found that \u201cCell biology\u201d (8.6%\uff0cSm#3), \u201cMolecular biology\u201d (3.3%, Sm#6), and \u201cGenetics\u201d (1.1%, Sm#18) are more mentioned and discussed by Weibo users."
  },
  {
    "sec_id": "sec0060",
    "sentence": "Under \u201cMedical Sciences\u201d, it is found that \u201cClinical Sciences\u201d (4%, Sp#5), \u201cOncology\u201d (3.3%,Sp#7\uff1b5.3%, Sm#4), \u201cNeurosciences\u201d (3.4%, Sp#6; 4.4%, Sm#5), and \u201cAllergy and immunology\u201d (2%,Sm#9) obtain relatively higher Weibo attention."
  },
  {
    "sec_id": "sec0060",
    "sentence": "Under the \u201cSocial Sciences\u201d category, \u201cCognitive Science\u201d (4.3%, Sp#4), \u201cPsychology\u201d (3.1%, Sp#8; 2.3%, Sm#8), \u201cEconomics\u201d (1%,Sp#17), and \u201cPolitical Science\u201d (Sp#18) are most frequently weiboed."
  },
  {
    "sec_id": "sec0060",
    "sentence": "Table 11."
  },
  {
    "sec_id": "sec0060",
    "sentence": "Top weiboed disciplines (based on Sp and Sm)."
  },
  {
    "sec_id": "sec0060",
    "sentence": "* Sp#1 represents No.1 in Sp category."
  },
  {
    "sec_id": "sec0060",
    "sentence": "* Sp#1 represents No.1 in Sp category."
  },
  {
    "sec_id": "sec0095",
    "sentence": "This is a type-B study, which pays particular attention to how international research is discussed locally."
  },
  {
    "sec_id": "sec0095",
    "sentence": "The paper shows that the relative coverage of Weibo altmetrics over global science is 0.5%."
  },
  {
    "sec_id": "sec0095",
    "sentence": "This percentage is similar to Peer Review (0.5%), and higher than several global altmetrics sources like Video (0.4%) and Q&A (0.2%)."
  },
  {
    "sec_id": "sec0095",
    "sentence": "However, it is significantly dwarfed by Twitter (65.7%)."
  },
  {
    "sec_id": "sec0095",
    "sentence": "This shows different levels of attention between a local and a global microblog service."
  },
  {
    "sec_id": "sec0095",
    "sentence": "By combining our finding with the previously measured absolute coverage, for example, the Twitter coverage of PubMed articles ([bib0065]), the absolute coverage of Weibo can be estimated.",
    "intent": "uses"
  },
  {
    "sec_id": "sec0095",
    "sentence": "Chinese scholars have been calling on establishing Chinese altmetrics infrastructure."
  },
  {
    "sec_id": "sec0095",
    "sentence": "The full scholarly communication activeness of Weibo on both domestic and international research should be measured in the future."
  },
  {
    "sec_id": "sec0095",
    "sentence": "Immediacy can be a relative concept according to different interpretations and research goals."
  },
  {
    "sec_id": "sec0095",
    "sentence": "Compared with the citation window, captures within 180\u00a0days on Weibo are acceptable to be defined as immediate."
  },
  {
    "sec_id": "sec0095",
    "sentence": "The study shows proof of the immediacy of Weibo, Twitter and general altmetrics."
  },
  {
    "sec_id": "sec0095",
    "sentence": "69% of weiboed articles received their first weibo within 180\u00a0days of publication, 44% were within 7\u00a0days, and 7% were prior to formal publishing."
  },
  {
    "sec_id": "sec0095",
    "sentence": "In contrast, 64% of tweeted articles had their first tweet within 180\u00a0days."
  },
  {
    "sec_id": "sec0095",
    "sentence": "The distribution of Weibo altmetrics is, compared with citations, more skewed on the article level, is more concentrated on the source level, and presents significant differences on the discipline level."
  },
  {
    "sec_id": "sec0095",
    "sentence": "Specifically, 20% of weiboed articles are mentioned by 70% of the weibos."
  },
  {
    "sec_id": "sec0095",
    "sentence": "The average number of weibos each article receives is 3.5, despite the fact that 84% of the weiboed articles receive no more than 3 weibos."
  },
  {
    "sec_id": "sec0095",
    "sentence": "Twitter has this similar pattern \u2212 20% of tweeted articles obtains 77% of tweets."
  },
  {
    "sec_id": "sec0095",
    "sentence": "Each article receives an average of 6.2 articles, and 74% of the tweeted articles had no more than 3 tweets."
  },
  {
    "sec_id": "sec0095",
    "sentence": "The high skewness indicates that Weibo altmetrics is able to distinguish featured studies."
  },
  {
    "sec_id": "sec0095",
    "sentence": "The source distribution of Weibo altmetrics is concentrated, even more so than Bradford\u2019s law distribution."
  },
  {
    "sec_id": "sec0095",
    "sentence": "This reflects China\u2019s biased attention to prestigious journals, because Chinese universities and institutions have unbalanced rewards on publications in these journals ([bib0195], [bib0085]).",
    "intent": "background"
  },
  {
    "sec_id": "sec0095",
    "sentence": "In contrast, Twitter users discuss more diverse sources, reflected in that Figshare is also among the top tweeted sources."
  },
  {
    "sec_id": "sec0095",
    "sentence": "Nevertheless, both Weibo and Twitter users pay much attention to medical sources, which indicates that medical research is of similar level of interest to China and other nations."
  },
  {
    "sec_id": "sec0095",
    "sentence": "Content analysis of weibos discussing highly weiboed articles is especially useful in explaining the value of the scientific weibos."
  },
  {
    "sec_id": "sec0095",
    "sentence": "It is found that to disseminate by giving perfunctory introduction was the most common motivation for posting the scientific weibos."
  },
  {
    "sec_id": "sec0095",
    "sentence": "Moreover, to highlight or elaborate the academic usage, practical usage, interesting parts or surprising parts are all common motivations for weiboing an article."
  },
  {
    "sec_id": "sec0095",
    "sentence": "This is in accordance with a previous study that shows highly tweeted articles tend to be curious or funny, have potential health applications, and concern the whole scholarly community ([bib0065]).",
    "intent": "similarities"
  },
  {
    "sec_id": "sec0095",
    "sentence": "Another previous content analysis ([bib0225]) finds that 42% of scientific tweets echo the article title.",
    "intent": "background"
  },
  {
    "sec_id": "sec0095",
    "sentence": "Our study showed, however, that conclusion (23%) is the most frequently mentioned element of articles on Weibo, and 33% of the weibos do not mention the article at all."
  },
  {
    "sec_id": "sec0100",
    "sentence": "The study, based on a large-scale dataset, reveals characteristics of Sina Weibo as an important local altmetrics platform on which global science is discussed."
  },
  {
    "sec_id": "sec0100",
    "sentence": "We conducted a systematic comparison between Weibo and the global microblogging platform, Twitter, aiming to draw attention to local altmetrics in developing countries, to investigate the common features of microblog altmetrics, and to shed light on cultural differences in scholarly communication on these social media platforms."
  },
  {
    "sec_id": "sec0100",
    "sentence": "Sina Weibo, as a local social media platform in China, is meanwhile the world\u2019s second largest microblog service."
  },
  {
    "sec_id": "sec0100",
    "sentence": "Weibo users discuss global science more actively than it is discussed on several global altmetrics sources."
  },
  {
    "sec_id": "sec0100",
    "sentence": "Being a channel connecting global science and regional community, local social media should be considered as an integral part of the altmetrics landscape."
  },
  {
    "sec_id": "sec0100",
    "sentence": "Strong evidence shows that Weibo, as well as Twitter and general altmetrics, have significant immediacy advantage over citations, endorsing earlier claims that altmetrics can potentially detect more realtime impact of research products."
  },
  {
    "sec_id": "sec0100",
    "sentence": "The highly skewed distribution of Weibo and Twitter altmetrics is not surprising considering their nature of social media ([bib0025]; [bib0095]).",
    "intent": "background"
  },
  {
    "sec_id": "sec0100",
    "sentence": "However, certain types of articles, a number of journals and specific disciplines are found to attract more Weibo attention."
  },
  {
    "sec_id": "sec0100",
    "sentence": "The common motivations for posting scientific weibos is to disseminate or discuss the articles because they are interesting, surprising, academically useful, or practically useful."
  },
  {
    "sec_id": "sec0100",
    "sentence": "Weibo users pay particular attention on prestigious journals because of the Chinese academic reward system, which has biased awards for publications in these journals."
  },
  {
    "sec_id": "sec0100",
    "sentence": "In addition, discussion of articles published on important open access platforms confirms China\u2019s acceptance of new forms of scientific communication."
  },
  {
    "sec_id": "sec0100",
    "sentence": "While focusing the most on General and \u201cBiochemistry, Genetics and Molecular Biology\u201d, Weibo users share interest in top discussed disciplines such as Health science, Medicine and Life Science, with Twitter."
  },
  {
    "sec_id": "sec0100",
    "sentence": "These disciplines with comparatively higher coverage of altmetrics, above other disciplines, can make use of social media scholarly communication and altmetrics to better achieve their development goals."
  },
  {
    "sec_id": "sec0100",
    "sentence": "This study considers only articles."
  },
  {
    "sec_id": "sec0100",
    "sentence": "However, other types of research products also matter."
  },
  {
    "sec_id": "sec0100",
    "sentence": "As altmetrics studies evolve, researchers have noted that Twitter accounts are of different backgrounds, for example, automatic bots maintained by individuals or institutions ([bib0075]).",
    "intent": "background"
  },
  {
    "sec_id": "sec0100",
    "sentence": "Different user categories are also shown to have influence on the value of tweets ([bib0250]).",
    "intent": "background"
  },
  {
    "sec_id": "sec0100",
    "sentence": "Therefore, more content analysis taking context information into account is needed, to further reveal the nature of Weibo and general altmetrics."
  },
  {
    "sec_id": "sec0105",
    "sentence": "See [tbl0060]."
  },
  {
    "sec_id": "sec0105",
    "sentence": "Table A1."
  },
  {
    "sec_id": "sec0105",
    "sentence": "Abbreviation of Scopus disciplines"
  }
]