[
  {
    "sec_id": "sec0005",
    "sentence": "To count publications is the most basic task in evaluative bibliometrics and scientometrics ([bib0015]).",
    "intent": "background"
  },
  {
    "sec_id": "sec0005",
    "sentence": "The outcome of any such task, usually a ranking or other comparative assessment, is determined by how the countable units of publication are selected and accredited."
  },
  {
    "sec_id": "sec0005",
    "sentence": "Hence, when two rankings based on the same set of publications produce fundamentally different results, at least one must be misleading as a consequence of inaccurate accreditation."
  },
  {
    "sec_id": "sec0005",
    "sentence": "Systematic inaccuracies in accreditation arise when authorship credit is not divided among coauthors, i.e. inflationary bias, or when credit is divided equally among coauthors who have not contributed equally, i.e. equalizing bias ([bib0030]).",
    "intent": "background"
  },
  {
    "sec_id": "sec0005",
    "sentence": "Here, the question of interest is: How serious is the effect of these biases?"
  },
  {
    "sec_id": "sec0005",
    "sentence": "It is known from several studies comparing inflated and fractional credit that inflationary bias alters publication performance rankings ([bib0005], [bib0020], [bib0025], [bib0050], [bib0055], [bib0100], [bib0110]).",
    "intent": "background"
  },
  {
    "sec_id": "sec0005",
    "sentence": "However, the possibility that both inflated and fractional rankings are misleading cannot be dismissed as long as neither ranking is corrected for equalizing bias."
  },
  {
    "sec_id": "sec0005",
    "sentence": "Less is known about the effect of equalizing bias."
  },
  {
    "sec_id": "sec0005",
    "sentence": "One study found that rankings of h-index scores were gravely distorted by both biases ([bib0030]), and another study estimated that equalizing bias accounted for approximately 60% of the variation in a composite empirical dataset ([bib0040]).",
    "intent": "background"
  },
  {
    "sec_id": "sec0005",
    "sentence": "These results suggest that the distortional effect of equalizing bias may be comparable to the effect of inflationary bias."
  },
  {
    "sec_id": "sec0005",
    "sentence": "Furthermore, it is important to account for equalizing bias as it may affect a majority of contemporary publications ([bib0125]), and because it controverts the purpose of performance ranking by diverting credit from primary authors to secondary authors ([bib0030]).",
    "intent": "background"
  },
  {
    "sec_id": "sec0005",
    "sentence": "In this study I compare the separate and combined effects of equalizing bias and inflationary bias on the ranking of leading Canadian aquaculture researchers, and show that both biases have a detrimental effect on accuracy."
  },
  {
    "sec_id": "sec0005",
    "sentence": "I conclude by discussing the need to move from proxies of authorship credit to more accurate estimates based on all available relevant information in order to construct reliable publication performance rankings."
  },
  {
    "sec_id": "sec0010",
    "sentence": "The empirical data were independently derived from a ranking of leading Canadian aquaculture researchers ([bib0095], table XIX, p.",
    "intent": "uses"
  },
  {
    "sec_id": "sec0010",
    "sentence": "34)."
  },
  {
    "sec_id": "sec0010",
    "sentence": "The number of publications for each researcher was matched using the same time frame (1996-2008) and publication types (journal articles, conference papers, notes, and reviews from peer-reviewed journals) to extract data for each researcher from the same commercial database vendor (Scopus)."
  },
  {
    "sec_id": "sec0010",
    "sentence": "This task was nontrivial as the number of obvious aquaculture publications for each researcher rarely corresponded to their number in table XIX ([bib0095]), and publications of possible relevance for aquaculture had to be omitted or added in order to obtain a matching number.",
    "intent": "background"
  },
  {
    "sec_id": "sec0010",
    "sentence": "This approach worked for 35 of the 36 researchers in the original table."
  },
  {
    "sec_id": "sec0010",
    "sentence": "But for one researcher who was listed with 19 \u201caquaculture\u201d publications, I found it impossible to make a meaningful selection of papers among the approximately 70 publications provided by the Scopus database."
  },
  {
    "sec_id": "sec0010",
    "sentence": "This researcher had conducted basic research using cell cultures derived from the tissue of aquaculture species, and it is easy to see how a keyword search in a library database could deliver an imprecise result."
  },
  {
    "sec_id": "sec0010",
    "sentence": "The end result was a replicate dataset consisting of 699 authorship contributions from 35 researchers, to 531 research papers from 120 different journals (The replicate dataset is available on request)."
  },
  {
    "sec_id": "sec0010",
    "sentence": "Only 10 publications were single-authored (1.9% of 531 papers), and I was unable to detect any unequivocal indication of equality among the coauthored contributions (98.6% of 689 contributions from 521 papers)."
  },
  {
    "sec_id": "sec0010",
    "sentence": "However, 125 contributions came from coauthored papers where senior authorship was indicated by the presence of a corresponding last author."
  },
  {
    "sec_id": "sec0010",
    "sentence": "Rankings were constructed by tallying inflated, fractional and harmonic credit scores for each of the 35 researchers in the replicate data set."
  },
  {
    "sec_id": "sec0010",
    "sentence": "Inflated credit was calculated by using contribution count as a proxy for authorship credit (cf."
  },
  {
    "sec_id": "sec0010",
    "sentence": "[bib0095]), i.e. by assigning one full unit of authorship credit repeatedly to every coauthor:(1)Inflatedith author credit=1",
    "intent": "uses"
  },
  {
    "sec_id": "sec0010",
    "sentence": "Fractional credit was obtained by dividing one full unit of credit equally among all N coauthors of a multi-authored publication as follows:(2)Fractionalith author credit=1N"
  },
  {
    "sec_id": "sec0010",
    "sentence": "Harmonic authorship credit for the ith author of a publication with N coauthors was calculated according to the following formula ([bib0030], [bib0040], [bib0045]):(3)Harmonicith author credit=1/i1+(1/2)+\u22ef+(1/N)",
    "intent": "uses"
  },
  {
    "sec_id": "sec0010",
    "sentence": "I assumed that the presence of a corresponding last author indicated a senior author whose contribution was equivalent to the contribution of the first author (cf."
  },
  {
    "sec_id": "sec0010",
    "sentence": "[bib0010], [bib0090]).",
    "intent": "background"
  },
  {
    "sec_id": "sec0010",
    "sentence": "In such cases, the first and the senior author share the credit for the 1st and 2nd position, and this reduces the credit of intermediate coauthors by one position as follows (cf."
  },
  {
    "sec_id": "sec0010",
    "sentence": "[bib0030], Fig.",
    "intent": "background"
  },
  {
    "sec_id": "sec0010",
    "sentence": "5):(4)1st and senior(Nth)author credit=1+(1/2)2(1+(1/2)+\u22ef+(1/N))(5)Intermediate(i=2,\u2026,N\u22121)author credit=1/(i+1)1+(1/2)+\u22ef+(1/N)"
  },
  {
    "sec_id": "sec0010",
    "sentence": "The accuracy of the harmonic formula was unrivalled by other formulations from the bibliometric literature, when assessed against an empirical baseline ([bib0035], [bib0040]).",
    "intent": "uses"
  },
  {
    "sec_id": "sec0010",
    "sentence": "Kendall's rank correlation coefficient \u03c4 (tau) ([bib0065]) was determined for each pair of harmonic (H), fractional (F), and inflated (I) credit scores, \u03c4HF, \u03c4HI, and \u03c4FI, using the statistical software package R ([bib0060], [bib0070]), as follows:(6)\u03c4HI.F=\u03c4HI\u2212\u03c4HF\u03c4IF(1\u2212\u03c4HF2)(1\u2212\u03c4IF2)\u03c4HI.F is a measure of the correlation between the harmonic (H) and inflated (I) rankings after eliminating the effect of their correlation with the fractional ranking (F).",
    "intent": "uses"
  },
  {
    "sec_id": "sec0010",
    "sentence": "The test of significance for \u03c4HI.F was carried out using the critical value 0.3041 for N\u00a0=\u00a035 and (1\u00a0\u2212\u00a0\u03b1)\u00a0=\u00a00.995 from Table VI in [bib0085].",
    "intent": "uses"
  },
  {
    "sec_id": "sec0030",
    "sentence": "The inflated credit scores, i.e. the number of papers each researcher had contributed to during the time period 1996-2008, ranged from 13 to 35 ([fig0005])."
  },
  {
    "sec_id": "sec0030",
    "sentence": "According to the harmonic credit scores, each researcher's actual contribution ranged from 2.29 to 10.41 paper equivalents or between 14.9% and 52.5% of the authorship credit ([tbl0005])."
  },
  {
    "sec_id": "sec0030",
    "sentence": "The difference between the harmonic and inflated credit scores represents the sum of contributions made by each researcher's collaborating coauthors."
  },
  {
    "sec_id": "sec0030",
    "sentence": "This difference is quantified by a combination of equalizing bias, ranging from \u22121.16 to 3.1, and inflationary bias ranging from 6.5 to 24.4."
  },
  {
    "sec_id": "sec0030",
    "sentence": "Table 1."
  },
  {
    "sec_id": "sec0030",
    "sentence": "Summary data for 35 Canadian aquaculture researchers."
  },
  {
    "sec_id": "sec0030",
    "sentence": "Harmonic (H), fractional (F) and inflated (I) credit scores and ranks with associated estimates of bias and actual contribution percentage."
  },
  {
    "sec_id": "sec0030",
    "sentence": "Inflationary bias accounts for the large and obvious difference between inflated and fractional credit scores, whereas equalizing bias accounts for the numerically smaller but seemingly equally disruptive difference between harmonic and fractional credit scores ([fig0005])."
  },
  {
    "sec_id": "sec0030",
    "sentence": "Note that the range of fractional credit scores, 2.72\u201311.18, is comparable to the range of the harmonic credit scores, which indicates that the effect of equalizing bias is greatest for intermediate credit scores."
  },
  {
    "sec_id": "sec0030",
    "sentence": "Note also that crossing lines in [fig0005] indicate credit scores which as a direct result of added bias have changed sufficiently to induce rank displacement."
  },
  {
    "sec_id": "sec0030",
    "sentence": "These changes are examined in the next section."
  },
  {
    "sec_id": "sec0030",
    "sentence": "There was no coincidence between the harmonic and inflated rankings."
  },
  {
    "sec_id": "sec0030",
    "sentence": "The ranks of all researchers were displaced by the combination of equalizing bias and inflationary bias that was generated by using contribution count as a proxy for coauthor credit."
  },
  {
    "sec_id": "sec0030",
    "sentence": "Notably, the inflated ranking had a large number of tied ranks, all of which were resolved in the harmonic ranking ([fig0010])."
  },
  {
    "sec_id": "sec0030",
    "sentence": "The tied ranks represent researchers who had contributed differentially to an identical number of papers ([tbl0005]), and the corresponding range of harmonic ranks reflects differences in the magnitude of their estimated contribution to those papers."
  },
  {
    "sec_id": "sec0030",
    "sentence": "In all, 72.2% of the inflated ranks were tied."
  },
  {
    "sec_id": "sec0030",
    "sentence": "The largest tied group consisted of 9 researchers who shared the bottom position of the inflated ranking."
  },
  {
    "sec_id": "sec0030",
    "sentence": "In the harmonic ranking they were redistributed over a range of 23 steps, from rank 10 to rank 33, on a scale with only 35 ranks ([fig0010])."
  },
  {
    "sec_id": "sec0030",
    "sentence": "The fractional ranking resolved the ties of the inflated ranking, and 4 of its ranks (11.4%) coincide with the harmonic ranking."
  },
  {
    "sec_id": "sec0030",
    "sentence": "Nevertheless, 31 fractional ranks, representing 88.6% of the evaluated researchers, were displaced as a direct result of equalizing bias generated by dividing credit equally among coauthors who had not contributed equally."
  },
  {
    "sec_id": "sec0030",
    "sentence": "The displacement ranged from an advantage of 13 steps to a disadvantage of 21 steps, on a scale with only 35 ranks ([fig0015])."
  },
  {
    "sec_id": "sec0030",
    "sentence": "Although the fractional ranking exhibited a significant rank correlation with both the harmonic and the inflated rankings ([tbl0010]), the rank correlation between the harmonic and inflated rankings was weaker, and dwindled to almost zero (Kendall's partial rank correlation coefficient \u03c4Harmonic Inflated.Fractional\u00a0=\u00a00.0225), when the effect of these rankings mutual correlation with the fractional ranking was eliminated."
  },
  {
    "sec_id": "sec0030",
    "sentence": "This result suggests that the added effect of inflationary bias is largely independent of the effect of equalizing bias."
  },
  {
    "sec_id": "sec0030",
    "sentence": "Table 2."
  },
  {
    "sec_id": "sec0030",
    "sentence": "Rank correlation analysis of Canadian aquaculture researchers."
  },
  {
    "sec_id": "sec0030",
    "sentence": "The relationship between rankings of harmonic (H), fractional (F), and inflated (I) estimates of coauthor credit is quantified using Kendall's rank correlation coefficient \u03c4."
  },
  {
    "sec_id": "sec0030",
    "sentence": "Kendall's coefficient of partial rank correlation \u03c4HI.F is a measure of the correlation between the harmonic and inflated rankings after eliminating the effect of their correlation with the fractional ranking."
  },
  {
    "sec_id": "sec0030",
    "sentence": "[bib0085], Table VI therein.",
    "intent": "background"
  },
  {
    "sec_id": "sec0045",
    "sentence": "Biased equal credit scores, whether fractional or inflated, produced rankings that were fundamentally different from the ranking based on harmonic estimates of actual coauthor contribution."
  },
  {
    "sec_id": "sec0045",
    "sentence": "The harmonic, fractional and inflated rankings would have coincided if all of the Canadian aquaculture researchers had contributed equally and had the same number of coauthors."
  },
  {
    "sec_id": "sec0045",
    "sentence": "But there was no unequivocal indication of equal contribution and the number of coauthors varied, and so the lack of agreement between the rankings is explained entirely by the effects of equalizing bias and inflationary bias."
  },
  {
    "sec_id": "sec0045",
    "sentence": "Equalizing bias skews credit scores by systematically favouring secondary authors at the expense of primary authors, and inflationary bias favours researchers who have many coauthors and make small contributions, over researchers who have few coauthors and make larger contributions ([bib0030]).",
    "intent": "background"
  },
  {
    "sec_id": "sec0045",
    "sentence": "Both biases had detrimental effects on the accuracy of the rankings."
  },
  {
    "sec_id": "sec0045",
    "sentence": "Canadian aquaculture researchers\u2019 publication performance has been ranked with inflated publication scores on two previous occasions ([bib0095], [bib0120]).",
    "intent": "background"
  },
  {
    "sec_id": "sec0045",
    "sentence": "The present analysis is based on a replicate data set matching the number of papers for researchers included in the most recent ranking."
  },
  {
    "sec_id": "sec0045",
    "sentence": "It shows that both inflated and fractional rankings were seriously affected by bias-induced rank displacement ([fig0010], [fig0015])."
  },
  {
    "sec_id": "sec0045",
    "sentence": "In other words, fractional credit scores, although corrected for inflationary bias, are still confounded by equalizing bias."
  },
  {
    "sec_id": "sec0045",
    "sentence": "Interestingly, when [bib0110] removed inflationary bias from the \u201cnormal\u201d inflated publication score of 27 Croatian chemistry researchers, then 6 of the researchers were no longer included among the top 27 ([fig0020]).",
    "intent": "differences"
  },
  {
    "sec_id": "sec0045",
    "sentence": "[bib0110] result shows that inflationary bias not only has the potential to rearrange rankings, but that nearly 25% of the prospective competitors had been prematurely excluded from the ranking because they were missed by the inflated ranking procedure.",
    "intent": "background"
  },
  {
    "sec_id": "sec0045",
    "sentence": "By analogy, their result implies that some leading Canadian Aquaculture researchers may have been prematurely excluded from the ranking as a consequence of a biased selection procedure relying on inflated credit scores ([bib0095]).",
    "intent": "background"
  },
  {
    "sec_id": "sec0045",
    "sentence": "Previous studies extolling the advantages of fractional credit did not examine the effect of equalizing bias (e.g. [bib0005], [bib0025], [bib0080], [bib0100], [bib0105], [bib0115]).",
    "intent": "background"
  },
  {
    "sec_id": "sec0045",
    "sentence": "For example, after fractionalizing [bib0100] observed large rank displacement with a trend towards rank reversal when Norwegian researchers in 37 subfields of science were ranked according to the average number of publications per person in each subfield ([fig0020]).",
    "intent": "background"
  },
  {
    "sec_id": "sec0045",
    "sentence": "But neither [bib0100] nor [bib0110] provided a comparative reference ranking based on estimates of actual coauthor contribution.",
    "intent": "differences"
  },
  {
    "sec_id": "sec0045",
    "sentence": "Their inflated and fractional rankings are both influenced by equalizing bias, and objective assessment of accuracy relative to a biased reference ranking is not possible ([fig0020])."
  },
  {
    "sec_id": "sec0045",
    "sentence": "Aggregate rankings from the literature also document large effects of fractionalizing (e.g. [bib0005], [bib0020], [bib0025], [bib0050], [bib0055]).",
    "intent": "background"
  },
  {
    "sec_id": "sec0045",
    "sentence": "Aggregate rankings may include additional inaccuracies because they rely on proxy indicators of publication output which accredit nations or institutions according to a variety of inexact \u201ccounting methods\u201d ([bib0020], [bib0075]).",
    "intent": "background"
  },
  {
    "sec_id": "sec0045",
    "sentence": "Such \u201cmethods\u201d rely on imprecise heuristic approximations of authorship credit, i.e. proxy indicators based on the kind of information that can be conveniently extracted from a database."
  },
  {
    "sec_id": "sec0045",
    "sentence": "For example, by accrediting every nation or institution mentioned in the authors\u2019 address list with one full credit, or one equal fraction of credit, irrespective of the number of coauthors from the respective nation or institution, and irrespective of the coauthors\u2019 actual contribution."
  },
  {
    "sec_id": "sec0045",
    "sentence": "In conclusion, any identifiable amount of bias in authorship accreditation was detrimental to the accuracy of the ranking of the Canadian aquaculture researchers\u2019 publication output."
  },
  {
    "sec_id": "sec0045",
    "sentence": "Bias arose when publication scores were calculated without taking into account information about multiple authorship and differential coauthor contributions."
  },
  {
    "sec_id": "sec0045",
    "sentence": "The ensuing biased equal credit scores, whether fractional or inflated, produced rankings that were fundamentally different from the ranking of harmonic estimates of actual credit based on all relevant byline information in the source data."
  },
  {
    "sec_id": "sec0045",
    "sentence": "The results demonstrate that accurate accreditation of coauthors is the key to reliable publication performance rankings."
  }
]