[
  {
    "sec_id": "sec0005",
    "sentence": "Evaluative bibliometrics compare the citation impact of researchers, research groups and institutions with each other across timescales and disciplines."
  },
  {
    "sec_id": "sec0005",
    "sentence": "Both factors \u2013 discipline and period \u2013 have an influence on the citation count which is independent of the quality of the publications."
  },
  {
    "sec_id": "sec0005",
    "sentence": "Normalizing the citation impact of papers for these two factors started in the mid-1980s ([bib0145]).",
    "intent": "background"
  },
  {
    "sec_id": "sec0005",
    "sentence": "Since then, a range of different methods have been presented for producing normalized citation impact scores."
  },
  {
    "sec_id": "sec0005",
    "sentence": "In this connection it is basically a matter of distinguishing two levels on which the normalization can be performed: (1) the level of the cited publication (cited-side)."
  },
  {
    "sec_id": "sec0005",
    "sentence": "With this method, one counts the total citation count for the publication to be assessed (times cited) and then compares this value with those for similar publications (publications from the same subject area and publication year) \u2013 the reference set."
  },
  {
    "sec_id": "sec0005",
    "sentence": "(2) The level of the citing publication (citing-side)."
  },
  {
    "sec_id": "sec0005",
    "sentence": "This method of normalization is oriented towards the citing and not the cited publication: since the citations of a publication come from various subject areas, citing-side normalization aims to normalize each individual citation by subject and publication year."
  },
  {
    "sec_id": "sec0005",
    "sentence": "As shown in Section [sec0010], a range of bibliometric methods for the normalization of the cited- and the citing-side have already been developed and presented."
  },
  {
    "sec_id": "sec0005",
    "sentence": "A bibliometrician who wants to use an advanced bibliometric indicator in a study is thus faced with the question of which approach to adopt."
  },
  {
    "sec_id": "sec0005",
    "sentence": "Each approach has particular methodological advantages and disadvantages which speak for or against its use."
  },
  {
    "sec_id": "sec0005",
    "sentence": "The comparison of metrics with peer evaluation has been widely acknowledged as a way of validating metrics ([bib0085], [bib0105]).",
    "intent": "background"
  },
  {
    "sec_id": "sec0005",
    "sentence": "Using data from F1000 \u2013 a post-publication peer review system of the biomedical literature \u2013 [bib0025] investigated the relationship between ratings by peers and normalized impact scores against this background.",
    "intent": "background"
  },
  {
    "sec_id": "sec0005",
    "sentence": "The current study continues the line of this paper in that the validity of various methods of impact normalization is investigated with the help of ratings by peers from the F1000 post-publication peer review system."
  },
  {
    "sec_id": "sec0005",
    "sentence": "Compared with [bib0025], this study uses a considerably larger data set, and also does not use cited-side alone, but also citing-side indicators.",
    "intent": "differences"
  },
  {
    "sec_id": "sec0005",
    "sentence": "Besides the normalized indicators, we include observed citation counts (times cited) for comparison."
  },
  {
    "sec_id": "sec0005",
    "sentence": "The comparison is intended to show whether the normalized indicators measure more accurately research impact (as a proxy of quality) than an indicator without normalization (that means observed citation counts for a fixed citation window of 3 years)."
  },
  {
    "sec_id": "sec0010",
    "sentence": "[fig0005] shows the dependency of citation impact for papers on the subject category to which a Thomson Reuters journal is assigned (A), and the journal's publication year (B)."
  },
  {
    "sec_id": "sec0010",
    "sentence": "The basis of these assessments is, for (A) all articles in the Web of Science (WoS, Thomson Reuters) from the year 2007, and for (B) all articles from the years 2000 to 2010."
  },
  {
    "sec_id": "sec0010",
    "sentence": "It is clearly visible from [fig0005](A) that the average impact varies significantly with subject area."
  },
  {
    "sec_id": "sec0010",
    "sentence": "Whereas, for example, it is 10.77 for engineering and technology, for medical and health sciences it reaches 16.85."
  },
  {
    "sec_id": "sec0010",
    "sentence": "However, the citation impact is not only dependent on the subject category, but also on the publication year."
  },
  {
    "sec_id": "sec0010",
    "sentence": "As shown in [fig0005](B), fewer citations may be expected, on average, for more recent publications."
  },
  {
    "sec_id": "sec0010",
    "sentence": "Whereas articles published in 2010 achieve a citation rate of only 7.34, articles from the year 2000 reach 22.53."
  },
  {
    "sec_id": "sec0010",
    "sentence": "Since it is not only this study which has found different citation rates for different subject categories and publication years, but also nearly all the other studies which have appeared so far, these are the factors which are generally used for the normalization of citation impact."
  },
  {
    "sec_id": "sec0010",
    "sentence": "We can distinguish between two fundamental approaches for normalization: with cited-side normalization, the normalization is performed on the basis of the cited papers, and with citing-side on the basis of the citing papers."
  },
  {
    "sec_id": "sec0010",
    "sentence": "In the context of each type of normalization, different indicators are suggested, the most important of which are included in this study."
  },
  {
    "sec_id": "sec0010",
    "sentence": "The indicators are introduced in the following."
  },
  {
    "sec_id": "sec0010",
    "sentence": "Cited-side normalization generally only takes account of citable documents (such as articles, reviews, and letters)."
  },
  {
    "sec_id": "sec0010",
    "sentence": "Fundamentally, cited-side normalization compares the citation impact of a focal paper with an expected citation impact value."
  },
  {
    "sec_id": "sec0010",
    "sentence": "The expected value is the average citation impact of the papers in the same subject category as the paper in question and which appeared in the same publication year."
  },
  {
    "sec_id": "sec0010",
    "sentence": "This set of papers is referred to as the reference set."
  },
  {
    "sec_id": "sec0010",
    "sentence": "The calculation of a quotient of observed and expected citations represents the current bibliometric standard for performing the normalization of citation impact."
  },
  {
    "sec_id": "sec0010",
    "sentence": "A quotient of 1 corresponds to an average citation impact of the papers in the same subject area and publication year."
  },
  {
    "sec_id": "sec0010",
    "sentence": "A quotient of 1.5 indicates that the citation impact is 50% above the average ([bib0190]).",
    "intent": ""
  },
  {
    "sec_id": "sec0010",
    "sentence": "This quotient is used both in the Leiden Ranking ([bib0170]), and in the SCImago Institutions Ranking ([bib0150]), under the designations Mean Normalized Citation Score (MNCS, Leiden Ranking) and Normalized Impact (NI, SCImago Institutions Ranking) ([bib0020]).",
    "intent": "background uses"
  },
  {
    "sec_id": "sec0010",
    "sentence": "In what follows, the abbreviation MNCS is used for this indicator."
  },
  {
    "sec_id": "sec0010",
    "sentence": "[fig0005](C) shows the MNCS of articles published between 2007 and 2010 sorted by subject category."
  },
  {
    "sec_id": "sec0010",
    "sentence": "Although the figure shows the OECD category scheme, the WoS journal subject categories have been used to calculate the MNCS (these categories have been also used for the calculation of the other indicators with cited-side normalization which will be discussed below)."
  },
  {
    "sec_id": "sec0010",
    "sentence": "As expected, the MNCS values are close to 1 in all subject categories (they range from 0.87 to 1)."
  },
  {
    "sec_id": "sec0010",
    "sentence": "This result indicates that cited-side normalization with the MNCS can perform a normalization of the citation impact both in respect of time as well as discipline."
  },
  {
    "sec_id": "sec0010",
    "sentence": "The distribution of citation data is generally extremely skewed: most papers are hardly or not at all cited, whereas a few papers are highly cited ([bib0155]).",
    "intent": "background"
  },
  {
    "sec_id": "sec0010",
    "sentence": "Since the arithmetic mean is not appropriate as a measure of the central tendency of skewed data, percentiles of citations have been suggested as an alternative to MNCS (which is based on the arithmetic mean values of citations)."
  },
  {
    "sec_id": "sec0010",
    "sentence": "The percentile indicates the share of the papers in the reference set which have received fewer citations than a paper in question."
  },
  {
    "sec_id": "sec0010",
    "sentence": "For example, a percentile of 90 means that 90% of the papers in the reference set have received fewer citations than the paper in question."
  },
  {
    "sec_id": "sec0010",
    "sentence": "The citation impacts of papers which have been normalized using percentiles are directly comparable with one another."
  },
  {
    "sec_id": "sec0010",
    "sentence": "For example, if two papers have been normalized with different reference sets and have a percentile of citations of 70, both have \u2013 compared with the other papers in the reference set \u2013 achieved the same citation impact."
  },
  {
    "sec_id": "sec0010",
    "sentence": "Even though both papers may have different citation counts, the citation impact is the same."
  },
  {
    "sec_id": "sec0010",
    "sentence": "Percentiles may be calculated with various procedures ([bib0030]).",
    "intent": "background"
  },
  {
    "sec_id": "sec0010",
    "sentence": "For the current study, two procedures were used which may be described as the most important."
  },
  {
    "sec_id": "sec0010",
    "sentence": "For both procedures, the rank-frequency function is first calculated."
  },
  {
    "sec_id": "sec0010",
    "sentence": "All publications in the reference set are ranked in decreasing or increasing order by their number of citations (i), and the number of publications in the reference set is determined (n)."
  },
  {
    "sec_id": "sec0010",
    "sentence": "For the product InCites (a customized, web-based research evaluation tool based on bibliometric data from WoS), Thomson Reuters generates the percentiles by using (basically) the formula (i/n\u00a0*\u00a0100) (described as \u201cInCites\u201d percentiles in the following)."
  },
  {
    "sec_id": "sec0010",
    "sentence": "Since, however, the use of this formula leads to the mean percentile of a reference set not being 50, the formula ((i\u00a0\u2212\u00a00.5)/n\u00a0*\u00a0100) derived by [bib0090], which does not suffer this disadvantage, is used for calculating percentiles.",
    "intent": "uses"
  },
  {
    "sec_id": "sec0010",
    "sentence": "The abbreviation \u201cHazen\u201d is used for these percentiles in the following."
  },
  {
    "sec_id": "sec0010",
    "sentence": "Since the papers are sorted in increasing order of impact for the InCites percentiles, and in decreasing order for Hazen percentiles, the InCites percentiles are inverted, subtracting the values from 100."
  },
  {
    "sec_id": "sec0010",
    "sentence": "An exact presentation of the calculation of these and other percentiles in bibliometrics can be found in [bib0030].",
    "intent": "background"
  },
  {
    "sec_id": "sec0010",
    "sentence": "[fig0005](D) shows average Hazen percentiles of citations for various disciplines."
  },
  {
    "sec_id": "sec0010",
    "sentence": "The underlying data set includes all articles in the WoS from the years 2007 to 2010."
  },
  {
    "sec_id": "sec0010",
    "sentence": "All disciplines have an average percentile of around 50."
  },
  {
    "sec_id": "sec0010",
    "sentence": "The normalized citation impact, which indicates an average citation impact, is thus the same for all disciplines."
  },
  {
    "sec_id": "sec0010",
    "sentence": "So normalization has achieved the desired effect."
  },
  {
    "sec_id": "sec0010",
    "sentence": "[bib0035] introduced P100 as a new citation-rank approach.",
    "intent": "background"
  },
  {
    "sec_id": "sec0010",
    "sentence": "One important advantage of P100 compared with other normalized indicators is that the scale values in a reference set are distributed from 0 to 100 exactly and are thus comparable across different reference sets."
  },
  {
    "sec_id": "sec0010",
    "sentence": "The paper with the highest impact (lowest impact) in one reference set receives the same scale value as the paper with the highest impact (lowest impact) in another reference set."
  },
  {
    "sec_id": "sec0010",
    "sentence": "With the InCites and Hazen percentiles, the most and the least cited papers in a reference set generally receive very different values."
  },
  {
    "sec_id": "sec0010",
    "sentence": "For the P100 indicator, citations of papers in a reference set are ranked according to their frequencies of papers, which results in a size-frequency distribution ([bib0075]).",
    "intent": "uses"
  },
  {
    "sec_id": "sec0010",
    "sentence": "This distribution is used to generate a citation rank where the frequency information is ignored."
  },
  {
    "sec_id": "sec0010",
    "sentence": "In other words, instances of papers with the same citation counts are not considered."
  },
  {
    "sec_id": "sec0010",
    "sentence": "This perspective on citation impact focuses on the distribution of the unique citation counts with the information of maximum, median, and minimum impact and not on the distribution of the papers (having the same or different citation impact) which is the focus of interest in the conventional citation analysis."
  },
  {
    "sec_id": "sec0010",
    "sentence": "To generate citation ranks for a reference set, the unique citations are ranked in ascending order from low to high citation counts and ranks are attributed to each citation count, with rank 0 for the paper with the lowest impact or zero citations."
  },
  {
    "sec_id": "sec0010",
    "sentence": "In order to generate values on a 100-point scale (P100), each rank i is divided by the highest rank imax and multiplied by 100, i.e. (100\u00a0*\u00a0(i/imax))."
  },
  {
    "sec_id": "sec0010",
    "sentence": "[fig0005](E) shows average P100s of articles which were published in different subject categories and publication years."
  },
  {
    "sec_id": "sec0010",
    "sentence": "Even if for some disciplines, such as medical and health sciences, agricultural sciences and social sciences, P100\u00a0\u2248\u00a08 yields a similar average value, P100\u00a0\u2248\u00a04 yields a substantial deviation from this value with the humanities."
  },
  {
    "sec_id": "sec0010",
    "sentence": "Thus it is clear that the normalization of citation impact is not successful in all disciplines."
  },
  {
    "sec_id": "sec0010",
    "sentence": "As [bib0045] and also [bib0135] were able to show, P100 has some weaknesses, including the paradoxical situation that the scale value of a paper can increase as the result of another paper receiving an additional citation.",
    "intent": "motivation"
  },
  {
    "sec_id": "sec0010",
    "sentence": "[bib0045] therefore suggest the indicator P100\u2032 as an improvement on P100.",
    "intent": "background"
  },
  {
    "sec_id": "sec0010",
    "sentence": "In contrast to P100, the ranks for P100\u2032 are not only based on the unique citation distribution, but also consider the frequency of papers with the same citation counts."
  },
  {
    "sec_id": "sec0010",
    "sentence": "For P100\u2032, each rank i is divided by the highest rank (imax or (n\u00a0\u2212\u00a01)) papers in the reference set and is multiplied by 100, i.e. 100\u00a0*\u00a0(i/imax)."
  },
  {
    "sec_id": "sec0010",
    "sentence": "According to the evaluations of [bib0140], however, P100\u2032 (unlike P100) strongly resembles the percentile-based indicators (such as Hazen and InCites).",
    "intent": "background"
  },
  {
    "sec_id": "sec0010",
    "sentence": "Even if the current methods of cited-side normalization differ in their calculation of normalized citation impact, they are still derived from the same principle: for a cited paper whose citation impact is of interest, a set of comparable papers is compiled (from the same subject category and the same publication year)."
  },
  {
    "sec_id": "sec0010",
    "sentence": "By contrasting the observed and the expected citations, cited-side normalization attempts to normalize the citation impact of papers for the variations in citation behaviour between fields and publication years."
  },
  {
    "sec_id": "sec0010",
    "sentence": "However, this does not take into account that the citation behaviour is different on the level of the citing papers."
  },
  {
    "sec_id": "sec0010",
    "sentence": "In most cases, the citations for a paper do not come from one field, but from a number of fields."
  },
  {
    "sec_id": "sec0010",
    "sentence": "Thus, for example, the paper of [bib0095], in which he suggests the h index for the first time, is cited from a total of 27 different subject areas (see [tbl0005]).",
    "intent": "background"
  },
  {
    "sec_id": "sec0010",
    "sentence": "In other words, the citations originate in quite different citation cultures."
  },
  {
    "sec_id": "sec0010",
    "sentence": "Table 1."
  },
  {
    "sec_id": "sec0010",
    "sentence": "Subject areas of the journals in which the papers citing [bib0095] have appeared.",
    "intent": "background"
  },
  {
    "sec_id": "sec0010",
    "sentence": "The search was performed on 14.8.2013 in Scopus (Elsevier)."
  },
  {
    "sec_id": "sec0010",
    "sentence": "Since the journals of the 1589 citing papers were assigned to an average of 1.8 subject areas, the result was a total of 2778 assignments."
  },
  {
    "sec_id": "sec0010",
    "sentence": "As [fig0005](A) shows, citations are more probable in the disciplines medical and health sciences and natural sciences than in the social sciences and humanities."
  },
  {
    "sec_id": "sec0010",
    "sentence": "The evaluations of [bib0120] indicate that citing is no less frequent in these disciplines than in other disciplines, but that the share of cited references covered in WoS is especially low.",
    "intent": "background"
  },
  {
    "sec_id": "sec0010",
    "sentence": "In this case \u201ccovered\u201d means that the cited reference refers to a journal which is evaluated by Thomson Reuters for the WoS."
  },
  {
    "sec_id": "sec0010",
    "sentence": "Measured by the total references available, the social sciences, for example, exhibit the highest cited reference rate of all the disciplines considered."
  },
  {
    "sec_id": "sec0010",
    "sentence": "Not only in the social sciences, but also in the agricultural sciences and the humanities, many references point to document types other than papers from the journals covered in the WoS, such as books and book chapters (which are not generally captured by WoS as database documents), as well as journals which do not belong to the evaluated core journals of the WoS."
  },
  {
    "sec_id": "sec0010",
    "sentence": "Given the different expected values for citation rates in different disciplines, the citations should be normalized accordingly, in order to obtain a comparable citation impact between different citing papers."
  },
  {
    "sec_id": "sec0010",
    "sentence": "The idea of normalizing citation impact on the citing-side stems from a paper by [bib0220], in which a modification of the Journal Impact Factor (Thomson Reuters) by fractional citation weighting was proposed.",
    "intent": "background"
  },
  {
    "sec_id": "sec0010",
    "sentence": "Citing-side normalization is also known as fractional citation weighting, source normalization, fractional counting of citations or a priori normalization ([bib0180]).",
    "intent": "background"
  },
  {
    "sec_id": "sec0010",
    "sentence": "It is not only used for journals (see [bib0220]), but also for other publication sets.",
    "intent": "background"
  },
  {
    "sec_id": "sec0010",
    "sentence": "This method takes into account the citation environment of a citation ([bib0110], [bib0115]), by giving the citation a weighting which depends on its citation environment: a citation from a field in which citation is frequent receives a lower weighting than a citation from a field where citation is less common.",
    "intent": "background"
  },
  {
    "sec_id": "sec0010",
    "sentence": "In the methods proposed so far for citing-side normalization, the number of references of the citing paper is often used as a weighting factor for the citation ([bib0185]).",
    "intent": "background"
  },
  {
    "sec_id": "sec0010",
    "sentence": "Here the assumption is made that this number for a paper reflects the typical number in the field."
  },
  {
    "sec_id": "sec0010",
    "sentence": "Since this assumption cannot always be made, the average number of references from other papers which appear in a journal alongside the citing paper is also used as a weighting factor."
  },
  {
    "sec_id": "sec0010",
    "sentence": "This approach has a high probability of improving the accuracy of estimation of the typical citation behaviour in a field ([bib0040]).",
    "intent": "background"
  },
  {
    "sec_id": "sec0010",
    "sentence": "In the following, three variants of a method of citing-side normalization are presented, which were suggested by [bib0185].",
    "intent": "background uses"
  },
  {
    "sec_id": "sec0010",
    "sentence": "These variants are included in the current study."
  },
  {
    "sec_id": "sec0010",
    "sentence": "Variant 1:SNCS1=\u2211i=1c1ai"
  },
  {
    "sec_id": "sec0010",
    "sentence": "With the SNCS1 (Source Normalized Citation Score) indicator, ai is the average number of linked references in those publications which appeared in the same journal and in the same publication year as the citing publication i."
  },
  {
    "sec_id": "sec0010",
    "sentence": "Linked references refer to papers from journals which are covered by the WoS."
  },
  {
    "sec_id": "sec0010",
    "sentence": "The limitation to linked references (instead of all references) should prevent the disadvantaging of fields which often cite publications which are not indexed in WoS."
  },
  {
    "sec_id": "sec0010",
    "sentence": "As the evaluations of [bib0120] have shown, this danger of disadvantaging really does exist (see above): thus, for example, in the social sciences the average number of linked cited references is significantly lower than the average overall number of cited references.",
    "intent": "background"
  },
  {
    "sec_id": "sec0010",
    "sentence": "To calculate the average number of linked references in SNCS1, not all are used, but only those from particular reference publication years."
  },
  {
    "sec_id": "sec0010",
    "sentence": "The number of the reference publication years orients themselves towards the number of those years which are determined for the citations of a publication."
  },
  {
    "sec_id": "sec0010",
    "sentence": "For example, if the citation window for a publication (from 2008) covers a period of four years (2008\u20132011), then every citation of this publication (e.g. a citation from 2010) is divided by the average number of linked references to the four previous years (in this case 2007\u20132010)."
  },
  {
    "sec_id": "sec0010",
    "sentence": "The limitation to the recent publication years is intended to prevent fields in which older literature plays a large role from being disadvantaged in the normalization ([bib0185]).",
    "intent": "background"
  },
  {
    "sec_id": "sec0010",
    "sentence": "Variant 2:SNCS2=\u2211i=1c1ri"
  },
  {
    "sec_id": "sec0010",
    "sentence": "With SNCS2, each citation of a publication is divided by the number of linked references in the citing publication (instead of by the number of linked references of all publications of the journal in question as in the case of SNCS1)."
  },
  {
    "sec_id": "sec0010",
    "sentence": "The selection of the reference publication years is, analogously to SNCS1, oriented towards the size of the citation window."
  },
  {
    "sec_id": "sec0010",
    "sentence": "Variant 3:SNCS3=\u2211i=1c1piri"
  },
  {
    "sec_id": "sec0010",
    "sentence": "SNCS3 can be seen as a combination of SNCS1 and SNCS2."
  },
  {
    "sec_id": "sec0010",
    "sentence": "ri is defined analogously to SNCS2."
  },
  {
    "sec_id": "sec0010",
    "sentence": "pi is the share of the publications which contain at least one linked reference among those publications which appeared in the same journal and in the same publication year as the citing publication i."
  },
  {
    "sec_id": "sec0010",
    "sentence": "The selection of the reference publication years is, analogously to SNCS1 and SNC2, oriented towards the size of the citation window."
  },
  {
    "sec_id": "sec0010",
    "sentence": "According to the empirical results of [bib0180], [bib0185], citing-side normalization has shown more successful than cited-side normalization.",
    "intent": "background"
  },
  {
    "sec_id": "sec0010",
    "sentence": "Whereas [bib0185] only included selected core journals in the WoS database for the calculation of the SNCS indicators, the indicators for the present study were calculated on the basis of all the journals in the WoS database.",
    "intent": "differences"
  },
  {
    "sec_id": "sec0010",
    "sentence": "As the SNCS3 scores for all articles in the WoS from 2007 to 2010 in [fig0005](F) show, the average scores for SNCS3\u00a0\u2248\u00a01 are similar for all disciplines."
  },
  {
    "sec_id": "sec0010",
    "sentence": "So it seems that the normalization method basically works."
  },
  {
    "sec_id": "sec0010",
    "sentence": "However, as with the P100 indicator, here too the results for the humanities are different."
  },
  {
    "sec_id": "sec0025",
    "sentence": "F1000 is a post-publication peer review system of the biomedical literature (papers from medical and biological journals)."
  },
  {
    "sec_id": "sec0025",
    "sentence": "This service is part of the Science Navigation Group, a group of independent companies that publish and develop information services for the professional biomedical community and the consumer market."
  },
  {
    "sec_id": "sec0025",
    "sentence": "F1000 Biology was launched in 2002 and F1000 Medicine in 2006."
  },
  {
    "sec_id": "sec0025",
    "sentence": "The two services were merged in 2009 and today constitute the F1000 database."
  },
  {
    "sec_id": "sec0025",
    "sentence": "Papers for F1000 are selected by a peer-nominated global \u201cFaculty\u201d of leading scientists and clinicians who then rate them and explain their importance ([bib0080]).",
    "intent": "background"
  },
  {
    "sec_id": "sec0025",
    "sentence": "This means that only a restricted set of papers from the medical and biological journals covered is reviewed, and most of the papers are actually not ([bib0105], [bib0210]).",
    "intent": "background"
  },
  {
    "sec_id": "sec0025",
    "sentence": "The Faculty nowadays numbers more than 5000 experts worldwide, assisted by 5000 associates, organized into more than 40 subjects (which are further subdivided into over 300 sections)."
  },
  {
    "sec_id": "sec0025",
    "sentence": "On average, 1500 new recommendations are contributed by the Faculty each month ([bib0080]).",
    "intent": "background"
  },
  {
    "sec_id": "sec0025",
    "sentence": "Faculty members can choose and evaluate any paper that interests them."
  },
  {
    "sec_id": "sec0025",
    "sentence": "Although many papers published in popular and high-profile journals (e.g. Nature, New England Journal of Medicine, Science) are evaluated, 85% of the papers selected come from specialized or less well-known journals ([bib0210]).",
    "intent": "background"
  },
  {
    "sec_id": "sec0025",
    "sentence": "\u201cLess than 18 months since Faculty of 1000 was launched, the reaction from scientists has been such that two-thirds of top institutions worldwide already subscribe, and it was the recipient of the Association of Learned and Professional Society Publishers (ALPSP) award for Publishing Innovation in 2002 ([bib0195], p.",
    "intent": "background"
  },
  {
    "sec_id": "sec0025",
    "sentence": "249)."
  },
  {
    "sec_id": "sec0025",
    "sentence": "The papers selected for F1000 are rated by the members as \u201cGood,\u201d \u201cVery good\u201d or \u201cExceptional\u201d which is equivalent to scores of 1, 2, or 3, respectively."
  },
  {
    "sec_id": "sec0025",
    "sentence": "In many cases a paper is assessed not just by one member but by several."
  },
  {
    "sec_id": "sec0025",
    "sentence": "Overall the F1000 database is regarded simply as an aid for scientists to receive pointers to the most relevant papers in their subject area, but also as an important tool for research evaluation purposes."
  },
  {
    "sec_id": "sec0025",
    "sentence": "So, for example, [bib0210] write that \u201cthe data and indicators provided by F1000 are without doubt rich and valuable, and the tool has a strong potential for research evaluation, being in fact a good complement to alternative metrics for research assessments at different levels (papers, individuals, journals, etc.)\u201d (p.",
    "intent": "background"
  },
  {
    "sec_id": "sec0025",
    "sentence": "14)."
  },
  {
    "sec_id": "sec0025",
    "sentence": "In January 2014, F1000 provided one of the authors (Lutz Bornmann) with data on all recommendations made and the bibliographic information for the corresponding papers in their system (n\u00a0=\u00a0149,227 records)."
  },
  {
    "sec_id": "sec0025",
    "sentence": "The data set contains a total of 104,633 different DOIs, among which all are individual papers with very few exceptions."
  },
  {
    "sec_id": "sec0025",
    "sentence": "The approximately 30% reduction of the data set with the identification of unique DOIs can mainly be attributed to the fact that many papers received recommendations from several members and therefore appear multiply in the data set."
  },
  {
    "sec_id": "sec0025",
    "sentence": "For bibliometric analysis in the current study, the normalized indicators (with a citation window between publication and the end of 2013) and the citation counts for a 3 years citation window were sought for every paper in an in-house database of the Max Planck Society (MPG) based on the WoS and administered by the Max Planck Digital Library (MPDL)."
  },
  {
    "sec_id": "sec0025",
    "sentence": "In order to be able to create a link between the individual papers and the bibliometric data, two procedures were selected in this study: (1) a total of 90,436 papers in the data set could be matched with one paper in the in-house database using the DOI."
  },
  {
    "sec_id": "sec0025",
    "sentence": "(2) With 4205 papers of the total of 14,197 remaining papers, although no match could be achieved with the DOI, one could be with name of the first author, the journal, the volume and the issue."
  },
  {
    "sec_id": "sec0025",
    "sentence": "Thus bibliometric data was available for 94,641 papers of the 104,633 total (91%)."
  },
  {
    "sec_id": "sec0025",
    "sentence": "This percentage approximately agrees with the value of 93% named by [bib0175], who used a similar procedure to match data from F1000 with the bibliometric data in their own in-house database.",
    "intent": "similarities"
  },
  {
    "sec_id": "sec0025",
    "sentence": "The matched F1000 Data (n\u00a0=\u00a0121,893 records on the level of individual recommendations from the members) refer to the period 1980\u20132013."
  },
  {
    "sec_id": "sec0025",
    "sentence": "Since the citation scores which were normalized on the citing-side are only available for the years 2007 to 2010 in the in-house database, the data set is reduced to n\u00a0=\u00a050,082 records."
  },
  {
    "sec_id": "sec0025",
    "sentence": "The statistical software package Stata 13.1 ([bib0160]).(2)A series of regression models have been estimated, to investigate the relationship between the indicators and the members\u2019 recommendations.",
    "intent": "background"
  },
  {
    "sec_id": "sec0025",
    "sentence": "For each indicator a regression model was calculated here."
  },
  {
    "sec_id": "sec0025",
    "sentence": "In order to be able to compare the results from models based on different indicators, the indicator scores are subjected to a z-transformation."
  },
  {
    "sec_id": "sec0025",
    "sentence": "The z-scores are rescaled values to have a mean of zero and a standard deviation of one."
  },
  {
    "sec_id": "sec0025",
    "sentence": "Each z-score indicates its difference from the mean of the original variable in number of standard deviations (of the original variable)."
  },
  {
    "sec_id": "sec0025",
    "sentence": "A value of 0.5 indicates that the value from the original variable is half a standard deviation above the mean."
  },
  {
    "sec_id": "sec0025",
    "sentence": "To generate the z-scores, the mean is subtracted from the value for each paper, resulting in a mean of zero."
  },
  {
    "sec_id": "sec0025",
    "sentence": "Then, the difference between the individual's score and the mean is divided by the standard deviation, which results in a standard deviation of one."
  },
  {
    "sec_id": "sec0025",
    "sentence": "The Spearman's rank correlation coefficient with 95% confidence interval is calculated for the connection between members\u2019 recommendations and each indicator."
  },
  {
    "sec_id": "sec0025",
    "sentence": "The Pearson product\u2013moment correlation coefficient is inappropriate for this analysis since neither the recommendations nor the indicators follow a normal distribution ([bib0160]).",
    "intent": "background"
  },
  {
    "sec_id": "sec0025",
    "sentence": "A series of regression models have been estimated, to investigate the relationship between the indicators and the members\u2019 recommendations."
  },
  {
    "sec_id": "sec0025",
    "sentence": "For each indicator a regression model was calculated here."
  },
  {
    "sec_id": "sec0025",
    "sentence": "In order to be able to compare the results from models based on different indicators, the indicator scores are subjected to a z-transformation."
  },
  {
    "sec_id": "sec0025",
    "sentence": "The z-scores are rescaled values to have a mean of zero and a standard deviation of one."
  },
  {
    "sec_id": "sec0025",
    "sentence": "Each z-score indicates its difference from the mean of the original variable in number of standard deviations (of the original variable)."
  },
  {
    "sec_id": "sec0025",
    "sentence": "A value of 0.5 indicates that the value from the original variable is half a standard deviation above the mean."
  },
  {
    "sec_id": "sec0025",
    "sentence": "To generate the z-scores, the mean is subtracted from the value for each paper, resulting in a mean of zero."
  },
  {
    "sec_id": "sec0025",
    "sentence": "Then, the difference between the individual's score and the mean is divided by the standard deviation, which results in a standard deviation of one."
  },
  {
    "sec_id": "sec0025",
    "sentence": "The violation of the assumption of independent observations by including several F1000 recommendation scores associated with a paper is considered in the regression models by using the cluster option in Stata ([bib0165]).",
    "intent": "uses"
  },
  {
    "sec_id": "sec0025",
    "sentence": "This option specifies that the recommendations are independent across papers but are not necessarily independent within the same paper ([bib0100], Section 8.3).",
    "intent": "background"
  },
  {
    "sec_id": "sec0025",
    "sentence": "Since the z-transformed indicator violates the normality assumption, bootstrap estimations of the standard errors have been used."
  },
  {
    "sec_id": "sec0025",
    "sentence": "Here several random samples are drawn with replacement (here: 100) from the data set."
  },
  {
    "sec_id": "sec0025",
    "sentence": "In this study, predictions of the previously fitted regression models are used to make the results easy to understand and interpret."
  },
  {
    "sec_id": "sec0025",
    "sentence": "Such predictions are referred to as margins, predictive margins, or adjusted predictions ([bib0055], [bib0200], [bib0205]).",
    "intent": "background"
  },
  {
    "sec_id": "sec0025",
    "sentence": "The predictions allow a determination of the meaning of the empirical results which goes beyond the statistical significance test."
  },
  {
    "sec_id": "sec0025",
    "sentence": "Whereas the regression models illustrate which effects are statistically significant and what the direction of the effects is, predictive margins can provide a practical feel for the substantive significance of the findings."
  },
  {
    "sec_id": "sec0025",
    "sentence": "The predictive margins will be presented graphically."
  },
  {
    "sec_id": "sec0045",
    "sentence": "In a first step of analysis, we have compared the mean citation rates of the subject categories or subject category combinations, respectively, to which the journals of the F1000 papers have been assigned (by Thomson Reuters)."
  },
  {
    "sec_id": "sec0045",
    "sentence": "Subject category combinations occur when journals have more than one category."
  },
  {
    "sec_id": "sec0045",
    "sentence": "Since the F1000 papers are generally published in the biomedical area, one could expect similar mean citation rates (and could question the usefulness of the dataset for the evaluation of normalization techniques)."
  },
  {
    "sec_id": "sec0045",
    "sentence": "[tbl0010] shows mean citation rates, minimum and maximum number of citations for F1000 papers in different subject categories or subject category combinations, respectively."
  },
  {
    "sec_id": "sec0045",
    "sentence": "Of the total of 627 subject categories or subject category combinations, respectively, the 20 categories with the most papers are presented."
  },
  {
    "sec_id": "sec0045",
    "sentence": "As the results in the table shows, the differences in the mean citation rates are large: whereas the papers in anaesthesiology reach a mean citation rate of 14.69, this rate is 107.22 in medicine, general and internal."
  },
  {
    "sec_id": "sec0045",
    "sentence": "Thus, the dataset seems to be appropriate to analyze normalization techniques \u2013 at least normalization techniques on the cited-side."
  },
  {
    "sec_id": "sec0045",
    "sentence": "Table 2."
  },
  {
    "sec_id": "sec0045",
    "sentence": "Mean citation rates, minimum and maximum number of citations (for a 3 year citation window) for F1000 papers in different subject categories or subject category combinations, respectively."
  },
  {
    "sec_id": "sec0045",
    "sentence": "The 20 categories (or category combinations) are presented with the most F1000 papers (ordered by the number of papers)."
  },
  {
    "sec_id": "sec0045",
    "sentence": "[tbl0015] shows the Spearman's rank correlation coefficients for the relationship between the F1000 members\u2019 recommendations and the individual standardized indicators."
  },
  {
    "sec_id": "sec0045",
    "sentence": "Since a series of papers are often represented multiply in the data set with recommendations from different members, the results are given both for all recommendations, as well as just for the first recommendation of a paper."
  },
  {
    "sec_id": "sec0045",
    "sentence": "A comparison of the results allows the influence of multiple publications to be estimated."
  },
  {
    "sec_id": "sec0045",
    "sentence": "Table 3."
  },
  {
    "sec_id": "sec0045",
    "sentence": "Spearman's rank correlation coefficients with 95% confidence intervals for the relationship between the members\u2019 recommendations and the individual standardized indicators."
  },
  {
    "sec_id": "sec0045",
    "sentence": "As the results in the table show the coefficients for all indicators are reduced when only the first recommendation is taken into account."
  },
  {
    "sec_id": "sec0045",
    "sentence": "Since we can expect more similar recommendations for the same paper than for different papers (many papers have received scores from more than one F1000 members), the reduction in which all indicators appear to a similar extent is easily explained."
  },
  {
    "sec_id": "sec0045",
    "sentence": "According to the guidelines which [bib0060] has published for the interpretation of correlation coefficients, the coefficients fall in an area between small (r\u00a0=\u00a0.1) and medium (r\u00a0=\u00a0.3).",
    "intent": "background"
  },
  {
    "sec_id": "sec0045",
    "sentence": "Although the citation indicator shows the largest correlation with the recommendation scores, the differences in coefficient height between the indicators are slight (within the two groups of recommendations)."
  },
  {
    "sec_id": "sec0045",
    "sentence": "The calculation of the correlation coefficients between the recommendations and the indicators provides the first impression of the particular relationships."
  },
  {
    "sec_id": "sec0045",
    "sentence": "However, this evaluation does not make it clear how strongly the indicator scores differ between the papers assessed by the F1000 members as good, very good or excellent."
  },
  {
    "sec_id": "sec0045",
    "sentence": "In order to reveal these differences, nine regression models were calculated, each with one indicator (z-transformed) as the dependent and the members\u2019 recommendations as the independent variable."
  },
  {
    "sec_id": "sec0045",
    "sentence": "The results of the models are shown in [tbl0020]."
  },
  {
    "sec_id": "sec0045",
    "sentence": "Table 4."
  },
  {
    "sec_id": "sec0045",
    "sentence": "Results (coefficients) from nine regression models with one indicator (z-transformed) as the dependent and the members\u2019 recommendations as the independent variable (n\u00a0=\u00a050,082)."
  },
  {
    "sec_id": "sec0045",
    "sentence": "Note: t-statistics in parentheses."
  },
  {
    "sec_id": "sec0045",
    "sentence": "Note: t-statistics in parentheses."
  },
  {
    "sec_id": "sec0045",
    "sentence": "p\u00a0<\u00a00.001."
  },
  {
    "sec_id": "sec0045",
    "sentence": "In order to visualize the differences between the indicator scores, after the regression analyses predictive margins were calculated, which can be seen in [fig0010]."
  },
  {
    "sec_id": "sec0045",
    "sentence": "Due to the z-transformations of the indicators, the scores (predictive margins) for the different indicators are directly comparable with one another."
  },
  {
    "sec_id": "sec0045",
    "sentence": "The scores are displayed in the figure with 95% confidence intervals."
  },
  {
    "sec_id": "sec0045",
    "sentence": "These confidence intervals reflect the accuracy of the scores for an indicator."
  },
  {
    "sec_id": "sec0045",
    "sentence": "Whereas the confidence intervals of the indicators within a recommendation category (e.g. \u201cgood\u201d) may be compared with one another (because of the common number of records), this is not possible for confidence intervals across recommendations: with a better evaluation, greater confidence intervals are to be expected, since the number of records will be lower (good\u00a0=\u00a029,515, very good\u00a0=\u00a017,329, and excellent\u00a0=\u00a03238)."
  },
  {
    "sec_id": "sec0045",
    "sentence": "As the results in [fig0010] show, the predictive margins for the recommendation \u201cgood\u201d are in relatively good agreement between the indicators with a value of around \u22121.6 which indicates that the value from the original normalized score is around one and a half standard deviations below the mean."
  },
  {
    "sec_id": "sec0045",
    "sentence": "Thus the indicators are in good agreement about the later impact of papers which are evaluated by the members as \u201cgood\u201d."
  },
  {
    "sec_id": "sec0045",
    "sentence": "The image of relatively good agreement between the indicators changes in regard to the papers evaluated as \u201cvery good\u201d."
  },
  {
    "sec_id": "sec0045",
    "sentence": "On the one hand, the percentile and the P100 based indicators are somewhat further removed from the mean value (0) than the MNCS or the SNCS indicators."
  },
  {
    "sec_id": "sec0045",
    "sentence": "On the other hand, some indicators (like SNCS3) exhibit a smaller accuracy than other indicators (such as P100\u2032)."
  },
  {
    "sec_id": "sec0045",
    "sentence": "The differences between the indicators increase still further \u2013 as [fig0010] shows \u2013 with the papers evaluated as \u201cexceptional\u201d."
  },
  {
    "sec_id": "sec0045",
    "sentence": "The greatest deviation from the mean value appears with the SNCS and citation indicators."
  },
  {
    "sec_id": "sec0045",
    "sentence": "Apparently these indicators can differentiate better between \u201cexceptional\u201d and lower classified papers than the other indicators."
  },
  {
    "sec_id": "sec0045",
    "sentence": "Especially, the difference between the predictive margins for observed citations on the one hand and a number of cited-side normalized indicators (InCites, Hazen, and P100\u2032) on the other hand is rather large (0.70 vs."
  },
  {
    "sec_id": "sec0045",
    "sentence": "0.45)."
  },
  {
    "sec_id": "sec0045",
    "sentence": "However, for the SNCS and citation indicators the confidence intervals are relatively wide, which indicates a relatively small accuracy of the values."
  },
  {
    "sec_id": "sec0065",
    "sentence": "Bibliometrics on a professional level does not only evaluate the observed citations from publications, but also calculates normalized indicators which take into account that citations have different expected values depending on subject area and publication year ([bib0070]).",
    "intent": "background"
  },
  {
    "sec_id": "sec0065",
    "sentence": "For example, in the Snowball Metrics Recipe Book \u2013 a collection of recommendations for indicators which may be used for institutional evaluations (especially in the UK) \u2013 the use of a field-weighted citation impact score is recommended ([bib0065]).",
    "intent": "background"
  },
  {
    "sec_id": "sec0065",
    "sentence": "Up to now it has been customary to use the MNCS as a standardized indicator in evaluations."
  },
  {
    "sec_id": "sec0065",
    "sentence": "However, in recent years a range of alternatives to the MNCS have been presented, in attempts to avoid particular weaknesses of the indicator."
  },
  {
    "sec_id": "sec0065",
    "sentence": "Thus, for example, an extremely highly cited publication can influence MNCS so strongly that the score can hardly represent the totality of the publications of a set ([bib0170]).",
    "intent": "background"
  },
  {
    "sec_id": "sec0065",
    "sentence": "How far a standardized indicator other than the MNCS, such as Hazen percentiles, represents a better alternative, can on the one hand be justified by its special characteristics."
  },
  {
    "sec_id": "sec0065",
    "sentence": "Thus, for example, extremely highly cited papers can hardly distort percentile-based indicators."
  },
  {
    "sec_id": "sec0065",
    "sentence": "But since every standardized indicator has its specific advantages and disadvantages, there is no indicator which is entirely without drawbacks."
  },
  {
    "sec_id": "sec0065",
    "sentence": "In order to check whether a specific indicator actually measures what it claims to measure (here: the impact of papers as a partial aspect of quality \u2013 independent of the time and subject area factors), it is usual in psychometry to check the concurrent validity of the indicator."
  },
  {
    "sec_id": "sec0065",
    "sentence": "Here it is a question of how far an indicator correlates with an external criterion."
  },
  {
    "sec_id": "sec0065",
    "sentence": "Since the most important procedure for the assessment of research is the peer review procedure, the current study calculates the relation between the judgement of peers and a series of standardized indicators."
  },
  {
    "sec_id": "sec0065",
    "sentence": "Unlike with observed citation counts, we can assume that the judgement of peers is dependent neither on the subject category nor on the publication year."
  },
  {
    "sec_id": "sec0065",
    "sentence": "So the more strongly an indicator correlates with the judgement of peers, the better it appears to be suited for the measurement of impact."
  },
  {
    "sec_id": "sec0065",
    "sentence": "In the current study, a series of cited-side and citing-side indicators are taken into account in testing their validity."
  },
  {
    "sec_id": "sec0065",
    "sentence": "Besides the normalized indicators observed citation counts have also been considered for comparison."
  },
  {
    "sec_id": "sec0065",
    "sentence": "As the results of the evaluations show, the validity of the indicators seems to be very similar \u2013 especially concerning papers assessed as \u201cgood\u201d or \u201cvery good\u201d by faculty members."
  },
  {
    "sec_id": "sec0065",
    "sentence": "Only for papers assessed as \u201cexceptional\u201d by members do greater differences appear between the indicators."
  },
  {
    "sec_id": "sec0065",
    "sentence": "With these papers, observed citation counts and the SNCSs seem to have an advantage over the other indicators for impact measurement."
  },
  {
    "sec_id": "sec0065",
    "sentence": "However, the results of this study suggest that overall, all the indicators involved here measure the normalized impact similarly \u2013 if we enlist the judgement of peers as an external criterion for the validity of the indicators."
  },
  {
    "sec_id": "sec0065",
    "sentence": "The results of the current study could be interpreted to indicate that the method of normalization (with the indicators used in this study) has only a slight influence on the validity of the indicators."
  },
  {
    "sec_id": "sec0065",
    "sentence": "Although the F1000 papers belong to 627 different subject categories and subject category combinations, respectively, with different mean citation rates (see [tbl0010]), the results also point out that observed citation counts perform similarly to the normalized indicators."
  },
  {
    "sec_id": "sec0065",
    "sentence": "Especially, this latter result points to some important limitations of the study:"
  },
  {
    "sec_id": "sec0065",
    "sentence": "(1) The F1000 papers are all connected to biomedical research and therefore do not reflect the true diversity of science, which normalization methods are designed to overcome."
  },
  {
    "sec_id": "sec0065",
    "sentence": "Although empirical studies including a broad range of disciplines are desired, corresponding datasets (with judgements of peers for single papers) are however not available \u2013 the F1000 dataset is a unique exception."
  },
  {
    "sec_id": "sec0065",
    "sentence": "(2) Reviewers\u2019 ratings in F1000 are given on a rather coarse scale, with just three possible levels (\u2018good\u2019, \u2018very good\u2019, and \u2018exceptional\u2019)."
  },
  {
    "sec_id": "sec0065",
    "sentence": "A finer scale would allow a better evaluation of the indicators."
  },
  {
    "sec_id": "sec0065",
    "sentence": "(3) Using expert judgments, it is generally difficult to argue for the superiority of a normalization method \u2013 given the low reliability of expert judgments among themselves ([bib0010]).",
    "intent": "background"
  },
  {
    "sec_id": "sec0065",
    "sentence": "A publication that is considered \u2018exceptional\u2019 by one reviewer may be considered just \u2018good\u2019 by another ([bib0015]).",
    "intent": "background"
  },
  {
    "sec_id": "sec0065",
    "sentence": "Yet another reviewer may not even consider the publication to be worth giving a recommendation in F1000."
  },
  {
    "sec_id": "sec0065",
    "sentence": "(4) The good result for the observed citation counts in comparison with the normalized indicators might be due to the fact that the judgements of the F1000 members (in the post-publication peer review process) are not only influenced by their reading of a specific paper but also by available impact data for this paper (citation counts for a short citation window and the JIF of the publishing journal)."
  },
  {
    "sec_id": "sec0065",
    "sentence": "The fact that the analysis shows no substantial differences between the different indicators can be interpreted in two ways: one interpretation is that indeed it does not make much difference which indicator is used."
  },
  {
    "sec_id": "sec0065",
    "sentence": "The good result for the citation indicator in this study could even mean that normalization does not improve the correlation of citation-based indicators and peer judgments, at least not for the highest quality publications."
  },
  {
    "sec_id": "sec0065",
    "sentence": "Perhaps artificial and questionable elements included in normalization procedures (e.g., the use of WoS subject categories) distort the outcomes of these procedures and \u2013 in some cases \u2013 cause normalized indicators to be inferior to observed citations."
  },
  {
    "sec_id": "sec0065",
    "sentence": "Given the limitations of the F1000 dataset, another interpretation seems to be also possible: the accuracy and reliability of the dataset is insufficient to distinguish between the different indicators and to make accurate comparisons between different normalized citation impact indicators."
  },
  {
    "sec_id": "sec0065",
    "sentence": "Thus, for future studies comparing judgements of experts and bibliometric indicators, datasets are necessary which cover a broad range of different disciplines."
  },
  {
    "sec_id": "sec0065",
    "sentence": "Besides the method of normalization there are also other problems of the normalization of impact which need to be solved in future studies."
  },
  {
    "sec_id": "sec0065",
    "sentence": "With the cited-side indicators we have, for example, the problem of the journal sets, which may often be used for the field delineation of papers, but which reach their limits with small fields or multi-disciplinary journals ([bib0050], [bib0130]).",
    "intent": "background"
  },
  {
    "sec_id": "sec0065",
    "sentence": "Another problem is the level of field delineation: for every level of field delineation there is a sub-field level, each of which generally exhibits a different citation rate."
  },
  {
    "sec_id": "sec0065",
    "sentence": "So far it has not been clarified on which level normalization should actually be performed ([bib0005], [bib0215]).",
    "intent": "background"
  },
  {
    "sec_id": "sec0065",
    "sentence": "Finally we have the problem of the other factors which \u2013 besides the subject area and the publication year \u2013 have an influence on citation impact (independent of their quality)."
  },
  {
    "sec_id": "sec0065",
    "sentence": "Future studies should investigate whether the involvement of these (and possibly other) factors is actually necessary."
  }
]