[
  {
    "sec_id": "sec0005",
    "sentence": "The Triple Helix concept introduced by Etzkowitz and Leydesdorff ([bib0060]; [bib0070]) is one of the variants of the nonlinear model of innovation ([bib0070]; [bib0175]; [bib0245]).",
    "intent": "background"
  },
  {
    "sec_id": "sec0005",
    "sentence": "The model postulates that the interactions between university, industry and government create synergy that leads to innovation ([bib0185]).",
    "intent": "uses"
  },
  {
    "sec_id": "sec0005",
    "sentence": "The theory has gained attention since it was developed, as illustrated by an increasing number of papers, as registered in the Web of Science ([bib0245]).",
    "intent": "background"
  },
  {
    "sec_id": "sec0005",
    "sentence": "Its geographic audience is very broad compared with that of other variants of the linear model of innovation like the Mode 2 ([bib0345]).",
    "intent": "background"
  },
  {
    "sec_id": "sec0005",
    "sentence": "The Triple Helix idea has led to a genuine research school with an empirical and conceptual agenda ([bib0345]).",
    "intent": "background"
  },
  {
    "sec_id": "sec0005",
    "sentence": "National and international research funding institutions (like the North Atlantic Treaty Organisation, the European Union, National Science Foundation (USA), the Centre National de Recherche Scientifique (France), etc.) are interested in this idea, and researchers from the Third World have contributed to the development and the implementation of the theory; evidence could be established from the nationalities of participants to the annual Triple Helix conferences and authors of papers presented at the conferences ([bib0225]).",
    "intent": "background future_work"
  },
  {
    "sec_id": "sec0005",
    "sentence": "Furthermore, innovation programmes have been developed under this paradigm[fn0005] ([bib0275]).",
    "intent": "background"
  },
  {
    "sec_id": "sec0005",
    "sentence": "As [bib0165] stated about information science, the Triple Helix is becoming a separate discipline because it has an epistemology (a specific concept, models, methods, etc.), societies (e.g. the Triple Helix Association), journals (e.g. Triple Helix Journal) and scientific events (e.g. the Triple Helix Annual Conference).",
    "intent": "background"
  },
  {
    "sec_id": "sec0005",
    "sentence": "The Triple Helix is being investigated by researchers from various domains such as sociologists, economists, informetricians, etc."
  },
  {
    "sec_id": "sec0005",
    "sentence": "However, the Triple Helix community is still seeking indicators to measure the synergy between innovation actors."
  },
  {
    "sec_id": "sec0005",
    "sentence": "According to [bib0245], some papers proposed indicators of science-technology interaction like patent citations or inventor/author analysis, publications counts, patents counts, citations, co-authors and related indicators; others are concerned with measuring information flows especially through entropy measures.",
    "intent": "background"
  },
  {
    "sec_id": "sec0005",
    "sentence": "The mutual information ([bib0170]) or mutual redundancy ([bib0190]) and the transmission power ([bib0220]), based on information theory, were proposed.",
    "intent": "background uses"
  },
  {
    "sec_id": "sec0005",
    "sentence": "They have been used in the literature to analyse various innovation systems, for example, [bib0160], [bib0150], [bib0390] and [bib0200] who studied mutual information and [bib0120] and [bib0240], [bib0220], [bib0215] who studied transmission power.",
    "intent": "background"
  },
  {
    "sec_id": "sec0005",
    "sentence": "Innovation systems are complex systems ([bib0140], [bib0135]).",
    "intent": "background"
  },
  {
    "sec_id": "sec0005",
    "sentence": "The university-industry-government relationships constitute a complex system ([bib0170]) that can be analysed with techniques and tools from cybernetics, information theory, game theory, decision theory, topology or mathematics of relations or factorial analysis ([bib0370]).",
    "intent": "background"
  },
  {
    "sec_id": "sec0005",
    "sentence": "Informetric studies having used game theory techniques and tools are scarce: [bib0365] and [bib0130] resorted to Shapley values, the former for assessing research production and impact of schools and scholars, and the latter for allocating publication credit to co-authors; [bib0110], [bib0115]) modelled decision-making in library cooperation with cooperative games theory; [bib0305] showed that ternary diagram could serve to study research collaboration and citations.",
    "intent": "background"
  },
  {
    "sec_id": "sec0005",
    "sentence": "Some papers introduced game theory in the study of either innovation systems in general ([bib0015] gave a review of them) or the Triple Helix in particular.",
    "intent": "background"
  },
  {
    "sec_id": "sec0005",
    "sentence": "[bib0040] on the one hand, and [bib0055] on the other hand, demonstrated that game theory could help in understanding the behaviour of innovation actors; [bib0045], [bib0050] modelled the Triple Helix relationships with game theory; however, the scope of his reflection was limited to project funding.",
    "intent": "background"
  },
  {
    "sec_id": "sec0005",
    "sentence": "Not only did he not deal with publications, but he did not either propose any indicator to measure the synergy within the Triple Helix framework also."
  },
  {
    "sec_id": "sec0005",
    "sentence": "As he wrote, it was a \u201cfirst attempt to formalize the concept of the Triple Helix of university-government-industry interactions in innovation activities with game theory\u201d ([bib0045]; [bib0050]).",
    "intent": "background"
  },
  {
    "sec_id": "sec0005",
    "sentence": "The objective of this paper is twofold: i) analyse the Triple Helix relationships using game theory principles, methods and techniques, and, ii) develop indicators to measure the synergy within an innovation system."
  },
  {
    "sec_id": "sec0005",
    "sentence": "The article intends to answer the following research questions: i) What are the rules of the Triple Helix game?"
  },
  {
    "sec_id": "sec0005",
    "sentence": "and, ii) How can the synergy be measured with game theory indicators?"
  },
  {
    "sec_id": "sec0005",
    "sentence": "It is structured as follows: the second (next) section, gives a background information on game theory; the third section determines the rules of the Triple Helix game, the fourth proposes the core, the Shapley value and the nucleolus as indicators to measure the synergy within a Triple Helix innovation system; the fifth section gives an application to bibliographic data quoted from relevant Triple Helix studies; the last two sections are devoted to the discussion of the findings and the conclusion of our paper."
  },
  {
    "sec_id": "sec0010",
    "sentence": "Game theory is a branch of mathematics that deals with how economic actors interact for their interests."
  },
  {
    "sec_id": "sec0010",
    "sentence": "Modern game theory and its application in economy originate from [bib0375].",
    "intent": "background"
  },
  {
    "sec_id": "sec0010",
    "sentence": "Nowadays, game theory\u2019s techniques are used to understand economic, social, political, and biological phenomena ([bib0125]; [bib0270]).",
    "intent": "background"
  },
  {
    "sec_id": "sec0010",
    "sentence": "It is concerned with the actions of decision makers who are conscious that their actions affect each other; it \u201cis not useful when decisions are made that ignore the reactions of others or treat them as impersonal market forces\u201d ([bib0285]).",
    "intent": "background"
  },
  {
    "sec_id": "sec0010",
    "sentence": "According to [bib0010], game theory can be applied to all situations where peoples\u2019 actions are both utility maximizing and interdependent.",
    "intent": "background"
  },
  {
    "sec_id": "sec0010",
    "sentence": "Game theory defines a game by four elements: the players, the actions, the payoff and the information ([bib0285]).",
    "intent": "background"
  },
  {
    "sec_id": "sec0010",
    "sentence": "Players are the individuals who make decisions."
  },
  {
    "sec_id": "sec0010",
    "sentence": "An action is a choice made by a player; usually, there is a set of actions a player can choose from."
  },
  {
    "sec_id": "sec0010",
    "sentence": "A payoff means either the utility a player receives after the game has been played out; or the expected utility."
  },
  {
    "sec_id": "sec0010",
    "sentence": "An information set at any particular point of the game is the reading a player gets from the actions the other players have taken or will take."
  },
  {
    "sec_id": "sec0010",
    "sentence": "Once a game is defined, one is interested in the strategies each player elaborates to maximize its utility."
  },
  {
    "sec_id": "sec0010",
    "sentence": "Game theory distinguishes two branches: noncooperative games and cooperative games."
  },
  {
    "sec_id": "sec0010",
    "sentence": "Noncooperative games focus on the strategies of individual players while cooperative games focus on how players behave mainly by the means of coalitions."
  },
  {
    "sec_id": "sec0015",
    "sentence": "Defining the rules of a game consists in determining the players, the actions, the payoff and the information ([bib0285]).",
    "intent": "background"
  },
  {
    "sec_id": "sec0015",
    "sentence": "In the Triple Helix game, the players are the three main innovation actors: university, industry and government denoted u, i and g[fn0010] respectively; hence, the set of players is N = {u, i, g}."
  },
  {
    "sec_id": "sec0015",
    "sentence": "The number of players is therefore, n\u2009=\u20093."
  },
  {
    "sec_id": "sec0015",
    "sentence": "Innovation actors share knowledge in order to exploit it."
  },
  {
    "sec_id": "sec0015",
    "sentence": "The exploitation of knowledge requires it to be produced, circulated and be acquired ([bib0250]).",
    "intent": "background"
  },
  {
    "sec_id": "sec0015",
    "sentence": "Doing research is, therefore, a sine qua non or a prerequisite condition for knowledge production."
  },
  {
    "sec_id": "sec0015",
    "sentence": "Hence, not publishing is an unconceivable action for actors of the Triple Helix innovation system or the Triple Helix game."
  },
  {
    "sec_id": "sec0015",
    "sentence": "Furthermore, while publishing, the Triple Helix innovation actors could negotiate arrangements with one another or not."
  },
  {
    "sec_id": "sec0015",
    "sentence": "We conclude that the actions available to the Triple Helix innovation actors are \u201cto collaborate\u201d and \u201cnot to collaborate\u201d."
  },
  {
    "sec_id": "sec0015",
    "sentence": "Because publication is a tangible measure of research, we use the number of papers published by actors or the corresponding percentage shares as payoffs."
  },
  {
    "sec_id": "sec0015",
    "sentence": "In publication counting, there are two methods: full counting and fractional counting ([bib0130]; [bib0180]; [bib0380]).",
    "intent": "background"
  },
  {
    "sec_id": "sec0015",
    "sentence": "The full counting method fully assigns a publication to each co-author whereas in the fractional counting case, a publication is fractionally assigned to each co-author[fn0015] in this paper, we adopt the full counting method as done in bibliometric studies dealing with the Triple Helix relationships ([bib0150]; [bib0160]; [bib0170]; [bib0210]).",
    "intent": "uses"
  },
  {
    "sec_id": "sec0015",
    "sentence": "Therefore, we consider such a paper as published by a single author composed of all its co-authors, i.e., they are not counted as the output of any individual author."
  },
  {
    "sec_id": "sec0015",
    "sentence": "By doing research, researchers produce information and knowledge; by collaborating, they increase their productivity ([bib0145]) and share information and knowledge ([bib0100]; [bib0145]; [bib0265]).",
    "intent": "background"
  },
  {
    "sec_id": "sec0015",
    "sentence": "Research collaboration is recognized as crucial for knowledge production and innovation ([bib0260]); it may cover several aspects.",
    "intent": "background"
  },
  {
    "sec_id": "sec0015",
    "sentence": "It is often used as synonymous to having multiple authorships or multiple addresses; that is, research collaboration occurs if two or more scientists cooperate and publish ([bib0020]; [bib0145]).",
    "intent": "background"
  },
  {
    "sec_id": "sec0015",
    "sentence": "Even though the measure presents some limitations ([bib0020]; [bib0145]; [bib0355]), in academia, co-authorship is the most visible indicator of scientific collaboration, and thus, has been frequently used to measure collaborative activity ([bib0005]; [bib0020]; [bib0145]).",
    "intent": "background"
  },
  {
    "sec_id": "sec0015",
    "sentence": "Collaboration is one aspect of the interactions between the Triple Helix actors; Leydesdorff advices however against reducing the Triple Helix relations to \u201ccollaboration\u201d ([bib0275]).",
    "intent": "background"
  },
  {
    "sec_id": "sec0015",
    "sentence": "Indeed, [bib0385] stated that an interaction may be competitive or cooperative.",
    "intent": "background"
  },
  {
    "sec_id": "sec0015",
    "sentence": "The [bib0255] asserted that the concept of interaction between innovators includes three basic ideas: competition, transaction and networking.",
    "intent": "background"
  },
  {
    "sec_id": "sec0015",
    "sentence": "Competition is \u201cthe interactive process where the actors are rivals and which creates the incentives for innovation\u201d."
  },
  {
    "sec_id": "sec0015",
    "sentence": "Transaction \u201cis the process by which goods and services, including technology embodied and tacit knowledge are traded between economic actors\u201d."
  },
  {
    "sec_id": "sec0015",
    "sentence": "Networking \u201cis the process by which knowledge is transferred through collaboration, co-operation and long term network arrangements\u201d ([bib0255]).",
    "intent": "background"
  },
  {
    "sec_id": "sec0015",
    "sentence": "According to the Triple Helix theory, \u201cinnovation actors who coexisted relatively separately, are now moving in a common direction to stimulate both competition and collaboration\u201d ([bib0185]); [bib0080] supported that the relations between innovations actors \u201cseeks a balance between competition and cooperation\u201d.",
    "intent": "background"
  },
  {
    "sec_id": "sec0015",
    "sentence": "Cooperation, collaboration, competition and transaction contribute to the dynamics within the Triple Helix innovation system."
  },
  {
    "sec_id": "sec0015",
    "sentence": "Actions of one actor may determine the behaviour of the others."
  },
  {
    "sec_id": "sec0015",
    "sentence": "Besides, throughout their interactions, university, industry and government increase their individual productivity ([bib0145]) in terms of number of publications; in other words, each intends to maximize its interests while working for the synergy within the innovation system.",
    "intent": "background"
  },
  {
    "sec_id": "sec0015",
    "sentence": "Therefore, the Triple Helix relationships as described above can be considered as a game and modelled with game theory."
  },
  {
    "sec_id": "sec0015",
    "sentence": "Furthermore, because the Triple Helix actors may bind agreements, the game is cooperative."
  },
  {
    "sec_id": "sec0015",
    "sentence": "Cooperative games are defined in a characteristic form by a couple of elements: i) a set of players, and ii) a characteristic function specifying the values created by different subsets of players ([bib0310]; [bib0340]).",
    "intent": "background"
  },
  {
    "sec_id": "sec0015",
    "sentence": "It implies arrangements between players to form coalitions."
  },
  {
    "sec_id": "sec0015",
    "sentence": "In cooperative (or coalitional) game theory, a coalition is a group of players that has the institutional structure to plan and perform actions, including the allocation of the generated value over its members ([bib0085]).",
    "intent": "background"
  },
  {
    "sec_id": "sec0015",
    "sentence": "By definition, the empty set and sets of individual players are also considered as coalitions; the coalition that groups together all players is called the grand coalition."
  },
  {
    "sec_id": "sec0015",
    "sentence": "Consequently, the number of coalitions in a n-player game is 2n."
  },
  {
    "sec_id": "sec0015",
    "sentence": "Thus, the number of coalitions in the Triple Helix game is 23\u2009=\u20098 and the set they constitute is P = {\u2205, {u}, {i}, {g}, {u, i}, {u, g}, {i, g}, {u, i, g}}."
  },
  {
    "sec_id": "sec0015",
    "sentence": "This means that we have the following possibilities: i) there is no actor within the game; in other words, university, industry and government does publish neither individually nor collectively; this is represented by the empty set \u2205; ii) actors publish individually, perhaps only one publishes, or two or all the three, but there is no collaboration; this yields the one-player coalitions represented by the sets {u}, {i}, {g}; iii) there are three bilateral collaborations yielding the three two-player coalitions represented by the sets {u, i}, {u, g}, {i, g}[fn0020] and, iv) there is one trilateral collaboration resulting in the grand coalition represented by the set {u, i, g}."
  },
  {
    "sec_id": "sec0015",
    "sentence": "The characteristic function of a cooperative game determines the payoff of each potential coalition engaged in the game."
  },
  {
    "sec_id": "sec0015",
    "sentence": "The basic rules are: i) the total payoff is the payoff of the grand coalition and ii) the empty coalition has a payoff of 0, iii) the payoff of any coalition with at least two members is greater than or equal to the sum of the payoffs of individuals composing the considered coalition ([bib0340]).",
    "intent": "background"
  },
  {
    "sec_id": "sec0015",
    "sentence": "Let us consider [fig0005], which represents the basic configuration of the Triple Helix in term of number of publications per sphere as used in the literature ([bib0150]; [bib0160]; [bib0195]; [bib0200]; [bib0210]; [bib0390]).",
    "intent": "uses"
  },
  {
    "sec_id": "sec0015",
    "sentence": "In [fig0005], U0, I0 and G0 represent the total number of papers university, industry and government published within the considered set of papers, including publications produced throughout bi or trilateral collaborations; U, I, G represent the number of papers university, industry and government published on their own respectively; UI, UG, IG represent the number of papers university and industry, university and government, industry and government co-authored respectively: and UIG the number of papers the three actors co-authored."
  },
  {
    "sec_id": "sec0015",
    "sentence": "UI, UG and IG exclude UIG."
  },
  {
    "sec_id": "sec0015",
    "sentence": "The total number of publications in the considered set is T\u2009=\u2009U\u2009+\u2009I\u2009+\u2009G\u2009+\u2009UI\u2009+\u2009UG\u2009+\u2009IG\u2009+\u2009UIG, with U0 = U\u2009+\u2009UI\u2009+\u2009UG\u2009+\u2009UIG, I0 = I\u2009+\u2009UI\u2009+\u2009IG\u2009+\u2009UIG and G0 = G\u2009+\u2009UG\u2009+\u2009IG\u2009+\u2009UIG."
  },
  {
    "sec_id": "sec0015",
    "sentence": "Let \u03c5 be the characteristic function of the considered Triple Helix game."
  },
  {
    "sec_id": "sec0015",
    "sentence": "It entrusts with each coalition its \u201cinterest\u201d in the game, i.e. the number of papers it published or the corresponding percentage share."
  },
  {
    "sec_id": "sec0015",
    "sentence": "University produces on its own U papers, industry I papers and government G papers."
  },
  {
    "sec_id": "sec0015",
    "sentence": "University and industry produced UI papers jointly."
  },
  {
    "sec_id": "sec0015",
    "sentence": "By binding agreements, university expects getting more than U papers and industry more than I papers; the number UI is, therefore, the supplement payoff of which benefit incited the two players to \u201cnegotiate\u201d and form a coalition."
  },
  {
    "sec_id": "sec0015",
    "sentence": "Because the number UI goes to both players, \u03c5({u, i}) = U\u2009+\u2009I\u2009+\u2009UI."
  },
  {
    "sec_id": "sec0015",
    "sentence": "By the same reasoning, we deduce \u03c5({u, g}) = U\u2009+\u2009G\u2009+\u2009UG and \u03c5({i, g}) = I\u2009+\u2009G\u2009+\u2009IG."
  },
  {
    "sec_id": "sec0015",
    "sentence": "UIG is the result of the \u201cwork\u201d of all three players and should not be attributed to any particular one-player or two-player coalition rather to the grand coalition."
  },
  {
    "sec_id": "sec0015",
    "sentence": "So \u03c5({u, i, g) = \u03c5(N) = U\u2009+\u2009I\u2009+\u2009G\u2009+\u2009UI\u2009+\u2009UG\u2009+\u2009IG\u2009+\u2009UIG\u2009=\u2009T which represents the total number of papers in the considered set."
  },
  {
    "sec_id": "sec0015",
    "sentence": "Therefore, the characteristic function of the Triple Helix game follows:(1)\u03c5\u2205=0\u03c5u=U\u03c5i=I\u03c5g=G\u03c5u,i=U+I+UI\u03c5u,g=U+G+UG\u03c5i,g=I+G+IG\u03c5u,i,g=U+I+G+UI+UG+IG+UIG"
  },
  {
    "sec_id": "sec0015",
    "sentence": "In game theory, the benefit of any coalition should go to one partner only \u2013 the payoff is not transferable \u2013 or shared between the coalition members on the basis of an agreement, so the shares should add up to the benefit \u2013 the payoff is transferable."
  },
  {
    "sec_id": "sec0015",
    "sentence": "But in publication counting, whatever the method (full or fractional counting) is, a paper resulting from a collaboration accounts for all authors."
  },
  {
    "sec_id": "sec0015",
    "sentence": "Let us consider an innovation system consisting of university and industry where these players produced U and I papers on their own respectively and UI papers jointly."
  },
  {
    "sec_id": "sec0015",
    "sentence": "The total number of publications within the system adds up to U\u2009+\u2009I\u2009+\u2009UI, but overall, university produces U\u2009+\u2009UI papers and industry I\u2009+\u2009UI papers."
  },
  {
    "sec_id": "sec0015",
    "sentence": "Using game theory language, we will say that the payoff of the coalition formed by university and industry goes to each party entirely (in case of full counting) or partially (in case of fractional counting)."
  },
  {
    "sec_id": "sec0015",
    "sentence": "Both actors that collaborate in publishing get an utility[fn0025] of their common output."
  },
  {
    "sec_id": "sec0015",
    "sentence": "We consider the game as with transferable utility because each player benefits from the utility resulting from the action of coalition he is involved in."
  },
  {
    "sec_id": "sec0015",
    "sentence": "As an illustration, let us consider the USA Triple Helix university-industry system for the year 2001 extracted from [bib0170].",
    "intent": "uses"
  },
  {
    "sec_id": "sec0015",
    "sentence": "The total number of papers considered is T\u2009=\u2009208,437."
  },
  {
    "sec_id": "sec0015",
    "sentence": "The repartition per Triple Helix spheres is as follows: university produced alone U\u2009=\u2009190,283 papers, industry produces alone I\u2009=\u20098288 papers, and jointly, university and industry produced UI\u2009=\u20099866 papers."
  },
  {
    "sec_id": "sec0015",
    "sentence": "In fact, the total number of papers university produced is 190,283\u2009+\u20098288\u2009=\u2009198,571 and the total number of papers industry produced is 8288\u2009+\u20099866\u2009=\u200918,154."
  },
  {
    "sec_id": "sec0015",
    "sentence": "The number of papers the two actors produced jointly (e.g. 9866) is added to the one each actor produced on its own to give the number of papers produced totally."
  },
  {
    "sec_id": "sec0015",
    "sentence": "The output of their cooperation goes entirely to each other, so the payoff is transferable."
  },
  {
    "sec_id": "sec0015",
    "sentence": "In summary, the Triple Helix is a three-person cooperative game with transferable utility."
  },
  {
    "sec_id": "sec0015",
    "sentence": "The players are university, industry and government."
  },
  {
    "sec_id": "sec0015",
    "sentence": "They may form coalitions; their interest is the number of publications or the corresponding percentage shares."
  },
  {
    "sec_id": "sec0045",
    "sentence": "\u201cSynergy is the fusion between different aims and resources to create more between the interacting parties than they had prior to the interactions (\u2026)."
  },
  {
    "sec_id": "sec0045",
    "sentence": "An object shows synergy when, examining one of various of its parts (or even each or everyone of them) separately, it is impossible to explain or predict the whole\u2019s behaviour\u201d ([bib0075]).",
    "intent": "background"
  },
  {
    "sec_id": "sec0045",
    "sentence": "[bib0060], [bib0065]) considered the synergy in a Triple Helix system as the result of an overlay of exchange among perspectives on the bi and tri-lateral relations.",
    "intent": "background"
  },
  {
    "sec_id": "sec0045",
    "sentence": "For example, in the USA Triple Helix system for the year 2001 ([bib0170]), university, industry and government produced on their own U\u2009=\u2009152,449 papers, I\u2009=\u20096506 papers and G\u2009=\u200924,134 papers respectively; but, the total number of papers within the system is T\u2009=\u2009232,571, which is greater than U\u2009+\u2009I\u2009+\u2009G\u2009=\u2009183,089 papers.",
    "intent": "background"
  },
  {
    "sec_id": "sec0045",
    "sentence": "The difference (49,482 papers) results from the synergy created between the three actors."
  },
  {
    "sec_id": "sec0045",
    "sentence": "[bib0195] estimated that synergy can be quantified.",
    "intent": "background"
  },
  {
    "sec_id": "sec0045",
    "sentence": "The existence of synergy within the Triple Helix innovation system supposes that conditions are fulfilled for actors to agree to work together to achieve the common goal of innovation."
  },
  {
    "sec_id": "sec0045",
    "sentence": "It also supposes that actors have the insurance that their interests are secured."
  },
  {
    "sec_id": "sec0045",
    "sentence": "In other words, the existence of synergy requires working together for both individual and collective interests, e.g. by the means of collaboration or cooperation to achieve a goal."
  },
  {
    "sec_id": "sec0045",
    "sentence": "As the above definition says, with synergy, different parties get more than they would get if they worked alone, justifiying the formation of coalitions."
  },
  {
    "sec_id": "sec0045",
    "sentence": "Game theorists developed a certain number of indicators to determine the conditions for individual and collective interests of actors are assured."
  },
  {
    "sec_id": "sec0045",
    "sentence": "For cooperative games with transferable payoff, the main indicators are the core, the Shapley value and the nucleolus."
  },
  {
    "sec_id": "sec0045",
    "sentence": "The core of a cooperative game is defined as the set of actions no individual player has an incentive to deviate from."
  },
  {
    "sec_id": "sec0045",
    "sentence": "It is so that it leaves \u201cno coalition in a position to improve the payoffs of all its members\u201d ([bib0340]).",
    "intent": "background"
  },
  {
    "sec_id": "sec0045",
    "sentence": "Therefore, it is the \u201cstate\u201d of the game that ensures both individual and common interests and where \u201ceach player individually, and independently from each other maximizes his or her utility\u201d ([bib0350]).",
    "intent": "background"
  },
  {
    "sec_id": "sec0045",
    "sentence": "The core measures the stability in coalition forming ([bib0085]; [bib0340]; [bib0330], [bib0335]).",
    "intent": "background"
  },
  {
    "sec_id": "sec0045",
    "sentence": "Outside the core, there may not be any interaction, therefore, no synergy is created, and consequently, innovation could not occur."
  },
  {
    "sec_id": "sec0045",
    "sentence": "To determine the core of the Triple Helix game, one needs to determine the values xu, xi and xg of the utility of players u, i and g respectively, so that they are higher than or equal to the payoff of each player on the one hand, and the sum of the utilities of members of any coalition, on the other hand, is higher than or equal to the value of the coalition, under the condition that the sum of the three values equals the total payoff."
  },
  {
    "sec_id": "sec0045",
    "sentence": "Hence, the core of the Triple Helix game is determined by the following system ([bib0205]; [bib0340]):(2)xu\u2265\u03c5uxi\u2265\u03c5ixg\u2265\u03c5gxu+xi\u2265\u03c5uixu+xg\u2265\u03c5ugxi+xg\u2265\u03c5igxu+xi+xg=\u03c5uig",
    "intent": "background"
  },
  {
    "sec_id": "sec0045",
    "sentence": "To solve System 2, one should transform each two-variable inequality into a one-variable inequality."
  },
  {
    "sec_id": "sec0045",
    "sentence": "For example, xu+xi\u2265\u03c5ui becomes xg\u2264\u03c5uig-vui (See Appendix A)."
  },
  {
    "sec_id": "sec0045",
    "sentence": "Therefore, the system becomes:(3)xu\u2265\u03c5uxi\u2265\u03c5ixg\u2265\u03c5gxg\u2264\u03c5uig\u2212\u03c5uixi\u2264\u03c5uig\u2212\u03c5ugxu\u2264\u03c5uig\u2212\u03c5igxu+xi+xg=\u03c5uigwhich leads to the following analytic form of the core: [fn0030](4)\u03c5u\u2264xu\u2264\u03c5uig\u2212\u03c5ig\u03c5i\u2264xi\u2264\u03c5uig\u2212\u03c5ug\u03c5g\u2264xg\u2264\u03c5uig\u2212\u03c5uixu+xi+xg=\u03c5uig"
  },
  {
    "sec_id": "sec0045",
    "sentence": "Therefore, the core of the Triple Helix game with publication as unit of analysis is determined by the number of publications each actor produced on its own (the lower bound, U, I and G for university, industry and government respectively) and the total number of publications the actor produced, within the system, included in collaboration with other actors (the upper bound, U0, I0 and G0 for university, industry and government respectively), under the condition that the three values should add up to the total number of publications in the considered set."
  },
  {
    "sec_id": "sec0045",
    "sentence": "The core of a game can be graphical too."
  },
  {
    "sec_id": "sec0045",
    "sentence": "Game theorists use ternary diagram to plot the core of cooperative games (See Appendix B for how to read a ternary diagram and plot the core)."
  },
  {
    "sec_id": "sec0045",
    "sentence": "Along with the core, game theory specialists also use the Shapley value and the nucleolus."
  },
  {
    "sec_id": "sec0045",
    "sentence": "The Shapley value is considered as a value attributed to players by a fair and impartial arbiter ([bib0125]).",
    "intent": "uses"
  },
  {
    "sec_id": "sec0045",
    "sentence": "It measures the fairness while allocating the total payoff to players."
  },
  {
    "sec_id": "sec0045",
    "sentence": "The Shapley value takes into account the contribution of individual players."
  },
  {
    "sec_id": "sec0045",
    "sentence": "It is unique and always exists ([bib0090]).",
    "intent": "background"
  },
  {
    "sec_id": "sec0045",
    "sentence": "[bib0320], [bib0325]) provides a formula to compute the value, but we will use a simpler alternative (see e.g. [bib0295]).",
    "intent": "background"
  },
  {
    "sec_id": "sec0045",
    "sentence": "First, let us consider that the three players have to enter a room, the game area."
  },
  {
    "sec_id": "sec0045",
    "sentence": "The number of possible orders of entrance is 3!\u2009=\u20096, listed in column \u201cOrder of entrance\u201d of [tbl0005]."
  },
  {
    "sec_id": "sec0045",
    "sentence": "The first order is u followed by i and then g."
  },
  {
    "sec_id": "sec0045",
    "sentence": "When u enters first, it earns a payoff of \u03c5(u); i on its turn as the second player earns a payoff that equals what it would earn in coalition with u minus the payoff u got as the first player that enters the room, so \u03c5(i) = \u03c5(ui) - \u03c5(u); g the third player would then earn the total payoff minus the payoff coalition ui got, that is \u03c5(uig) - \u03c5(ui)."
  },
  {
    "sec_id": "sec0045",
    "sentence": "The same logical reasoning permits to fill the cells in [tbl0005]."
  },
  {
    "sec_id": "sec0045",
    "sentence": "The Shapley value is the average of the payoffs of each player following its six positions of entrance in the game room (the last row of [tbl0005])."
  },
  {
    "sec_id": "sec0045",
    "sentence": "It is the triplet (Su, Si, Sg) so that:(5)Su=2\u03c5uig+2\u03c5u+\u03c5ui+\u03c5ug-2\u03c5ig-\u03c5i-\u03c5(g)6Si=2\u03c5uig+2\u03c5i+\u03c5ui+\u03c5ig-2\u03c5ug-\u03c5u-\u03c5(g)6Sg=2\u03c5uig+2\u03c5g+\u03c5ig+\u03c5ug-2\u03c5ui-\u03c5i-\u03c5(u)6"
  },
  {
    "sec_id": "sec0045",
    "sentence": "Table 1."
  },
  {
    "sec_id": "sec0045",
    "sentence": "Computing the Shapley value of a Triple Helix cooperative game."
  },
  {
    "sec_id": "sec0045",
    "sentence": "The nucleolus indicates the \u201cmore acceptable\u201d distribution of the total payoff among players ([bib0155]; [bib0300], p.",
    "intent": "background"
  },
  {
    "sec_id": "sec0045",
    "sentence": "1163); it is a measure of the inequity of the total payoff sharing of the game; it is unique and exists always ([bib0155]; [bib0300]).",
    "intent": "background"
  },
  {
    "sec_id": "sec0045",
    "sentence": "The basic idea behind the nucleolus is to make the least happy coalition\u201d as happy as possible \u201c([bib0025], p.",
    "intent": "background"
  },
  {
    "sec_id": "sec0045",
    "sentence": "24; [bib0350], p.",
    "intent": "background"
  },
  {
    "sec_id": "sec0045",
    "sentence": "62)."
  },
  {
    "sec_id": "sec0045",
    "sentence": "To know the unhappiest coalition with regard to any particular distribution of the payoff, one should compute the differences between the value of each coalition and the utility it is given, called excesses ([bib0300]).",
    "intent": "background"
  },
  {
    "sec_id": "sec0045",
    "sentence": "The largest excess means that the associated coalition is the unhappiest towards the distribution."
  },
  {
    "sec_id": "sec0045",
    "sentence": "There is no analytic formula for computing the nucleolus of a game, but a step by step approach leads to finding this indicator."
  },
  {
    "sec_id": "sec0045",
    "sentence": "[bib0360] stressed that the computation of the nucleolus is hard; he established several methods as well as the corresponding theory.",
    "intent": "background"
  },
  {
    "sec_id": "sec0045",
    "sentence": "Nowadays, there are many software applications that allow computing the nucleolus; however, even using the same data, they do not always yield the same results."
  },
  {
    "sec_id": "sec0045",
    "sentence": "[bib0095] revealed common mistakes in computing the nucleolus; [bib0030] claim that the package \u2018Game theory\u2019 for the R statistical software ([bib0280]) takes into account criticisms and produces robust results.",
    "intent": "background"
  },
  {
    "sec_id": "sec0060",
    "sentence": "In this section, we consider the innovation systems of West Africa[fn0035] and South Korea; then we determine the rules of the Triple Helix game of these systems and compute the core, the Shapley value and the nucleolus."
  },
  {
    "sec_id": "sec0060",
    "sentence": "Bibliographic data of the two areas over a decade (2001\u20132010) downloaded from Web of Science and treated by [bib0215], [bib0235] were used ([tbl0010]).",
    "intent": "uses"
  },
  {
    "sec_id": "sec0060",
    "sentence": "As a simplification we will write ui instead of {u,i} to indicate the coalition formed by players u and i, and similarly for the other cases"
  },
  {
    "sec_id": "sec0060",
    "sentence": "Table 2."
  },
  {
    "sec_id": "sec0060",
    "sentence": "Scientific outputs of the Triple Helix spheres in West Africa and South Korea over the period.2001\u20132010."
  },
  {
    "sec_id": "sec0060",
    "sentence": "The South Korean data are about twelvefold that of West Africa."
  },
  {
    "sec_id": "sec0060",
    "sentence": "University is the biggest science producers in both areas, followed by government and then by industry."
  },
  {
    "sec_id": "sec0060",
    "sentence": "As far as the bilateral collaborations are concerned, university-government comes first, followed \u2013 in this order - by university-industry and then by industry-government."
  },
  {
    "sec_id": "sec0060",
    "sentence": "The trilateral relations are registered within the two areas."
  },
  {
    "sec_id": "sec0060",
    "sentence": "The percentage shares of the Triple Helix spheres are higher in the case of South Korea than that of West Africa, except for government (G) on the one hand and university-government (UG) on the other hand ([fig0010])."
  },
  {
    "sec_id": "sec0060",
    "sentence": "For comparison purpose and (also) in order to avoid handling larger numbers characterizing publications data, we prefer using percentage shares for the computations below."
  },
  {
    "sec_id": "sec0060",
    "sentence": "In this we ignored the empty coalition utility \u03c5(\u2205)\u2009=\u20090 in the following."
  },
  {
    "sec_id": "sec0060",
    "sentence": "The characteristic functions are derived from data in [tbl0010]."
  },
  {
    "sec_id": "sec0060",
    "sentence": "They are presented in [tbl0015]."
  },
  {
    "sec_id": "sec0060",
    "sentence": "They show that coalitions g, ug and ig have utilities greater in West Africa than in South Korea and that the three coalitions u, i and ui utilities are lower in West Africa compared with those of South Korea."
  },
  {
    "sec_id": "sec0060",
    "sentence": "Table 3."
  },
  {
    "sec_id": "sec0060",
    "sentence": "Characteristic functions of West African and South Korean Triple Helix game."
  },
  {
    "sec_id": "sec0060",
    "sentence": "Source: Publication counts are extracted from [bib0215], [bib0235] and percentage shares are computed by ourselves.",
    "intent": "uses"
  },
  {
    "sec_id": "sec0060",
    "sentence": "The analytic form of the core of the West African and South Korean Triple Helix games is given in [tbl0020]."
  },
  {
    "sec_id": "sec0060",
    "sentence": "We used the \u2018ggtern\u2019 package ([bib0105]) for the R statistical software ([bib0280]) to produce the graphical form ([fig0015]).",
    "intent": "uses"
  },
  {
    "sec_id": "sec0060",
    "sentence": "The cores are located at the upper side of the diagram, close to the apex labelled University and bordering the side representing the scale 0 of Industry."
  },
  {
    "sec_id": "sec0060",
    "sentence": "This position is an illustration of the share of players to the total payoff or the level of production of players."
  },
  {
    "sec_id": "sec0060",
    "sentence": "In both areas, university has the largest share (50\u201390%), government 10\u201340% and industry less than 5%."
  },
  {
    "sec_id": "sec0060",
    "sentence": "Table 4."
  },
  {
    "sec_id": "sec0060",
    "sentence": "Analytic form of the core of West African and South Korean Triple Helix game."
  },
  {
    "sec_id": "sec0060",
    "sentence": "Applying formula in Eq. [eq0025] gives the triplets (72.11, 0.58, 27.32) and (75.52, 2.47, 22.02) as the Shapley values for West Africa and South Korea respectively."
  },
  {
    "sec_id": "sec0060",
    "sentence": "We used, however, the package \u201cGameTheory\u201d ([bib0030]) for the R statistical software ([bib0280]) to compute the Shapley values and the nucleoli ([tbl0025]).",
    "intent": "uses"
  },
  {
    "sec_id": "sec0060",
    "sentence": "In both areas, the Shapley value and the nucleolus rank players the same as their total output."
  },
  {
    "sec_id": "sec0060",
    "sentence": "However, the university or industry Shapley value in West Africa is lower than that of university or industry in South Korea; the governement Shapley value is larger in West Africa than in South Korea."
  },
  {
    "sec_id": "sec0060",
    "sentence": "As far as the nucleolus is concerned, university and government values in West Africa are higher than those of the same players in South Korea; the industry nucleolus is lower in West Africa than in South Korea."
  },
  {
    "sec_id": "sec0060",
    "sentence": "Table 5."
  },
  {
    "sec_id": "sec0060",
    "sentence": "Shapley value and nucleolus of the West Africa and South Korean innovation systems."
  },
  {
    "sec_id": "sec0085",
    "sentence": "In both West Africa and South Korea, university is the biggest science producer, followed by government and industry; the industrial output is very limited compared with that of university or government."
  },
  {
    "sec_id": "sec0085",
    "sentence": "Consequently, the cores are close to the apex University \u2015 representing scale 100 for University \u2015 and border the side of the triangle opposite to the Industry apex \u2015 representing scale 0 for Industry axis."
  },
  {
    "sec_id": "sec0085",
    "sentence": "The formation of the core (cf."
  },
  {
    "sec_id": "sec0085",
    "sentence": "its analytic form) reveals constraints on players\u2019 interest by giving their lower and upper bounds."
  },
  {
    "sec_id": "sec0085",
    "sentence": "The lower bound is the production of a player on its own; the upper bound \u2015 which is the marginal contribution \u2015 includes outcomes of collaborations."
  },
  {
    "sec_id": "sec0085",
    "sentence": "The marginal contribution of a player is the amount by which the total payoff will shrink if that player withdraws or the value the great coalition loses if player is not part of it ([bib0350], p.",
    "intent": "background"
  },
  {
    "sec_id": "sec0085",
    "sentence": "10)."
  },
  {
    "sec_id": "sec0085",
    "sentence": "It reflects the \u201cpower\u201d of that player in the game."
  },
  {
    "sec_id": "sec0085",
    "sentence": "It appears like the threat a player exerts on its partners while negotiating coalitions, or the power of negotiation of a player ([bib0350]).",
    "intent": "background"
  },
  {
    "sec_id": "sec0085",
    "sentence": "In both areas, university has more power than government to form coalition, in turn, government has more power than industry."
  },
  {
    "sec_id": "sec0085",
    "sentence": "The difference between the bounds of a player\u2019s interest represents the contribution of that player to the formation of the core."
  },
  {
    "sec_id": "sec0085",
    "sentence": "University and government have larger contributions in West Africa as compared to South Korea; the reverse is, however, true in the case of industry (cf."
  },
  {
    "sec_id": "sec0085",
    "sentence": "[fig0020])."
  },
  {
    "sec_id": "sec0085",
    "sentence": "The explanation of such a result may be found in publications data (cf."
  },
  {
    "sec_id": "sec0085",
    "sentence": "[fig0010]): industry published less in West Africa (see e.g. [bib0210], [bib0230], [bib0225]) and therefore, has less opportunity to collaborate.",
    "intent": "background"
  },
  {
    "sec_id": "sec0085",
    "sentence": "As an illustration, industrial publication share is 0.18 and rises to 1.1 with collaboration."
  },
  {
    "sec_id": "sec0085",
    "sentence": "In the case of South Korea, industry has a percentage share of 0.99 (about 6 times the one of West Africa), but it rises to 4.17 when the collaborations shares are included."
  },
  {
    "sec_id": "sec0085",
    "sentence": "In summary, university and government has more facilities to collaborate and to form coalitions in West Africa when compared to South Korea; however, West African industry does not have enough power to form coalitions as compared to the situation in South Korea."
  },
  {
    "sec_id": "sec0085",
    "sentence": "\u201cThe core of a game may be interpreted as the set of sociologically stable outcomes, in that no coalition can upset any one of them.\u201d ([bib0330], p.",
    "intent": "background"
  },
  {
    "sec_id": "sec0085",
    "sentence": "15, 1971)."
  },
  {
    "sec_id": "sec0085",
    "sentence": "In other words, outside the core, at least one coalition \u201cmust fail to realize its full potential\u201d ([bib0330], p.",
    "intent": "background"
  },
  {
    "sec_id": "sec0085",
    "sentence": "15, 1971), e.g. there is no way that all players get more than they will in the core; that is, no agreement may be found on the sharing of the total payoff."
  },
  {
    "sec_id": "sec0085",
    "sentence": "Such a situation would lead to the lack of interaction between innovation actors, and as a result, to the lack of synergy within a Triple Helix innovation system."
  },
  {
    "sec_id": "sec0085",
    "sentence": "Therefore, the core may be interpreted as the range of all possible compromises players could reach based on their interests and the constraints on these interests, with the target of creating synergy."
  },
  {
    "sec_id": "sec0085",
    "sentence": "The contributions of players to the formation of the core give the extent of the core, which is the margin players have to share the total payoff; these margins may be measured by the surface area of the core as fraction of the surface area of the triangle supporting the ternary diagram.[fn0040] The surface area of the core of South Korea (1.3%) is larger than that of the core of West Africa (0.5%)[fn0045] meaning that South Korean innovation actors have more margin in allocating outcomes of collaboration than West African ones; they have more margin to form coalition and lead to and create synergy than West African ones."
  },
  {
    "sec_id": "sec0085",
    "sentence": "We consider the core as the indicator of synergy and its surface area as the extent or the level of synergy."
  },
  {
    "sec_id": "sec0085",
    "sentence": "The analysis of the Shapley values leads to the conclusion that university has the largest value, followed by government and industry."
  },
  {
    "sec_id": "sec0085",
    "sentence": "Mathematically, the Shapley value is the expected marginal contribution of a player ([bib0295], p.",
    "intent": "background"
  },
  {
    "sec_id": "sec0085",
    "sentence": "6); it can be interpreted as the \u201cexpected utility of playing a game\" ([bib0290]) ; therefore, it is the expected interest that incites a player to form coalitions.",
    "intent": "background"
  },
  {
    "sec_id": "sec0085",
    "sentence": "The image of the Shapley value that arises from the applications is that it is an index of strength of a player ([bib0010]), the strength of the coalitions he belongs to and the ones he does not ([bib0350]).",
    "intent": "background"
  },
  {
    "sec_id": "sec0085",
    "sentence": "We interpret the Shapley value as the strength of a Triple Helix actor to build and drive coalitions with the final goal of creating synergy."
  },
  {
    "sec_id": "sec0085",
    "sentence": "That explains the ranking of coalitions according to their payoff in this order: ug, ui, u, ig, g, i, the empty and grand coalitions excluded: university has the highest Shapley value so that the coalitions it is involved in have the highest payoffs, followed by coalitions involving government and finally coalitions industry is member of."
  },
  {
    "sec_id": "sec0085",
    "sentence": "The Shapley value is higher for university and industry in South Korea than in West Africa; but, the reverse is true for government."
  },
  {
    "sec_id": "sec0085",
    "sentence": "The larger contribution of government in West Africa may explain the result; for example, the share of government is 13.32 in West Africa and 11.91 in South Korea (Cf. [tbl0015]), but with collaboration, it rises to 41.44 in West Africa and 32.36 in South Korea (Cf. [tbl0020])."
  },
  {
    "sec_id": "sec0085",
    "sentence": "In summary, university has more power in leading to and creating synergy than government, which in turn has more power than industry."
  },
  {
    "sec_id": "sec0085",
    "sentence": "Although the nucleolus ranks players the same as the Shapley value, it is however generous towards university and industry to the detriment of government."
  },
  {
    "sec_id": "sec0085",
    "sentence": "Indeed, instead of attributing 22 to government in South Korea and 27 in West Africa, the nucleolus attributes it around 14 in the two areas."
  },
  {
    "sec_id": "sec0085",
    "sentence": "The losses of utility government undergoes regarding the nucleolus go entirely to university."
  },
  {
    "sec_id": "sec0085",
    "sentence": "The nucleolus may be interpreted as a fair allocation based on the coalitions players are involved in ([bib0350], p.",
    "intent": "background"
  },
  {
    "sec_id": "sec0085",
    "sentence": "68)."
  },
  {
    "sec_id": "sec0085",
    "sentence": "\u201cIt is more a way the total payo\ufb00 ; can be distributed in a fair way over all the players based on all the coalitions of which he is a member\u201d ([bib0350], p.",
    "intent": "background"
  },
  {
    "sec_id": "sec0085",
    "sentence": "78)."
  },
  {
    "sec_id": "sec0085",
    "sentence": "In other words, the nucleolus takes into account the payoffs of coalitions instead and makes them fairer as the Shapley value does for players\u2019 payoffs."
  },
  {
    "sec_id": "sec0085",
    "sentence": "Clearly, with the nucleolus, coalition members agree to make supplementary concessions, a kind of solidarity, to share the total payoff among coalitions so that the ones that are disadvantaged could get more, in order to accept or continue playing the game."
  },
  {
    "sec_id": "sec0085",
    "sentence": "Thus, the nucleolus is an indicator of efforts coalitions make to maintain the synergy players lead to and create."
  },
  {
    "sec_id": "sec0085",
    "sentence": "In West Africa and South Korea, the coalitions government is involved in accept the reduction of their payoffs to the benefit of those government is not involved in; as a result, the nucleolus attributes government less than it expects, e.g. its Shapley value."
  },
  {
    "sec_id": "sec0105",
    "sentence": "The Triple Helix of university-industry-government relations with number of publication as unit of analysis is a three-person cooperative game with transferable utility."
  },
  {
    "sec_id": "sec0105",
    "sentence": "The three players (university, industry and government) can bind coalitions to maximize their utilities."
  },
  {
    "sec_id": "sec0105",
    "sentence": "The payoff may be either publication count or corresponding percentage share."
  },
  {
    "sec_id": "sec0105",
    "sentence": "Hence, the synergy within a Triple Helix innovation system can be measured with game theory indicators like the core, the Shapley value or the nucleolus."
  },
  {
    "sec_id": "sec0105",
    "sentence": "The core expresses both individual and collective interests and the constraints exerted on them; it also indicates the extent of the synergy within the Triple Helix game."
  },
  {
    "sec_id": "sec0105",
    "sentence": "We used the Shapley value as the strength of players to lead to and create synergy and the nucleolus as the strength of coalitions to maintain that synergy."
  },
  {
    "sec_id": "sec0105",
    "sentence": "We computed these indicators for the innovation systems of two geographical areas: the West African region and South Korea."
  },
  {
    "sec_id": "sec0105",
    "sentence": "The largest contribution to the extent of the core comes from university followed by government and then by industry."
  },
  {
    "sec_id": "sec0105",
    "sentence": "As a result, on a ternary diagram, the core is located close to the apex University and borders the Industry axis."
  },
  {
    "sec_id": "sec0105",
    "sentence": "The core of South Korea is wider than the one of West Africa because collaborations between the three actors occur largely in the former compared to the latter."
  },
  {
    "sec_id": "sec0105",
    "sentence": "Both the Shapley values and the nucleoli allocate a larger part of interests to university due to its high publication share in both areas."
  },
  {
    "sec_id": "sec0105",
    "sentence": "However, the nucleoli are too severe toward government and; conversely, more generous toward university and industry."
  },
  {
    "sec_id": "sec0105",
    "sentence": "This paper has two limits, the one related to the techniques (game theory) and the other to the unit of analysis."
  },
  {
    "sec_id": "sec0105",
    "sentence": "Firstly, the indicators used do not take into account how the payoffs of coalitions should be divided among members, so our study does not deal with it."
  },
  {
    "sec_id": "sec0105",
    "sentence": "Secondly, we used number of publications as unit of analysis; however, research output is not limited to publication only and research collaboration does not result in publication always."
  },
  {
    "sec_id": "sec0105",
    "sentence": "The reflection and the proposed indicators may apply to any other research output like patent or any field of interaction between university, industry and government, for example, funding, grants, etc."
  },
  {
    "sec_id": "sec0105",
    "sentence": "Our main finding is related to the core as the expression of interests of players and constraints on these interests on the one hand, and on the other hand, the surface area of the core as the margin players have to negotiate payoffs sharing."
  },
  {
    "sec_id": "sec0105",
    "sentence": "Industry\u2019s contribution to the formation of the core is the thinnest, which reduces the extent of the synergy within the Triple Helix."
  },
  {
    "sec_id": "sec0105",
    "sentence": "Industry should interact more with university and government for knowledge producing and sharing in order to increase its margin while negotiating coalitions, and as a result, extend the core and increase the level of synergy within the system."
  },
  {
    "sec_id": "sec0105",
    "sentence": "We got this result perhaps because publications are the primary research output of university."
  },
  {
    "sec_id": "sec0105",
    "sentence": "Further studies may use as unit of analysis, for example, patents which are the primary research output of industry; findings could then be compared."
  },
  {
    "sec_id": "sec0110",
    "sentence": "A two-variable inequality of the analytic form of the core can be turned into a one-variable inequality; in the latter, the variable is the one not present in the former."
  },
  {
    "sec_id": "sec0110",
    "sentence": "For example, let us consider the following system representing the core of a Triple Helix game.(6)xu\u2265\u03c5u(a)xi\u2265\u03c5i(b)xg\u2265\u03c5g(c)xu+xi\u2265\u03c5ui(d)xu+xg\u2265\u03c5ug(e)xi+xg\u2265\u03c5ig(f)xu+xi+xg=\u03c5uig(g)"
  },
  {
    "sec_id": "sec0110",
    "sentence": "The equality (6\u2009g) xu+xi+xg=\u03c5(uig) leads to(7)(xu+xi)+xg=\u03c5(uig)and(8)xu+xi=\u03c5uig-xg"
  },
  {
    "sec_id": "sec0110",
    "sentence": "According to (6d), xu+xi\u2265\u03c5(ui)."
  },
  {
    "sec_id": "sec0110",
    "sentence": "Replacing xu+xi by \u03c5uig-xg in [eq0040] gives:(9)\u03c5uig-xg\u2265\u03c5(ui)which means that(10)-xg\u2265\u03c5ui-\u03c5(uig)"
  },
  {
    "sec_id": "sec0110",
    "sentence": "and(11)xg\u2264\u03c5uig-\u03c5(ui)"
  },
  {
    "sec_id": "sec0110",
    "sentence": "The same logical reasoning with inequalities (6e) and (6f) leads to the equivalences:(12)xu+xi\u2265\u03c5(ui)\u21d4xg\u2264\u03c5(uig)-\u03c5(ui)(13)xu+xg\u2265\u03c5(ug)\u21d4xi\u2264\u03c5(uig)-\u03c5(ug)(14)xi+xg\u2265\u03c5(ig)\u21d4xu\u2264\u03c5(uig)-\u03c5(ig)"
  },
  {
    "sec_id": "sec0115",
    "sentence": "Let us consider the ternary diagram in [fig0025]."
  },
  {
    "sec_id": "sec0115",
    "sentence": "The top apex is labelled University, the left one Industry and the right one Government."
  },
  {
    "sec_id": "sec0115",
    "sentence": "The side of the triangle opposite to each apex constitutes the level 0 for its scaling; the one to its left is its axis."
  },
  {
    "sec_id": "sec0115",
    "sentence": "Any line parallel to a side and passing through the triangle intercepts the relevant axis at a point indicating the value of the variable at the apex."
  },
  {
    "sec_id": "sec0115",
    "sentence": "For example, the horizontal line that intercepts University axis at n has equation u\u2009=\u2009n."
  },
  {
    "sec_id": "sec0115",
    "sentence": "In order to read the coordinates of any point in such a system, one should draw three lines, each parallel to each side of the triangle and passing through this point, then read the scale where it intercepts the corresponding side."
  },
  {
    "sec_id": "sec0115",
    "sentence": "It is very easy to plot the core of a three-player cooperative game on a ternary diagram once one knows how to read this kind of diagram."
  },
  {
    "sec_id": "sec0115",
    "sentence": "The tasks are restricted to i) plot six pairwise parallel lines that determine the lower and the\u00b2 upper values of players interests, and ii) determine the surface of the triangle common to the three areas delimited by the pairwise parallel lines."
  },
  {
    "sec_id": "sec0115",
    "sentence": "For example, let us plot the core of which analytic form follows:(15)43\u2264xu\u22647516\u2264xi\u22642215\u2264xg\u226447xu+xi+xg=100iFirstly, we should plot the lines corresponding to xu\u2009=\u200943 and xu\u2009=\u200975, e.g. two horizontal lines, the one intercepting the University axis at n\u2009=\u200943 and the other at n\u2009=\u200975; the surface of the triangle delimited by these two lines is the solution to the inequality 43\u2264xu\u226475;iiSecondly, we should plot the lines corresponding to xi\u2009=\u200916 and xi\u2009=\u200922, e.g. two lines parallel to the side of the triangle opposite to the Industry apex, the one intercepting the Industry axis at n\u2009=\u200916, and the other at n\u2009=\u200922; the surface of the triangle delimited by these two lines is the solution to the inequality 16\u2264xi\u226422;iiithirdly, we should plot the lines corresponding to xg\u2009=\u200915 and xg\u2009=\u200947, e.g. two lines parallel to the side of the triangle opposite to the Government apex, the one intercepting the Government axis at n\u2009=\u200915 and the other at n\u2009=\u200947; the surface of the triangle delimited by these two lines is the solution to the inequality 15\u2264xg\u226447."
  },
  {
    "sec_id": "sec0115",
    "sentence": "Firstly, we should plot the lines corresponding to xu\u2009=\u200943 and xu\u2009=\u200975, e.g. two horizontal lines, the one intercepting the University axis at n\u2009=\u200943 and the other at n\u2009=\u200975; the surface of the triangle delimited by these two lines is the solution to the inequality 43\u2264xu\u226475;"
  },
  {
    "sec_id": "sec0115",
    "sentence": "Secondly, we should plot the lines corresponding to xi\u2009=\u200916 and xi\u2009=\u200922, e.g. two lines parallel to the side of the triangle opposite to the Industry apex, the one intercepting the Industry axis at n\u2009=\u200916, and the other at n\u2009=\u200922; the surface of the triangle delimited by these two lines is the solution to the inequality 16\u2264xi\u226422;"
  },
  {
    "sec_id": "sec0115",
    "sentence": "thirdly, we should plot the lines corresponding to xg\u2009=\u200915 and xg\u2009=\u200947, e.g. two lines parallel to the side of the triangle opposite to the Government apex, the one intercepting the Government axis at n\u2009=\u200915 and the other at n\u2009=\u200947; the surface of the triangle delimited by these two lines is the solution to the inequality 15\u2264xg\u226447."
  },
  {
    "sec_id": "sec0115",
    "sentence": "The whole triangle (surface and boundary included) is the solution to the equation xu+xi+xg=100."
  },
  {
    "sec_id": "sec0115",
    "sentence": "The core of the game is the surface of the triangle common to the three surfaces obtained above, e.g. the coloured part of the surface of the triangle ([fig0025])."
  }
]