[
  {
    "sec_id": "sec0005",
    "sentence": "There are many differences in the publishing cultures of different fields of science (FOS) ([bib0105]), e.g., the organisation of work, the number of authors per paper, the number of papers and citations ([bib0115]) and citation practices ([bib0150]).",
    "intent": "background"
  },
  {
    "sec_id": "sec0005",
    "sentence": "One basic assumption of evaluative scientometrics is that the comparative scientometrics unit of information in the sciences is the journal paper ([bib0180]).",
    "intent": "background"
  },
  {
    "sec_id": "sec0005",
    "sentence": "[bib0080] called for \u201ca fair and just research evaluation that should take into account the diversity of research output across disciplines and include major forms of publications\u201d.",
    "intent": "background"
  },
  {
    "sec_id": "sec0005",
    "sentence": "For example, the social sciences and the arts and humanities produce and communicate knowledge differently ([bib0025]) from the natural sciences ([bib0065]).",
    "intent": "background"
  },
  {
    "sec_id": "sec0005",
    "sentence": "To date, the most widely accepted measure of scientific output was proposed by [bib0070]: the h-index.",
    "intent": "background"
  },
  {
    "sec_id": "sec0005",
    "sentence": "The h-index may be extended, e.g., to research groups ([bib0050], [bib0170]), institutions ([bib0145]), countries ([bib0090]) and journals ([bib0030], [bib0155]).",
    "intent": "background"
  },
  {
    "sec_id": "sec0005",
    "sentence": "In addition, journal impact factors differ significantly across and within domains ([bib0185]).",
    "intent": "background"
  },
  {
    "sec_id": "sec0005",
    "sentence": "There are differences in citation distribution across FOS ([bib0010]) and within sub-fields ([bib0055], [bib0150]).",
    "intent": "background"
  },
  {
    "sec_id": "sec0005",
    "sentence": "The problem of domain differences in citation impact indicators is also known from institutional research evaluation ([bib0110], [bib0140], [bib0175]).",
    "intent": "background"
  },
  {
    "sec_id": "sec0005",
    "sentence": "The h-index has advantages and disadvantages ([bib0045]).",
    "intent": "background"
  },
  {
    "sec_id": "sec0005",
    "sentence": "The disadvantages of the h-index were identified by [bib0070] when he attempted to compare the research productivity of researchers from different domains: (1) there are inter-field differences in the typical h values of researchers as a result of differences in productivity and citation practices.",
    "intent": "background"
  },
  {
    "sec_id": "sec0005",
    "sentence": "Therefore, the h-index should not be used to compare scientists from different disciplines."
  },
  {
    "sec_id": "sec0005",
    "sentence": "(2) The h-index depends on the duration of each scientist's career because the pool of publications and citations increases over time ([bib0100]).",
    "intent": "background"
  },
  {
    "sec_id": "sec0005",
    "sentence": "Additionally, internationally renowned publication and citation databases only partially cover journals devoted to nationally specific subjects ([bib0135]).",
    "intent": "background"
  },
  {
    "sec_id": "sec0005",
    "sentence": "[bib0070] also proposed using the parameter m, which is estimated from the h-index by dividing value h by the scientific age of a researcher, who is \u201cborn\u201d with his or her first publication.",
    "intent": "background"
  },
  {
    "sec_id": "sec0005",
    "sentence": "The deficiencies of the h-index have led researchers to propose new forms of the h-index that vary or extend the original Hirsch h-index ([bib0015], [bib0095]).",
    "intent": "background"
  },
  {
    "sec_id": "sec0005",
    "sentence": "However, these and similar measures do not attempt to compare or evaluate domain-specific dependencies."
  },
  {
    "sec_id": "sec0005",
    "sentence": "In this context, the research excellence of individual scientists from different domains can be measured with a variety of indicators, including the total number of received citations that are recorded in bibliometric databases (e.g., Thomson Reuters Web of Science, Elsevier SCOPUS and Google Scholar)."
  },
  {
    "sec_id": "sec0005",
    "sentence": "When assessing the research productivity of a research group, the previously mentioned disadvantages of the h-index with regard to the age of researchers is partially overcome if the age heterogeneity of the research groups can be assumed."
  },
  {
    "sec_id": "sec0005",
    "sentence": "Nevertheless, this approach does not solve the problem of the differences in publication and citation practices."
  },
  {
    "sec_id": "sec0005",
    "sentence": "Turning the problem of cross-domain research productivity assessment inside out, so to speak, we can compare research groups in different domains using the h-index and the number of citations."
  },
  {
    "sec_id": "sec0005",
    "sentence": "This approach may help to better understand the differences in research practices without necessarily trying to directly compare research excellence between the fields."
  },
  {
    "sec_id": "sec0005",
    "sentence": "This paper attempts to assess the cross-domain (intra-domain and inter-domain) differences in terms of journal paper citations and related measures."
  },
  {
    "sec_id": "sec0010",
    "sentence": "This study focuses on Slovenia, a Central European country with 2 million inhabitants in 2012 (0.03% of the world's population)."
  },
  {
    "sec_id": "sec0010",
    "sentence": "According to the SCImago, Slovenia's country rank for the period 1996\u20132011 is 40th among all countries (country h-index\u00a0=\u00a0141; citations\u00a0=\u00a0345,352; citations per document\u00a0=\u00a09.16; documents\u00a0=\u00a044,142)."
  },
  {
    "sec_id": "sec0010",
    "sentence": "In recent years, Slovenian researchers annually published an average of 5000 documents (0.2% of the world's research production)."
  },
  {
    "sec_id": "sec0010",
    "sentence": "The analysis and results in this paper are based on data from freely available databases: COBISS and SICRIS."
  },
  {
    "sec_id": "sec0010",
    "sentence": "The data were extracted from [bib0040] (Co-operative Online Bibliographic System and Services) in Slovenia.",
    "intent": "uses"
  },
  {
    "sec_id": "sec0010",
    "sentence": "COBISS development began more than 20 years ago ([bib0165]).",
    "intent": "background"
  },
  {
    "sec_id": "sec0010",
    "sentence": "The database contains over 4 million bibliographic records for print and non-print material."
  },
  {
    "sec_id": "sec0010",
    "sentence": "In this study, we use bibliographic data for the last 15 years (1998\u20132012)."
  },
  {
    "sec_id": "sec0010",
    "sentence": "SICRIS (Slovenian Current Research Information System) ([bib0085]) was established in July 1999 and as of July 2013 covers 942 research organisations, 1491 research groups, 14,216 researchers, 5713 research projects and 451 research programmes in Slovenia.",
    "intent": "background"
  },
  {
    "sec_id": "sec0010",
    "sentence": "SICRIS is maintained by the Institute of Information Science (IZUM) and the Slovenian Research Agency (ARRS) and serves as a platform to evaluate research funding."
  },
  {
    "sec_id": "sec0010",
    "sentence": "Because all of the active research programme groups were formed in 2008, we use SICRIS data from 2008 to 2012."
  },
  {
    "sec_id": "sec0010",
    "sentence": "[tbl0005] shows a high-level overview of the input data for our analysis of all six FOS."
  },
  {
    "sec_id": "sec0010",
    "sentence": "According to evaluative scientometrics practice ([bib0180]), the comparative scientometrics unit of information is the journal paper.",
    "intent": "background"
  },
  {
    "sec_id": "sec0010",
    "sentence": "Table 1."
  },
  {
    "sec_id": "sec0010",
    "sentence": "Overview of the input for the analysis by field of science."
  },
  {
    "sec_id": "sec0010",
    "sentence": "From the SICRIS data, only active researchers are adopted."
  },
  {
    "sec_id": "sec0010",
    "sentence": "We performed scientometric and bibliometric analysis in three main areas:\u2022A comparison of publishing productivity with regard to the typology of scientific studies and group sizes across FOS.\u2022A time-point analysis of publishing productivity, citations and h-indexes across FOS.\u2022A time-frame analysis of the evolution of research output, citations and publishing practices across FOS."
  },
  {
    "sec_id": "sec0010",
    "sentence": "A comparison of publishing productivity with regard to the typology of scientific studies and group sizes across FOS."
  },
  {
    "sec_id": "sec0010",
    "sentence": "A time-point analysis of publishing productivity, citations and h-indexes across FOS."
  },
  {
    "sec_id": "sec0010",
    "sentence": "A time-frame analysis of the evolution of research output, citations and publishing practices across FOS."
  },
  {
    "sec_id": "sec0025",
    "sentence": "Established domain-specific scientometrics depends on the literature citations indexed by Thomson Reuter's Journal Citation Reports (JCR)."
  },
  {
    "sec_id": "sec0025",
    "sentence": "Because JCR is the largest contributor to the differences in the impact factors of journals across domains ([bib0010]), we first provide an overview of the volume by the typology of scientific studies.",
    "intent": "background uses"
  },
  {
    "sec_id": "sec0025",
    "sentence": "Domain differences in the typology of scientific studies and the impact factor (IF) of the journals cause differences in the total number of citations received by the researchers and, consequently, the h-index of the researchers."
  },
  {
    "sec_id": "sec0025",
    "sentence": "Many bibliographic services, including COBISS, count only those citations recorded in the Web of Science (WOS) that have full bibliographic records in WOS."
  },
  {
    "sec_id": "sec0025",
    "sentence": "Notably, monographs and conference papers do not have full bibliographic records, which results in fewer citations and lower h-indices."
  },
  {
    "sec_id": "sec0025",
    "sentence": "[tbl0010] shows the analysis of the typology of the research output for different FOS for 2008\u20132012."
  },
  {
    "sec_id": "sec0025",
    "sentence": "Nearly 90% of all monographs (or parts of them) are published in FOS 5: SOC and FOS 6: HUM, which is comparable to the conclusions of the research output analysis of 1742 completed research projects across 22 disciplines funded by the Austrian Science Fund ([bib0130]).",
    "intent": "similarities"
  },
  {
    "sec_id": "sec0025",
    "sentence": "The number and the volume (pages and words) of the monographs that are excluded from JCR-based bibliographic analysis and h-indices are immense."
  },
  {
    "sec_id": "sec0025",
    "sentence": "Therefore, there are fewer citations ([tbl0005]) and lower h-indices ([tbl0020]) for researchers in FOS 5: SOC and 6: HUM."
  },
  {
    "sec_id": "sec0025",
    "sentence": "In FOS 1: NAT and FOS 2: ENG, there are three times more original scientific articles and FOS 2: ENG contributes 57% of all conference papers."
  },
  {
    "sec_id": "sec0025",
    "sentence": "Table 2."
  },
  {
    "sec_id": "sec0025",
    "sentence": "Overview of the volume of the scientific output by typology of the scientific work from SICRIS data for 2008\u20132012."
  },
  {
    "sec_id": "sec0025",
    "sentence": "Bold and underlined values are extreme characteristic values."
  },
  {
    "sec_id": "sec0025",
    "sentence": "Bold and underlined values are extreme characteristic values."
  },
  {
    "sec_id": "sec0025",
    "sentence": "The aim of the programme research group analyses is to identify how the research groups affect research output and citations."
  },
  {
    "sec_id": "sec0025",
    "sentence": "In [tbl0015], we divided programme research groups into three size categories: large (>15 researchers), medium (7\u201315) and small (<7 researchers), as in the literature ([bib0075], [bib0125]).",
    "intent": "uses similarities"
  },
  {
    "sec_id": "sec0025",
    "sentence": "Table 3."
  },
  {
    "sec_id": "sec0025",
    "sentence": "The distribution of programme groups with regard to the number of researchers in the group across the FOS."
  },
  {
    "sec_id": "sec0025",
    "sentence": "From a total of 284 programme groups analysed, 47.5% are large, 43.7% are medium and only 8.8% are small."
  },
  {
    "sec_id": "sec0025",
    "sentence": "This distribution reflects the research policy in Slovenia that encourages large groups."
  },
  {
    "sec_id": "sec0025",
    "sentence": "The ratio of small groups is on average less than 10%, with the only exceptions appearing in FOS 2: ENG (13.7%) and FOS 5: SOC (11.6%)."
  },
  {
    "sec_id": "sec0025",
    "sentence": "For each research group, we selected a key researcher who had the most-cited paper in each FOS group size, the highest total number of citations over 10 years and the highest h-index (maximum h-index)."
  },
  {
    "sec_id": "sec0025",
    "sentence": "The results in [tbl0020] can be summarised as follows: There is an obvious trend; the maximum number of citations for the most-cited paper and maximum h-index increase proportionally with the group size, except in FOS 4: BIO."
  },
  {
    "sec_id": "sec0025",
    "sentence": "Differences in min and max h-indices of researchers in sub-fields ([tbl0020]) may be substantial."
  },
  {
    "sec_id": "sec0025",
    "sentence": "For example, in FOS 1: NAT, the min average is 3 in Geology and the max average h-index is 12 in Physics; in FOS 2: ENG, the min average is 2 in Geodesy and the max average is 7 in Electronics."
  },
  {
    "sec_id": "sec0025",
    "sentence": "Table 4."
  },
  {
    "sec_id": "sec0025",
    "sentence": "Average and maximal achievements of individual researchers from research programme groups with regard to the group size and FOS."
  },
  {
    "sec_id": "sec0025",
    "sentence": "Source: SICRIS data, 2008\u20132012."
  },
  {
    "sec_id": "sec0025",
    "sentence": "The initial time-point citation analysis (i.e., the cross section of the citation-related measures at given time) covers basic information on research productivity and impact by FOS."
  },
  {
    "sec_id": "sec0025",
    "sentence": "First, we would like to address the question \u201cWhat are the share and the volume of citations that are contributed by authors by FOS?\u201d and two sub-questions: \u201cWhat is the share of non-publishing researchers?\u201d and \u201cIs Pareto's rule relevant for the distribution of citations?\u201d"
  },
  {
    "sec_id": "sec0025",
    "sentence": "The questions posed above are answered by the citation-share contribution graphs that are normalised to the [bib0120] curves that are often used to graphically represent informetric data as a measure of concentration or inequality (e.g., [bib0035], [bib0060], [bib0160]).",
    "intent": "background"
  },
  {
    "sec_id": "sec0025",
    "sentence": "The graphs in [fig0005] (blue) show the share of authors as a function of the share of all of the citations that they produce (the ticks on the right y-axis show the percentage of authors that produce 100% of the citations and a test of Pareto's rule, i.e., the share of the authors that produce 80% of citations)."
  },
  {
    "sec_id": "sec0025",
    "sentence": "FOS 1: NAT, FOS 3: MED and FOS 4: BIO exhibit nearly the same distribution, whereas in FOS 6: HUM, only one third of authors contribute journal articles and have citations."
  },
  {
    "sec_id": "sec0025",
    "sentence": "The Pareto test indicates that approximately 20% of journal authors produce 80% of citations."
  },
  {
    "sec_id": "sec0025",
    "sentence": "The Gini coefficients indicate that the maximum citation concentration occurs in FOS 1: NAT (G\u00a0=\u00a00.80) and FOS 2: ENG (G\u00a0=\u00a00.79) and that the lowest concentration occurs in FOS 6: HUM (G\u00a0=\u00a00.69)."
  },
  {
    "sec_id": "sec0025",
    "sentence": "In the following, we study the relationships between all (independent) citations, the number of citations and the most-cited paper and the h-index ([fig0010])."
  },
  {
    "sec_id": "sec0025",
    "sentence": "We have chosen these three indicators because they are available in most of the databases and are the same across countries."
  },
  {
    "sec_id": "sec0025",
    "sentence": "However, other indices could be used, if the input data is available."
  },
  {
    "sec_id": "sec0025",
    "sentence": "For a comprehensive overview of 37 possible candidate indices consult ([bib0020]).",
    "intent": "background"
  },
  {
    "sec_id": "sec0025",
    "sentence": "The top 3 most-cited papers appear in FOS 2: ENG, whereas the top 8 highest impact factors appear in FOS 1: NAT."
  },
  {
    "sec_id": "sec0025",
    "sentence": "Based on the analysis of the data shown in [fig0005], [fig0010], we first determined the range of all citations and most-cited papers that would represent 95% of all researchers."
  },
  {
    "sec_id": "sec0025",
    "sentence": "As shown with the logarithmic plot in [fig0010] for the time-point (July, 2013) analysis, we determined the range for 95% coverage, i.e., 1\u20131000 for all citations and 1\u2013200 citations for the most-cited papers."
  },
  {
    "sec_id": "sec0025",
    "sentence": "Only researchers with a non-zero h-index were considered."
  },
  {
    "sec_id": "sec0025",
    "sentence": "[fig0015] frames in the upper right corner the top 5% of researchers (200 individuals) who are analysed in greater detail in the next section."
  },
  {
    "sec_id": "sec0025",
    "sentence": "However, first, we provide an analysis of research productivity for researchers within the range 1000/200 (all citations/most cited paper)."
  },
  {
    "sec_id": "sec0025",
    "sentence": "To obtain an insight into research productivity and impact, we propose a representation in the form of the research impact cube (RIC), which represents a researcher with the following three dimensions: x\u00a0=\u00a0number of all citations (only independent citations), y\u00a0=\u00a0number of citations of the most-cited paper and z\u00a0=\u00a0h-index."
  },
  {
    "sec_id": "sec0025",
    "sentence": "The cubes at the top of [fig0020] illustrate the size and stage of a research population, which is also described by research impact population (RIP) (the number after the\u00a0+\u00a0sign are researchers who have one dimension equal to 0; researchers who are outside the cube are labelled \u201cexcl.\u201d)."
  },
  {
    "sec_id": "sec0025",
    "sentence": "The cube is divided into unit cubes that are illustrated by gridlines, where domain RIC is the number of unit cubes that are occupied as a measure of impact in addition to research impact density (RID), which equals RIP/RIC."
  },
  {
    "sec_id": "sec0025",
    "sentence": "There are many possible uses for the RIC."
  },
  {
    "sec_id": "sec0025",
    "sentence": "We can depict the researchers (represented by pins) who are the most successful."
  },
  {
    "sec_id": "sec0025",
    "sentence": "We can obtain percentiles or change dimensions with other scientometrics indicators."
  },
  {
    "sec_id": "sec0025",
    "sentence": "Additionally, we can identify differences, e.g., a higher h-index in FOS 1: NAT or perceive a distribution of citations."
  },
  {
    "sec_id": "sec0025",
    "sentence": "For example, FOS 2: ENG and FOS 4: BIO tend to publish a single highly cited work (dots above the diagonal of the square in the top view)."
  },
  {
    "sec_id": "sec0025",
    "sentence": "In addition, we can observe a significant difference between the publishing cultures of the two disciplines (e.g., FOS 5: SOC and FOS 6: HUM)."
  },
  {
    "sec_id": "sec0025",
    "sentence": "The ratio between all citations and the most-cited papers can be interpreted as a lack of research output, few publish-to-journal activities, or as different citation and reference practices."
  },
  {
    "sec_id": "sec0025",
    "sentence": "The points that are closer to the right side in the front view but at the same z-level (h-index) represent those researchers who have published a small number of high-quality papers that are cited many times but whose most-cited paper may not attain a high number of citations."
  },
  {
    "sec_id": "sec0025",
    "sentence": "From the side view, we see that the most-cited papers rarely exceed 50 citations in a manner that would significantly change the h-index."
  },
  {
    "sec_id": "sec0025",
    "sentence": "[fig0025] presents additional views that reveal citation practices."
  },
  {
    "sec_id": "sec0025",
    "sentence": "There are two new dimensions: average citations per paper and the number of self-citations."
  },
  {
    "sec_id": "sec0025",
    "sentence": "The front and side views of [fig0025] show that there is a significant difference in the self-citation habits in FOS 1\u20134."
  },
  {
    "sec_id": "sec0025",
    "sentence": "That is, in FOS 1: NAT and in FOS 3: MED there are more self-citations, whereas there is an increasing number of all citations in FOS 2: ENG and FOS 4: BIO."
  },
  {
    "sec_id": "sec0025",
    "sentence": "However, the number of self-citations generally decreases with an increasing number of total citations."
  },
  {
    "sec_id": "sec0025",
    "sentence": "We selected 2000 researchers in all six FOS and continued with an analysis of citations that were recorded in SCOPUS in the period 1998\u20132012."
  },
  {
    "sec_id": "sec0025",
    "sentence": "[fig0030] shows an analysis of the rate of independent citations as a function of total citations (independent\u00a0+\u00a0self-citations)."
  },
  {
    "sec_id": "sec0025",
    "sentence": "There is a decreasing trend of self-citations with an increasing number of total citations."
  },
  {
    "sec_id": "sec0025",
    "sentence": "The maximum self-citation rate can reach 90% for a low total number of citations (10\u00a0<\u00a0Tc\u00a0<\u00a0100) and the self-citation rate decreases to below 20% for a high total number of citations (Tc\u00a0>\u00a010,000)."
  },
  {
    "sec_id": "sec0025",
    "sentence": "We can define a strict limit above which we expect the ratio between the all independent citations, Ac, and the total citations, Tc, to be written as follows:(1)AcTc=SCiTcwhere Ac is the number of all citations, Tc is the total number of citations (independent\u00a0+\u00a0dependent) and SCi is a coefficient not smaller than 0.007."
  },
  {
    "sec_id": "sec0025",
    "sentence": "For FOS 1\u20136, we obtained the following SCi values: 0.007, 0.009, 0.011, 0.013, 0.018 and 0.036, respectively."
  },
  {
    "sec_id": "sec0025",
    "sentence": "The number of cited papers can be represented in binary numbers ([fig0035])."
  },
  {
    "sec_id": "sec0025",
    "sentence": "Although there are significant differences between FOS, a linear dependency between the logarithmic number of cited papers and the frequencies of authors is notable."
  },
  {
    "sec_id": "sec0025",
    "sentence": "This relationship may be described with the following formula:(2)f(Cpi)=log2(F1i)\u2212\u03c6i\u00d7log2(Cpi)where F1i is the frequency of authors who have exactly one cited paper, Cpi is the number of cited papers and \u03c6i is a field-of-science dependent factor (e.g., for FOS 1: NAT, \u03c61\u00a0=\u00a00.3 and for FOS 2: ENG, \u03c62\u00a0=\u00a04)."
  },
  {
    "sec_id": "sec0025",
    "sentence": "To discretise author frequencies, we introduce a binary citation frequency (BCF) of the papers using the following formula:(3)bpj=2Round(Log2(npj))where npj is the total number of cited papers produced by a researcher j and Round returns a whole number."
  },
  {
    "sec_id": "sec0025",
    "sentence": "Using this expression, each researcher can produce exactly x\u00a0=\u00a02m papers and y\u00a0=\u00a0BPP (binary publishing productivity) is the author frequency."
  },
  {
    "sec_id": "sec0025",
    "sentence": "For example: for a group of three authors, if 5 authors achieved 13, 12 authors achieved 15 and 3 authors achieved 22 cited papers (np1\u00a0=\u00a013, np2\u00a0=\u00a015, np3\u00a0=\u00a022), BCF is calculated as x\u00a0=\u00a0bp1\u00a0=\u00a0bp2\u00a0=\u00a0bp3\u00a0=\u00a024\u00a0=\u00a016 papers."
  },
  {
    "sec_id": "sec0025",
    "sentence": "Thus, the BPP of this group of authors would be calculated as y\u00a0=\u00a05\u00a0+\u00a012\u00a0+\u00a03\u00a0=\u00a020."
  },
  {
    "sec_id": "sec0025",
    "sentence": "This representation may be considered to be a special form of Lotka's law, where the total number of cited papers is a binary number."
  },
  {
    "sec_id": "sec0025",
    "sentence": "The difference |\u2211bpi\u00a0\u2212\u00a0\u2211npi| yields an error of less than 1%."
  },
  {
    "sec_id": "sec0025",
    "sentence": "To analyse the citation productivity in different FOS, we selected the top 5 most-cited individual researchers in Slovenia in each of the 6 FOS, as shown in [fig0040] with citation\u2013growth graphs."
  },
  {
    "sec_id": "sec0025",
    "sentence": "First, we selected authors with the highest number of total citations and then show the growth of citations for 1998\u20132012 based on the COBISS SCOPUS database."
  },
  {
    "sec_id": "sec0025",
    "sentence": "For each researcher, the number of citations before 1998 and at the end of 2012 is labelled in the y-axis."
  },
  {
    "sec_id": "sec0025",
    "sentence": "The FOS ranking by total number of citations is as follows: 1: NAT, 3: MED, 2: ENG, 4: BIO, 5: SOC, 6: HUM."
  },
  {
    "sec_id": "sec0025",
    "sentence": "There are three citation growth patterns: the most typical form of the citation\u2013growth curve is an (1) accelerating growth curve."
  },
  {
    "sec_id": "sec0025",
    "sentence": "Only a small number of researchers have a (2) constant growth curve (in FOS 2: ENG, Dr. Levec; in FOS 3: MED, Dr. Rozman, Dr. Lindtner and Dr. Golouh) and only one researcher has a typical (3) decelerating citation\u2013growth curve (in FOS 5: SOC, Dr. Turk)."
  },
  {
    "sec_id": "sec0025",
    "sentence": "Detailed insight into the citation\u2013growth curves was obtained through the representation of citation data in a normalised quadratic form."
  },
  {
    "sec_id": "sec0025",
    "sentence": "[fig0045] shows examples for the top 18 researchers (out of nearly 200 analysed in detail) in each of the six FOS."
  },
  {
    "sec_id": "sec0025",
    "sentence": "Notably, there are different citation patterns."
  },
  {
    "sec_id": "sec0025",
    "sentence": "To simplify the discussion, we label the quadrants from I to IV in the clock-wise direction (I \u2013 upper-right, II \u2013 lower-right, III \u2013 lower-left, IV \u2013 upper-left)."
  },
  {
    "sec_id": "sec0025",
    "sentence": "Only one researcher has decelerating growth when approaching quadrant IV (which represents decreasing individual research activity or a sub-discipline that is absolute)."
  },
  {
    "sec_id": "sec0025",
    "sentence": "There are several researchers with a linear citation\u2013growth curve that only touches quadrant II (constant-growth of citations for typical continuous and productive research activity)."
  },
  {
    "sec_id": "sec0025",
    "sentence": "Such citation\u2013growth curves can be found in all FOS."
  },
  {
    "sec_id": "sec0025",
    "sentence": "However, they are typical for FOS 1: NAT and FOS 3: MED."
  },
  {
    "sec_id": "sec0025",
    "sentence": "Most of the researchers exhibit accelerating growth, which is an exponential citation\u2013growth curve that passes through quadrant II (an increasing citation number that results from increasing publishing activity or the overall growth in overall citations in a domain)."
  },
  {
    "sec_id": "sec0025",
    "sentence": "Certain citation\u2013growth curves are not smooth (e.g., FOS 4, 5, 6) and in the case of FOS 6: HUM, there is no growth of citations for several years."
  },
  {
    "sec_id": "sec0025",
    "sentence": "The number of citations may be significantly influenced (increased) by self-citation."
  },
  {
    "sec_id": "sec0025",
    "sentence": "Therefore, we are interested in the total citations compared with independent citations (without self-citation)."
  },
  {
    "sec_id": "sec0025",
    "sentence": "In [fig0040], [fig0045], all of the SCOPUS citations are used for a comparison between FOS."
  },
  {
    "sec_id": "sec0025",
    "sentence": "In [fig0050], we analyse the importance of the self-citation patterns of the top researchers."
  },
  {
    "sec_id": "sec0025",
    "sentence": "For this purpose, we have used the SCOPUS citation data 1998\u20132012 and added self-citations."
  },
  {
    "sec_id": "sec0025",
    "sentence": "In the 4 quadrants in [fig0050], the top 5 researchers for six FOS are grouped by the total number of citations: 15,000 (upper left), 500 (upper right), 100 (bottom left) and 20 citations (bottom right)."
  },
  {
    "sec_id": "sec0025",
    "sentence": "The graphs were normalised in the y-direction to the values 0\u20131 (in the blue graph, 1 means total number of citations; in the orange graph, 1 means 100% of self-citations in a particular year)."
  },
  {
    "sec_id": "sec0025",
    "sentence": "For each researcher, the number of citations before 1998 and until 2012 is provided as well as the FOS in which the researcher was active."
  },
  {
    "sec_id": "sec0025",
    "sentence": "The number of self-citations over the years is added to the graph in a different (orange) colour and the annual number of self-citations and the maximum accumulated number of citations are normalised to the values 0\u20131 (value 0 means no self-citations and value 1 means that all of the citations received by the researchers in specific year were self-citations; note that there are fluctuations of the percentage of the self-citations)."
  },
  {
    "sec_id": "sec0025",
    "sentence": "As shown in [fig0050], for researchers with up to a few 100 citations in 15 years, it is possible to have a self-citation rate of up to 1 in single years."
  },
  {
    "sec_id": "sec0025",
    "sentence": "In contrast, for some of the most-cited researchers in a FOS, the self-citation rates vary between 0.2 and 0.5. Because we know that well-established and renowned scientific journals can exhibit self-citations rates of 10\u201320% without any stigmatisation, we may expect top-cited researchers to have self-citations rates of the same magnitude as scientific journals."
  },
  {
    "sec_id": "sec0025",
    "sentence": "Of course, the highly cited researchers (the top 0.5%) do not fit this pattern."
  },
  {
    "sec_id": "sec0025",
    "sentence": "Their self-citations rates are significantly lower."
  },
  {
    "sec_id": "sec0025",
    "sentence": "Finally, we studied the author frequency with regard to the number of cited papers ([fig0055])."
  },
  {
    "sec_id": "sec0025",
    "sentence": "First, we observe that the author frequency of one cited paper (the number of authors that received one citation per year) is increasing."
  },
  {
    "sec_id": "sec0025",
    "sentence": "In most FOS, in 5 years, there has been an increase of 50 in the frequency of authors with one cited paper, or approximately 10 per year (FOS 1: NAT 335\u00a0\u2192\u00a0384 (49), FOS 2: ENG 531\u00a0\u2192\u00a0585 (54), FOS 6: HUM 70\u00a0\u2192\u00a0119 (49))."
  },
  {
    "sec_id": "sec0025",
    "sentence": "In FOS 4: BIO, there was only minor growth (FOS 4: BIO 330\u00a0\u2192\u00a0244 (14)) and in FOS 5: SOC, there was an increase of more than 20 per year."
  },
  {
    "sec_id": "sec0025",
    "sentence": "The relationship between the number of cited papers and the frequency of the authors that have published a certain numbers of papers is described by a parabolic curve."
  },
  {
    "sec_id": "sec0025",
    "sentence": "The relationship indicates that the length of the \u201ccitation waterfall\u201d is determined by the strength of the mid-stream flow BCF, which is derived from Eqs."
  },
  {
    "sec_id": "sec0025",
    "sentence": "[eq0010], [eq0015]:(4)21<bpj=2Round((Log2(npj))<25"
  },
  {
    "sec_id": "sec0025",
    "sentence": "That is, papers that are cited between 6 and 20 times determine the strength of a scientific community."
  },
  {
    "sec_id": "sec0025",
    "sentence": "These results were determined based on the linear regression analysis."
  },
  {
    "sec_id": "sec0060",
    "sentence": "Publishing research results in academic journals commenced in the mid-17th century with England's Royal Society transactions."
  },
  {
    "sec_id": "sec0060",
    "sentence": "In the 21st century, the widely accepted model of publishing the results of publicly funded research is to publish in peer-reviewed journals with IF, which is a large market governed by a few large publishing houses, e.g., Elsevier, Wiley and Springer."
  },
  {
    "sec_id": "sec0060",
    "sentence": "These distinguished publishers have also adopted the signpost role of citations that significantly affects the authors\u2019 impact."
  },
  {
    "sec_id": "sec0060",
    "sentence": "After the introduction of the h-index by [bib0070] and its variations ([bib0005]) the citations started to play even more important role in evaluative scientometrics and bibliometrics.",
    "intent": "background"
  },
  {
    "sec_id": "sec0060",
    "sentence": "The most-used databases to search for citations are Thomson Reuters, SCOPUS and Google Scholar."
  },
  {
    "sec_id": "sec0060",
    "sentence": "In our study, we have focused on the impact of publications identified through citations received in scientific journals Nevertheless, there is a FOS-specific manner of publishing (disseminating) research results in scientific journal papers."
  },
  {
    "sec_id": "sec0060",
    "sentence": "We have shown that there are large variations in publishing forms and citing across and intra disciplines."
  },
  {
    "sec_id": "sec0060",
    "sentence": "At a minimum, all FOS are different, as demonstrated with our research impact cube (RIC)."
  },
  {
    "sec_id": "sec0060",
    "sentence": "RIC also gives a single number to measure productivity and may be used as a model to measure, compare and evaluate FOS on the global, national and research community level to streamline research policies and evaluate progress over a definite time period."
  },
  {
    "sec_id": "sec0060",
    "sentence": "Scientific journal citation model may not fit all FOS."
  },
  {
    "sec_id": "sec0060",
    "sentence": "The limitations of the presented study are as follows: (a) because only citations from scientific journals are considered, other forms of publications are underrepresented."
  },
  {
    "sec_id": "sec0060",
    "sentence": "(b) The comparison between FOS was made only on the basis of widely available bibliometric indicators (e.g., the h-index)."
  },
  {
    "sec_id": "sec0060",
    "sentence": "However, the RIC approach can be easily used with other indicators (see, e.g., [bib0020]).",
    "intent": "background"
  },
  {
    "sec_id": "sec0060",
    "sentence": "(c) Other relevant covariates that may affect citations, e.g., citation motivations depending on FOS, or the age distribution of the researchers, were neglected."
  },
  {
    "sec_id": "sec0060",
    "sentence": "The question is whether scientific journal papers published in highly ranked journals with high IF are the only way to obtain a grant or a scholarship or a promotion or tenure at university?"
  },
  {
    "sec_id": "sec0060",
    "sentence": "This was also proposed by [bib0080], who called for \u201ca fair and just research evaluation that should take into account the diversity of research output across disciplines and include all major forms of research publications\u201d.",
    "intent": "background"
  },
  {
    "sec_id": "sec0060",
    "sentence": "Particularly in the humanities, publishing a book with a renowned publishing house (e.g., a university press) is more important than publishing a scientific journal paper."
  },
  {
    "sec_id": "sec0060",
    "sentence": "At present, the research community has new tools with which to search for citations of their work in books, monographs and conference proceedings."
  },
  {
    "sec_id": "sec0060",
    "sentence": "The importance of publications (other than 10,000 journals) for researchers worldwide was emphasised by Thomson Reuters when the company introduced new products, such as the Conference Proceedings Index and the Book Proceedings Index in their Web of Knowledge, which correspond to the SCI-Expanded Citation Index, the Social Sciences Citation Index and the Arts and Humanities Index."
  },
  {
    "sec_id": "sec0060",
    "sentence": "One possible future application of the proposed RIC is to use scientific journal, conference proceedings and book proceedings indices as the axes of the RIC."
  }
]