[
  {
    "sec_id": "sec0005",
    "sentence": "The number of citations that a scientific paper has accumulated is often interpreted as a proxy of its influence within the scientific community."
  },
  {
    "sec_id": "sec0005",
    "sentence": "Although the relation between citations and effective scientific influence is still under active debate ([bib0010], [bib0120], [bib0125]), citation numbers are often used in assessment exercises, and their practical role in modern science is becoming more and more central.",
    "intent": "background"
  },
  {
    "sec_id": "sec0005",
    "sentence": "However, because the significance of citations is content- and discipline-dependent ([bib0035]), the direct comparison of raw citation numbers received by articles belonging to different fields is plagued with difficulties.",
    "intent": "motivation background"
  },
  {
    "sec_id": "sec0005",
    "sentence": "A paper in Biochemistry typically accumulates more citations than a paper in Mathematics but this does not necessarily imply that the former is more influential than the latter."
  },
  {
    "sec_id": "sec0005",
    "sentence": "Different scientific disciplines strongly differ in citation practices, and as a consequence the typical number of citations that a paper in a given field receives may strongly differ from the number of citations typical of another field."
  },
  {
    "sec_id": "sec0005",
    "sentence": "Many bibliometric indicators have been developed with the aim of assessing the relevance of scientific research activities at different levels: journals ([bib0070]), scientists ([bib0065], [bib0085]), departments ([bib0060]), institutions ([bib0090]), etc. These indicators, however, are often based on raw citation numbers, and thus have several limitations when used to perform comparisons across different fields of research.",
    "intent": "motivation background"
  },
  {
    "sec_id": "sec0005",
    "sentence": "This paper is concerned with situations in which the actual number of citation counts of individual publications \u2013 and not only their location in a percentile distribution (or a percentile class) \u2013 is needed."
  },
  {
    "sec_id": "sec0005",
    "sentence": "A good example is provided by citation impact indicators with the property that receiving one more citation increases the citation impact level."
  },
  {
    "sec_id": "sec0005",
    "sentence": "Monotonic indicators with this property constitute an important class including, for example, frequently used average-based indicators."
  },
  {
    "sec_id": "sec0005",
    "sentence": "To understand the fundamental nature of the problem posed in this case by the inherent disproportion in citation numbers among scientific disciplines, assume for simplicity that there are only two levels of aggregation consisting, say, of a number of sub-fields and the all-sciences case.[fn0005] Citations received by publications within a given sub-field are assumed to be comparable, while citations received by publications in two different sub-fields are not."
  },
  {
    "sec_id": "sec0005",
    "sentence": "To analyze the citation impact of research units within or across heterogeneous sub-fields one could use scale- and size-independent indicators, such as relative indicators that consider the ratio of the research unit mean citation to the sub-field mean citation, or the class of Foster, Greer, and Thorbecke low- and high-impact indicators introduced into scientometrics by [bib0020], [bib0025].",
    "intent": "background"
  },
  {
    "sec_id": "sec0005",
    "sentence": "However, to analyze the citation performance of research units in the all-sciences case, one must first confront the non-comparability of citation counts between publications in different sub-fields, an unavoidable problem at the highest aggregation level."
  },
  {
    "sec_id": "sec0005",
    "sentence": "The different normalization procedures of raw citation counts at the level of the individual publication that have been proposed, can be classified in two conceptually different classes:1.Target (or cited-side) procedures, in which citation weights or normalization factors are functions of the cited papers."
  },
  {
    "sec_id": "sec0005",
    "sentence": "This class includes many different types of normalization techniques such as: (i) field averages (see inter alia [bib0045], [bib0140], [bib0145], [bib0135], [bib0180], [bib0225], [bib0165], [bib0170], [bib0175], [bib0200], [bib0205]); (ii) average-based scalar difference from the mean ([bib0075]); (iii) two-parameter reverse engineering ([bib0155]), and (iv) exchange rates ([bib0055], [bib0050]).2.Source (or citing-side) procedures, in which citation weights are functions of the citing papers, studied by, inter alia, [bib0080], [bib0100], [bib0130], [bib0210]; and [bib0220].",
    "intent": "background"
  },
  {
    "sec_id": "sec0005",
    "sentence": "Target (or cited-side) procedures, in which citation weights or normalization factors are functions of the cited papers."
  },
  {
    "sec_id": "sec0005",
    "sentence": "This class includes many different types of normalization techniques such as: (i) field averages (see inter alia [bib0045], [bib0140], [bib0145], [bib0135], [bib0180], [bib0225], [bib0165], [bib0170], [bib0175], [bib0200], [bib0205]); (ii) average-based scalar difference from the mean ([bib0075]); (iii) two-parameter reverse engineering ([bib0155]), and (iv) exchange rates ([bib0055], [bib0050]).",
    "intent": "background"
  },
  {
    "sec_id": "sec0005",
    "sentence": "Source (or citing-side) procedures, in which citation weights are functions of the citing papers, studied by, inter alia, [bib0080], [bib0100], [bib0130], [bib0210]; and [bib0220].",
    "intent": "background"
  },
  {
    "sec_id": "sec0005",
    "sentence": "While the development of cross-disciplinary citation indicators dates back to the 1980s, only recently have scholars started to apply them to large sets of empirical data, and test their performances statistically."
  },
  {
    "sec_id": "sec0005",
    "sentence": "Three methods have been proposed to assess the performance of a generic normalization procedure quantitatively: (i) between-group variance ([bib0095]); (ii) a fairness test based on ranking ([bib0155], [bib0160]), and (iii) the Inequality due to Differences in Citation Practices method (IDCP hereafter) ([bib0055], [bib0050]).",
    "intent": "background"
  },
  {
    "sec_id": "sec0005",
    "sentence": "Between-group variance is the simplest of the three tests, but, by construction, it vanishes for indicators normalized by field averages."
  },
  {
    "sec_id": "sec0005",
    "sentence": "This makes its applicability very limited."
  },
  {
    "sec_id": "sec0005",
    "sentence": "Although based on different principles, both the fairness and the IDCP tests leverage on strict statistical formalisms that do not require any strong assumption (i.e., they are distribution free statistical tests)."
  },
  {
    "sec_id": "sec0005",
    "sentence": "The fairness test has already been applied in three instances: to test the performance of indicators based on the two-parameter reverse engineering ([bib0155]); to compare field averages and one version of \u201cfractional citation counting\u201d, which is part of source normalization procedures ([bib0160]), and to test the performances of normalized Impact Factors of journals ([bib0105]).",
    "intent": "background"
  },
  {
    "sec_id": "sec0005",
    "sentence": "The IDCP method has been used for field averages, exchange rates, and Gl\u00e4nzel type normalizations ([bib0055], [bib0050]), as well as the comparison of target and source normalization procedures in [bib0230].",
    "intent": "background"
  },
  {
    "sec_id": "sec0005",
    "sentence": "In this paper, we perform an extensive analysis of six normalized indicators of the target or cited-side variety, and assess their performance in the citation distribution for all articles in all fields \u2013 the all-fields case \u2013 using the IDCP method."
  },
  {
    "sec_id": "sec0005",
    "sentence": "The dataset consists of publications in 172 sub-fields (or Web of Science subject-categories) indexed by Thomson Reuters."
  },
  {
    "sec_id": "sec0005",
    "sentence": "The publications appeared in six different years, spanning a period of more than two decades from 1980 to 2004."
  },
  {
    "sec_id": "sec0005",
    "sentence": "This feature allows us to analyze temporal trends in citation practices, as well as the sensitivity of our results to a large range of citation windows."
  },
  {
    "sec_id": "sec0005",
    "sentence": "Among the main results, we find that, relative to overall citation inequality, the effect of differences in citation practices across sub-fields has a similar importance independently of the year of publication and the length of the common citation window."
  },
  {
    "sec_id": "sec0005",
    "sentence": "Similarly, the ranking of normalization procedures in terms of their ability to reduce such an effect is essentially the same over the entire period."
  },
  {
    "sec_id": "sec0005",
    "sentence": "Our findings in this last respect are in line with previous results."
  },
  {
    "sec_id": "sec0005",
    "sentence": "Firstly, the similarity of citation distributions within the 172 sub-fields classification system explains why several normalization procedures work reasonably well in diminishing the impact on citation inequality of differences in citation practices across sub-fields."
  },
  {
    "sec_id": "sec0005",
    "sentence": "Secondly, the reverse engineering procedure out-performs other normalization methods (see [bib0155], [bib0160]).",
    "intent": "background"
  },
  {
    "sec_id": "sec0005",
    "sentence": "Thirdly, normalization by field averages yields also good results (see [bib0055], [bib0050], [bib0155], [bib0160], [bib0165]).",
    "intent": "background"
  },
  {
    "sec_id": "sec0005",
    "sentence": "The rest of the paper is organized into four sections."
  },
  {
    "sec_id": "sec0005",
    "sentence": "Section [sec0010] briefly discusses the evaluation methods, and introduces the six normalization procedures to be evaluated."
  },
  {
    "sec_id": "sec0005",
    "sentence": "Section [sec0025] presents the data, and some descriptive statistics."
  },
  {
    "sec_id": "sec0005",
    "sentence": "Section [sec0040] contains the empirical results, while Section [sec0055] offers some concluding comments."
  },
  {
    "sec_id": "sec0010",
    "sentence": "Given a classification system into a number of scientific fields, [bib0055] introduces a simple model in which the number of citations received by an article is a function of two variables: the article's underlying scientific influence, and the field to which it belongs to.",
    "intent": "background"
  },
  {
    "sec_id": "sec0010",
    "sentence": "Consequently, the citation inequality in the all-fields case is the result of two factors: differences in scientific influence within homogeneous fields, and differences in citation practices across fields."
  },
  {
    "sec_id": "sec0010",
    "sentence": "Suppose we have an initial citation distribution Q\u00a0=\u00a0{cl} consisting of N distinct articles, indexed by l\u00a0=\u00a01,\u2026, N, where cl is the number of citations received by article l."
  },
  {
    "sec_id": "sec0010",
    "sentence": "Assume that here are S sub-fields, indexed by s\u00a0=\u00a01,\u2026, S."
  },
  {
    "sec_id": "sec0010",
    "sentence": "In the multiplicative approach each article is wholly counted as many times as necessary in the several sub-fields to which it is assigned."
  },
  {
    "sec_id": "sec0010",
    "sentence": "In this way, the space of articles is expanded as much as necessary beyond the initial size in what we call distribution C."
  },
  {
    "sec_id": "sec0010",
    "sentence": "If we let Ns be the number of distinct articles in sub-field s, the corresponding ordered citation distribution can be described by cs\u00a0=\u00a0(cs1,\u2026, csi,\u2026, csNs) with cs1\u00a0\u2264\u00a0cs2\u00a0\u2264 \u2026 \u2264\u00a0csNs, where csi is the number of citations of article i in sub-field s, and csi\u00a0=\u00a0cl for some article l in the initial distribution Q."
  },
  {
    "sec_id": "sec0010",
    "sentence": "Of course, C\u00a0=\u00a0\u222as cs, and the total number of articles in the sub-field extended count is M\u00a0=\u00a0\u03a3s Ns\u00a0>\u00a0N."
  },
  {
    "sec_id": "sec0010",
    "sentence": "The above assignment of articles in C into the S sub-fields forms what we call classification system K."
  },
  {
    "sec_id": "sec0010",
    "sentence": "As in [bib0055], partition each citation distribution cs into \u03a0 quantiles of equal size, cs\u03c0, and citation mean \u03bcs\u03c0, for \u03c0\u00a0=\u00a01,\u2026, \u03a0.",
    "intent": "uses similarities"
  },
  {
    "sec_id": "sec0010",
    "sentence": "For each \u03c0, define the citation distribution c\u03c0=(c1\u03c0,\u2026,cs\u03c0,\u2026,cs\u03c0)."
  },
  {
    "sec_id": "sec0010",
    "sentence": "Clearly, the number of articles in c\u03c0 is \u03a3s Ns/\u03a0\u00a0=\u00a0M/\u03a0, and the set of vectors (c1,\u2026,c\u03c0,\u2026, c\u03a0) form a partition of distribution c."
  },
  {
    "sec_id": "sec0010",
    "sentence": "For each \u03c0, let m\u03c0=(\u03bc1\u03c0,\u2026,\u03bcs\u03c0,\u2026,\u03bcs\u03c0) be the distribution in which each publication in quantile cs\u03c0 is assigned the mean citation in that quantile, \u03bcs\u03c0."
  },
  {
    "sec_id": "sec0010",
    "sentence": "Under the assumptions of the model, the citation means \u03bcs\u03c0 holding \u03c0 constant are directly comparable across sub-fields."
  },
  {
    "sec_id": "sec0010",
    "sentence": "Therefore, for each \u03c0, the citation inequality of m\u03c0, abbreviated as I(\u03c0),(1)I(\u03c0)=I(m\u03c0)=I(\u03bc1\u03c0,\u2026,\u03bcs\u03c0,\u2026\u03bcs\u03c0),captures the citation inequality attributable to differences in citation practices across sub-fields at quantile \u03c0 (see [bib0055], [bib0050] for details).",
    "intent": "background"
  },
  {
    "sec_id": "sec0010",
    "sentence": "Given a citation distribution C, in the implementation of this model one uses an additively decomposable citation inequality index, I, defined as(2)I(C)=1N\u2211lcl\u03bclogcl\u03bcwhere \u03bc is the mean of distribution C."
  },
  {
    "sec_id": "sec0010",
    "sentence": "Applying the decomposability property of citation inequality index I first to the partition c\u00a0=\u00a0(c1,\u2026, c\u03c0,\u2026, c\u03a0), and then to the partition c\u03c0=(c1\u03c0,\u2026,cs\u03c0,\u2026,cs\u03c0) for each \u03c0, it can be shown that the total citation inequality in the all-sciences case, I(C), can be decomposed into the sum of three terms, one of them being the IDCP (Inequality due to Different Citation Practices) term under classification system K:(3)IDCP(K)=\u2211\u03c0\u03c5\u03c0I(\u03c0)where vs\u03c0 is the share of total citations in quantile \u03c0 of sub-field s, and v\u03c0\u00a0=\u00a0\u03a3s vs\u03c0."
  },
  {
    "sec_id": "sec0010",
    "sentence": "Therefore, IDCP(K) is a weighted average of the key expressions in [eq0005], with weights v\u03c0 so that \u03a3\u03c0 v\u03c0\u00a0=\u00a01."
  },
  {
    "sec_id": "sec0010",
    "sentence": "Note that, due to the skewness of science, the weights v\u03c0 will rapidly increase with \u03c0.[fn0010]"
  },
  {
    "sec_id": "sec0010",
    "sentence": "The impact of any normalization procedure can be evaluated by the reduction in the IDCP(K) term after normalization."
  },
  {
    "sec_id": "sec0010",
    "sentence": "However, in order to assess the soundness of this methodology we first ask: what is the lowest possible value for the IDCP term?"
  },
  {
    "sec_id": "sec0010",
    "sentence": "In the case of infinite, real valued and identically distributed data, the ICDP term would be equal to zero."
  },
  {
    "sec_id": "sec0010",
    "sentence": "However, real citation numbers do not satisfy the former requirement."
  },
  {
    "sec_id": "sec0010",
    "sentence": "Consequently, we search for the lowest value of the IDCP term that is achievable given the data and the classification system K, and use it as a reference for assessing the ability of the different normalization procedures to effectively remove the effect on total citation inequality of differences in citation practices across sub-fields in K."
  },
  {
    "sec_id": "sec0010",
    "sentence": "In order to reach this goal, we adopt the rank percentile approach (see [bib0040], for a very able summary of this approach and the recent literature related to it).",
    "intent": "uses"
  },
  {
    "sec_id": "sec0010",
    "sentence": "Given a sub-field s, we assign to each paper with csi citations a score rsi equal to the fraction of papers within the same sub-field that have accumulated a number of citations lower than or equal to csi."
  },
  {
    "sec_id": "sec0010",
    "sentence": "Thus, a value of 0.9 means that the paper in question is among the 10% most cited publications, while a value of 0.5 indicates that the paper has received the median citation rate in this sub-field."
  },
  {
    "sec_id": "sec0010",
    "sentence": "According to this rule, scores have values in the range 0\u20131, preserve the natural order (including ties) of the original citation sequence, and in each sub-field have exactly the same distribution: the uniform one."
  },
  {
    "sec_id": "sec0010",
    "sentence": "Therefore, given a classification system, this way of assigning scores to papers represents a sort of \u201cperfect normalization\u201d scheme for which the IDCP term provides the best performance that can be achieved for a given data set."
  },
  {
    "sec_id": "sec0010",
    "sentence": "The following six normalization procedures will be empirically investigated in Section [sec0040].1.Normalization by sub-field average."
  },
  {
    "sec_id": "sec0010",
    "sentence": "Each paper i in sub-field s receiving csi citations, is assigned a score equal to c\u2032si=csi/\u03bcs1, where \u03bcs1 is the average number of citations received by papers in sub-field s."
  },
  {
    "sec_id": "sec0010",
    "sentence": "Thus, c\u2032si represents the relative impact, in terms of citations, of paper i within sub-field s.2.We additionally consider a slight variation of the former normalization scheme, where \u03bcs1 is calculated excluding uncited publications."
  },
  {
    "sec_id": "sec0010",
    "sentence": "This different approach has been used by [bib0165], and has been also suggested by [bib0215] and [bib0005], because it is supposed to lead to higher levels of reduction of citation disproportions among scientific fields.3.Normalization by median value.",
    "intent": "background"
  },
  {
    "sec_id": "sec0010",
    "sentence": "This represents a simple modification of the previous indicator, where the only difference is that the number of citations csi received by a paper is divided by the sub-field s's median value, ms (instead of by the average value \u03bcs1)."
  },
  {
    "sec_id": "sec0010",
    "sentence": "Since in practice there are several sub-fields for which ms\u00a0=\u00a00, we calculate the median citation number of each category by excluding uncited publications.4.Normalization by two-parameter reverse engineering."
  },
  {
    "sec_id": "sec0010",
    "sentence": "[bib0155] introduce a normalization scheme based on the use of two parameters empirically estimated from the data.",
    "intent": "background"
  },
  {
    "sec_id": "sec0010",
    "sentence": "For each s, these parameters are the best estimates of the prefactor as and the \u03b1s exponent of a power-law transformation able to make different citation distributions collapse on top of each other."
  },
  {
    "sec_id": "sec0010",
    "sentence": "This means that if the score of a paper is computed as c\u2032si=(csi/as)1/\u03b1s, then the distribution of c\u2032si values is no longer dependent on the specific sub-field considered."
  },
  {
    "sec_id": "sec0010",
    "sentence": "In particular, when two distributions have the same exponent, the transformation necessary for their collapse is linear, and the method reduces to normalization by field average."
  },
  {
    "sec_id": "sec0010",
    "sentence": "[bib0155] demonstrate that, for the vast majority of sub-fields, the values of \u03b1s are very similar, and the citation distributions are nearly the same when plotted as a function of the normalized values c\u2032si.",
    "intent": "background"
  },
  {
    "sec_id": "sec0010",
    "sentence": "However, a limited number of sub-fields are characterized by widely changing values of the transformation parameters, so that the distribution of their c\u2032si values does not follow a universal law.5.Glanzel's normalization."
  },
  {
    "sec_id": "sec0010",
    "sentence": "This normalization involves the transformation of the raw data of any sub-field citation distribution with N papers, cs=(c\u2032s1,\u2026,c\u2032sN), by the formula c\u2032si=csi/(\u03bcs2\u2212\u03bcs1), where \u03bcs1 is the average citation of sub-field s, and \u03bcs2 is the average citation defined over the publications receiving a number of citations equal to or greater than \u03bcs1.6.Exchange rates normalization."
  },
  {
    "sec_id": "sec0010",
    "sentence": "Crespo et al."
  },
  {
    "sec_id": "sec0010",
    "sentence": "(2011a,b) find that the similarity of the shape of citation distributions over 22 broad fields or 219 sub-fields allows the effect of idiosyncratic citation practices to be rather well estimated over a wide range of intermediate quantiles where citation distributions behave as if they essentially differ by a scale factor."
  },
  {
    "sec_id": "sec0010",
    "sentence": "Consequently, a set of average-based measures, called exchange rates, can be estimated profitably over that interval."
  },
  {
    "sec_id": "sec0010",
    "sentence": "Normalization by sub-field average."
  },
  {
    "sec_id": "sec0010",
    "sentence": "Each paper i in sub-field s receiving csi citations, is assigned a score equal to c\u2032si=csi/\u03bcs1, where \u03bcs1 is the average number of citations received by papers in sub-field s."
  },
  {
    "sec_id": "sec0010",
    "sentence": "Thus, c\u2032si represents the relative impact, in terms of citations, of paper i within sub-field s."
  },
  {
    "sec_id": "sec0010",
    "sentence": "We additionally consider a slight variation of the former normalization scheme, where \u03bcs1 is calculated excluding uncited publications."
  },
  {
    "sec_id": "sec0010",
    "sentence": "This different approach has been used by [bib0165], and has been also suggested by [bib0215] and [bib0005], because it is supposed to lead to higher levels of reduction of citation disproportions among scientific fields.",
    "intent": "background"
  },
  {
    "sec_id": "sec0010",
    "sentence": "Normalization by median value."
  },
  {
    "sec_id": "sec0010",
    "sentence": "This represents a simple modification of the previous indicator, where the only difference is that the number of citations csi received by a paper is divided by the sub-field s's median value, ms (instead of by the average value \u03bcs1)."
  },
  {
    "sec_id": "sec0010",
    "sentence": "Since in practice there are several sub-fields for which ms\u00a0=\u00a00, we calculate the median citation number of each category by excluding uncited publications."
  },
  {
    "sec_id": "sec0010",
    "sentence": "Normalization by two-parameter reverse engineering."
  },
  {
    "sec_id": "sec0010",
    "sentence": "[bib0155] introduce a normalization scheme based on the use of two parameters empirically estimated from the data.",
    "intent": "background"
  },
  {
    "sec_id": "sec0010",
    "sentence": "For each s, these parameters are the best estimates of the prefactor as and the \u03b1s exponent of a power-law transformation able to make different citation distributions collapse on top of each other."
  },
  {
    "sec_id": "sec0010",
    "sentence": "This means that if the score of a paper is computed as c\u2032si=(csi/as)1/\u03b1s, then the distribution of c\u2032si values is no longer dependent on the specific sub-field considered."
  },
  {
    "sec_id": "sec0010",
    "sentence": "In particular, when two distributions have the same exponent, the transformation necessary for their collapse is linear, and the method reduces to normalization by field average."
  },
  {
    "sec_id": "sec0010",
    "sentence": "[bib0155] demonstrate that, for the vast majority of sub-fields, the values of \u03b1s are very similar, and the citation distributions are nearly the same when plotted as a function of the normalized values c\u2032si.",
    "intent": "background"
  },
  {
    "sec_id": "sec0010",
    "sentence": "However, a limited number of sub-fields are characterized by widely changing values of the transformation parameters, so that the distribution of their c\u2032si values does not follow a universal law."
  },
  {
    "sec_id": "sec0010",
    "sentence": "Glanzel's normalization."
  },
  {
    "sec_id": "sec0010",
    "sentence": "This normalization involves the transformation of the raw data of any sub-field citation distribution with N papers, cs=(c\u2032s1,\u2026,c\u2032sN), by the formula c\u2032si=csi/(\u03bcs2\u2212\u03bcs1), where \u03bcs1 is the average citation of sub-field s, and \u03bcs2 is the average citation defined over the publications receiving a number of citations equal to or greater than \u03bcs1."
  },
  {
    "sec_id": "sec0010",
    "sentence": "Exchange rates normalization."
  },
  {
    "sec_id": "sec0010",
    "sentence": "Crespo et al."
  },
  {
    "sec_id": "sec0010",
    "sentence": "(2011a,b) find that the similarity of the shape of citation distributions over 22 broad fields or 219 sub-fields allows the effect of idiosyncratic citation practices to be rather well estimated over a wide range of intermediate quantiles where citation distributions behave as if they essentially differ by a scale factor."
  },
  {
    "sec_id": "sec0010",
    "sentence": "Consequently, a set of average-based measures, called exchange rates, can be estimated profitably over that interval."
  },
  {
    "sec_id": "sec0025",
    "sentence": "We use the dataset already analyzed in [bib0155].",
    "intent": "uses"
  },
  {
    "sec_id": "sec0025",
    "sentence": "It consists of six subsets, each including all publications in 8304 scientific journals in the following years: 1980, 1985, 1990, 1995, 1999, and 2004."
  },
  {
    "sec_id": "sec0025",
    "sentence": "Journal titles are collected from the Journal Citation Reports database (http://science.thomsonreuters.com/cgi-bin/jrnlst/jlsubcatg.cgi?PC=D)."
  },
  {
    "sec_id": "sec0025",
    "sentence": "We restrict our attention only to documents written in \u201cEnglish\u201d, and classified as \u201cArticle\u201d, \u201cLetter\u201d, \u201cNote\u201d or \u201cProceedings Paper\u201d for a total of 2,906,615 publications."
  },
  {
    "sec_id": "sec0025",
    "sentence": "We retrieve from the Web of Science database (WoS, isiknowledge.com, field \u201ctimes cited\u201d) the number of citations each document has accumulated from its publication year up to the week of May 23\u201331, 2011."
  },
  {
    "sec_id": "sec0025",
    "sentence": "Note that the citation windows vary across the yearly subsets, ranging from seven years (and five months) for the papers published in 2004, to 31 years (and five months) for the 1980 subset."
  },
  {
    "sec_id": "sec0025",
    "sentence": "In what follows, the S sub-fields in the classification system K introduced in Section [sec0015] are identified with 172 subject-categories distinguished in the Web of Science by Thomson Reuters."
  },
  {
    "sec_id": "sec0025",
    "sentence": "As already emphasized by the inventors themselves ([bib0150]), this classification is known to have several weak points.",
    "intent": "motivation background"
  },
  {
    "sec_id": "sec0025",
    "sentence": "One of them is that publications in the periodical literature are assigned to sub-fields via the journal in which they have been published."
  },
  {
    "sec_id": "sec0025",
    "sentence": "Many journals are assigned to a single sub-field, but many others are assigned to two, three, or even more sub-fields."
  },
  {
    "sec_id": "sec0025",
    "sentence": "For example, the percentage of single-category papers in the datasets used in this paper tends to diminish with time: it is 67% in 1980, but only 56% in 2004."
  },
  {
    "sec_id": "sec0025",
    "sentence": "Therefore, between one third and 44% of all papers in our dataset are assigned to several sub-fields."
  },
  {
    "sec_id": "sec0025",
    "sentence": "To tackle this problem, two paths can be followed."
  },
  {
    "sec_id": "sec0025",
    "sentence": "The first is a fractional strategy, according to which each publication is fractioned into as many equal pieces as necessary, with each piece assigned to its corresponding sub-field."
  },
  {
    "sec_id": "sec0025",
    "sentence": "The second follows a multiplicative strategy in which each paper is counted as many times as necessary in the several sub-fields to which it is assigned."
  },
  {
    "sec_id": "sec0025",
    "sentence": "In this paper we adopt the multiplicative approach."
  },
  {
    "sec_id": "sec0025",
    "sentence": "This leads to a substantial increase in the total number of \u201cpapers\u201d: 42% in 1980, 45% in 1985, 48% in 1990, 56% in 1995, 58% in 1999 and 61% in 2004."
  },
  {
    "sec_id": "sec0025",
    "sentence": "However, judging from the findings obtained by [bib0050] using a similar dataset, we expect the results presented in this paper to be comparable to those that could have been obtained with a fractional strategy.",
    "intent": "similarities"
  },
  {
    "sec_id": "sec0025",
    "sentence": "For each year, Table A in the Appendix of the Working Paper version of this article, [bib0110], presents the number of documents by size, while Table B includes sub-field mean citations and standard deviations.[fn0015] Within each year, it comes as no surprise that sub-fields are very different in two key respects: Firstly, they are of very different sizes.",
    "intent": "background"
  },
  {
    "sec_id": "sec0025",
    "sentence": "In 1980 and 1995, for example, mean sub-field sizes are 2103 and 2753, with standard deviations 2341 and 2930."
  },
  {
    "sec_id": "sec0025",
    "sentence": "The range of variation in 1995, for example, is illustrated by Andrology and Engineering, Marine with 201 and 306 documents, and Engineering, Electrical & Electromagnetic and Biochemistry & Molecular Biology with 19,938 and 34,475 documents."
  },
  {
    "sec_id": "sec0025",
    "sentence": "Secondly, reflecting the wide differences in citation practices that motivate this paper, sub-fields have very different mean citations."
  },
  {
    "sec_id": "sec0025",
    "sentence": "In 1990 and 2004, for example, mean sub-field citations are 8.4 and 8.6, while standard deviations are 7.9 and 4.4. The range of variation in 2004 is illustrated, for example, by Cell Biology and Engineering, Marine with 17.8 and 0.6 mean citations, respectively."
  },
  {
    "sec_id": "sec0025",
    "sentence": "However, once we use scale- and size-invariant statistical techniques that allow us to focus on the shape of citation distributions, we discover that \u2013 within each year \u2013 citation distributions are extremely similar."
  },
  {
    "sec_id": "sec0025",
    "sentence": "To show this, we use the Characteristic Scores and Scales (CSS hereafter) technique, introduced by [bib0185] in the analysis of citation distributions.",
    "intent": "uses"
  },
  {
    "sec_id": "sec0025",
    "sentence": "For each sub-field s in a given year, we compute the characteristic scores \u03bcs1 and \u03bcs2 already introduced in Section [sec0020]."
  },
  {
    "sec_id": "sec0025",
    "sentence": "Consider the partition of sub-field citation distributions into three broad classes: documents with none or few citations below \u03bcs1; fairly cited articles, with citations above \u03bcs1 and below \u03bcs2; and articles with a remarkable or outstanding number of citations above \u03bcs2."
  },
  {
    "sec_id": "sec0025",
    "sentence": "[tbl0005] presents the average and standard deviation over the 172 sub-fields of the percentage of articles in the three classes in every year, as well as the corresponding statistics for the percentages of the total number of citations accounted by each class."
  },
  {
    "sec_id": "sec0025",
    "sentence": "Table 1."
  },
  {
    "sec_id": "sec0025",
    "sentence": "The skewness of science."
  },
  {
    "sec_id": "sec0025",
    "sentence": "Averages (and standard deviations) over 172 sub-field citation distributions in 1980\u20132004 versus previous results for articles published in 1998\u20132002 with a five-year citation window classified in 219 sub-fields."
  },
  {
    "sec_id": "sec0025",
    "sentence": "Category 1\u00a0=\u00a0articles with a low number of citations, below \u03bc1.Category 2\u00a0=\u00a0articles with a fair number of citations, above \u03bc1 and below \u03bc2.Category 3\u00a0=\u00a0articles with a remarkable or outstanding number of citations, above \u03bc2.where \u03bc1\u00a0=\u00a0mean citation of each citation distribution, \u03bc2\u00a0=\u00a0mean citation of articles with a number of citations above \u03bc1."
  },
  {
    "sec_id": "sec0025",
    "sentence": "Category 1\u00a0=\u00a0articles with a low number of citations, below \u03bc1."
  },
  {
    "sec_id": "sec0025",
    "sentence": "Category 2\u00a0=\u00a0articles with a fair number of citations, above \u03bc1 and below \u03bc2."
  },
  {
    "sec_id": "sec0025",
    "sentence": "Category 3\u00a0=\u00a0articles with a remarkable or outstanding number of citations, above \u03bc2."
  },
  {
    "sec_id": "sec0025",
    "sentence": "where \u03bc1\u00a0=\u00a0mean citation of each citation distribution, \u03bc2\u00a0=\u00a0mean citation of articles with a number of citations above \u03bc1."
  },
  {
    "sec_id": "sec0025",
    "sentence": "Two points should be emphasized, one referring to the situation within each year, and another to the evolution over time."
  },
  {
    "sec_id": "sec0025",
    "sentence": "Firstly, within each year, the small standard deviations in [tbl0005] indicate that sub-field citation distributions are very similar."
  },
  {
    "sec_id": "sec0025",
    "sentence": "Specifically, they are highly skewed in the sense that a large proportion of articles get none or few citations while a small percentage of them account for a disproportionate amount of all citations."
  },
  {
    "sec_id": "sec0025",
    "sentence": "The evidence for more than two decades can be summarized with a single picture illustrating the partition of documents into the three classes, as well as the percentages of total citations accounted by each class ([fig0005])."
  },
  {
    "sec_id": "sec0025",
    "sentence": "As can be seen in [tbl0005], the situation closely resembles the one described in [bib0015] for articles with a common, five-year citation window published in 1998\u20132003 in a wide array of 219 sub-fields.",
    "intent": "similarities"
  },
  {
    "sec_id": "sec0025",
    "sentence": "It is important to note that, as has been emphasized in the recent literature on normalization ([bib0055], [bib0050], [bib0155], [bib0160], [bib0165]), and as we will presently see in the next section, this similarity between citation distributions within each year paves the way for meaningful comparisons of citation counts across our 172 sub-fields.",
    "intent": "background"
  },
  {
    "sec_id": "sec0025",
    "sentence": "Secondly, in spite of the summary illustrated in [fig0005], it should be noted that the publication and citation percentages presented in [tbl0005] evolve smoothly during the 1980\u20132004 period."
  },
  {
    "sec_id": "sec0025",
    "sentence": "As the citation window increases from seven years for documents published in 2004 up to 31 years for documents published in 1980, sub-field citation distributions become somewhat more skewed."
  },
  {
    "sec_id": "sec0025",
    "sentence": "Specifically, for the two polar years in question, on average between 69% and 73% of all articles receive citations below the mean and only account for, approximately, between 24% and 21% of all citations, while articles with a remarkable or outstanding number of citations represent about 10% or 8% of the total, and account for, approximately, between 42% and 47% of all citations."
  },
  {
    "sec_id": "sec0025",
    "sentence": "As we will presently see in the next section, these small differences over time play a crucial role in the robustness of our results to differences in publication dates and citation window lengths."
  },
  {
    "sec_id": "sec0040",
    "sentence": "With the exceptions cited in note 1, the six yearly datasets are characterized by the same classification system into 172 sub-fields."
  },
  {
    "sec_id": "sec0040",
    "sentence": "However, apart from publication dates and lengths of citation windows, many features of science change over the 1980\u20132004 period."
  },
  {
    "sec_id": "sec0040",
    "sentence": "Specifically, the distribution of documents by sub-field and sub-field citation means vary considerably over the six years we study (see Tables A and B in the Appendix in [bib0110]).",
    "intent": "background"
  },
  {
    "sec_id": "sec0040",
    "sentence": "Therefore, the first question that should be analyzed is how total citation inequality I(C) and the IDCP term for the raw citations depend on time."
  },
  {
    "sec_id": "sec0040",
    "sentence": "We have just seen in [tbl0005] that, on average, sub-field citation distributions become less skewed as we consider closer publication dates and smaller citation windows."
  },
  {
    "sec_id": "sec0040",
    "sentence": "Correspondingly, as can be seen in column 1 in [tbl0010], except for a slight increase between 1980 and 1985, I(C) decreases when we move in that direction."
  },
  {
    "sec_id": "sec0040",
    "sentence": "Table 2."
  },
  {
    "sec_id": "sec0040",
    "sentence": "The evolution of total citation inequality and the IDCP term."
  },
  {
    "sec_id": "sec0040",
    "sentence": "The evolution of the IDCP term is more complex."
  },
  {
    "sec_id": "sec0040",
    "sentence": "To begin with, [fig0010] illustrates what happens to the expression I(\u03c0) as a function of \u03c0 (Eq. [eq0005] in Section [sec0015]) for different yearly datasets when the number of quantiles is equal to 100 (since I(\u03c0) is too high for low percentiles, for clarity only the curves for \u03c0\u00a0>\u00a050 are included in [fig0010]).[fn0020] It is convenient to distinguish between two regimes."
  },
  {
    "sec_id": "sec0040",
    "sentence": "Firstly, as we move from 1999 to 2004, the change in publication dates and the shortening of citation windows have a systematic effect: yearly curves move downward, and present a U shape with an intermediate percentile interval in which I(\u03c0) remains essentially constant."
  },
  {
    "sec_id": "sec0040",
    "sentence": "Since the IDCP term for each year is simply a weighted average of I(\u03c0) expressions (see Eq. [eq0015] in Section [sec0015]), we expect IDCP terms to decline as we move from 1999 to 2004, a fact observed in column 2 in [tbl0010]."
  },
  {
    "sec_id": "sec0040",
    "sentence": "Secondly, changes in publication dates and/or changes in citation window lengths at the beginning of the period generate a change of regime: the curves I(\u03c0) as a function of \u03c0 for 1985 and 1980 have a negative slope and intersect some of the other curves."
  },
  {
    "sec_id": "sec0040",
    "sentence": "However, as shown in column 2 in [tbl0010], the IDCP term keeps increasing from 1999 to 1985, but slightly decreases in 1980."
  },
  {
    "sec_id": "sec0040",
    "sentence": "Interestingly enough, the net result of these changes is that the ratio IDCP/I(C) remains approximately constant (see column 3 in [tbl0010])."
  },
  {
    "sec_id": "sec0040",
    "sentence": "This means that, in spite of the many differences between the six yearly datasets, the relative importance of the differences in citation practices across sub-fields is of a similar order of magnitude over the entire period, representing about 13% of total citation inequality.[fn0025]"
  },
  {
    "sec_id": "sec0040",
    "sentence": "Before presenting the results for the six regular normalization procedures, it is convenient to assess how well the \u201cperfect normalization\u201d scheme does."
  },
  {
    "sec_id": "sec0040",
    "sentence": "The results of the reduction of the absolute value of the IDCP term are in column 7 in [tbl0015]."
  },
  {
    "sec_id": "sec0040",
    "sentence": "On average, the best normalization procedure achievable with our data generates a 95% reduction of the IDCP term."
  },
  {
    "sec_id": "sec0040",
    "sentence": "Not surprisingly in view of the two regimes found in the previous section, the ability of this procedure to reduce the IDCP term in 1985, and above all, in 1980, is lower than in 1990\u20132004."
  },
  {
    "sec_id": "sec0040",
    "sentence": "Table 3."
  },
  {
    "sec_id": "sec0040",
    "sentence": "The reduction of the IDCP term in % as a consequence of applying the different normalization procedures."
  },
  {
    "sec_id": "sec0040",
    "sentence": "Recall that the evidence in [tbl0005] indicates that, within each year, sub-field citation distribution shapes are very similar."
  },
  {
    "sec_id": "sec0040",
    "sentence": "This should translate into generally good results for reasonable normalization procedures."
  },
  {
    "sec_id": "sec0040",
    "sentence": "In particular, it is instructive to begin with the I(\u03c0) curves in [fig0010]."
  },
  {
    "sec_id": "sec0040",
    "sentence": "As pointed out already, these curves are relatively constant over a certain percentile interval during the 1990\u20132004 period."
  },
  {
    "sec_id": "sec0040",
    "sentence": "This is exactly what was found in [bib0055], [bib0050]), indicating that, to a large extent, sub-field citation distributions behave as if they essentially differ by a scale factor of constant size over that interval.",
    "intent": "similarities"
  },
  {
    "sec_id": "sec0040",
    "sentence": "Therefore, we expect that a set of average-based exchange rates can be estimated with some precision over that interval.[fn0030] On the other hand, using exchange rates and sub-field means as normalization factors should capture reasonably well these scale factors separating sub-field citation distributions."
  },
  {
    "sec_id": "sec0040",
    "sentence": "This is what we find in columns 3 and 5 in [tbl0015]."
  },
  {
    "sec_id": "sec0040",
    "sentence": "Naturally, the reduction in the IDCP term in 1985, and above all, in 1980, is smaller than in 1990\u20132004."
  },
  {
    "sec_id": "sec0040",
    "sentence": "Interestingly enough, using sub-field means without zeros as normalization factors (column 4 in [tbl0015]) performs better than using exchange factors but worse than using sub-field means computed over all documents."
  },
  {
    "sec_id": "sec0040",
    "sentence": "Finally, the median and the Gl\u00e4nzel normalization procedures (columns 1 and 2 in [tbl0015]) do worse than the exchange rates, while the two-parameter scheme (column 6 in [tbl0015]) performs extremely well, achieving reductions in the IDCP terms which are very close to the \u201cperfect normalization\u201d system, particularly in the 1995\u20132004 period with citation windows of 17, 12, and eight years."
  },
  {
    "sec_id": "sec0040",
    "sentence": "As in the former cases, the performance is much worse in 1980 than for the rest of the period."
  },
  {
    "sec_id": "sec0040",
    "sentence": "The results of the contest are clearly illustrated in [fig0015]: the ranking of the six procedures is essentially the same over the entire period."
  },
  {
    "sec_id": "sec0040",
    "sentence": "Finally, [tbl0020] contains the results concerning the relative importance of the IDCP term after applying the different normalization schemes (excluding the \u201cperfect normalization\u201d that, understandably, does not perform well in relative terms because the total citation inequality in this case is extremely low)."
  },
  {
    "sec_id": "sec0040",
    "sentence": "On average over the six years, the best two procedures \u2013 namely, the sub-field mean normalization and the two-parameter scheme \u2013 decrease the relative importance of the IDCP term from, approximately, 13%, to 2.9% and 1.3% after normalization \u2013 a remarkable improvement."
  },
  {
    "sec_id": "sec0040",
    "sentence": "Table 4."
  },
  {
    "sec_id": "sec0040",
    "sentence": "A comparison of the percentage that the IDCP term represents in % relative to total citation inequality after applying the different normalization procedures."
  },
  {
    "sec_id": "sec0040",
    "sentence": "Further insight into the performance of the best normalization procedures is provided by [fig0020], where I(\u03c0) is plotted as a function of \u03c0 both for the raw data and for the key normalization procedures for papers published in 1990 (to save space, similar results for other publication years are available on request)."
  },
  {
    "sec_id": "sec0040",
    "sentence": "Note that since this quantity for the perfect normalization procedure is practically indistinguishable from the horizontal axis, it has not been included in [fig0020]."
  },
  {
    "sec_id": "sec0040",
    "sentence": "Also, because I(\u03c0) is too large for many low percentiles, [fig0020] only reports results for the interval (50, 100)."
  },
  {
    "sec_id": "sec0040",
    "sentence": "The reduction of the I(\u03c0) curve achieved by the best normalization procedures over the entire percentile range is clearly illustrated."
  },
  {
    "sec_id": "sec0040",
    "sentence": "At the very upper tail of citation distributions \u2013 namely, when it most matters \u2013 the performance of mean normalization clearly worsens (this is also the case with the alternative procedures not included in [fig0020]), although the two-parameter scheme keeps doing better than the rest in that interval."
  },
  {
    "sec_id": "sec0040",
    "sentence": "However, it should be emphasized that even after normalization differences in citation practices in the last percentile are very large indeed."
  },
  {
    "sec_id": "sec0040",
    "sentence": "At this level, the comparability of sub-field citation distributions becomes a much harder task."
  },
  {
    "sec_id": "sec0055",
    "sentence": "While the use of citation numbers in research assessment exercises is becoming more and more relevant, there is still much room for the improvement of bibliometric indicators devoted to the quantification of research impact."
  },
  {
    "sec_id": "sec0055",
    "sentence": "In particular, there is a strong necessity to find proper ways of suppressing disproportions in raw bibliometric measures that are merely due to different citation practices in different fields."
  },
  {
    "sec_id": "sec0055",
    "sentence": "In this paper we have used a recently introduced measurement framework \u2013 the IDCP method \u2013 with two purposes: (i) to estimate the effect on citation inequality of differences in citation practices across sub-fields when using raw citation numbers, and (ii) to assess the effectiveness of six normalization procedures for reducing this effect."
  },
  {
    "sec_id": "sec0055",
    "sentence": "We have used a dataset consisting of 2.9 million papers published in different years ranging from 1980 to 2004, and assigned to 172 distinct sub-fields according to the same classification system."
  },
  {
    "sec_id": "sec0055",
    "sentence": "Many aspects of scientific activity, including the citation process within this classification system, have changed considerably over this period."
  },
  {
    "sec_id": "sec0055",
    "sentence": "Nevertheless, this paper has unraveled a number of regularities that can be summarized as follows.1.As observed in the past in other large datasets organized according to other classification systems, we find that, within each year, citation distribution shapes in our 172 sub-fields system are very similar to each other."
  },
  {
    "sec_id": "sec0055",
    "sentence": "Consequently, as also observed in the past, different normalization systems work reasonably well in the sense that the IDCP term \u2013 capturing the effect on citation inequality of differences in citation practices across sub-fields \u2013 is considerably reduced after normalization."
  },
  {
    "sec_id": "sec0055",
    "sentence": "In particular, on average over the entire period the three worst procedures reduce the IDCP term by 62\u201369%, while the three best reduce it by 77\u201389%."
  },
  {
    "sec_id": "sec0055",
    "sentence": "This is a remarkable result taking into account that the maximum reduction achievable with the data in the \u201cperfect normalization\u201d case is, on average, of 95% of the IDCP term.2.As we go back in time and, consequently, citation windows become larger, two phenomena should be noted."
  },
  {
    "sec_id": "sec0055",
    "sentence": "Firstly, sub-field citation distributions become more skewed, and hence yearly overall citation inequality increases."
  },
  {
    "sec_id": "sec0055",
    "sentence": "Secondly, we must distinguish between two sub-periods: 2004\u20131990, in which the phenomena studied in this paper seem to evolve smoothly in time in a comparable fashion, and the 1985 and, above all, the 1980 datasets, in which the citation process seem to work quite differently."
  },
  {
    "sec_id": "sec0055",
    "sentence": "In the midst of a period of more than two decades with these features, the main results of the paper are the following two.(a)As we move toward earlier publication dates and greater citation windows, differences in citation practices within our classification system increase, causing the IDCP term to increase in absolute value in such a way that it represents, approximately, the same 13% of overall citation inequality over the entire period.(b)As we move back in time, normalization factors adjust to changes in overall citation inequality and to changes in the differences across sub-fields, with the following two consequences."
  },
  {
    "sec_id": "sec0055",
    "sentence": "Firstly, except for 1980, each of the six normalization procedures (as well as the \u201cperfect\u201d one) performs similarly over the 1985\u20132004 period."
  },
  {
    "sec_id": "sec0055",
    "sentence": "Secondly, the same ranking of procedures according to their ability to reduce the IDCP term is essentially maintained over the entire period.3.The best normalization procedure, namely, the two-parameter reverse engineering scheme, performs very close to the \u201cperfect normalization\u201d over the entire support of citation distributions, except for the last 1% in which this \u2013 and, of course, the other five procedures \u2013 experience a dramatic worsening."
  },
  {
    "sec_id": "sec0055",
    "sentence": "Nevertheless, in 1995\u20132004 when citation windows vary between seven and sixteen years, this procedure reduces the size of the IDCP term by 92.5\u201394%, and the importance of the problem of idiosyncratic differences in citation practices from 13% to less than 1% of overall citation inequality."
  },
  {
    "sec_id": "sec0055",
    "sentence": "As observed in the past in other large datasets organized according to other classification systems, we find that, within each year, citation distribution shapes in our 172 sub-fields system are very similar to each other."
  },
  {
    "sec_id": "sec0055",
    "sentence": "Consequently, as also observed in the past, different normalization systems work reasonably well in the sense that the IDCP term \u2013 capturing the effect on citation inequality of differences in citation practices across sub-fields \u2013 is considerably reduced after normalization."
  },
  {
    "sec_id": "sec0055",
    "sentence": "In particular, on average over the entire period the three worst procedures reduce the IDCP term by 62\u201369%, while the three best reduce it by 77\u201389%."
  },
  {
    "sec_id": "sec0055",
    "sentence": "This is a remarkable result taking into account that the maximum reduction achievable with the data in the \u201cperfect normalization\u201d case is, on average, of 95% of the IDCP term."
  },
  {
    "sec_id": "sec0055",
    "sentence": "As we go back in time and, consequently, citation windows become larger, two phenomena should be noted."
  },
  {
    "sec_id": "sec0055",
    "sentence": "Firstly, sub-field citation distributions become more skewed, and hence yearly overall citation inequality increases."
  },
  {
    "sec_id": "sec0055",
    "sentence": "Secondly, we must distinguish between two sub-periods: 2004\u20131990, in which the phenomena studied in this paper seem to evolve smoothly in time in a comparable fashion, and the 1985 and, above all, the 1980 datasets, in which the citation process seem to work quite differently."
  },
  {
    "sec_id": "sec0055",
    "sentence": "In the midst of a period of more than two decades with these features, the main results of the paper are the following two.(a)As we move toward earlier publication dates and greater citation windows, differences in citation practices within our classification system increase, causing the IDCP term to increase in absolute value in such a way that it represents, approximately, the same 13% of overall citation inequality over the entire period.(b)As we move back in time, normalization factors adjust to changes in overall citation inequality and to changes in the differences across sub-fields, with the following two consequences."
  },
  {
    "sec_id": "sec0055",
    "sentence": "Firstly, except for 1980, each of the six normalization procedures (as well as the \u201cperfect\u201d one) performs similarly over the 1985\u20132004 period."
  },
  {
    "sec_id": "sec0055",
    "sentence": "Secondly, the same ranking of procedures according to their ability to reduce the IDCP term is essentially maintained over the entire period."
  },
  {
    "sec_id": "sec0055",
    "sentence": "As we move toward earlier publication dates and greater citation windows, differences in citation practices within our classification system increase, causing the IDCP term to increase in absolute value in such a way that it represents, approximately, the same 13% of overall citation inequality over the entire period."
  },
  {
    "sec_id": "sec0055",
    "sentence": "As we move back in time, normalization factors adjust to changes in overall citation inequality and to changes in the differences across sub-fields, with the following two consequences."
  },
  {
    "sec_id": "sec0055",
    "sentence": "Firstly, except for 1980, each of the six normalization procedures (as well as the \u201cperfect\u201d one) performs similarly over the 1985\u20132004 period."
  },
  {
    "sec_id": "sec0055",
    "sentence": "Secondly, the same ranking of procedures according to their ability to reduce the IDCP term is essentially maintained over the entire period."
  },
  {
    "sec_id": "sec0055",
    "sentence": "The best normalization procedure, namely, the two-parameter reverse engineering scheme, performs very close to the \u201cperfect normalization\u201d over the entire support of citation distributions, except for the last 1% in which this \u2013 and, of course, the other five procedures \u2013 experience a dramatic worsening."
  },
  {
    "sec_id": "sec0055",
    "sentence": "Nevertheless, in 1995\u20132004 when citation windows vary between seven and sixteen years, this procedure reduces the size of the IDCP term by 92.5\u201394%, and the importance of the problem of idiosyncratic differences in citation practices from 13% to less than 1% of overall citation inequality."
  },
  {
    "sec_id": "sec0055",
    "sentence": "As far as extensions are concerned, the following three important issues could be cited: (i) the study of normalization procedures using better classification systems; (ii) the comparison of normalization procedures based on different classification systems, or on no classification scheme at all, as in source or citing-side procedures; and (iii) the estimation of confidence intervals, so as to establish which of the differences found in this paper are statistically significant."
  }
]