[
  {
    "sec_id": "sec0005",
    "sentence": "Research portfolio analysis should be a key activity for all stakeholders in the current science system."
  },
  {
    "sec_id": "sec0005",
    "sentence": "Funding bodies allocate resources among topics, administrators choose which researchers to hire and which projects to support internally, while researchers (for the most part) choose the topics they want to work on ([bib0070]; [bib0075]; [bib0265]).",
    "intent": "background"
  },
  {
    "sec_id": "sec0005",
    "sentence": "The notions of research portfolios and portfolio analysis, once largely confined to the corporate R&D world, are now being increasingly considered in academic and agency settings ([bib0235]).",
    "intent": "background"
  },
  {
    "sec_id": "sec0005",
    "sentence": "Portfolio-related choices are, however, difficult to make in the science system because the potential choices themselves are often not well defined or understood."
  },
  {
    "sec_id": "sec0005",
    "sentence": "In the industrial world, research portfolio choices are typically governed by perceptions of (long-term) supply and demand."
  },
  {
    "sec_id": "sec0005",
    "sentence": "We suggest that the concepts of supply and demand can also provide a useful framework for research portfolio analysis in the science system."
  },
  {
    "sec_id": "sec0005",
    "sentence": "However, to use these terms we must take care to define them properly as they can be defined in different ways."
  },
  {
    "sec_id": "sec0005",
    "sentence": "For instance, [bib0200] define supply and demand at a high level in terms of the interplay between scientific results and their providers (supply) and specific societal goals (demand).",
    "intent": "background"
  },
  {
    "sec_id": "sec0005",
    "sentence": "At a more detailed level, Sarewitz & Pielke define demand in terms of the information used by a wide variety of stakeholders to address a broad set of challenges (p."
  },
  {
    "sec_id": "sec0005",
    "sentence": "12)."
  },
  {
    "sec_id": "sec0005",
    "sentence": "[bib0055] defines supply as the output of the public research process and demand as reflecting the interests of the users.",
    "intent": "background"
  },
  {
    "sec_id": "sec0005",
    "sentence": "These interests \u2013 the inputs to demand \u2013 can vary."
  },
  {
    "sec_id": "sec0005",
    "sentence": "The demand for science to address social and health needs is prevalent, and can be represented by metrics such as disease burden ([bib0065]).",
    "intent": "background"
  },
  {
    "sec_id": "sec0005",
    "sentence": "Some science, particularly that invested in by industry, responds to economic motives ([bib0125]).",
    "intent": "background"
  },
  {
    "sec_id": "sec0005",
    "sentence": "These diverse demands are important, and they (and their advocates) obviously play a role in priority setting within governments, agencies, and other funding bodies."
  },
  {
    "sec_id": "sec0005",
    "sentence": "It is also true that these types of demand are very difficult to measure."
  },
  {
    "sec_id": "sec0005",
    "sentence": "Rather than considering each type of demand separately, we simply note that the ultimate result of these varying demands is that research priorities are set and funding is made available to address these priorities."
  },
  {
    "sec_id": "sec0005",
    "sentence": "Accordingly, we make explicit this assumption that funding amounts represent an aggregate (though undoubtedly crude and incomplete) measure of demand for each priority or topic in science."
  },
  {
    "sec_id": "sec0005",
    "sentence": "Thus, our definition of demand differs from those of Sarewitz & Pielke and Dalrymple in that it assumes that interests and goals are codified in a fiscal sense."
  },
  {
    "sec_id": "sec0005",
    "sentence": "The scientific topics themselves \u2013 the outputs of science mentioned by Sarewitz & Pielke and Dalrymple \u2013 represent the scientific supply."
  },
  {
    "sec_id": "sec0005",
    "sentence": "Other frameworks are possible."
  },
  {
    "sec_id": "sec0005",
    "sentence": "For instance, another common framework uses the language of investments and outputs ([bib0260]).",
    "intent": "background"
  },
  {
    "sec_id": "sec0005",
    "sentence": "Funders invest in research, while researchers create outputs (articles) that may influence social outcomes."
  },
  {
    "sec_id": "sec0005",
    "sentence": "While this framework is valid (it is commonly used to analyse securities as well as grant investments), we prefer the more common definition of portfolio analysis associated with commerce (http://www.businessdictionary.com/definition/portfolio-analysis.html)."
  },
  {
    "sec_id": "sec0005",
    "sentence": "Research is viewed as a product (publications represent supply) while funders purchase that research (grants represent demand)."
  },
  {
    "sec_id": "sec0005",
    "sentence": "With this framework in place, the gap that remains is the lack of a detailed model of scientific topics that represents supply and to which demand can be linked."
  },
  {
    "sec_id": "sec0005",
    "sentence": "Accordingly, this study introduces a topic-level model of the scientific literature."
  },
  {
    "sec_id": "sec0005",
    "sentence": "We define a topic as a collection of documents with a common focused intellectual interest, such as the work on a specific research problem."
  },
  {
    "sec_id": "sec0005",
    "sentence": "We then go further by developing a new indicator of topic prominence, and show that this indicator is a good predictor of current and future funding at the topic level, and is thus an indicator of demand."
  },
  {
    "sec_id": "sec0005",
    "sentence": "Unlike previous bibliometric studies, where the emphasis has only been on identifying emerging topics ([bib0210]) or research fronts ([bib0045]), our goal is to look at the entire portfolio of choices.",
    "intent": "differences"
  },
  {
    "sec_id": "sec0005",
    "sentence": "As such, this is the first large-scale test of a highly detailed portfolio model of research."
  },
  {
    "sec_id": "sec0005",
    "sentence": "The article is organized as follows."
  },
  {
    "sec_id": "sec0005",
    "sentence": "The background section starts by describing the theory and practice underlying the identification and evaluation of all possible research topics in the scientific literature."
  },
  {
    "sec_id": "sec0005",
    "sentence": "Critical to this discussion are the issues of coverage, granularity, accuracy and stability."
  },
  {
    "sec_id": "sec0005",
    "sentence": "We also briefly discuss potential indicators of topic impact and relevance."
  },
  {
    "sec_id": "sec0005",
    "sentence": "Additional sections then detail the four main contributions of the article: 1) creation and description of the topic-level model of science, 2) formulation of an indicator of topic prominence, 3) the assignment of project-level grant data to individual topics and 4) the use of the prominence indicator to explain and predict topic funding levels."
  },
  {
    "sec_id": "sec0005",
    "sentence": "Each of these sections combines methods and results."
  },
  {
    "sec_id": "sec0005",
    "sentence": "The article closes with a discussion of weaknesses and limitations of the study, and with implications for research planning by funding agencies, research institutions and individual researchers."
  },
  {
    "sec_id": "sec0010",
    "sentence": "The structure of science, as a whole or by parts, can be represented in many different ways including journal subject categories, controlled vocabularies such as MeSH, or clusters based on citation or textual characteristics."
  },
  {
    "sec_id": "sec0010",
    "sentence": "The funding of science has been linked to its structure, but this has been done only at very high levels."
  },
  {
    "sec_id": "sec0010",
    "sentence": "For instance, R&D expenditures have been reported at the level of eight S&E fields ([bib0175]), by agency or sub-agency, and by disease category ([bib0065]).",
    "intent": "background"
  },
  {
    "sec_id": "sec0010",
    "sentence": "We are unaware of any studies that report funding at much more detailed levels, perhaps because more detailed classification systems are not commonly available."
  },
  {
    "sec_id": "sec0010",
    "sentence": "Creation of a detailed topic-level model of science requires many design choices, the most important of which are related to coverage, granularity, accuracy and stability."
  },
  {
    "sec_id": "sec0010",
    "sentence": "Accordingly, this section focuses on these choices and on the theoretical and historical bases that give us reasonable guidance as to make these choices."
  },
  {
    "sec_id": "sec0010",
    "sentence": "We note, however, that we are operating within the context of using citation data to create models."
  },
  {
    "sec_id": "sec0010",
    "sentence": "Models created using textual characteristics or controlled vocabularies (such as MeSH) will have different properties."
  },
  {
    "sec_id": "sec0010",
    "sentence": "Such models may be appealing to different communities."
  },
  {
    "sec_id": "sec0010",
    "sentence": "For instance, disease categories using MeSH terms have been used by policy makers interested in comparing funding with disease burden for a defined set of diseases ([bib0065]).",
    "intent": "background"
  },
  {
    "sec_id": "sec0010",
    "sentence": "Our goal is to identify all topics in science for the use of multiple stakeholders."
  },
  {
    "sec_id": "sec0010",
    "sentence": "Thus, the ideal would be to have access to all literature on all topics, and to then have a way to partition that literature into topics."
  },
  {
    "sec_id": "sec0010",
    "sentence": "This ideal, however, may not currently be reachable since no single database covers all of the scientific literature."
  },
  {
    "sec_id": "sec0010",
    "sentence": "In addition, there are differences of opinion over whether a full database is necessary to accurately identify topics or if smaller datasets using journals or keyword searches are adequate."
  },
  {
    "sec_id": "sec0010",
    "sentence": "Although not definitive, there is a literature that addresses these issues and provides some guidance."
  },
  {
    "sec_id": "sec0010",
    "sentence": "Regarding database coverage, there are two large citation databases (Scopus and the Web of Science (WoS)) that cover a significant fraction of the scientific literature."
  },
  {
    "sec_id": "sec0010",
    "sentence": "However, it is also well known that coverage within these databases varies by field."
  },
  {
    "sec_id": "sec0010",
    "sentence": "Each is known to have very good coverage in medicine, but lower coverage in the social and computer sciences ([bib0020], [bib0105], [bib0160]).",
    "intent": "background"
  },
  {
    "sec_id": "sec0010",
    "sentence": "This imbalance may influence the identification of topics."
  },
  {
    "sec_id": "sec0010",
    "sentence": "There are also cases where the two large citation databases are potentially inadequate for the identification of topics."
  },
  {
    "sec_id": "sec0010",
    "sentence": "For instance, [bib0190] showed that the CAB Abstracts (CABI) database, which focuses on environmental and agricultural literature, contains well over twice as many documents about rice as do the citation databases.",
    "intent": "background"
  },
  {
    "sec_id": "sec0010",
    "sentence": "In particular, CABI had much better coverage on the topics of productivity, plant nutrition, plant characteristics and plant protection."
  },
  {
    "sec_id": "sec0010",
    "sentence": "Use of either Scopus or WoS may miss some specific topics altogether."
  },
  {
    "sec_id": "sec0010",
    "sentence": "Despite their deficiencies, given the need to identify all topics in science, the two large citation databases remain the best choices."
  },
  {
    "sec_id": "sec0010",
    "sentence": "We turn now to the question of whether entire databases should be used to identify topics, or if smaller datasets can be used."
  },
  {
    "sec_id": "sec0010",
    "sentence": "In other words, can local mapping be used to accurately identify topics, or is global mapping a far superior technique."
  },
  {
    "sec_id": "sec0010",
    "sentence": "Several of our recent studies address this issue."
  },
  {
    "sec_id": "sec0010",
    "sentence": "In the first, we compared topics related to information science from a global model of science to the 50 topics identified by [bib0040] using co-citation analysis of papers from 12 information science journals ([bib0120]).",
    "intent": "uses"
  },
  {
    "sec_id": "sec0010",
    "sentence": "We found that while the local analysis did a good job of identifying core topics in information science, it under-specified the topics that were dominated by literature from another field (e.g., computer science)."
  },
  {
    "sec_id": "sec0010",
    "sentence": "A similar example is found in [bib0035], where the topics associated with articles in a set of 59 journals in astronomy, which is considered to be an insular discipline, were found to be embedded in a network that contained nearly as many papers outside those journals.",
    "intent": "background"
  },
  {
    "sec_id": "sec0010",
    "sentence": "This study also found that articles where the fraction of within-local set links (as compared to the global links) was small were likely to be part of topics that were not based in astronomy, despite the fact that the articles were in astronomy journals."
  },
  {
    "sec_id": "sec0010",
    "sentence": "A third study showed that the same type of behavior occurs when using a dataset based on keyword searches rather than a journal set ([bib0030]).",
    "intent": "background"
  },
  {
    "sec_id": "sec0010",
    "sentence": "This study showed that many topics now associated with \u2018graphene\u2019 were involved in other research activities (such as research on graphite or carbon nanotubes) that were later replaced by research on graphene once graphene became available as a research material."
  },
  {
    "sec_id": "sec0010",
    "sentence": "In summary, the studies referenced above have shown that a local model typically excludes many papers that are highly linked to either journal or keyword based datasets (lower recall) and includes papers that are not well linked within the set and thus belong elsewhere (lower precision)."
  },
  {
    "sec_id": "sec0010",
    "sentence": "Global models, by definition, include much more of the relevant content."
  },
  {
    "sec_id": "sec0010",
    "sentence": "Thus, local models have both lower recall and lower precision than is desirable for the accurate identification of topics."
  },
  {
    "sec_id": "sec0010",
    "sentence": "In local models, papers with low within-local set linkage are placed in the core topics rather than multidisciplinary topics due to the exclusion of global material."
  },
  {
    "sec_id": "sec0010",
    "sentence": "Indeed, topics identified using subsets of the literature may completely miss interdisciplinary topics or topics at the boundary of the field of interest."
  },
  {
    "sec_id": "sec0010",
    "sentence": "It is generally accepted that multiple iterations of query expansion and filtering can increase precision and recall, yet it is unclear how well this really does at bounding a field because most studies of query expansion have no ground truth against which to compare."
  },
  {
    "sec_id": "sec0010",
    "sentence": "One might think that, given the problem of coverage, scientometricians would lean towards identifying topics from full databases."
  },
  {
    "sec_id": "sec0010",
    "sentence": "However, this has not happened for pragmatic reasons."
  },
  {
    "sec_id": "sec0010",
    "sentence": "Very few researchers have access to the entire WoS or Scopus database."
  },
  {
    "sec_id": "sec0010",
    "sentence": "Researchers can, however, download small portions of these databases via institutional licenses."
  },
  {
    "sec_id": "sec0010",
    "sentence": "It is for this reason that studies using small datasets far outnumber studies using an entire database."
  },
  {
    "sec_id": "sec0010",
    "sentence": "These small datasets may be sufficiently representative to make conclusions about the major structural elements."
  },
  {
    "sec_id": "sec0010",
    "sentence": "However, topics that tend to be interdisciplinary cannot be accurately identified using small datasets."
  },
  {
    "sec_id": "sec0010",
    "sentence": "The granularity of a model of science \u2013 the number and size of research topics \u2013 is also important to portfolio analysis."
  },
  {
    "sec_id": "sec0010",
    "sentence": "Most evaluation using normalized citation-based indicators ([bib0255]) is currently done using approximately 250 journal subject categories.",
    "intent": "background"
  },
  {
    "sec_id": "sec0010",
    "sentence": "While this is likely an appropriate level for some types of analysis, it is not nearly detailed enough to enable researchers to choose between topics."
  },
  {
    "sec_id": "sec0010",
    "sentence": "We have found that researchers and program officers at funding agencies can easily differentiate (and tell stories about) roughly 100,000 topics in science ([bib0030]).",
    "intent": "background"
  },
  {
    "sec_id": "sec0010",
    "sentence": "An order of magnitude approach that incorporates both theory and measurements of current science also leads to an estimate of around 100,000 topics."
  },
  {
    "sec_id": "sec0010",
    "sentence": "Early work by science historians and sociologists of science ([bib0050], [bib0135], [bib0170]) discussed research communities that, once mature, would be addressing a single scientific specialty (or topic) and would be comprised of about 100 researchers.",
    "intent": "background"
  },
  {
    "sec_id": "sec0010",
    "sentence": "Some communities will be larger and some will be smaller."
  },
  {
    "sec_id": "sec0010",
    "sentence": "If we assume that each topic has on average 100 researchers, then the total number of current authors gives us a rough sense of the number of communities (or topics) that exist in the world."
  },
  {
    "sec_id": "sec0010",
    "sentence": "A recent effort to disambiguate author names over the entire Web of Science found 6.7 million authors with an h-index of greater than one ([bib0205]).",
    "intent": "background"
  },
  {
    "sec_id": "sec0010",
    "sentence": "A query of Scopus data (as of 2015) shows that there are over 10 million unique author IDs associated with at least one publication over the most recent four years."
  },
  {
    "sec_id": "sec0010",
    "sentence": "Thus, it seems reasonable that with around 10 million currently publishing authors, there may be on the order of 100,000 topics in science today."
  },
  {
    "sec_id": "sec0010",
    "sentence": "In addition, we have compared models with 100,000 and 10,000 topics and have found that sets of key papers in topics from the former model are focused on the same narrow research problem."
  },
  {
    "sec_id": "sec0010",
    "sentence": "In contrast, sets of key papers from the latter model appear to address different, although related, research problems."
  },
  {
    "sec_id": "sec0010",
    "sentence": "We also find it easier to describe topics (based on perusal of their representative keywords and key papers) in the model with 100,000 clusters than those in the model with 10,000 clusters."
  },
  {
    "sec_id": "sec0010",
    "sentence": "This is admittedly anecdotal, but does represent our experience with models at different levels."
  },
  {
    "sec_id": "sec0010",
    "sentence": "Given that our focus is on portfolio analysis that represents choices between research problems, we choose to create models with roughly 100,000 clusters."
  },
  {
    "sec_id": "sec0010",
    "sentence": "The accuracy of topics is critical for portfolio analysis."
  },
  {
    "sec_id": "sec0010",
    "sentence": "One school of thought is that different approaches give different results that are each meaningful and that the accuracy of different approaches cannot really be established ([bib0085]).",
    "intent": "background"
  },
  {
    "sec_id": "sec0010",
    "sentence": "This is a reasonable stance to take if one wants to learn about different approaches, their tendencies, and how they might differently portray topics."
  },
  {
    "sec_id": "sec0010",
    "sentence": "However, real-life decisions to the types of questions that are asked by stakeholders in the science system require a more definitive answer."
  },
  {
    "sec_id": "sec0010",
    "sentence": "Stakeholders want to base decisions on the most accurate depiction of topics available."
  },
  {
    "sec_id": "sec0010",
    "sentence": "The accuracy of a particular model is best established by referring to a gold standard that provides a fair basis of comparison."
  },
  {
    "sec_id": "sec0010",
    "sentence": "Conceptually, it seems reasonable that this basis should be independent of the methods being compared ([bib0250]).",
    "intent": "background"
  },
  {
    "sec_id": "sec0010",
    "sentence": "Fortunately, there are several recent studies that compare the accuracy of different approaches to identifying topics."
  },
  {
    "sec_id": "sec0010",
    "sentence": "In a large study comparing citation-based and text-based approaches, Boyack and colleagues ([bib0010], [bib0025]) used grant-article linkages to compare different approaches under the assumption that if several articles cite the same grant they are very likely to be on the same topic, and should thus be concentrated (rather than dispersed) within the topic structure.",
    "intent": "background"
  },
  {
    "sec_id": "sec0010",
    "sentence": "Accordingly, a concentration index was used as the measurement technique, resulting in the finding that the best citation-based (bibliographic coupling) and text-based (PubMed related articles) gave roughly similarly accurate topics, and that a citation-text hybrid was slightly better than either."
  },
  {
    "sec_id": "sec0010",
    "sentence": "A much larger study was undertaken more recently."
  },
  {
    "sec_id": "sec0010",
    "sentence": "[bib0130] compared detailed topic-level structures of up to 45 million documents created using direct citation (including the model from Section [sec0040]), bibliographic coupling, and co-citation methods.",
    "intent": "background"
  },
  {
    "sec_id": "sec0010",
    "sentence": "In this case, the lists of references in articles with at least 100 references were used as the gold standard under the assumption that researchers are authorities who understand and portray the topical structure of science in their papers."
  },
  {
    "sec_id": "sec0010",
    "sentence": "Clearly, this basis of comparison is not independent from the methods being measured because all of the methods were citation-based, and the concentration of citations is used as the basis of comparison."
  },
  {
    "sec_id": "sec0010",
    "sentence": "However, this method did have one strong advantage over other methods."
  },
  {
    "sec_id": "sec0010",
    "sentence": "It included the references to non-source items as part of the measurement, thus overcoming the effect of missing documents."
  },
  {
    "sec_id": "sec0010",
    "sentence": "45% of the references in documents indexed in Scopus from 1996 to 2014 are to non-source items."
  },
  {
    "sec_id": "sec0010",
    "sentence": "By including these references in the basis of comparison, we nearly doubled the signal with which to compare relative accuracies."
  },
  {
    "sec_id": "sec0010",
    "sentence": "In this study, topics identified using extended direct citation (which includes cited non-source items) were found to be slightly more accurate than those identified using bibliographic coupling, and much more accurate than those identified using co-citation."
  },
  {
    "sec_id": "sec0010",
    "sentence": "Finally, [bib0250] recently introduced a principled approach to comparing methods, and used a text-based similarity to compare results from several citation-based approaches.",
    "intent": "background"
  },
  {
    "sec_id": "sec0010",
    "sentence": "Principled in this case means that the basis of comparison was independent from the approaches being compared."
  },
  {
    "sec_id": "sec0010",
    "sentence": "Using a set of nearly 273,000 documents in physics, they found that extended direct citation (which includes non-source documents in the clustering), bibliographic coupling, and a method combining direct citation, co-citation and bibliographic coupling all performed equally well."
  },
  {
    "sec_id": "sec0010",
    "sentence": "Each of these methods was found to be much more accurate than co-citation."
  },
  {
    "sec_id": "sec0010",
    "sentence": "Despite the work done to establish the accuracy of topics, we acknowledge that the idea of accuracy in clustering is still not completely understood."
  },
  {
    "sec_id": "sec0010",
    "sentence": "It is likely that new methods for identifying topics and for measuring accuracy will be developed in the future that are better than those in use today."
  },
  {
    "sec_id": "sec0010",
    "sentence": "Moreover, is also true that each methodology entrains certain tendencies that may bias accuracy measurements."
  },
  {
    "sec_id": "sec0010",
    "sentence": "In the interest of openness, we list here some experience-based assumptions and tendencies associated with our methodology."
  },
  {
    "sec_id": "sec0010",
    "sentence": "We assume that citation signals are less ambiguous than textual signals."
  },
  {
    "sec_id": "sec0010",
    "sentence": "We assume that interdisciplinary topics cannot be adequately represented using small datasets."
  },
  {
    "sec_id": "sec0010",
    "sentence": "Related to the use of direct citation, topics are more associated with historical development than with semantic cohesion."
  },
  {
    "sec_id": "sec0010",
    "sentence": "Topics tend to have sizes that are reflective of the relative citation densities of their dominant fields."
  },
  {
    "sec_id": "sec0010",
    "sentence": "We do not know all of the ramifications of our design choices."
  },
  {
    "sec_id": "sec0010",
    "sentence": "We do know, however, that users resonate with topics and feel they are useful, which is a very positive, though entirely qualitative, way to describe the robustness of the methodology."
  },
  {
    "sec_id": "sec0010",
    "sentence": "Overall, the evaluation of topic accuracy is still an open issue."
  },
  {
    "sec_id": "sec0010",
    "sentence": "We currently advocate using review papers as a basis of comparison in that we consider them to be expert judgments."
  },
  {
    "sec_id": "sec0010",
    "sentence": "There are two recent studies using different bases of comparison that both show that extended direct citation is at least as accurate as any other citation-based approach for identifying topics."
  },
  {
    "sec_id": "sec0010",
    "sentence": "Another benefit of using extended direct citation is that it is relatively simple and efficient because second-order links do not need to be calculated."
  },
  {
    "sec_id": "sec0010",
    "sentence": "Calculation of second-order links (i.e., bibliographic coupling or co-citation links) becomes prohibitively expensive for very large databases due to computational speed and memory limitations."
  },
  {
    "sec_id": "sec0010",
    "sentence": "Topic stability is another issue that needs to be considered."
  },
  {
    "sec_id": "sec0010",
    "sentence": "It has been our experience that stakeholders require topics that are relatively stable over time to monitor their portfolios year over year in a way that meets their needs."
  },
  {
    "sec_id": "sec0010",
    "sentence": "Planning and evaluation are far more difficult if topics are unstable."
  },
  {
    "sec_id": "sec0010",
    "sentence": "Users want to see trends, which are only observable if one has a stable set of topics."
  },
  {
    "sec_id": "sec0010",
    "sentence": "This does not mean that new topics cannot be born."
  },
  {
    "sec_id": "sec0010",
    "sentence": "Rather, it means that topics should not re-align themselves with the influx of publications from the most recent year."
  },
  {
    "sec_id": "sec0010",
    "sentence": "As such, a topic classification system that is highly stable is desirable."
  },
  {
    "sec_id": "sec0010",
    "sentence": "Topic identification based on linking annual models using overlaps in clusters produces results that suggest science is unstable."
  },
  {
    "sec_id": "sec0010",
    "sentence": "Transience in year-to-year distributions was shown early on by [bib0180], who found that typically less than half of the authors publishing a paper one year also published one the next year.",
    "intent": "background"
  },
  {
    "sec_id": "sec0010",
    "sentence": "[bib0215] found the same thing for cited references.",
    "intent": "background"
  },
  {
    "sec_id": "sec0010",
    "sentence": "Only half of articles cited above a particular threshold were cited at that same level the next year."
  },
  {
    "sec_id": "sec0010",
    "sentence": "In linking topics from annual co-citation models, [bib0015] found that about 44% of research fronts do not continue (i.e., they die) in the next time period.",
    "intent": "background"
  },
  {
    "sec_id": "sec0010",
    "sentence": "If linking thresholds were set higher, no threads formed."
  },
  {
    "sec_id": "sec0010",
    "sentence": "If thresholds set were lower, topics very quickly coalesced into a giant component."
  },
  {
    "sec_id": "sec0010",
    "sentence": "[bib0220] observed similar behavior when linking individual documents into co-citation clusters.",
    "intent": "background"
  },
  {
    "sec_id": "sec0010",
    "sentence": "In contrast to co-citation clusters, topics identified using direct citation and time windows of at least 10 years, while they have a great deal of dynamic variation, are also very stable in that most topics last for many years with relatively low birth and death rates ([bib0210]).",
    "intent": "differences"
  },
  {
    "sec_id": "sec0010",
    "sentence": "Most research grants last several years at a minimum, with a single investigator working on the grant topic continually over that time period."
  },
  {
    "sec_id": "sec0010",
    "sentence": "This suggests that topics should persist for at least that long."
  },
  {
    "sec_id": "sec0010",
    "sentence": "The combination of stability and dynamics associated with direct citation clusters suggest that they are appropriate for the purposes of portfolio analysis."
  },
  {
    "sec_id": "sec0010",
    "sentence": "The two characteristics that are commonly used in (commercial) portfolio analysis are market share and market growth."
  },
  {
    "sec_id": "sec0010",
    "sentence": "Relative publication share can be used to characterize market share."
  },
  {
    "sec_id": "sec0010",
    "sentence": "The following discussion focuses on the more difficult issue of how to determine if a topic is pre-emergent, growing or mature."
  },
  {
    "sec_id": "sec0010",
    "sentence": "Two indicators that have been applied at the topic level to indicate emergence or newness are emergence potential ([bib0210]) and mean topic year ([bib0045]).",
    "intent": "background"
  },
  {
    "sec_id": "sec0010",
    "sentence": "These two indicators both seem to work reasonably well to identify emerging topics, but they are both retrospective with a time lag of a couple of years."
  },
  {
    "sec_id": "sec0010",
    "sentence": "An indicator that can predict if a topic will grow or decline in the future would be very useful for planning and portfolio analysis."
  },
  {
    "sec_id": "sec0010",
    "sentence": "We detail the development of such an indicator later on, and suggest that any such indicator, if valid, should be able to predict the future allocation of grant funds."
  },
  {
    "sec_id": "sec0010",
    "sentence": "We also note that measures of societal importance would be extremely important to portfolio analysis."
  },
  {
    "sec_id": "sec0010",
    "sentence": "Although this paper does not focus on this type of metric, we feel development of such metrics is crucial to future advances."
  },
  {
    "sec_id": "sec0040",
    "sentence": "In this section, we describe the SciTech Strategies (STS) model of science along with the method by which it was created."
  },
  {
    "sec_id": "sec0040",
    "sentence": "This model is the \u201cDC5\u201d model whose topics were recently shown to be very consistent with the referencing patterns of experts ([bib0130]) and is consistent with design choices presented in the background section.",
    "intent": "uses"
  },
  {
    "sec_id": "sec0040",
    "sentence": "For instance, we choose to use a complete citation database, and to partition the set of documents into around 100,000 topics."
  },
  {
    "sec_id": "sec0040",
    "sentence": "We choose to do this using an extended direct citation method that includes non-source items to increase the accuracy and stability of the topics."
  },
  {
    "sec_id": "sec0040",
    "sentence": "These choices are aimed at creating accurate topics at a granularity that is useful for stakeholders and their needs related to portfolio analysis and planning."
  },
  {
    "sec_id": "sec0040",
    "sentence": "We note that other choices could be made and justified for a different set of requirements."
  },
  {
    "sec_id": "sec0040",
    "sentence": "For instance, the Centre for Science and Technology Studies (CWTS) at Leiden University uses a similar approach, but chooses to create roughly 4000 categories ([bib0195]) for use in normalizing indicators for the Leiden Ranking.",
    "intent": "background"
  },
  {
    "sec_id": "sec0040",
    "sentence": "The original STS model of science consists of 48,398,815 documents (of all types) from Scopus."
  },
  {
    "sec_id": "sec0040",
    "sentence": "Of these, 24,615,844 documents are indexed source documents from Scopus 1996\u20132012, while the remaining 23,782,971 are non-source documents that were each cited at least twice by the set of source documents."
  },
  {
    "sec_id": "sec0040",
    "sentence": "Including non-source documents extends the coverage of the model to include important science not indexed by Scopus, including many books."
  },
  {
    "sec_id": "sec0040",
    "sentence": "In particular, the social sciences are heavily augmented when non-source documents are included ([bib0020]).",
    "intent": "background"
  },
  {
    "sec_id": "sec0040",
    "sentence": "The 48.4 million documents are connected by 582 million direct citation links, which were used to create the model."
  },
  {
    "sec_id": "sec0040",
    "sentence": "Clustering was done using the smart local moving (SLM) algorithm from CWTS ([bib0245]) that has recently been shown to be among the most accurate available ([bib0060]).",
    "intent": "uses"
  },
  {
    "sec_id": "sec0040",
    "sentence": "The similarity value (aij) between each pair of papers i and j was set to 1/k where k is the number of edges (both citing and cited) for paper j ([bib0240]).",
    "intent": "uses"
  },
  {
    "sec_id": "sec0040",
    "sentence": "Symmetry was not assumed; aij and aji are typically different since the numbers of edges for papers i and j are rarely the same."
  },
  {
    "sec_id": "sec0040",
    "sentence": "The SLM algorithm was run using the file of document-document similarities as input and a resolution of 3\u00a0\u00d7\u00a010\u22125."
  },
  {
    "sec_id": "sec0040",
    "sentence": "A cluster solution was obtained with 91,726 clusters above that each contained at least 50 articles."
  },
  {
    "sec_id": "sec0040",
    "sentence": "Each cluster represents a topic, and is comprised of the papers on that topic and the community of researchers working on that topic."
  },
  {
    "sec_id": "sec0040",
    "sentence": "134,066 (0.28%) of the documents ended up in clusters with fewer than 50 documents."
  },
  {
    "sec_id": "sec0040",
    "sentence": "These clusters are small and disconnected from the rest of the graph, and thus are not considered further."
  },
  {
    "sec_id": "sec0040",
    "sentence": "[fig0005] shows a map of the 91,726 topics created to provide a visual depiction of the structure of science."
  },
  {
    "sec_id": "sec0040",
    "sentence": "It was created using the following process: 1) similarity between pairs of topics was calculated from the titles and abstracts of the documents in each topic using the BM25 text similarity measure ([bib0225]), 2) the resulting similarity list was filtered to keep only the top-n (between 5 and 15) similarities per topic, and 3) a layout of the topics was generated using the DrL algorithm ([bib0155]), which gives each topic an x,y position based on the similarity graph.",
    "intent": "uses"
  },
  {
    "sec_id": "sec0040",
    "sentence": "One might wonder why an additional direct citation step is not used to create the visual map."
  },
  {
    "sec_id": "sec0040",
    "sentence": "This could certainly be done, but we have found that using text creates a more accurate and visually appealing map than using a citation-based measure for this step ([bib0015]).",
    "intent": "differences"
  },
  {
    "sec_id": "sec0040",
    "sentence": "Each of the 91,726 topics in the map has been designated as belonging primarily to one of twelve high-level fields, and is colored accordingly."
  },
  {
    "sec_id": "sec0040",
    "sentence": "These designations were made by assigning papers to fields using the UCSD journal-to-field assignments ([bib0005]).",
    "intent": "uses"
  },
  {
    "sec_id": "sec0040",
    "sentence": "At a high level, the field structure shown in [fig0005] is very similar to that of many other global science maps, including the consensus map of science ([bib0115]).",
    "intent": "similarities"
  },
  {
    "sec_id": "sec0040",
    "sentence": "Physics, chemistry and engineering are highly related, and are adjacent to each other."
  },
  {
    "sec_id": "sec0040",
    "sentence": "The medical areas (disease, medicine, health sciences, brain sciences) are also adjacent to each other."
  },
  {
    "sec_id": "sec0040",
    "sentence": "Biology is adjacent to chemistry and medicine, earth sciences is primarily adjacent to engineering, and social sciences are adjacent to health sciences, while computer science lies between physics (which includes mathematics) and the social sciences."
  },
  {
    "sec_id": "sec0040",
    "sentence": "This model has a number of features that attest to its robustness and that make it useful for a variety of applications."
  },
  {
    "sec_id": "sec0040",
    "sentence": "In terms of robustness, nearly 90% of the source documents in the map are found in the cluster to which they have the greatest number of links (combined citing and cited), and on average 58% of their links are to that dominant cluster."
  },
  {
    "sec_id": "sec0040",
    "sentence": "There is also a relatively high correlation between text and links in the model."
  },
  {
    "sec_id": "sec0040",
    "sentence": "Although created using direct citation, the topics are very well differentiated from each other textually."
  },
  {
    "sec_id": "sec0040",
    "sentence": "75% of documents with sufficient text can be accurately assigned to the cluster in which they reside using the BM25 similarity measure based on title and abstract."
  },
  {
    "sec_id": "sec0040",
    "sentence": "This high level of topic differentiation is extremely important because it allows us to accurately link new documents to individual topics."
  },
  {
    "sec_id": "sec0040",
    "sentence": "We take advantage of this in the following way."
  },
  {
    "sec_id": "sec0040",
    "sentence": "The original model only contained publications through 2012."
  },
  {
    "sec_id": "sec0040",
    "sentence": "In keeping with our need for stability, and to meet the needs of stakeholders to have an up-to-date model, we decided to add new data to the model rather than creating new models with each annual data update."
  },
  {
    "sec_id": "sec0040",
    "sentence": "To update the model, Scopus data from 2013 to 2015 were added to the existing topics using references and textual information."
  },
  {
    "sec_id": "sec0040",
    "sentence": "7,319,832 source documents and 2,539,272 additional non-source documents that were cited at least twice were assigned to topics using this information."
  },
  {
    "sec_id": "sec0040",
    "sentence": "The model through 2015 thus includes a total of 58,257,919 documents, of which 31,935,676 are source documents."
  },
  {
    "sec_id": "sec0040",
    "sentence": "For most documents, the topics corresponding to their references were identified, and each document was assigned to the topic containing the largest number of its references."
  },
  {
    "sec_id": "sec0040",
    "sentence": "There were a few documents with very few references, but with very long abstracts."
  },
  {
    "sec_id": "sec0040",
    "sentence": "These were assigned to the topic with which they had the largest BM25 text similarity."
  },
  {
    "sec_id": "sec0040",
    "sentence": "The same process can be used to accurately link other types of documents to the model as well, whether they be articles, patents, or grants."
  },
  {
    "sec_id": "sec0040",
    "sentence": "This will be described in more detail in Section [sec0050]."
  },
  {
    "sec_id": "sec0040",
    "sentence": "The model also exhibits size distributions that are consistent with what we would expect given other complex networks."
  },
  {
    "sec_id": "sec0040",
    "sentence": "[fig0010] shows distributions for topic sizes \u2013 numbers of documents and numbers of authors \u2013 for 2010 as a function of rank order."
  },
  {
    "sec_id": "sec0040",
    "sentence": "When fractionally assigning authors to topics, the largest topic in 2010 had about 3500 authors."
  },
  {
    "sec_id": "sec0040",
    "sentence": "9400 topics had 100 or more authors, while 33,800 topics had less than 10 authors."
  },
  {
    "sec_id": "sec0040",
    "sentence": "In terms of source documents, the largest topic had 940 papers."
  },
  {
    "sec_id": "sec0040",
    "sentence": "4000 topics had 100 or more documents, while 42,600 topics had fewer than 10 documents in 2010."
  },
  {
    "sec_id": "sec0040",
    "sentence": "Both curves are roughly linear on a log-log scale at the upper end of the distribution, and then tail off at the lower end."
  },
  {
    "sec_id": "sec0040",
    "sentence": "The fact that some topics are very large, and that others are very small, correlates with Derek de Solla [bib0185].",
    "intent": "background"
  },
  {
    "sec_id": "sec0040",
    "sentence": "Big science refers to major investments in infrastructure and the corresponding creation of research communities involving potentially hundreds of researchers."
  },
  {
    "sec_id": "sec0040",
    "sentence": "Big Science communities are especially common in biomedical research and high energy physics, and are occasionally found in other fields as well."
  },
  {
    "sec_id": "sec0040",
    "sentence": "Significant funding for infrastructure is a necessary pre-requisite for Big Science."
  },
  {
    "sec_id": "sec0040",
    "sentence": "Little Science can survive on the existing infrastructure and requires much less external funding."
  },
  {
    "sec_id": "sec0045",
    "sentence": "As mentioned above, we already have an indicator to rank topics by emergence potential."
  },
  {
    "sec_id": "sec0045",
    "sentence": "It is also simple to count articles, authors, citations, etc., and to rank topics by those quantities."
  },
  {
    "sec_id": "sec0045",
    "sentence": "However, these measures simply reflect size and age."
  },
  {
    "sec_id": "sec0045",
    "sentence": "We have been seeking an indicator that would reflect the visibility and/or momentum of topics, and that has the potential to predict whether a topic will grow or decline in the near future, regardless of whether the topic is considered to be emergent or not."
  },
  {
    "sec_id": "sec0045",
    "sentence": "This type of indicator could be very useful for stakeholders in their portfolio analysis and planning efforts."
  },
  {
    "sec_id": "sec0045",
    "sentence": "Naming of an indicator is also important because a name can carry unintentional negative connotations."
  },
  {
    "sec_id": "sec0045",
    "sentence": "For instance, if we label some topics as \u2018hot\u2019, then we automatically label others as \u2018cold\u2019, and thus suggest they are unimportant and to be avoided."
  },
  {
    "sec_id": "sec0045",
    "sentence": "We have chosen to call our new indicator prominence, following [bib0090], who found that prominent chemicals were well researched, but that there were high priority chemicals (i.e., important from an environmental standpoint) that were not well researched.",
    "intent": "uses"
  },
  {
    "sec_id": "sec0045",
    "sentence": "In our context, prominence simply tells us that a topic is visible, and that it has momentum."
  },
  {
    "sec_id": "sec0045",
    "sentence": "It tells us whether the broader community of researchers is paying attention to the topic."
  },
  {
    "sec_id": "sec0045",
    "sentence": "One key feature of prominence, however, is that it cannot be unilaterally equated with importance, innovativeness, newness, or hotness."
  },
  {
    "sec_id": "sec0045",
    "sentence": "As with the chemicals in Grandjean et al., a topic can be less prominent but still very important."
  },
  {
    "sec_id": "sec0045",
    "sentence": "Importance varies with context, is likely based on stakeholder and societal needs, and is something that we have not yet figured out how to measure."
  },
  {
    "sec_id": "sec0045",
    "sentence": "In seeking an indicator of prominence, the following variables were considered and were calculated by topic and year n:\u2022Citation counts to articles published in years n and n-1,\u2022Scopus Views counts to articles published in years n and n-1,\u2022Average CiteScore (Elsevier\u2019s new journal-level metric),\u2022Average number of authors per article,\u2022Vitality \u2013 formerly referred to as thought leadership ([bib0110]) \u2013 essentially a measure of mean reference age,",
    "intent": "uses"
  },
  {
    "sec_id": "sec0045",
    "sentence": "Citation counts to articles published in years n and n-1,"
  },
  {
    "sec_id": "sec0045",
    "sentence": "Scopus Views counts to articles published in years n and n-1,"
  },
  {
    "sec_id": "sec0045",
    "sentence": "Average CiteScore (Elsevier\u2019s new journal-level metric),"
  },
  {
    "sec_id": "sec0045",
    "sentence": "Average number of authors per article,"
  },
  {
    "sec_id": "sec0045",
    "sentence": "Vitality \u2013 formerly referred to as thought leadership ([bib0110]) \u2013 essentially a measure of mean reference age,",
    "intent": "background"
  },
  {
    "sec_id": "sec0045",
    "sentence": "We also considered including patent reference counts to articles and the fraction of articles authored by industry researchers."
  },
  {
    "sec_id": "sec0045",
    "sentence": "However, we ultimately decided against including features related to economic motives in the indicator."
  },
  {
    "sec_id": "sec0045",
    "sentence": "Inclusion of citation counts is an obvious choice, as mentioned above."
  },
  {
    "sec_id": "sec0045",
    "sentence": "However, we were also able to consider usage statistics."
  },
  {
    "sec_id": "sec0045",
    "sentence": "Elsevier kindly provided us with usage counts by article and month for documents indexed in Scopus, where a usage event was either a click to view an abstract or a click-through to the publisher website to view a full-text copy of the document."
  },
  {
    "sec_id": "sec0045",
    "sentence": "Much is known about usage data and how they differ by field ([bib0080], [bib0140], [bib0165]).",
    "intent": "background"
  },
  {
    "sec_id": "sec0045",
    "sentence": "However, metrics based on these data have not yet become widespread."
  },
  {
    "sec_id": "sec0045",
    "sentence": "Two-year windows were used for the citation and usage counts to focus on recency."
  },
  {
    "sec_id": "sec0045",
    "sentence": "Limiting these counts to recently published papers provides a more current depiction of momentum than if a longer time window were used."
  },
  {
    "sec_id": "sec0045",
    "sentence": "We also felt that a journal-level indicator should be considered because it has the potential to capture the social or popular view of science more than would citation counts."
  },
  {
    "sec_id": "sec0045",
    "sentence": "We originally worked with three journal metrics \u2013 journal impact factor, SNIP, and CiteScore."
  },
  {
    "sec_id": "sec0045",
    "sentence": "Upon finding that the three were correlated at the topic level at 0.98 or above, we ultimately chose to use Elsevier\u2019s CiteScore metric to maintain consistency with the fact that we use Elsevier\u2019s Scopus data."
  },
  {
    "sec_id": "sec0045",
    "sentence": "Number of authors was also considered because it has been shown to correlate with impact ([bib0145]), and vitality, which is inversely related to mean reference age, was also considered because it favors topics that are quickly building on recent work.",
    "intent": "background"
  },
  {
    "sec_id": "sec0045",
    "sentence": "The first four of these candidate variables were log-transformed [log(n\u00a0+\u00a01)] before use because of their extreme skewness."
  },
  {
    "sec_id": "sec0045",
    "sentence": "The final variable (i.e., vitality) ranges from zero to one, was not highly skewed, and thus was not transformed."
  },
  {
    "sec_id": "sec0045",
    "sentence": "[tbl0005] shows the correlation between these five variables."
  },
  {
    "sec_id": "sec0045",
    "sentence": "Correlations vary, but in general are reasonably high."
  },
  {
    "sec_id": "sec0045",
    "sentence": "In particular, L:Views is highly correlated with L:Citations, which is consistent with prior studies ([bib0080], [bib0165]).",
    "intent": "similarities"
  },
  {
    "sec_id": "sec0045",
    "sentence": "Journal impact (L:CiteScore) is also strongly correlated with L:Citations, but not to the same extent as L:Views."
  },
  {
    "sec_id": "sec0045",
    "sentence": "Vitality is the variable that is least correlated with the others."
  },
  {
    "sec_id": "sec0045",
    "sentence": "Table 1."
  },
  {
    "sec_id": "sec0045",
    "sentence": "Correlation matrix for candidate variables."
  },
  {
    "sec_id": "sec0045",
    "sentence": "\u201cL:\u201d denotes log transform."
  },
  {
    "sec_id": "sec0045",
    "sentence": "Although these variables are relatively strongly correlated, that does not automatically mean that they should not all participate in a composite indicator."
  },
  {
    "sec_id": "sec0045",
    "sentence": "We thus proceeded with a factor analysis using these five variables to decide which should be included in the composite indicator, the results of which are shown in [tbl0010]."
  },
  {
    "sec_id": "sec0045",
    "sentence": "The eigenvalue of the primary factor is 2.33, which is quite high when one is dealing with only five variables."
  },
  {
    "sec_id": "sec0045",
    "sentence": "In addition, the factor loadings suggest that the last two variables (authors per paper and vitality) might best be considered independent variables."
  },
  {
    "sec_id": "sec0045",
    "sentence": "Given these results, we decided to use only three variables \u2013 citations, views and CiteScore \u2013 in a composite indicator of topic prominence."
  },
  {
    "sec_id": "sec0045",
    "sentence": "Table 2."
  },
  {
    "sec_id": "sec0045",
    "sentence": "Factor loadings and scoring coefficients used to calculate topic prominence."
  },
  {
    "sec_id": "sec0045",
    "sentence": "Additional factor analyses were done using only these three variables on data for each of five consecutive years (2008\u20132012)."
  },
  {
    "sec_id": "sec0045",
    "sentence": "The resulting factor scores were very similar from year to year, suggesting that relative contributions of the variables are stable and that the indicator can be calculated annually using a single formula."
  },
  {
    "sec_id": "sec0045",
    "sentence": "Average normalized factor scores from the three-variable factor analyses are shown in [tbl0010], and represent the relative weighting of each variable."
  },
  {
    "sec_id": "sec0045",
    "sentence": "Citations is the most influential variable and views is almost as important, which suggests that views complements (rather than supplements) the signal from citations."
  },
  {
    "sec_id": "sec0045",
    "sentence": "Views counts are important and deserving of more study."
  },
  {
    "sec_id": "sec0045",
    "sentence": "In equation form, prominence is calculated for each topic j in year n as:Pj\u00a0=\u00a00.495 (Cj\u00a0\u2212\u00a0mean(Cj))/stdev(Cj)\u00a0+\u00a00.391 (Vj\u00a0\u2212\u00a0mean(Vj))/stdev(Vj)\u00a0+\u00a0(CSj\u00a0\u2212\u00a0mean(CSj))/stdev(CSj),where cj is citation counts to articles in cluster j published in years n and n-1, vj is the Scopus views counts to articles in cluster j published in years n and n-1, and csj is the average CiteScore for articles in cluster j published in year n."
  },
  {
    "sec_id": "sec0045",
    "sentence": "These raw values are log-transformed into the values used in the formula as Cj\u00a0=\u00a0ln(cj\u00a0+\u00a01),\u00a0Vj\u00a0=\u00a0ln(vj\u00a0+\u00a01), and CSj\u00a0=\u00a0ln(csj\u00a0+\u00a01)."
  },
  {
    "sec_id": "sec0045",
    "sentence": "Prominence, as defined here, is a linear combination of citations, views and journal impact for a given topic, where each of these factors is normalized by the topic standard deviation."
  },
  {
    "sec_id": "sec0050",
    "sentence": "The final step in this development effort was to establish the usefulness of the prominence indicator for the purpose of portfolio analysis."
  },
  {
    "sec_id": "sec0050",
    "sentence": "This requires a prediction model \u2013 creating an indicator of topic prominence in one time period and correlating that indicator with funding allocations in a following time period."
  },
  {
    "sec_id": "sec0050",
    "sentence": "This effort required two steps."
  },
  {
    "sec_id": "sec0050",
    "sentence": "First, project-level data were assigned to topics in the model."
  },
  {
    "sec_id": "sec0050",
    "sentence": "Once this was done, future funding by topic was correlated with historical prominence values."
  },
  {
    "sec_id": "sec0050",
    "sentence": "Additional analyses of the data show that funding per author is strongly related to prominence."
  },
  {
    "sec_id": "sec0050",
    "sentence": "Specific examples are provided to illustrate the strengths and weaknesses of the proposed indicator of topic prominence."
  },
  {
    "sec_id": "sec0050",
    "sentence": "Although funding data are certainly aggregated and reported by high-level field by several institutions (e.g., OECD, U.S. National Science Board), to the best of our knowledge, project-level funding data have rarely, if ever, been analyzed."
  },
  {
    "sec_id": "sec0050",
    "sentence": "In fact, relatively little project-level funding data are even publicly available."
  },
  {
    "sec_id": "sec0050",
    "sentence": "Aggregated funding data are not suitable for a topic-level analysis."
  },
  {
    "sec_id": "sec0050",
    "sentence": "Project-level funding data are required."
  },
  {
    "sec_id": "sec0050",
    "sentence": "Fortunately, there is one large repository of project-level funding data that is publicly available."
  },
  {
    "sec_id": "sec0050",
    "sentence": "STAR METRICS\u00ae is a collaborative effort among many U.S. government agencies to make data and tools publicly available to help assess research impact."
  },
  {
    "sec_id": "sec0050",
    "sentence": "For the 2008\u20132014 time period, it contains project level data (including title, abstract, investigator, funding amount, etc.) for over 364,000 unique grants accounting for $258 billion in funding, or roughly 24% of the U.S. federal R&D budget over that time period."
  },
  {
    "sec_id": "sec0050",
    "sentence": "Multi-year grants from the National Institutes of Health (NIH) are listed with separate amounts for each fiscal year, while grants from the National Science Foundation are only listed in the year of their inception with the total grant amount."
  },
  {
    "sec_id": "sec0050",
    "sentence": "Notably missing are project-level data from the Departments of Defense and Energy, which have more than double the R&D funding of the agencies represented in STAR METRICS\u00ae."
  },
  {
    "sec_id": "sec0050",
    "sentence": "We assigned 314,000 of these grants to topics in the STS model using text from their titles and abstracts."
  },
  {
    "sec_id": "sec0050",
    "sentence": "As mentioned above, we used the BM25 textual similarity measure to calculate topic-topic similarities that were used to create the map of [fig0005]."
  },
  {
    "sec_id": "sec0050",
    "sentence": "We thus already had BM25 word profiles and weights for each topic, and thus calculated BM25 values for each article-topic combination using all articles (around 3.5 million) from two years, 2010 and 2012."
  },
  {
    "sec_id": "sec0050",
    "sentence": "Results of this experiment are shown in [fig0015]."
  },
  {
    "sec_id": "sec0050",
    "sentence": "We found that articles with very high BM25 values were accurately reassigned to their correct topics with over 90% accuracy."
  },
  {
    "sec_id": "sec0050",
    "sentence": "Accuracy decreases with decreasing BM25 values."
  },
  {
    "sec_id": "sec0050",
    "sentence": "For articles with BM25\u00a0<\u00a040, accuracy drops off very quickly."
  },
  {
    "sec_id": "sec0050",
    "sentence": "Overall, nearly 70% of the articles had a BM25\u00a0\u2265\u00a040, and of these, 75% were accurately reassigned to their correct topic."
  },
  {
    "sec_id": "sec0050",
    "sentence": "Given the natural ambiguities in text, we feel that this level of accuracy is quite acceptable for assigning articles to topics using text in the absence of citation information."
  },
  {
    "sec_id": "sec0050",
    "sentence": "Along the same lines, we reasoned that assignment of grants to topics should be similarly accurate because grant titles and abstracts are similar to those of scientific articles in both structure and content."
  },
  {
    "sec_id": "sec0050",
    "sentence": "BM25 similarity values were calculated for each grant-topic combination using the grant title and abstract and the stored topic word profiles."
  },
  {
    "sec_id": "sec0050",
    "sentence": "In accordance with our findings for articles, only those grants with BM25\u00a0\u2265\u00a040 were kept for analysis."
  },
  {
    "sec_id": "sec0050",
    "sentence": "[tbl0015] shows the distribution of grants and funding amounts across agencies and years that were used in the analysis."
  },
  {
    "sec_id": "sec0050",
    "sentence": "We note that the funding is dominated by NIH, with NSF a distant second."
  },
  {
    "sec_id": "sec0050",
    "sentence": "We also note that relatively little (7.2%) of the funding for the Centers for Disease Control and Prevention (CDC) was analyzed because the STAR METRICS\u00ae data contain very little text for most CDC grants."
  },
  {
    "sec_id": "sec0050",
    "sentence": "Thus, clinical trials are relatively underrepresented."
  },
  {
    "sec_id": "sec0050",
    "sentence": "It is interesting to note that the funding amounts were much higher for 2009 and 2010 than for the surrounding years, which had relatively constant funding."
  },
  {
    "sec_id": "sec0050",
    "sentence": "This reflects the additional (one-time) investment made in U.S. research and development through the American Recovery and Reinvestment Act of 2009 (ARRA), otherwise known as the economic stimulus package."
  },
  {
    "sec_id": "sec0050",
    "sentence": "Table 3."
  },
  {
    "sec_id": "sec0050",
    "sentence": "U.S. funding by agency and year that were assigned to topics."
  },
  {
    "sec_id": "sec0050",
    "sentence": "Data."
  },
  {
    "sec_id": "sec0050",
    "sentence": "Source: STAR METRICS\u00ae."
  },
  {
    "sec_id": "sec0050",
    "sentence": "Percent denotes the fraction of funding with sufficient text to be analyzed."
  },
  {
    "sec_id": "sec0050",
    "sentence": "Agency results are over all years, and annual results are over all agencies."
  },
  {
    "sec_id": "sec0050",
    "sentence": "A significant fraction of the funding (particularly for NIH) is tied to large center grants where one can expect the funding to be spread over multiple related topics."
  },
  {
    "sec_id": "sec0050",
    "sentence": "Thus, rather than assigning each grant to a single topic, we fractionally assigned the funding for each grant to its top five topic matches, with fractions based on relative BM25 values."
  },
  {
    "sec_id": "sec0050",
    "sentence": "We realize this is a somewhat arbitrary choice, but feel it reflects reality better than assigning very large amounts of money to single topics for grants that are obviously multi-topic."
  },
  {
    "sec_id": "sec0050",
    "sentence": "One other constraint was placed on the grant-topic assignments."
  },
  {
    "sec_id": "sec0050",
    "sentence": "Since these grants are all made by U.S. agencies, very little of the funding is likely to end up in topics where there are no U.S. researchers."
  },
  {
    "sec_id": "sec0050",
    "sentence": "Thus, topic choices were restricted to those topics with U.S. researchers in the particular year considered."
  },
  {
    "sec_id": "sec0050",
    "sentence": "Once these grant-topic assignments were made, funding was summed by topic and year, and these topic-level data were used in the next step of the analysis."
  },
  {
    "sec_id": "sec0050",
    "sentence": "We note that there are limitations associated with use of these funding data."
  },
  {
    "sec_id": "sec0050",
    "sentence": "For instance, these funding data are biased \u2013 they represent only one country, and are primarily health-related, ignoring large amounts of funding in defense, energy and intelligence, most of which would go to the natural sciences and engineering."
  },
  {
    "sec_id": "sec0050",
    "sentence": "We also know that text-based grant-topic assignments will have many false-positives and false negatives \u2013 the rate of inaccurate assignments is at least 25% \u2013 and that the inaccurate assignments may themselves have field-level biases."
  },
  {
    "sec_id": "sec0050",
    "sentence": "Nevertheless, we demonstrate below that significant insights can be gained from analysis of these data."
  },
  {
    "sec_id": "sec0050",
    "sentence": "Now that we have funding amounts by topic, we can proceed to investigate the correlation between funding and prominence."
  },
  {
    "sec_id": "sec0050",
    "sentence": "The structure of this analysis is straightforward."
  },
  {
    "sec_id": "sec0050",
    "sentence": "The grant data are split into two time periods (2008\u20132010 vs."
  },
  {
    "sec_id": "sec0050",
    "sentence": "2011\u20132013) to reduce the effect of year-to-year variations."
  },
  {
    "sec_id": "sec0050",
    "sentence": "Funding amounts were represented in millions of U.S. dollars, and were log transformed [log(n\u00a0+\u00a00.001)] due to their skewness."
  },
  {
    "sec_id": "sec0050",
    "sentence": "Topic funding in 2011\u20132013 was considered the dependent variable, while earlier funding (2008\u20132010), topic prominence in 2010, vitality, and L:Authors were the independent variables."
  },
  {
    "sec_id": "sec0050",
    "sentence": "Correlations between these variables are shown in [tbl0020]."
  },
  {
    "sec_id": "sec0050",
    "sentence": "Table 4."
  },
  {
    "sec_id": "sec0050",
    "sentence": "Correlation matrix for variables considered in the funding prediction analysis."
  },
  {
    "sec_id": "sec0050",
    "sentence": "Not surprisingly, the best predictor of topic funding is historical funding (R2\u00a0=\u00a00.701) \u2013 funds that were allocated to a topic in the previous time period are a good predictor because many grants span both time periods."
  },
  {
    "sec_id": "sec0050",
    "sentence": "The two variables that were excluded from prominence (vitality and author number) have low correlations."
  },
  {
    "sec_id": "sec0050",
    "sentence": "We checked this in a regression equation and found that these two independent variables do not contribute to predicting future funding."
  },
  {
    "sec_id": "sec0050",
    "sentence": "In contrast, a single-variable prediction model with future funding as a function of historical prominence has an R2\u00a0=\u00a00.367."
  },
  {
    "sec_id": "sec0050",
    "sentence": "while a two-variable prediction model where historical funding is included increases the R2 to 0.713."
  },
  {
    "sec_id": "sec0050",
    "sentence": "While it is obvious from these data that past funding is the best predictor for future funding."
  },
  {
    "sec_id": "sec0050",
    "sentence": "this is not very helpful because most worldwide project-level (and thus topic-level) funding data are not available."
  },
  {
    "sec_id": "sec0050",
    "sentence": "A proxy for funding data is needed, and our results suggest that prominence may be a suitable proxy for funding."
  },
  {
    "sec_id": "sec0050",
    "sentence": "We are aware, however, that the correlation between funding and prominence may be an effect of topic size."
  },
  {
    "sec_id": "sec0050",
    "sentence": "If funding per author is constant with respect to prominence, prominent topics, typically being larger, will receive more money than smaller topics simply because of their size."
  },
  {
    "sec_id": "sec0050",
    "sentence": "To check for this possibility, we looked at the funding per author as a function of prominence."
  },
  {
    "sec_id": "sec0050",
    "sentence": "We estimated funding per author for each topic by dividing funding by the number of U.S. authors, assuming that the grants reported in STAR METRICS\u00ae were being allocated to U.S. authors."
  },
  {
    "sec_id": "sec0050",
    "sentence": "Topics were ordered from low to high prominence and then binned so that each bin would have around 25,000 authors."
  },
  {
    "sec_id": "sec0050",
    "sentence": "This process generated 31 bins of topics (from the 775,000\u00a0U.S. authors) ranked from low to high prominence."
  },
  {
    "sec_id": "sec0050",
    "sentence": "Binning topics and summing grants for each bin allowed us to reduce the inherent noise in the data."
  },
  {
    "sec_id": "sec0050",
    "sentence": "The results of these analyses are shown in [fig0020]."
  },
  {
    "sec_id": "sec0050",
    "sentence": "Starting at the lower left, it is clear that topics with exceptionally low prominence have few U.S. authors as well as very little funding per author."
  },
  {
    "sec_id": "sec0050",
    "sentence": "The first bin of 25,000 authors is comprised of the 21,841 topics with the lowest prominence."
  },
  {
    "sec_id": "sec0050",
    "sentence": "With the average proposal requiring around 200\u00a0h (worth around $20,000) of investigator time to write ([bib0095]; [bib0230]), it seems unlikely that a researcher would want to submit a proposal on a topic in this lowest bin, knowing the rate of return is likely to be so low.",
    "intent": "background"
  },
  {
    "sec_id": "sec0050",
    "sentence": "The data support this reasonable assumption in that only 3.7% of the topics in this low prominence bin received funding."
  },
  {
    "sec_id": "sec0050",
    "sentence": "At the other extreme is the last bin of 25,000 authors."
  },
  {
    "sec_id": "sec0050",
    "sentence": "This bin is comprised of the 136 topics with the highest prominence, of which only three topics did not receive funding."
  },
  {
    "sec_id": "sec0050",
    "sentence": "These topics had an average of 184\u00a0U.S. authors each, who received an average of $91,870 per person (annually 2011\u20132013) from the funding sources in these data."
  },
  {
    "sec_id": "sec0050",
    "sentence": "Clearly, prominent topics should be highly attractive to the individual researcher from a fiscal perspective."
  },
  {
    "sec_id": "sec0050",
    "sentence": "It is important to note that this analysis underestimates the actual amount of funding per researcher because only 24% of the U.S. federal R&D budget is considered."
  },
  {
    "sec_id": "sec0050",
    "sentence": "Despite limitations in the data and analysis, it seems clear that individual researchers in highly prominent topics receive far more grant funding than those working in topics that are not prominent."
  },
  {
    "sec_id": "sec0050",
    "sentence": "Until now there has been no indicator that might alert a researcher about potential funding levels by topic."
  },
  {
    "sec_id": "sec0050",
    "sentence": "Although prominence is correlated with funding on the whole, there are topics where there seems to be a mismatch between prominence and STAR METRICS\u00ae funding."
  },
  {
    "sec_id": "sec0050",
    "sentence": "In this section, we characterize a number of topics to give a practical feel regarding prominence, and to provide evidence of the strengths and weaknesses of the methodology."
  },
  {
    "sec_id": "sec0050",
    "sentence": "[tbl0025] lists ten topics as examples in each of three categories: high prominence high funding (HH), high prominence no funding (HN), and low prominence high funding (LH)."
  },
  {
    "sec_id": "sec0050",
    "sentence": "The 10 HH topics need little explanation."
  },
  {
    "sec_id": "sec0050",
    "sentence": "These have recognizable descriptions, are primarily medical, have many U.S. authors, and have grown significantly from one time period to the next."
  },
  {
    "sec_id": "sec0050",
    "sentence": "Topic descriptions are based on characterizations we create for each topic such as the one shown in [fig0025] for the topic on amyloid function in Alzheimer\u2019s disease (#205)."
  },
  {
    "sec_id": "sec0050",
    "sentence": "Table 5."
  },
  {
    "sec_id": "sec0050",
    "sentence": "Characterization of topics with different prominence and funding levels."
  },
  {
    "sec_id": "sec0050",
    "sentence": "Prominence values are listed as percentiles (0\u2013100 scale)."
  },
  {
    "sec_id": "sec0050",
    "sentence": "The second set of topics \u2013 the HN topics \u2013 is more interesting."
  },
  {
    "sec_id": "sec0050",
    "sentence": "The lack of funding does not appear to be associated with assignment errors."
  },
  {
    "sec_id": "sec0050",
    "sentence": "Rather, these are all large topics (worldwide publication numbers) with few U.S. authors, and that in some cases reflect regional issues."
  },
  {
    "sec_id": "sec0050",
    "sentence": "Why isn\u2019t the U.S. involved in these research areas?"
  },
  {
    "sec_id": "sec0050",
    "sentence": "From this limited sample, it seems that these are research activities that are simply not priorities of the NIH or NSF."
  },
  {
    "sec_id": "sec0050",
    "sentence": "For instance, the first five HN topics are remediation efforts related to industries with high levels of pollution."
  },
  {
    "sec_id": "sec0050",
    "sentence": "One could argue that the lack of U.S. funding is due to the fact that Environmental Protection Agency (EPA) projects are not included in STAR METRICS\u00ae data."
  },
  {
    "sec_id": "sec0050",
    "sentence": "However, the lack of funding is reflected in the lack of U.S. authors participating in these very large research topics."
  },
  {
    "sec_id": "sec0050",
    "sentence": "If there had been 40 or 50\u00a0U.S. authors in any of these topics one could argue that this was due to limitations in the coverage of the funding data."
  },
  {
    "sec_id": "sec0050",
    "sentence": "With less than 8\u00a0U.S. authors per topic, the stronger argument is that these topics are not priorities in the U.S., and that its authors don\u2019t choose to work on them."
  },
  {
    "sec_id": "sec0050",
    "sentence": "A similar argument can be made for the sixth HN topic which is related to olive oil."
  },
  {
    "sec_id": "sec0050",
    "sentence": "The U.S. is not a major producer of olive oil and U.S. government agencies are correspondingly not funding this area."
  },
  {
    "sec_id": "sec0050",
    "sentence": "The final four HN topics are all related to materials or nanotechnology."
  },
  {
    "sec_id": "sec0050",
    "sentence": "These are large topics whose major contributors are universities in the Asia-Pacific region, with Chinese universities taking the top positions."
  },
  {
    "sec_id": "sec0050",
    "sentence": "While there are U.S. authors in these topics, it is very possible that funding for U.S. work in these topics comes from industry or defense sources."
  },
  {
    "sec_id": "sec0050",
    "sentence": "Other nations have, however, made research in these topics more of a national priority."
  },
  {
    "sec_id": "sec0050",
    "sentence": "In general, all ten HN outliers from [tbl0025] seem to be accurate representations of national research policies."
  },
  {
    "sec_id": "sec0050",
    "sentence": "The ten examples of LH topics tell a completely different story."
  },
  {
    "sec_id": "sec0050",
    "sentence": "These data suggest that small topics with low prominence that are characterized with ambiguous terms are inaccurately linked to grants."
  },
  {
    "sec_id": "sec0050",
    "sentence": "Specifically, the very small topics dealing with clinical trials and medical centers (#83249, #25667, #33105), education (#54378, #18741, #26483), and agricultural policy (#38569, #33702) are likely improperly linked to grants because of language ambiguity."
  },
  {
    "sec_id": "sec0050",
    "sentence": "For example, there are only six articles that were published in topic #83249 between 2008 and 2010."
  },
  {
    "sec_id": "sec0050",
    "sentence": "None of these articles was published by a US author."
  },
  {
    "sec_id": "sec0050",
    "sentence": "However, \u2018clinical trial\u2019 and \u2018regulatory compliance\u2019 are two of the phrases that were common to this very small set of documents."
  },
  {
    "sec_id": "sec0050",
    "sentence": "These phrases are also relatively common in grant documents, and have seemingly resulted in the assignment of $12 million dollars of U.S. grant money (2011\u20132013) to this topic."
  },
  {
    "sec_id": "sec0050",
    "sentence": "We also note that U.S. grant applications have for many years required the addressing of broader impacts, of which education is a primary constituent."
  },
  {
    "sec_id": "sec0050",
    "sentence": "Thus, it is not surprising that topics in education are being assigned more grant money using our methodology than perhaps is accurate."
  },
  {
    "sec_id": "sec0050",
    "sentence": "The LH set also includes small, low prominence topics that contain ambiguous phrases."
  },
  {
    "sec_id": "sec0050",
    "sentence": "Perhaps the best example is topic #54158, which is a very loose collection of documents about DMZ networks, protocols, and security."
  },
  {
    "sec_id": "sec0050",
    "sentence": "There are other, much more prominent and focused topics on networks and security."
  },
  {
    "sec_id": "sec0050",
    "sentence": "In summary, topics that have high prominence are typically large, and seem to be accurately linked to grants because there is more text to work with."
  },
  {
    "sec_id": "sec0050",
    "sentence": "The lack of funding of highly prominent topics in the HN set reflects a reasonable characterization of U.S. government research policy."
  },
  {
    "sec_id": "sec0050",
    "sentence": "There seem to be good reasons why the U.S. is not funding some highly prominent research."
  },
  {
    "sec_id": "sec0050",
    "sentence": "However, in the case of low prominence topics with much higher than expected levels of funding, we suspect that these reflect inaccurate linking of grants to topics due to textual ambiguity."
  },
  {
    "sec_id": "sec0050",
    "sentence": "In these cases, we suspect that the prominence metric is relatively accurate, and that the grant assignments are not."
  },
  {
    "sec_id": "sec0050",
    "sentence": "This needs more detailed exploration."
  },
  {
    "sec_id": "sec0050",
    "sentence": "Methods for properly analyzing and characterizing (apparently) low prominence topics are needed."
  },
  {
    "sec_id": "sec0070",
    "sentence": "In this article, we have addressed two gaps in the research planning system."
  },
  {
    "sec_id": "sec0070",
    "sentence": "The first is associated with the current supply of science, and the need for a detailed classification of science at the topic level to enable more targeted decision making by stakeholders in the science system."
  },
  {
    "sec_id": "sec0070",
    "sentence": "We have presented a method for partitioning a large citation database into topic-level structures, and have justified our choice of creating a model with approximately 100,000 topics."
  },
  {
    "sec_id": "sec0070",
    "sentence": "Our current model, consisting of 91,726 topics that contain over 58 million documents has been detailed, along with examples of how it can be used in practice."
  },
  {
    "sec_id": "sec0070",
    "sentence": "The second gap is associated with the future demand for science."
  },
  {
    "sec_id": "sec0070",
    "sentence": "We believe it is fair to say that bibliometrics has become overly focused on the issue of fair evaluation to the detriment of the practical need to plan for the future."
  },
  {
    "sec_id": "sec0070",
    "sentence": "We have presented a new indicator of topic prominence and have shown that this indicator may have predictive value."
  },
  {
    "sec_id": "sec0070",
    "sentence": "Prominence, by itself, explains over one-third of the variance in future funding by topic, and topics with high prominence receive far more funding per author than topics with low prominence."
  },
  {
    "sec_id": "sec0070",
    "sentence": "These results suggest that prominence is ultimately an indicator of demand for science as represented by where funders choose to allocate funds."
  },
  {
    "sec_id": "sec0070",
    "sentence": "We note that this does not necessarily represent the breadth of demand that is associated with societal goals."
  },
  {
    "sec_id": "sec0070",
    "sentence": "We also present examples of topics where prominence and funding are not well correlated, and provide reasonable explanations for the differences."
  },
  {
    "sec_id": "sec0070",
    "sentence": "There are a number of methodological strengths and limitations in this study."
  },
  {
    "sec_id": "sec0070",
    "sentence": "On the supply side, major strengths include the use of a comprehensive database (Scopus) that can be assumed to cover the majority of the research topic space, and our decades of experience in generating document clusters that correspond to research communities."
  },
  {
    "sec_id": "sec0070",
    "sentence": "A corresponding weakness is the lack of coverage in specific areas such as agriculture."
  },
  {
    "sec_id": "sec0070",
    "sentence": "Even when using one of the databases with the broadest coverage, there are topics that may be missed using our global approach."
  },
  {
    "sec_id": "sec0070",
    "sentence": "For cases such as this where detailed knowledge of the science supply is needed in an area where the coverage of WoS or Scopus is less than desirable, use of a specialized database (such as CABI) is an attractive alternative."
  },
  {
    "sec_id": "sec0070",
    "sentence": "Another approach would be to add the non-duplicative content from a specialized database into a global model using textual similarity, and to create new topics from those papers that cannot be strongly linked into the global model."
  },
  {
    "sec_id": "sec0070",
    "sentence": "On the demand side, the major strength is the procedure that assigns hundreds of thousands of grants to topics."
  },
  {
    "sec_id": "sec0070",
    "sentence": "We have assumed that the funding agencies made their decisions based on the individual merit of each proposal \u2013 that is they imposed local criteria about the value of this research for a variety of stakeholders."
  },
  {
    "sec_id": "sec0070",
    "sentence": "Therefore, the funding allocations across all topics represent an overall consensus of demand from the perspective of these funders."
  },
  {
    "sec_id": "sec0070",
    "sentence": "The fact that topic prominence can predict these future research allocations is very useful."
  },
  {
    "sec_id": "sec0070",
    "sentence": "Nevertheless, we must not lose sight of the fact that prominence represents overall demand and visibility, and does not necessarily reflect importance."
  },
  {
    "sec_id": "sec0070",
    "sentence": "Indeed, science may generate its own priorities rather than basing demand on social needs ([bib0065]).",
    "intent": "background"
  },
  {
    "sec_id": "sec0070",
    "sentence": "Much more must be done to understand the various dimensions of importance, especially to the public, and how they can be measured."
  },
  {
    "sec_id": "sec0070",
    "sentence": "Two of the methodological weaknesses in this study were the inaccurate assignment of some grants to topics, and the lack of comprehensiveness of the funding data."
  },
  {
    "sec_id": "sec0070",
    "sentence": "We showed that articles can be assigned to topics with 75% accuracy, and assumed that the same would hold for grants."
  },
  {
    "sec_id": "sec0070",
    "sentence": "However, we also showed examples where grants were improperly assigned to topics of low prominence because those topics were associated with common text (e.g., \u201cclinical trials\u201d) in a general way."
  },
  {
    "sec_id": "sec0070",
    "sentence": "These inaccurate assignments may be affecting the correlation between funding and prominence."
  },
  {
    "sec_id": "sec0070",
    "sentence": "However, at present we have no way of knowing if this effect would be positive or negative."
  },
  {
    "sec_id": "sec0070",
    "sentence": "The assignment of grants to topics needs to be improved, and further study in this area is needed."
  },
  {
    "sec_id": "sec0070",
    "sentence": "Regarding funding data, although the amount of data used was substantial, it is still only a fraction of all funding data, and is strongly biased to health-related funding in the U.S. Funding for topics associated with energy and defense are not included."
  },
  {
    "sec_id": "sec0070",
    "sentence": "Once again, this could affect the correlations between prominence and funding, and further data and study are needed to strengthen our conclusions."
  },
  {
    "sec_id": "sec0070",
    "sentence": "However, even though more data would clarify the situation further, we do not expect the addition of defense funding data to significantly change the results because most defense funded research does not end up in the open scholarly literature."
  },
  {
    "sec_id": "sec0070",
    "sentence": "One potential weakness in the results is that, while there is clear correlation between prominence and funding, it is much less clear that prominence affects period-to-period changes in funding levels."
  },
  {
    "sec_id": "sec0070",
    "sentence": "Historical trends dominate \u2013 the best predictor of future funding is past funding \u2013 and the increase in predictive value due to prominence (from R2\u00a0=\u00a00.701 to 0.713), while statistically significant, is marginal."
  },
  {
    "sec_id": "sec0070",
    "sentence": "Further work is needed to determine if prominence can predict changes in funding."
  },
  {
    "sec_id": "sec0070",
    "sentence": "Despite this weakness, the fact that funding per author increases significantly with an increase in topic prominence suggests that prominence is a useful indicator."
  },
  {
    "sec_id": "sec0070",
    "sentence": "There are also conceptual weaknesses."
  },
  {
    "sec_id": "sec0070",
    "sentence": "Most importantly, publication impact (in the many forms used to create the indicator of topic prominence) is not an essential ingredient for measuring the importance of research."
  },
  {
    "sec_id": "sec0070",
    "sentence": "Importance is relative to the strategic goals of different institutions and to societal values."
  },
  {
    "sec_id": "sec0070",
    "sentence": "For example, for an institution interested in curing cancer, importance and societal impact should be more about whether cancers are being cured that it is about cancer articles being highly cited or cancer researchers receiving an award."
  },
  {
    "sec_id": "sec0070",
    "sentence": "For the institution developing artificial intelligence technology, importance and impact should be about subsequent innovations and corresponding economic benefits, not whether an article is highly downloaded."
  },
  {
    "sec_id": "sec0070",
    "sentence": "For institutions doing research on challenges such as global warming or terrorism, true impact can only be measured in terms of benefits to society, and not by a journal impact score."
  },
  {
    "sec_id": "sec0070",
    "sentence": "Despite the challenges associated with quantifying impact, we feel the use of topics and prominence has potential benefits to stakeholders in the science system in terms of research planning."
  },
  {
    "sec_id": "sec0070",
    "sentence": "For the academic community involved with bibliometric analysis, we acknowledge the tremendous efforts aimed at research evaluation."
  },
  {
    "sec_id": "sec0070",
    "sentence": "We correspondingly point out that relatively little work has been devoted to the need for research planning."
  },
  {
    "sec_id": "sec0070",
    "sentence": "For practitioners, illustrating how bibliometric tools can predict where future funds are likely to be reallocated is extremely important for survival in a highly competitive funding environment."
  },
  {
    "sec_id": "sec0070",
    "sentence": "A detailed model of science coupled with an indicator that predicts funding can be used by funders as an independent measure of potential trends."
  },
  {
    "sec_id": "sec0070",
    "sentence": "It can be used by research administrators to identify research topics and researchers that are likely to be associated with prominent topic."
  },
  {
    "sec_id": "sec0070",
    "sentence": "This knowledge has the potential to raise the institutional profile over time."
  },
  {
    "sec_id": "sec0070",
    "sentence": "Researchers can benefit by knowing which topics are likely to have increased funding, and can tune their proposals to those topics to secure greater funding and advance their careers."
  },
  {
    "sec_id": "sec0070",
    "sentence": "We note, however, that these results should be used with some caution."
  },
  {
    "sec_id": "sec0070",
    "sentence": "It is well known that the potential exists for misuse of, or for blind acceptance of, metrics ([bib0100]).",
    "intent": "background"
  },
  {
    "sec_id": "sec0070",
    "sentence": "A decrease in the diversity of science (an undesirable outcome) is possible if all, or even a significant fraction, of researchers were to blindly employ prominence for decision making."
  },
  {
    "sec_id": "sec0070",
    "sentence": "We think, however, that only a small fraction of researchers will use prominence as the primary source to guide their actions."
  },
  {
    "sec_id": "sec0070",
    "sentence": "The researchers we have dealt with over the years have a keen sense of what they consider to be important."
  },
  {
    "sec_id": "sec0070",
    "sentence": "These are people who, when faced with a choice between what they consider to be important and what they think will bring in funding, will either choose importance or will find a way to bridge the two."
  },
  {
    "sec_id": "sec0070",
    "sentence": "This latter behavior is what we want to encourage."
  },
  {
    "sec_id": "sec0070",
    "sentence": "Also, regarding whether a metric will find wide adoption in practice, we have another example to share that, although from sports, seems relevant."
  },
  {
    "sec_id": "sec0070",
    "sentence": "The book \u201cMoneyball\u201d ([bib0150]) tells the story of how advanced metrics were introduced in the management of a baseball franchise, and how this team with very limited resources used metrics to have success beyond what was expected given its budget.",
    "intent": "background"
  },
  {
    "sec_id": "sec0070",
    "sentence": "Given its sustained success, one might think that all teams would adopt similar tactics."
  },
  {
    "sec_id": "sec0070",
    "sentence": "However, this has not happened."
  },
  {
    "sec_id": "sec0070",
    "sentence": "Twenty years later, although all teams look at such metrics, there are only few teams that base their decisions of who to draft and who to trade primarily on these metrics."
  },
  {
    "sec_id": "sec0070",
    "sentence": "Most teams consult metrics, but base their final decisions on the observations of their scouts."
  },
  {
    "sec_id": "sec0070",
    "sentence": "In other words, most baseball teams still base their actions on human inputs rather than metrics."
  },
  {
    "sec_id": "sec0070",
    "sentence": "In an analogous manner, we suggest that most researchers will not (and should not) base their decisions solely on a metric such as prominence, but that they will use their knowledge and sense to identify those things that are important, and weigh both human and metric inputs together when making decisions."
  },
  {
    "sec_id": "sec0070",
    "sentence": "We also suggest that research administrators will not base their decisions for promotion and tenure on a metric such as prominence, but will rather consider human and metric inputs."
  },
  {
    "sec_id": "sec0070",
    "sentence": "We are hopeful that knowledge of topics and prominence will lead to a higher rate of advance in science overall."
  },
  {
    "sec_id": "sec0070",
    "sentence": "We also anticipate development of additional indicators in the future that will address true impact rather than citation counts, and look forward to applying such measures to topic-level structures in science in the hope that they will further enhance decision making."
  },
  {
    "sec_id": "sec0075",
    "sentence": "The work reported here is the result of research conducted over several years, and which was funded internally by SciTech Strategies, Inc."
  },
  {
    "sec_id": "sec0075",
    "sentence": "Recently, however, Elsevier BV and SciTech have entered into a contractual arrangement."
  },
  {
    "sec_id": "sec0075",
    "sentence": "As a result, topics (based on updated data) and the prominence metric are now available in Elsevier\u2019s SciVal product, and SciTech will support Elsevier\u2019s efforts related to \u201cTopics of Prominence\u201d for a period of time going forward."
  },
  {
    "sec_id": "sec0080",
    "sentence": "Richard Klavans: Conceived and designed the analysis, Collected the data, Contributed data or analysis tools, Performed the analysis, Wrote the paper."
  },
  {
    "sec_id": "sec0080",
    "sentence": "Kevin W."
  },
  {
    "sec_id": "sec0080",
    "sentence": "Boyack: Conceived and designed the analysis, Collected the data, Contributed data or analysis tools, Performed the analysis, Wrote the paper."
  }
]