[
  {
    "sec_id": "sec0005",
    "sentence": "The coverage of journal articles in the natural sciences and life sciences is relatively high in the Science Citation Index Expanded (SCIE)."
  },
  {
    "sec_id": "sec0005",
    "sentence": "By contrast, the coverage of the Social Sciences Citation Index (SSCI) and the Arts & Humanities Citation Index (A&HCI) is too inconsistent to accurately represent the output of the social sciences and humanities in all countries ([bib0160]; [bib0230]; [bib0245]).",
    "intent": "background"
  },
  {
    "sec_id": "sec0005",
    "sentence": "The general trend that can be observed from previous studies ([bib0235]; [bib0065], [bib0285]; [bib0110]) is that the more important books are in a field, the less its literature is covered by WoS because of its restriction to journal literature contrary to the fragmented feature of works in the social sciences and humanities.",
    "intent": "background"
  },
  {
    "sec_id": "sec0005",
    "sentence": "The limited coverage of WoS will certainly lead to inaccuracies when standard bibliometric methods are applied to these fields."
  },
  {
    "sec_id": "sec0005",
    "sentence": "Studies investigating the citation characteristics of books considered either the citations of so-called non-source items in the references of WoS journal papers ([bib0065], [bib0150], [bib0020], [bib0080]) or analyzed the citations in other alternative data sources such as Google Books or Google Scholar ([bib0175]; [bib0180]; [bib0270], [bib0275]).",
    "intent": "background"
  },
  {
    "sec_id": "sec0005",
    "sentence": "However, large-scale bibliometric studies analyzing the citation patterns of book literature were rarely conducted during the last decades due to the lack of a reliable and comprehensive data source providing citation links."
  },
  {
    "sec_id": "sec0005",
    "sentence": "The Book Citation Index (BKCI), a new collection in the WoS, was released by Thomson Reuters in 2011 to supplement the limited coverage of WoS."
  },
  {
    "sec_id": "sec0005",
    "sentence": "It allows users to discover book literature and trace its citation links alongside journal literature ([bib0005]).",
    "intent": "background"
  },
  {
    "sec_id": "sec0005",
    "sentence": "BKCI covers over 60,000 editorially selected books starting from 2005 with an additional 10,000 new titles each year ([bib0030]).",
    "intent": "background"
  },
  {
    "sec_id": "sec0005",
    "sentence": "After the release, some of its limitations already have been discussed in previous studies."
  },
  {
    "sec_id": "sec0005",
    "sentence": "For example, [bib0140] question the fuzzy boundaries of subtypes of books and how to treat new editions of works, and argue to distinguish the citations of an edited book and its book chapters since a global consensus on how to cite the book editor(s), the book author(s) or the author(s) of the book chapter is lacking.",
    "intent": "background"
  },
  {
    "sec_id": "sec0005",
    "sentence": "They also argue that \u2018book\u2019 might be considered to be at a higher hierarchical level than \u2018journal\u2019 instead of being treated as a document type in the system, and consequently point out the lack of cumulative citation counts from different hierarchies in BKCI."
  },
  {
    "sec_id": "sec0005",
    "sentence": "Even though it is possible to distinguish in the database between monographs and edited volumes among the type \u2018book\u2019, a normalization of the credit for a monograph depending on the document types is required ([bib0205]).",
    "intent": "background"
  },
  {
    "sec_id": "sec0005",
    "sentence": "Additionally, problems from ignoring differences between book series and annual series were indicated by [bib0205] and confirmed by [bib0295] and [bib0300].",
    "intent": "background"
  },
  {
    "sec_id": "sec0005",
    "sentence": "With the new data source, a deeper understanding of books\u2019 citation characteristics is needed before bibliometric indicators can be developed, in order to adjust and adapt them appropriately to the bibliometric toolbox ([bib0195]; [bib0305]).",
    "intent": "future_work"
  },
  {
    "sec_id": "sec0005",
    "sentence": "One step toward this goal could therefore be comparing the citation distributions of journal and book publication groups, since the enormous inequality in researchers\u2019 productivity and the skewness of citation distributions are at the foundation of bibliometrics and most of the empirical laws in the field deal with the power law probability distributions of both publications and citations (i.e. Bradford\u2019s law, Zipf\u2019s law, Lotka\u2019s law and Price\u2019s law)."
  },
  {
    "sec_id": "sec0005",
    "sentence": "Many concentration measures, such as the Gini Index, the Leimkuhler curve, the Herfindahl\u2013Hirschman Index and the Characteristic Scores and Scales, from different backgrounds have been used to investigate the bibliometric distributions for journal publications (e.g. [bib0010], [bib0050], [bib0105], [bib0125]; [bib0185]).",
    "intent": "background"
  },
  {
    "sec_id": "sec0005",
    "sentence": "For example, [bib0010] found that the inequality of productivity of scientists assessed by the Gini index increased over time.",
    "intent": "background"
  },
  {
    "sec_id": "sec0005",
    "sentence": "For articles' citations decreases in the Herfindahl\u2013Hirschman Index and the least percentage of papers for specific proportion citation over time were observed ([bib0185]; [bib0310]).",
    "intent": "background"
  },
  {
    "sec_id": "sec0005",
    "sentence": "Some constant features of citation concentration shown in different sample sets with different measures include the disciplinary differences and the independence of citation window length (cf."
  },
  {
    "sec_id": "sec0005",
    "sentence": "[bib0010], [bib0125], [bib0185], [bib0310]).",
    "intent": "background uses"
  },
  {
    "sec_id": "sec0005",
    "sentence": "Following this framework, this study will investigate the citation concentration characteristics of both journal and book literature in the new WoS contents, and their differences across fields, levels of aggregation of publications and lengths of citation periods, to determine possible applications of different data sources for bibliometric indicators."
  },
  {
    "sec_id": "sec0005",
    "sentence": "The research questions of this study are as follows:\u2022Are citation distributions in book and journal literature comparable?\u2022Should citations to constitutive items of a book be aggregated at the book level?\u2022What is the influence of citation window length for book publications?"
  },
  {
    "sec_id": "sec0005",
    "sentence": "What is the difference between citation concentrations with a long-term citation window (nine years) and with a short-term citation window (three years)?"
  },
  {
    "sec_id": "sec0005",
    "sentence": "Are citation distributions in book and journal literature comparable?"
  },
  {
    "sec_id": "sec0005",
    "sentence": "Should citations to constitutive items of a book be aggregated at the book level?"
  },
  {
    "sec_id": "sec0005",
    "sentence": "What is the influence of citation window length for book publications?"
  },
  {
    "sec_id": "sec0005",
    "sentence": "What is the difference between citation concentrations with a long-term citation window (nine years) and with a short-term citation window (three years)?"
  },
  {
    "sec_id": "sec0010",
    "sentence": "The complete 2005\u20132011 contents of the Web of Science Core Collection (WoS) including the three journal databases, SCIE, SSCI and A&HCI, as well as the BKCI have been processed as source documents."
  },
  {
    "sec_id": "sec0010",
    "sentence": "Overlap among proceedings, books and journals were excluded to obtain duplicate-free datasets."
  },
  {
    "sec_id": "sec0010",
    "sentence": "Citation counts were calculated from the 2014 version of WoS database of the Centre for Research & Development Monitoring (ECOOM), KU Leuven, which indexes 50,251 books and 30,058,730 journal papers in total."
  },
  {
    "sec_id": "sec0010",
    "sentence": "Four document types were selected for further analyses at two comparison levels: books and articles."
  },
  {
    "sec_id": "sec0010",
    "sentence": "Edited books and authored books were compared with each other at individual and aggregated levels, while the document type \u2018Article\u2019 for book chapters and journal papers was used because of its central importance."
  },
  {
    "sec_id": "sec0010",
    "sentence": "[tbl0005] shows the detailed terms of each document type."
  },
  {
    "sec_id": "sec0010",
    "sentence": "Table 1."
  },
  {
    "sec_id": "sec0010",
    "sentence": "Data definition of each document type."
  },
  {
    "sec_id": "sec0010",
    "sentence": "BSCI and BHCI are the science and the social sciences & humanities editions of BKCI."
  },
  {
    "sec_id": "sec0010",
    "sentence": "ISTP (Index to Scientific and Technical Proceedings) and ISSHP (Index to Social Science and Humanities Proceedings) are the two editions of Conference Proceedings Citation Index (CPCI)."
  },
  {
    "sec_id": "sec0010",
    "sentence": "Data sourced from Thomson Reuters Web of Science Core Collection."
  },
  {
    "sec_id": "sec0010",
    "sentence": "1) Books"
  },
  {
    "sec_id": "sec0010",
    "sentence": "Since citations to individual chapters could not always be identified when they were assigned to the edited book in the citing documents ([bib0085]), the citation count of an edited book was not divided by the number of its chapters in this study to give a fractional count of whole-work citations to its chapters.",
    "intent": "background"
  },
  {
    "sec_id": "sec0010",
    "sentence": "Instead, I retrieved the publications and citations of all the books in BKCI which are not indexed in SCI/SSCI/AHCI and Conference Proceedings Citation Index (CPCI) from 2005 to 2011, including the book main records themselves (i.e. records with \u201cBook\u201d as document type in BKCI) and all the chapters belonging to them."
  },
  {
    "sec_id": "sec0010",
    "sentence": "In contrast, the book itself (single item of a book record) was analyzed in this study as well to detect the role of book records as a citation unit in research evaluations."
  },
  {
    "sec_id": "sec0010",
    "sentence": "A 3-year citation window is applied here."
  },
  {
    "sec_id": "sec0010",
    "sentence": "In order to avoid the influence of periodical books (e.g. annual review serials), I excluded those items having the publication type \u2018Journal\u2019, which are indexed in both SCI/SSCI/AHCI and BKCI."
  },
  {
    "sec_id": "sec0010",
    "sentence": "Note that 1458 books are excluded because their chapters are indexed in SCIE/SSCI/AHCI while their book records are exclusively indexed in BKCI."
  },
  {
    "sec_id": "sec0010",
    "sentence": "After defining the scope of books, the second step was to distinguish between edited books and authored books."
  },
  {
    "sec_id": "sec0010",
    "sentence": "All the records with editor but no author data were assigned to edited books, while records with only author data were coded authored books."
  },
  {
    "sec_id": "sec0010",
    "sentence": "An additional criterion for edited book is that an edited book should have more than one item (i.e. at least one book chapter apart from book item), thus two yearbooks were excluded."
  },
  {
    "sec_id": "sec0010",
    "sentence": "2457 books without editor or author data, and 557 books with both editor and author data were excluded in this study."
  },
  {
    "sec_id": "sec0010",
    "sentence": "2) Book chapter articles"
  },
  {
    "sec_id": "sec0010",
    "sentence": "This study collected all book chapter items published from 2005 to 2011, which are designated as \u2018Article\u2019 and \u2018Book Chapter\u2019 document types in BKCI for publications of book chapter articles."
  },
  {
    "sec_id": "sec0010",
    "sentence": "The citations they received within 3 years after publication were calculated."
  },
  {
    "sec_id": "sec0010",
    "sentence": "3) Journal articles"
  },
  {
    "sec_id": "sec0010",
    "sentence": "SCI/SSCI/AHCI journal papers which are assigned the document type \u2018Article\u2019 in WoS published from 2005 to 2011 were retrieved as journal articles."
  },
  {
    "sec_id": "sec0010",
    "sentence": "Their citations were calculated with a 3-year window."
  },
  {
    "sec_id": "sec0010",
    "sentence": "All the publications were classified into 16 research fields and 74 subfields based on their ISI subject categories according to the modified Leuven-Budapest classification scheme (cf."
  },
  {
    "sec_id": "sec0010",
    "sentence": "[bib0085], [bib0135]), except for the publications in five inter-disciplinary categories (Audiology & Speech-Language Pathology, Cell & Tissue Engineering, Ergonomics, Logic, Nanoscience & Nanotechnology).",
    "intent": "background"
  },
  {
    "sec_id": "sec0010",
    "sentence": "In this paper, four major fields were selected to represent different areas of the sciences, the social sciences and humanities: BIOSCIENCES (B) with the highest average citation rates in all document types (except for MULTIDISCIPLINARY SCIENCES), CHEMISTRY (C) with the top total numbers and citations of journal articles, ARTS & HUMANITIES (K) with the top total numbers of book chapters, and SOCIAL SCIENCES II (ECONOMIC, POLITICAL & LEGAL SCIENCES) (L) with high total number of citations of book chapters."
  },
  {
    "sec_id": "sec0010",
    "sentence": "The sample sizes in the selected major fields are listed in [tbl0010]."
  },
  {
    "sec_id": "sec0010",
    "sentence": "The distinct numbers of different categories indicates the coverage and selection process of WoS: much more books in the social sciences and humanities (SSH) are indexed than in the biosciences and chemistry, while the number of journal articles in these sciences is higher than those in the SSH."
  },
  {
    "sec_id": "sec0010",
    "sentence": "In general, the yearly volumes of both document types in [fig0005] show an increasing trend of coverage the database, except for in 2010 with less publications than earlier and later years."
  },
  {
    "sec_id": "sec0010",
    "sentence": "Table 2."
  },
  {
    "sec_id": "sec0010",
    "sentence": "Sample sizes in four selected fields (2005\u20132011)."
  },
  {
    "sec_id": "sec0010",
    "sentence": "Percentage of the publications in a given field among all fields."
  },
  {
    "sec_id": "sec0010",
    "sentence": "Data sourced from Thomson Reuters Web of Science Core Collection."
  },
  {
    "sec_id": "sec0030",
    "sentence": "The following indicators were applied to the 2005\u20132011 WoS publications with a 3-year citation window to analyze the characteristics of the publication groups."
  },
  {
    "sec_id": "sec0030",
    "sentence": "The first three indicators assess the general features based on the citations and publications distributions of different groups, while the last four indicators probe the dimension of citation concentration in the analyzed targets."
  },
  {
    "sec_id": "sec0030",
    "sentence": "1) Publication growth rate"
  },
  {
    "sec_id": "sec0030",
    "sentence": "The overall growth rate of publications is calculated by the division of the different numbers of publications after seven years and the amount of the publications in 2005."
  },
  {
    "sec_id": "sec0030",
    "sentence": "Similarly, the annual growth of the numbers of publications is calculated by the division of the difference between the publications of a year and the year before and the amount of the publications of the earlier year."
  },
  {
    "sec_id": "sec0030",
    "sentence": "The rates are applied to check for differences in the growth dynamics or coverages between book and journal items across fields."
  },
  {
    "sec_id": "sec0030",
    "sentence": "2) Average citation rate"
  },
  {
    "sec_id": "sec0030",
    "sentence": "The ratio of the total number of citations received by publications in a given field or year to the total number of those publications."
  },
  {
    "sec_id": "sec0030",
    "sentence": "For aggregated books, their average citation rates are divided by the number of all sub-items instead of the number of the volumes, because the purpose of this indicator is to find the mean of the individual items' citation counts."
  },
  {
    "sec_id": "sec0030",
    "sentence": "3) Uncited rate"
  },
  {
    "sec_id": "sec0030",
    "sentence": "The ratio of the number of publications which are never cited after being published to the number of publications in a given field and/or year."
  },
  {
    "sec_id": "sec0030",
    "sentence": "Unlike the last indicator, the denominator of aggregated books here is the number of their volumes instead of the number of whole items."
  },
  {
    "sec_id": "sec0030",
    "sentence": "Based on the studies mentioned above, this study made use of four common indicators of the degree of citation concentration."
  },
  {
    "sec_id": "sec0030",
    "sentence": "The Gini coefficient and the Leimkuhler curve, which are essentially cognate, were both adopted to facilitate the numerical and graphical comparison of concentration from the same analytical approach."
  },
  {
    "sec_id": "sec0030",
    "sentence": "To include measures from other theoretical conceptions of concentration, the Herfindahl\u2013Hirschman Index and concentration ratios were applied as well."
  },
  {
    "sec_id": "sec0030",
    "sentence": "1) Gini coefficient"
  },
  {
    "sec_id": "sec0030",
    "sentence": "The Gini coefficient ([bib0120], [bib0025], [bib0075]) measures the inequality among values of a frequency distribution (e.g. incomes in economics, or numbers of citations in this paper).",
    "intent": "background"
  },
  {
    "sec_id": "sec0030",
    "sentence": "It can be defined as a ratio of the areas on the Lorenz curve ([bib0215]) diagram, which plots the cumulative distribution function of the empirical probability distribution of income in economics.",
    "intent": "background"
  },
  {
    "sec_id": "sec0030",
    "sentence": "It could therefore be clearly interpreted geometrically and is sensitive to all areas of the distribution ([bib0010]).",
    "intent": "background"
  },
  {
    "sec_id": "sec0030",
    "sentence": "If the area between the line of perfect equality (the diagonal) and the Lorenz curve is A, and the area under the Lorenz curve is B, then the Gini coefficient is G\u00a0=\u00a0A/(A\u00a0+\u00a0B)."
  },
  {
    "sec_id": "sec0030",
    "sentence": "The Gini coefficient can theoretically range from 0 (complete equality) to 1 (complete inequality); the higher Gini coefficient, the more unequal is a frequency distribution."
  },
  {
    "sec_id": "sec0030",
    "sentence": "The index has been connected to the field of bibliometrics since [bib0070] drew the attention to the similarity of [bib0250] measure of class concentration in bibliometrics to the Gini coefficient and got [bib0255] confirmation that his measure C is virtually identical to the Gini coefficient.",
    "intent": "background"
  },
  {
    "sec_id": "sec0030",
    "sentence": "According to [bib0015], [bib0035] noted a more unequal distribution of publications summarized by the Gini index than that of personal income.",
    "intent": "background"
  },
  {
    "sec_id": "sec0030",
    "sentence": "In the 1990\u2019s bibliometricians investigated the possibility of using other measures of concentration and found that the Gini coefficient performs well in the field ([bib0050], [bib0095], [bib0105]; [bib0265]).",
    "intent": "background"
  },
  {
    "sec_id": "sec0030",
    "sentence": "Afterwards the Gini coefficient was applied to measure the unevenness of citation distribution or informetric productivity for different units such as journals, universities and countries in bibliometric studies (e.g. [bib0290]; [bib0145]; [bib0200]; [bib0210]).",
    "intent": "background uses"
  },
  {
    "sec_id": "sec0030",
    "sentence": "2) Herfindahl\u2013Hirschman Index"
  },
  {
    "sec_id": "sec0030",
    "sentence": "The Herfindahl\u2013Hirschman Index (Herfindahl index, HHI) is a commonly used measure of the concentration of firms in a given market."
  },
  {
    "sec_id": "sec0030",
    "sentence": "The index was developed independently by the economists [bib0165] and [bib0155], see [bib0170].",
    "intent": "background"
  },
  {
    "sec_id": "sec0030",
    "sentence": "It is based on the sum of squares of firms\u2019 market shares within the industry."
  },
  {
    "sec_id": "sec0030",
    "sentence": "The result is proportional to the average market share, ranging from 0 to 1."
  },
  {
    "sec_id": "sec0030",
    "sentence": "A higher HHI indicates a more concentrated market."
  },
  {
    "sec_id": "sec0030",
    "sentence": "As the market concentration increases, competition and efficiency decrease and the chances of collusion and monopoly increase."
  },
  {
    "sec_id": "sec0030",
    "sentence": "While applying HHI in bibliometric studies, the size of the market is replaced with the sum of the number of citations received by each individual paper, and the market shares are replaced with the number of citations received by each paper divided by the total number of citations received by papers published the same year."
  },
  {
    "sec_id": "sec0030",
    "sentence": "([bib0115], [bib0185])",
    "intent": "background"
  },
  {
    "sec_id": "sec0030",
    "sentence": "Like the Gini coefficient, the Herfindahl-Hirschman Index measures the unevenness of (citation) distributions but from a different perspective."
  },
  {
    "sec_id": "sec0030",
    "sentence": "It gives more weight to larger players, revealing the market concentration or competition among them."
  },
  {
    "sec_id": "sec0030",
    "sentence": "The HHI is therefore the most sensitive concentration index among the four indices (Gini\u2019s, Bonferroni\u2019s, Amato\u2019s, and Hirschman-Herfindahl\u2019s) in contexts where Zipf\u2019s law applies ([bib0225]).",
    "intent": "background"
  },
  {
    "sec_id": "sec0030",
    "sentence": "3) Concentration ratio (CR(n))"
  },
  {
    "sec_id": "sec0030",
    "sentence": "In economics, a concentration ratio is a measure of the total output produced in an industry by a given number of the largest firms in the industry, showing the extent to which the largest firms contribute to activity in the industry ([bib0220]).",
    "intent": "background"
  },
  {
    "sec_id": "sec0030",
    "sentence": "For example, CR5 means the percentage of market share held by the largest five firms in an industry."
  },
  {
    "sec_id": "sec0030",
    "sentence": "Concentration ratios and the HHI are standard tools to measure market concentration."
  },
  {
    "sec_id": "sec0030",
    "sentence": "The concentration ratios just provide a sign of the oligopolistic nature of an industry, whereas the HHI provides a more complete picture of industry concentration than does the concentration ratio."
  },
  {
    "sec_id": "sec0030",
    "sentence": "In this study, the concentration ratio is applied to bibliometric analyses for the first time."
  },
  {
    "sec_id": "sec0030",
    "sentence": "Apart from the top citation contributors, this study also shifts the focus of this indicator from a few most cited publications to a wider range of targets, which means taking a certain percentage of top publications instead of a specific number of top publications as the threshold."
  },
  {
    "sec_id": "sec0030",
    "sentence": "Therefore, CR(5), CR(10) & CR(50) as well as CR(5%), CR(10%) & CR(50%) were applied in this study to measure the citation concentration of scientific publications."
  },
  {
    "sec_id": "sec0030",
    "sentence": "4) Leimkuhler curve"
  },
  {
    "sec_id": "sec0030",
    "sentence": "[bib0190] derived a mathematical form for the Bradford distribution, f(x)=ln(1+\u03b2x)/ln(1+\u03b2),0\u2264x\u22641, depending on a single parameter interpretable from the verbal formulation of Bradford\u2019s law.",
    "intent": "background"
  },
  {
    "sec_id": "sec0030",
    "sentence": "The Leimkuhler curve plots the cumulative proportion of total productivity against the cumulative proportion of sources ([bib0060], [bib0090], [bib0100]).",
    "intent": "uses"
  },
  {
    "sec_id": "sec0030",
    "sentence": "Leimkuhler\u2019s approach is considered as a variant of the Lorenz curve of concentration for bibliometric data ([bib0045], [bib0050], [bib0260]).",
    "intent": "background"
  },
  {
    "sec_id": "sec0030",
    "sentence": "The difference between the two constructions is only the sorting order of the values ([bib0055], [bib0280]).",
    "intent": "differences"
  },
  {
    "sec_id": "sec0030",
    "sentence": "After the first analysis with the above indicators, the aging issue in different fields will be further examined."
  },
  {
    "sec_id": "sec0030",
    "sentence": "To investigate the impact of the different lengths of citation periods on citation concentrations, both a long-term (nine years) and a short-term citation window (three years) were applied to the WoS publications of 2005 only."
  },
  {
    "sec_id": "sec0030",
    "sentence": "The ratio of average citation rates with these two citation windows was then calculated as a prospective Price index and an indicator of ageing (see [bib0085]).",
    "intent": "background"
  },
  {
    "sec_id": "sec0030",
    "sentence": "Furthermore, through the Leimkuhler curves the influence of different lengths of citation periods in different fields can be shown."
  },
  {
    "sec_id": "sec0050",
    "sentence": "In [fig0010], the overall growth rates of edited books and book chapters are relatively larger than those of authored books and journal articles, especially in Biosciences."
  },
  {
    "sec_id": "sec0050",
    "sentence": "The growth of all kind of publications in Social Sciences II is also remarkable comparing to other fields."
  },
  {
    "sec_id": "sec0050",
    "sentence": "Similarly, the yearly growth of journal publications in WoS is much more stable than that of book publications as shown in [fig0015], especially in natural sciences."
  },
  {
    "sec_id": "sec0050",
    "sentence": "The growth of volumes of journal articles is steady during the seven years, with a larger growth in the last year."
  },
  {
    "sec_id": "sec0050",
    "sentence": "Moreover, journal articles in Social Sciences II and Arts & Humanities have their peaks in 2008."
  },
  {
    "sec_id": "sec0050",
    "sentence": "Books and book chapters have relatively turbulent and varied growth curves compared to journal articles."
  },
  {
    "sec_id": "sec0050",
    "sentence": "The small total number of books and book chapters may cause this fluctuation."
  },
  {
    "sec_id": "sec0050",
    "sentence": "The irregularities of books and book chapters in [fig0015] may reveal a different time series of the development of BKCI publications in the SSH and natural sciences."
  },
  {
    "sec_id": "sec0050",
    "sentence": "The three book related categories in Biosciences and Chemistry are largely indexed into BKCI later than those in the fields Social Sciences II and Arts & Humanities are."
  },
  {
    "sec_id": "sec0050",
    "sentence": "According to the whole data set in this study, the three SSH fields (Arts & Humanities, Social Sciences I and Social Sciences II) have the largest increase of books in BKCI in 2006, then Chemistry, Engineering, Physics and Geosciences & Space Sciences have their largest increase in 2007; Agriculture & Environment, Biosciences, Biology, Biomedical research, Clinical & Experimental Medicines I & II burst in 2009."
  },
  {
    "sec_id": "sec0050",
    "sentence": "These peaks indicate that BKCI may have focused on SSH book publications in the beginning of the project, and then switched the indexing focus to different fields, from basic sciences to life sciences sequentially."
  },
  {
    "sec_id": "sec0050",
    "sentence": "[fig0020] shows a general pattern across fields: journal articles have higher impact than book chapter articles, while the individual book records have higher impact than the whole books."
  },
  {
    "sec_id": "sec0050",
    "sentence": "The individual authored books have the highest citation impact among all the document types, while book chapters have the lowest impact."
  },
  {
    "sec_id": "sec0050",
    "sentence": "It is also interesting that individual authored books have higher citation impact than individual edited books across all fields."
  },
  {
    "sec_id": "sec0050",
    "sentence": "Apart from the general pattern across fields, the distinct patterns in different fields are noteworthy."
  },
  {
    "sec_id": "sec0050",
    "sentence": "After normalizing the citation rates of different document types in a field, the high citation impact of individual books is especially shown in the SSH fields, corresponding to the results that \u201cindividual books (but not chapters) tend to be more often cited than articles\u201d in modern language and literature research ([bib0240]).",
    "intent": "similarities"
  },
  {
    "sec_id": "sec0050",
    "sentence": "In [fig0020], Biosciences and Chemistry have higher cited rates in individual authored books and journal articles."
  },
  {
    "sec_id": "sec0050",
    "sentence": "In contrast, in Social Sciences II the impact of journal articles drops down to the level of individual edited books, and in Arts & Humanities it is even lower than individual edited books."
  },
  {
    "sec_id": "sec0050",
    "sentence": "This is in line with the results reported in [bib0040] and [bib0130] that books are much less often cited in chemistry and physics than the SSH according to the shares of references to books.",
    "intent": "similarities"
  },
  {
    "sec_id": "sec0050",
    "sentence": "The publications in Social Sciences II and Arts & Humanities have smoother uncited rates of different document types over seven years than those in Biosciences and Chemistry as shown in [fig0025]."
  },
  {
    "sec_id": "sec0050",
    "sentence": "The patterns of the uncited rate in Arts & Humanities are the most diverse."
  },
  {
    "sec_id": "sec0050",
    "sentence": "In the SSH, journal articles are more rarely cited, and the differences between individual and whole edited books are smaller than the sciences."
  },
  {
    "sec_id": "sec0050",
    "sentence": "The latter observation may imply that edited books in the sciences have more sub-items in each volume, and scientists compared to scholars in the SSH would cite a specific chapter rather than the edited book itself."
  },
  {
    "sec_id": "sec0050",
    "sentence": "More details will be examined in Section [sec0115]."
  },
  {
    "sec_id": "sec0050",
    "sentence": "In general, individual books are cited less frequently but have higher average citation rates (cf."
  },
  {
    "sec_id": "sec0050",
    "sentence": "[fig0020] and [fig0025]), even though the uncited rates between individual and whole authored books are not distinct at all in all fields."
  },
  {
    "sec_id": "sec0050",
    "sentence": "There is a marked difference between authored books and edited books."
  },
  {
    "sec_id": "sec0050",
    "sentence": "Authored books have less chapters than edited books, so the influence of aggregation scheme is less in authored books and their individual books have higher impact."
  },
  {
    "sec_id": "sec0050",
    "sentence": "In Biosciences the increase of uncited authored books in the last two years is an interesting exception since other life sciences also have the same increasing uncited rates."
  },
  {
    "sec_id": "sec0050",
    "sentence": "The Gini coefficient patterns in [fig0030] are similar to those of the uncited rates in [fig0025]."
  },
  {
    "sec_id": "sec0050",
    "sentence": "The similar pattern more or less reveals the strong effect of the uncited rate on the calculation of Gini coefficient, especially in the SSH."
  },
  {
    "sec_id": "sec0050",
    "sentence": "Similar to the uncited rates in Arts & Humanities, the subfigure of the Gini coefficient in Arts & Humanities in [fig0030] is distinct from those in other fields."
  },
  {
    "sec_id": "sec0050",
    "sentence": "The citation distributions of book chapters are more unequal than those of journal articles, since book chapters have higher uncited rates and lower average impact than journal articles."
  },
  {
    "sec_id": "sec0050",
    "sentence": "Aggregated edited books have more equally distributed citations than individual edited books."
  },
  {
    "sec_id": "sec0050",
    "sentence": "The gaps between aggregated and non-aggregated edited books are specially larger in the sciences than the SSH."
  },
  {
    "sec_id": "sec0050",
    "sentence": "For authored books, both aggregated and non-aggregated books display similar citation distribution equality as shown in uncited rates."
  },
  {
    "sec_id": "sec0050",
    "sentence": "In line with Gini, book chapters' citations are distributed more unequal than those of journal articles in [fig0035]."
  },
  {
    "sec_id": "sec0050",
    "sentence": "Journal articles have the lowest concentration in terms of HHI in all the fields."
  },
  {
    "sec_id": "sec0050",
    "sentence": "Compared to articles, books lack the consistency of HHI patterns across fields."
  },
  {
    "sec_id": "sec0050",
    "sentence": "In the sciences, authored books' citation distributions are more unequal than edited books, and vice versa in the SSH, especially in Arts & Humanities."
  },
  {
    "sec_id": "sec0050",
    "sentence": "The effect of aggregation scheme applied to books in [fig0035] are in line with the Gini patterns in [fig0030]."
  },
  {
    "sec_id": "sec0050",
    "sentence": "First, aggregated and non-aggregated authored books keep the cognate citation distribution equality in all fields as shown in Gini and uncited rates."
  },
  {
    "sec_id": "sec0050",
    "sentence": "Second, individual edited books are more unequal than the whole edited books."
  },
  {
    "sec_id": "sec0050",
    "sentence": "Third, the distances between these two groups in sciences are larger than those in the SSH."
  },
  {
    "sec_id": "sec0050",
    "sentence": "The dissimilar results of these two concentration indicators appear in the comparison of books and book chapters."
  },
  {
    "sec_id": "sec0050",
    "sentence": "Books are more concentrated than book chapters in terms of HHI, but have more equally distributed Gini patterns than book chapters."
  },
  {
    "sec_id": "sec0050",
    "sentence": "The results show that the general citation evenness of books is larger than that of chapters, but the individual difference among books (specially the disparity caused by few monopolists) are larger than book chapters."
  },
  {
    "sec_id": "sec0050",
    "sentence": "We can thus picture a more equal citation distribution in general but with bigger individual differences among books than individual chapters."
  },
  {
    "sec_id": "sec0050",
    "sentence": "Two types of concentration ratio considering a specific number and a percentage of top cited publications were both probed in this section and show different patterns among different document types across fields."
  },
  {
    "sec_id": "sec0050",
    "sentence": "The distribution of the concentration ratios of the specific numbers of top cited publications shown in [fig0040] mirrors that of Herfindahl indices in [fig0035] while the right-half part of [fig0040], taking into account the percentage of top cited publications, is similar to the Gini coefficients in [fig0030]."
  },
  {
    "sec_id": "sec0050",
    "sentence": "The concentration ratios of the amounts of top cited book publications in Biosciences and Chemistry are much more concentrated than the SSH, reflecting the influence of a smaller pool of the book data set in the sciences."
  },
  {
    "sec_id": "sec0050",
    "sentence": "The concentration ratios of the percentage of top cited publications could lower the above influence of dissimilar sample sizes."
  },
  {
    "sec_id": "sec0050",
    "sentence": "The top cited 50% of publications in all document types contribute to around 90\u2013100% of total citations in four fields, showing a high concentrated citation distribution in general."
  },
  {
    "sec_id": "sec0050",
    "sentence": "The detailed differences across types and fields can be only revealed by CR(5%) and CR(10%)."
  },
  {
    "sec_id": "sec0050",
    "sentence": "These two indicators distinguish a more monopolistic concentration of book chapters in the SSH from that in the sciences."
  },
  {
    "sec_id": "sec0050",
    "sentence": "Furthermore, the differences between the concentration of whole edited books and individual edited books are especially obvious in the sciences."
  },
  {
    "sec_id": "sec0050",
    "sentence": "This is in line with the result reported in the Gini and uncited rate sections."
  },
  {
    "sec_id": "sec0050",
    "sentence": "Authored books still show similar concentration rates between two groups (aggregated and non-aggregated) as the other two concentration indicators."
  },
  {
    "sec_id": "sec0050",
    "sentence": "Among four fields, Arts & Humanities is the most distinct field, having the highest concentrated book chapters and journal articles but the most equally distributed authored books in terms of citation concentration rates."
  },
  {
    "sec_id": "sec0050",
    "sentence": "The Leimkuhler curve essentially confirms the implications of some other indicators shown before in one graph."
  },
  {
    "sec_id": "sec0050",
    "sentence": "First, the Leimkuhler curves shown in [fig0045] reflect the Gini coefficients in each field and are also influenced by the uncited rates due to the formula design."
  },
  {
    "sec_id": "sec0050",
    "sentence": "The Leimkuhler curve provides a graphical concentration comparison while the Gini index gives a numerical value to the comparison ([bib0045]).",
    "intent": ""
  },
  {
    "sec_id": "sec0050",
    "sentence": "Second, the Leimkuhler curves could be seen as the drawing lines of the consecutive concentration ratios of citation percentages."
  },
  {
    "sec_id": "sec0050",
    "sentence": "Therefore, [fig0045] provides an intuitive perspective on the citation concentrations of different document types in different fields to support those single numbers in [fig0025], 6 and 8 (TOP5%, 10%, 50%)."
  },
  {
    "sec_id": "sec0050",
    "sentence": "The biosciences have the most closely aligned curves among different document types in terms of the normalized citation accumulation (i.e. Leimkuhler curves in [fig0045]), followed by chemistry and the social sciences."
  },
  {
    "sec_id": "sec0050",
    "sentence": "In terms of document types, only the curve of book chapters is differentiated from the other three types with divergent degrees of difference in these three fields."
  },
  {
    "sec_id": "sec0050",
    "sentence": "In contrast, arts and humanities have the most distinct patterns of their citation accumulations."
  },
  {
    "sec_id": "sec0050",
    "sentence": "The curves reveal the inconsistent citation concentrations among different document types in this field."
  },
  {
    "sec_id": "sec0050",
    "sentence": "In the other three fields, the high uncited rates of book chapter distinguish their Leimkuhler curves from the other document types."
  },
  {
    "sec_id": "sec0050",
    "sentence": "Furthermore, the Leimkuhler curves of the aggregated edited books in the sciences are more comparable to journal articles than authored books."
  },
  {
    "sec_id": "sec0050",
    "sentence": "In Social Science II, journal articles and authored books have very similar Leimkuhler curves, and are not far from the curve of aggregated edited books, which have the highest evenness."
  },
  {
    "sec_id": "sec0050",
    "sentence": "Taking these two results into account, the outlier issue in authored book units may be more serious in the sciences."
  },
  {
    "sec_id": "sec0050",
    "sentence": "In terms of the difference of the citation concentration distribution between single books and the entirety of their individual items, [fig0045] shows obvious different patterns in edited books across fields."
  },
  {
    "sec_id": "sec0050",
    "sentence": "The differences between single items of edited books and aggregated edited books in the sciences are larger than those in the SSH, which are not so distinctive."
  },
  {
    "sec_id": "sec0050",
    "sentence": "However, single items of authored books and aggregated authored books have no striking different citation distributions in all fields."
  },
  {
    "sec_id": "sec0050",
    "sentence": "From the perspective of citation accumulation, the average citation rates of all the document types in the four fields with a longer citation window are all unsurprisingly larger than those with a shorter citation window."
  },
  {
    "sec_id": "sec0050",
    "sentence": "[fig0050] presents the ratios of average citation rates of different document types with two citation periods in four fields."
  },
  {
    "sec_id": "sec0050",
    "sentence": "In Biosciences and Chemistry, book chapters and journal articles have higher ratios of average citation rates with a three year citation window to those with a nine year citation window than the SSH, showing a rapid citing culture of these document types in the sciences."
  },
  {
    "sec_id": "sec0050",
    "sentence": "Authored books in these fields are cited relatively slower than other document types."
  },
  {
    "sec_id": "sec0050",
    "sentence": "From the other perspective of citation distribution, [fig0055] shows that the influence of the longer citation period is not significant on the citation concentration in the most fields."
  },
  {
    "sec_id": "sec0050",
    "sentence": "In [fig0055] only the whole books instead of individual books are illustrated, since the differences of two citation periods between aggregated and non-aggregated books are not far-off in all the cases."
  },
  {
    "sec_id": "sec0050",
    "sentence": "The longer citation window changes the Leimkuhler curves of book chapters significantly, especially in Arts & Humanities."
  },
  {
    "sec_id": "sec0050",
    "sentence": "The longer citation period also affect the citation concentration of authored books, especially in Biosciences."
  },
  {
    "sec_id": "sec0050",
    "sentence": "It is interesting to note that in the SSH the citation concentration of authored books are more uneven with a longer citation window than with a shorter window."
  },
  {
    "sec_id": "sec0050",
    "sentence": "In contrast, the curves of edited books with different citation periods are much more similar than authored books."
  },
  {
    "sec_id": "sec0050",
    "sentence": "Journal articles in all four fields have almost identical curves for the two citation periods."
  },
  {
    "sec_id": "sec0050",
    "sentence": "Generally, [fig0055] reveals that a citation window longer than three years does not affect the citation concentration of journal articles and edited books so much, but improves the stability of citation concentration of book chapters the most."
  },
  {
    "sec_id": "sec0115",
    "sentence": "The main results will be discussed from four perspectives in this section: document type, field, concentration index and citation window."
  },
  {
    "sec_id": "sec0115",
    "sentence": "Three dimensions of the book characteristic comparison are discussed: (1) between books and book chapters, (2) between edited books and authored books, and (3) between aggregated and non-aggregated books."
  },
  {
    "sec_id": "sec0115",
    "sentence": "In the first comparison, books in all the four fields have higher citation equality than book chapters in terms of Gini coefficient, Leimkuhler curve and concentration ratio based on percentages of top cited publications, but they have more concentrated Herfindahl\u2013Hirschman Indices and concentration ratios based on specific numbers of top cited publications."
  },
  {
    "sec_id": "sec0115",
    "sentence": "This pattern shows a higher evenness of books\u2019 citation distributions but also reveals the influence of a few top cited individual items among all the books."
  },
  {
    "sec_id": "sec0115",
    "sentence": "Book chapters are relatively more often uncited than books in all the fields, demonstrating the weakness as an evaluation unit in bibliometric studies."
  },
  {
    "sec_id": "sec0115",
    "sentence": "In addition, the citation distribution gaps of books between book chapters in terms of Leimkuhler curve related indices are larger in the SSH than the sciences, but the situation is reversed for the HHI related indices."
  },
  {
    "sec_id": "sec0115",
    "sentence": "In the second comparison, authored books have an intermediate performance in terms of uncited rate, Gini coefficient and Leimkuhler curve between the whole edited books and individual edited books."
  },
  {
    "sec_id": "sec0115",
    "sentence": "Their patterns are very close to the whole edited books in Arts & Humanities in particular."
  },
  {
    "sec_id": "sec0115",
    "sentence": "The difference between the two investigated types of books across fields shows in HHI distributions."
  },
  {
    "sec_id": "sec0115",
    "sentence": "In the sciences authored books have higher HHI individual concentration than edited books, contrary to the SSH."
  },
  {
    "sec_id": "sec0115",
    "sentence": "In general, the distances of all the concentration indices between authored books and edited books are larger in the sciences than the SSH."
  },
  {
    "sec_id": "sec0115",
    "sentence": "The third comparison contrasts single items of books with the aggregation of their items in two book groups."
  },
  {
    "sec_id": "sec0115",
    "sentence": "Among edited books, the differences between the single item of a book and all items of the book through all concentration indices are much more significant than authored books across all fields, but authored books have larger differences of average citation impact between individual books and the whole books than edited books, especially in the sciences."
  },
  {
    "sec_id": "sec0115",
    "sentence": "After combining these two aspects, the individual authored books, which have more smooth concentration distributions and higher citation impact, present themselves as an relatively important unit of bibliometric analysis for books as opposed to aggregated authored books."
  },
  {
    "sec_id": "sec0115",
    "sentence": "On the other hand, the aggregation of edited books matters for a more even citation distribution but lower citation impact, especially in the sciences."
  },
  {
    "sec_id": "sec0115",
    "sentence": "It may indicate the importance of an edited book itself as a citable item in the SSH."
  },
  {
    "sec_id": "sec0115",
    "sentence": "However, this also raises an issue of analyzing edited books in the sciences since the aggregation of this document type is almost pointless for evaluation practices but it boosts the citation evenness significantly to a level comparable to journal literature."
  },
  {
    "sec_id": "sec0115",
    "sentence": "The above difference between two types of books could also be the result of different numbers of sub-items published in a book."
  },
  {
    "sec_id": "sec0115",
    "sentence": "For example, the samples of edited books in Biosciences in this study have 20.3 sub-items on average, while authored books in the same field have 12.6 sub-items on average."
  },
  {
    "sec_id": "sec0115",
    "sentence": "In Arts & Humanities, edited books have 17.4 sub-items on average, while authored books in the same field have 10.6 sub-items on average."
  },
  {
    "sec_id": "sec0115",
    "sentence": "The smaller amount of sub-items (books chapters) in a book leads to a smaller difference between the single item of a book and the whole book volume."
  },
  {
    "sec_id": "sec0115",
    "sentence": "Apart from this fact, the common condition of citing a book itself rather than a specific chapter needs to be taken into account, and recalls the problems of lacking a universal standard for authors to cite a book or its specific chapter as discussed in ([bib0140], [bib0085]).",
    "intent": "background"
  },
  {
    "sec_id": "sec0115",
    "sentence": "Articles maintain relatively harmonic patterns across fields than books."
  },
  {
    "sec_id": "sec0115",
    "sentence": "Journal articles have more even citation distributions and higher citation impact than book chapter articles."
  },
  {
    "sec_id": "sec0115",
    "sentence": "Furthermore, the distance of citation equality between two article types is shorter in the sciences than the social sciences."
  },
  {
    "sec_id": "sec0115",
    "sentence": "Thus, book chapter is not a suitable unit in traditional bibliometric studies to compare with journal articles, especially in the sciences and the social sciences."
  },
  {
    "sec_id": "sec0115",
    "sentence": "In Arts & Humanities, journal articles are not cited as frequently as those in other fields, resulting in the most similar patterns of different concentration indicators between two groups."
  },
  {
    "sec_id": "sec0115",
    "sentence": "The less frequently cited journal articles and book chapter articles insinuates that books play a dominant role in Arts & Humanities and demonstrate arts and humanities as unique fields from others."
  },
  {
    "sec_id": "sec0115",
    "sentence": "The general field influence can be detected in the distances between the sciences and the SSH, from the results of similar patterns of different indicators in biosciences and chemistry, transformed patterns in the social sciences which are dissimilar but revealing the framework of those in the sciences, and unique ones in arts and humanities which are totally different from other fields."
  },
  {
    "sec_id": "sec0115",
    "sentence": "The heterogeneity among fields in the SSH is additionally evident."
  },
  {
    "sec_id": "sec0115",
    "sentence": "In general, the sciences have more similar accumulative citation distributions but more diffuse monopolistic concentration distributions among different document types than the SSH."
  },
  {
    "sec_id": "sec0115",
    "sentence": "In particular, features among fields can be summarized as follows."
  },
  {
    "sec_id": "sec0115",
    "sentence": "First, the difference between the citation concentration distribution of books chapters and journal articles is smaller in Arts & Humanities than in other fields."
  },
  {
    "sec_id": "sec0115",
    "sentence": "This is mainly because journal articles were cited much less in this field."
  },
  {
    "sec_id": "sec0115",
    "sentence": "As mentioned in last section, books are more significant than other document types in arts and humanities."
  },
  {
    "sec_id": "sec0115",
    "sentence": "Second, among all the concentration indices applied in this study, the social sciences have the most similar citation concentrations between journal articles and books."
  },
  {
    "sec_id": "sec0115",
    "sentence": "Hence books and journal papers are more comparable in this field."
  },
  {
    "sec_id": "sec0115",
    "sentence": "Third, the difference between aggregated and non-aggregated edited books and the difference between edited books and authored books in terms of citation concentration and citation impact are larger in the sciences than the SSH."
  },
  {
    "sec_id": "sec0115",
    "sentence": "This implies that different types of books have more different concentration degrees and impact in the sciences than in SSH."
  },
  {
    "sec_id": "sec0115",
    "sentence": "The type of books need to be taken into account in the comparative studies of monographs and periodical publications in the sciences."
  },
  {
    "sec_id": "sec0115",
    "sentence": "Fourth, the aggregated edited books have more (relatively) similar cumulative citation distributions to journal articles in the biosciences and chemistry."
  },
  {
    "sec_id": "sec0115",
    "sentence": "The role of aggregated book in the sciences requires more discussion as mentioned in Section [sec0125]."
  },
  {
    "sec_id": "sec0115",
    "sentence": "In addition, in Biosciences the individual edited books have even lower Gini equality than book chapters which is the most unevenly distributed document type in other fields."
  },
  {
    "sec_id": "sec0115",
    "sentence": "The result shows that the citations of individual edited books are extremely concentrated in the field."
  },
  {
    "sec_id": "sec0115",
    "sentence": "Note that this is different from the discussion before for the difference caused by aggregation in edited books."
  },
  {
    "sec_id": "sec0115",
    "sentence": "The interpretation of this result could not be correspondingly extended to that bioscientists prefer to cite a book chapter rather than an individual (edited) book, since we are not comparing edited books and their own chapters."
  },
  {
    "sec_id": "sec0115",
    "sentence": "This is the first study to measure concentration degrees of book and journal literature by different concentration indicators."
  },
  {
    "sec_id": "sec0115",
    "sentence": "The results show some harmony among different indicators."
  },
  {
    "sec_id": "sec0115",
    "sentence": "In particular, there are two groups of indicators from the results of this study which can be detected according to their design principle and effect."
  },
  {
    "sec_id": "sec0115",
    "sentence": "In the first group, the concentration ratio based on the percentage of top cited publications and the Leimkuhler curve, which combines and illustrates the concepts of the Gini index and the uncited rate, measure the degree of concentration from the same perspective of an overall equality and thus have relatively similar analyzed results."
  },
  {
    "sec_id": "sec0115",
    "sentence": "In the second group, HHI and the concentration ratios of the absolute amounts of top cited publications which emphasize larger players from a competition perspective show different results from the first group."
  },
  {
    "sec_id": "sec0115",
    "sentence": "For example, applying the first group indicators, distances among all document types are smaller in the sciences than in the SSH, while distances among all document types applying the second group indicators are more diffuse in the sciences than in the SSH."
  },
  {
    "sec_id": "sec0115",
    "sentence": "In other words, the sciences have closer patterns among all document types in terms of the Leimkuhler curve related indicators, but the SSH have more centralized patterns in terms of HHI related indicators."
  },
  {
    "sec_id": "sec0115",
    "sentence": "The results of two aspects of concentration ratios applied in this study show clearly the differences between those two groups."
  },
  {
    "sec_id": "sec0115",
    "sentence": "In [fig0040], the field difference is largely revealed in the concentration ratios of the amounts of top cited publications rather than in the concentration ratio based on the percentage of top cited publications."
  },
  {
    "sec_id": "sec0115",
    "sentence": "We should keep in mind that the property of sensitive to a few dominating items would be influenced by different sample sizes."
  },
  {
    "sec_id": "sec0115",
    "sentence": "The results clearly show that books in the sciences have a higher monopolistic concentration than in the SSH due to their small sample sets."
  },
  {
    "sec_id": "sec0115",
    "sentence": "Controlling for corresponding sample sets when applying the second group indicators is suggested here for further studies."
  },
  {
    "sec_id": "sec0115",
    "sentence": "A longer citation period does not affect citation concentration significantly in most fields."
  },
  {
    "sec_id": "sec0115",
    "sentence": "This result confirms the time independence of the citation distribution shown in previous studies ([bib0125], [bib0185], [bib0310]).",
    "intent": "similarities"
  },
  {
    "sec_id": "sec0115",
    "sentence": "In this study, the longer citation window improves the stability of citation concentration of book chapters the most, but not that of journal articles and edited books."
  },
  {
    "sec_id": "sec0115",
    "sentence": "The softer a field is, the stronger is the distance between book chapters with two citation periods in the field."
  },
  {
    "sec_id": "sec0115",
    "sentence": "For authored books the influence of citation period varies in different fields."
  },
  {
    "sec_id": "sec0115",
    "sentence": "In the sciences, authored books with longer citation window unsurprisingly have a more equal citation distribution as shown in the case of book chapters."
  },
  {
    "sec_id": "sec0115",
    "sentence": "However, in the SSH authored books with shorter citation window have smoother citation distribution even though one may expect a reverse circumstances."
  },
  {
    "sec_id": "sec0150",
    "sentence": "This study investigated the citation concentration characteristics affected by different aspects such as document type, field, concentration index and citation window, and found that document type and scientific field have mutual influence on the citation concentration patterns based on two classified groups of indicators whereas a citation window longer than three years does not have such a strong effect."
  },
  {
    "sec_id": "sec0150",
    "sentence": "Following the main purpose of this study, i.e. to determine the best approach for comparing data from monographs and periodical publications, the results indicated complex suggestions from different dimensions."
  },
  {
    "sec_id": "sec0150",
    "sentence": "First, book chapter is not a suitable unit in traditional bibliometric studies to compare with journal articles."
  },
  {
    "sec_id": "sec0150",
    "sentence": "Journal articles have more even citation distributions and higher citation impact than book chapter articles."
  },
  {
    "sec_id": "sec0150",
    "sentence": "In addition, the distance in citation equality between two document types is shorter in the sciences than in the social sciences."
  },
  {
    "sec_id": "sec0150",
    "sentence": "The results of this study indicate that citation analyses based on indicators designed for journal papers are not recommended to be applied for book chapters, especially in the SSH."
  },
  {
    "sec_id": "sec0150",
    "sentence": "Second, authored books and edited books play relatively similar roles in terms of citation concentration in the SSH than in the sciences."
  },
  {
    "sec_id": "sec0150",
    "sentence": "By taking a further step inspecting the aggregation issue, the difference between aggregated volumes and individual articles in edited books is much larger than that in the authored books."
  },
  {
    "sec_id": "sec0150",
    "sentence": "The aggregation of edited books matters for a higher citation equality but lower citation impact."
  },
  {
    "sec_id": "sec0150",
    "sentence": "Its influence is larger in the sciences than in the SSH."
  },
  {
    "sec_id": "sec0150",
    "sentence": "This result may be due to the larger volumes of edited books in the science and imply that the edited book itself in the SSH is a more commonly cited item than a specific book chapter while combining the first conclusion."
  },
  {
    "sec_id": "sec0150",
    "sentence": "On the other hand, the aggregation of authored books does not differ so much and is not essential for consideration."
  },
  {
    "sec_id": "sec0150",
    "sentence": "Third, every field demonstrates its distinct characteristics."
  },
  {
    "sec_id": "sec0150",
    "sentence": "The most heterogeneous field, the humanities, has a distinct pattern of citation concentration distributions among all document types."
  },
  {
    "sec_id": "sec0150",
    "sentence": "The findings of this study suggest that in this field book chapters and journal articles are not as suitable as books for the use in bibliometric studies."
  },
  {
    "sec_id": "sec0150",
    "sentence": "In the social sciences, both two types of books and journal papers are more comparable to each other due to the most similar citation concentrations between journal articles and books among all the fields."
  },
  {
    "sec_id": "sec0150",
    "sentence": "However, the high uncited rate of these document types is a factor impeding studies applying typical citation indicators in the social sciences."
  },
  {
    "sec_id": "sec0150",
    "sentence": "The case is different in the sciences."
  },
  {
    "sec_id": "sec0150",
    "sentence": "The types of books need to be taken into account in the comparative studies of monographs and periodical publications in the sciences, because different types of books have more different concentration degrees and impact in the sciences than in SSH."
  },
  {
    "sec_id": "sec0150",
    "sentence": "In the sciences, individual journal articles have the least concentrated citation distribution and aggregated edited books are the medium that is most similar with journal articles in this regard."
  },
  {
    "sec_id": "sec0150",
    "sentence": "Even though an aggregation scheme is not useful for evaluation based on books, it is noteworthy that the effect of aggregation is stronger for edited books in the sciences than for those in the SSH."
  },
  {
    "sec_id": "sec0150",
    "sentence": "Fourth, there are two groups of concentration indicators from a perspective of an overall equality and another competition perspective sensitive to larger players detected in this study according to their performance."
  },
  {
    "sec_id": "sec0150",
    "sentence": "The first group of Leimkuhler curve related indicators shows more similar accumulative citation distributions among different document types in the sciences than the SSH, while the second group of HHI related indicators has more diffuse monopolistic concentration distributions in the sciences."
  },
  {
    "sec_id": "sec0150",
    "sentence": "Fifth, applying a citation window longer than three years does not affect the citation concentration of journal articles and edited books."
  },
  {
    "sec_id": "sec0150",
    "sentence": "It would only improve the stability of citation concentration for book chapters, to a larger degree in the Arts & Humanities."
  },
  {
    "sec_id": "sec0150",
    "sentence": "Precisely, the softer a field is, the stronger a distance between book chapters with two citation periods in the field would be."
  },
  {
    "sec_id": "sec0150",
    "sentence": "Since book chapters are not an attractive unit for bibliometric analyses of book publications according to the above conclusions, citation window is not an essential factor to be taken into account in the comparative studies of journal and book literature."
  }
]