[
  {
    "sec_id": "sec0005",
    "sentence": "Whilst methods for citation analysis have developed significantly during the latest twenty years, the same cannot be said regarding methods for publication productivity analysis."
  },
  {
    "sec_id": "sec0005",
    "sentence": "\u201cResearch productivity\u201d, \u201cScientific productivity\u201d and \u201cPublication productivity\u201d are frequently used keywords in about one and a half thousand Web of Science-articles over the years, but a closer look reveals little of methodological development with regard to the measurement of \u201cproductivity\u201d and few attempts to explicitly contribute to such a development (for an exception, see papers by [bib0005], [bib0010]).",
    "intent": "background"
  },
  {
    "sec_id": "sec0005",
    "sentence": "This paper will address a fundamental issue in the empirical study of scientific productivity, i.e. the calculation of the average number of peer reviewed papers[fn0005] published by researchers in a given time period."
  },
  {
    "sec_id": "sec0005",
    "sentence": "This task, which at first sight seems quite simple, is often restricted by the properties of the data available."
  },
  {
    "sec_id": "sec0005",
    "sentence": "Publication databases, such as Web of Science and Scopus, only contain information on actual (publishing) authors within a given time period, not the full population of publishing and non-publishing \u201cauthors\u201d."
  },
  {
    "sec_id": "sec0005",
    "sentence": "Hence, a paper frequency distribution based on such data will be zero-truncated; the zero-class (number of non-publishing, or potential, \u201cauthors\u201d) will be missing."
  },
  {
    "sec_id": "sec0005",
    "sentence": "For example, if the productivity of two countries, e.g. China and Canada, are to be investigated, one might categorize the publishing authors by name (unique authors) and divide the total number of papers by the number of actual authors."
  },
  {
    "sec_id": "sec0005",
    "sentence": "However, this calculation will not produce a trustworthy measure of productivity since the proportion of non-publishing (potential) authors might differ between the two countries."
  },
  {
    "sec_id": "sec0005",
    "sentence": "A non-biased measure requires knowledge of the full population, including the number of non-publishing authors (i.e. the zero-class of the paper frequency distribution)."
  },
  {
    "sec_id": "sec0010",
    "sentence": "\u201cPotential authors\u201d is a concept used by the Budapest group to ex ante denote the total population of researchers that could publish papers, or to ex post denote researchers that could have, but have not, been publishing within a given time period ([bib0030]; [bib0190]).",
    "intent": "background"
  },
  {
    "sec_id": "sec0010",
    "sentence": "The (ex post) potential authors include active researchers that have been publishing before or after the given time period but for different reasons have not been publishing during the given time period."
  },
  {
    "sec_id": "sec0010",
    "sentence": "Productivity comparisons between different categories, e.g. field, gender or country requires knowledge about the total population of authors, potential as well as actual authors."
  },
  {
    "sec_id": "sec0010",
    "sentence": "In a field with low paper productivity, e.g. the social sciences, the proportion of zero-class (the potential authors) will be high in relation to the total population (actual and potential authors)."
  },
  {
    "sec_id": "sec0010",
    "sentence": "In contrast, in fields with high productivity, such as the medical and natural sciences, the proportion of potential authors will be low."
  },
  {
    "sec_id": "sec0010",
    "sentence": "Comparisons based solely on actual authors will thus be misrepresentative."
  },
  {
    "sec_id": "sec0010",
    "sentence": "Actual authors can be extracted from publication databases such as Web of Science and Scopus."
  },
  {
    "sec_id": "sec0010",
    "sentence": "Potential authors will, however, not be included in these."
  },
  {
    "sec_id": "sec0010",
    "sentence": "An estimate of the number of potential authors would either require detailed data concerning the entire researcher population or the use of statistical estimates, such as the one presented in this paper."
  },
  {
    "sec_id": "sec0010",
    "sentence": "A successful method for estimating the number of potential authors in a productivity distribution (i.e. the zero-class of the paper frequency distribution) would enable the creation of more advanced productivity measures."
  },
  {
    "sec_id": "sec0010",
    "sentence": "The objective of this paper is to contribute to the discussion on productivity from a scientometric perspective."
  },
  {
    "sec_id": "sec0010",
    "sentence": "If it is possible to estimate the zero-class of a truncated paper frequency distribution, then it would, in principle, be possible to create advanced (e.g. field normalized) productivity indicators ([bib0165]).",
    "intent": "background"
  },
  {
    "sec_id": "sec0010",
    "sentence": "Hitherto, the most interesting discussion on publication productivity has been given within the framework of frequency distributions ([bib0025]), which is a core element in bibliometric theory.",
    "intent": "background"
  },
  {
    "sec_id": "sec0010",
    "sentence": "The Waring distribution is a statistical distribution used for describing publication productivity processes."
  },
  {
    "sec_id": "sec0010",
    "sentence": "The distribution was originally introduced by [bib0180] as a generalization of the Yule distribution and further analysed by [bib0100], who gave the distribution its current name.",
    "intent": "background"
  },
  {
    "sec_id": "sec0010",
    "sentence": "In this paper, we aim to further explore the Waring distribution as a method to estimate the zero-class of a truncated paper frequency distribution."
  },
  {
    "sec_id": "sec0010",
    "sentence": "We note that there are certainly other possible methods and that only the Waring method has been reviewed as part of this paper."
  },
  {
    "sec_id": "sec0010",
    "sentence": "We welcome further research focused on comparison with the results of alternative methods."
  },
  {
    "sec_id": "sec0015",
    "sentence": "The Waring distribution can be derived and justified by many means."
  },
  {
    "sec_id": "sec0015",
    "sentence": "We shall here present an argument related to a simple probabilistic picture of publishing."
  },
  {
    "sec_id": "sec0015",
    "sentence": "Let us suppose that an author during a certain period keeps on submitting new papers until rejected for the first time."
  },
  {
    "sec_id": "sec0015",
    "sentence": "Let us suppose that the probability of rejection of any paper is equal to p, 0<p<1."
  },
  {
    "sec_id": "sec0015",
    "sentence": "Let us also suppose that the rejection or acceptance of a paper does not depend on the rejection or acceptance of any other paper."
  },
  {
    "sec_id": "sec0015",
    "sentence": "Then it follows that the probability of publishing exactly k papers is the geometric distribution(1)Pr(kpublishedpapers|p)=(1\u2212p)kp,(k)=0,1,\u2026"
  },
  {
    "sec_id": "sec0015",
    "sentence": "Let us next suppose that p itself is a random variable."
  },
  {
    "sec_id": "sec0015",
    "sentence": "This could be an expression of uncertainty about the actual value of p in the Bayesian sense, where the uncertainty is expressed as a prior probability density f(p)."
  },
  {
    "sec_id": "sec0015",
    "sentence": "Or, we could think that the author has been allotted p that has been drawn from probability density f(p)."
  },
  {
    "sec_id": "sec0015",
    "sentence": "Now we can compute a new probability of k published papers by averaging, i.e.,(2)Pr(kpublishedpapers)=\u222b01Pr(kpublishedpapers|p)f(p)dp=\u222b01(1\u2212p)kpf(p)dp."
  },
  {
    "sec_id": "sec0015",
    "sentence": "Let us take f(p) as the Beta density with parameters \u03c1>0 and \u03b1>0, i.e,(3)fp\u0393\u03b1+\u03c1\u0393\u03c1\u0393\u03b1p\u03c1\u221211\u2212p\u03b1\u22121where \u0393(z) is the Euler Gamma function."
  },
  {
    "sec_id": "sec0015",
    "sentence": "The (hyper)parameters \u03c1 and \u03b1 can be thought of as kind of virtual frequencies of refusal and acceptance, respectively."
  },
  {
    "sec_id": "sec0015",
    "sentence": "Then a computation using the properties of the Beta integral entails that(4)Pr(kpublishedpapers)=\u03c1\u0393(\u03c1+\u03b1)\u0393(k+\u03b1)\u0393(\u03c1+\u03b1+k+1)\u0393(\u03b1)."
  },
  {
    "sec_id": "sec0015",
    "sentence": "Let \u03b1(r) be the ascending factorial(5)\u03b1(r)=\u03b1\u22c5(\u03b1+1)\u22c5...\u22c5(\u03b1+r\u22121)"
  },
  {
    "sec_id": "sec0015",
    "sentence": "It holds that\u03b1(r)=\u0393(\u03b1+r)\u0393(\u03b1),"
  },
  {
    "sec_id": "sec0015",
    "sentence": "by the well-known recursion formula of the Gamma function, i.e., \u0393(z+1)=z\u0393(z)."
  },
  {
    "sec_id": "sec0015",
    "sentence": "Then we get(6)Pr(kPublishedpapers)=\u03c1\u22c5\u03b1(k)(\u03c1+\u03b1)(k+1),k=0,1,2,...,which is the familiar standard expression of the probability mass function of the Waring distribution ([bib0100]).",
    "intent": ""
  },
  {
    "sec_id": "sec0015",
    "sentence": "The derivation above explains why the Waring distribution is also known as the Beta-geometric distribution ([bib0020]).",
    "intent": "similarities"
  },
  {
    "sec_id": "sec0015",
    "sentence": "The geometric distribution above is a special case (n=1) of the Negative Binomial distribution whose parameters are n, and p."
  },
  {
    "sec_id": "sec0015",
    "sentence": "This would be the distribution of the number of papers published until n of them have been refused (n is fixed in advance, say in the beginning of the period)."
  },
  {
    "sec_id": "sec0015",
    "sentence": "If we average the probability mass function of the Negative Binomial distribution over p with a Beta density as above, we would obtain a so-called generalized Waring distribution as Pr(\u2061kpublishedpapers\u2061) which is further discussed in [bib0100].",
    "intent": "background"
  },
  {
    "sec_id": "sec0015",
    "sentence": "Of course, Pr(\u2061kpublishedpapers\u2061) as given above can be shown to be the equilibrium distribution of the immigration-birth-emigration process, introduced by Gl\u00e4nzel and Schubert in (1984) for modelling of scientific productivity."
  },
  {
    "sec_id": "sec0015",
    "sentence": "This model was later applied to the citation process in [bib0075].",
    "intent": "background"
  },
  {
    "sec_id": "sec0015",
    "sentence": "In the setting of [bib0070] the parameters are coefficients in the linear rates that are proportional to the frequency of authors with published papers.",
    "intent": "background"
  },
  {
    "sec_id": "sec0015",
    "sentence": "This means, in plain words, that success breeds success, or, that there is a cumulative advantage in higher levels of productivity."
  },
  {
    "sec_id": "sec0015",
    "sentence": "The parameter \u03c1 is proportional to the total number of authors and is the rate of external source emitting new authors."
  },
  {
    "sec_id": "sec0015",
    "sentence": "Then it can be shown that the expectation \u03bc of the distribution is(7)\u03bc=\u03b1\u03c1\u22121if\u03c1>1.The condition \u03c1>1 is equivalent to \u03c3>\u03b2, which means that the rate of infusion of new authors is higher than the rate of transfer of authors to higher publication numbers."
  },
  {
    "sec_id": "sec0015",
    "sentence": "Let us now suppose that X is a random variable with the Waring distribution with parameters \u03c1 and \u03b1, i.e.,"
  },
  {
    "sec_id": "sec0015",
    "sentence": "Pr(X\u00a0=\u00a0k)\u00a0=\u00a0p k, k\u00a0=\u00a00,1,2,...with pk as given in (4)."
  },
  {
    "sec_id": "sec0015",
    "sentence": "Then it holds that the truncated expectation of X, E[X|X>k], is given as(8)E[X|X\u2265k]=\u03bc+(k+1)\u22c5\u03bc1,k=1,0,1,...where \u03bc(=E[X|X>\u22121]) is given in [eq0040] and \u03bc1=\u03c1\u03c1\u22121."
  },
  {
    "sec_id": "sec0015",
    "sentence": "This is shown in [bib0080], where it is also shown that the property [eq0045] is a characterization of the Waring distribution, i.e., the Waring distribution has this property, and if [eq0045] is true for a distribution, then it must be a Waring distribution.",
    "intent": "background"
  },
  {
    "sec_id": "sec0015",
    "sentence": "There is an elegant simplified proof of these facts in [bib0060]).",
    "intent": "background"
  },
  {
    "sec_id": "sec0015",
    "sentence": "The Waring probability mass function pk is an example of a power law, since it holds that(9)pk=P(X=k)\u2248k\u2212(1+\u03c1),ask\u2192\u221e.This means that we can call \u03c1 the tail parameter, as it controls the tail of the distribution."
  },
  {
    "sec_id": "sec0015",
    "sentence": "A probabilistic analysis that gives [eq0050] as a special case is specified in [bib0050].",
    "intent": "background uses"
  },
  {
    "sec_id": "sec0015",
    "sentence": "Power-law tails have been observed in the distributions of the sizes of incomes, cities, internet files, biological taxa, and, after the sequencing of genomes, in (size) distributions of molecular parts, see, e.g., [bib0145], [bib0150].",
    "intent": "background"
  },
  {
    "sec_id": "sec0015",
    "sentence": "If it holds exactly that(10)pk=c\u22c5k\u2212\u03b3,where c is the normalizing constant, the probability mass function in [eq0055] is known as Lotka\u2019s Law, and was found by Lotka (1926) as a bibliometric distribution on the number of authors making contributions."
  },
  {
    "sec_id": "sec0015",
    "sentence": "The work by [bib0065] gives a theoretical justification of the law, which arises in many situations even outside bibliometrics.",
    "intent": "background"
  },
  {
    "sec_id": "sec0015",
    "sentence": "A similar law had been earlier found by the economist V."
  },
  {
    "sec_id": "sec0015",
    "sentence": "Pareto, as a frequency of wealth as a function of income category (above a certain bottom level)."
  },
  {
    "sec_id": "sec0015",
    "sentence": "In plain words this means: most success seems to migrate to those people or companies who are already popular."
  },
  {
    "sec_id": "sec0015",
    "sentence": "The well-known birth-and-death processes are a natural source of power law distributions ([bib0145]).",
    "intent": "background"
  },
  {
    "sec_id": "sec0015",
    "sentence": "This was first realized by G.U. Yule, who established a model (a pure birth process) to explain the observed size distribution of genera with respect to the number of species ([bib0205]).",
    "intent": "background"
  },
  {
    "sec_id": "sec0015",
    "sentence": "Yule obtained a special case of the following probability mass function, which was later generalized in [bib0180].(11)pk=\u03b4B(\u03b4+1,k),k=1,2,\u2026,.Here \u03b4>0 is real, B(\u03b4+1,k) is the Beta function, i.e.,(12)B(x,y)=\u0393(x)\u0393(y)\u0393(x+y),where \u0393(\u22c5) is, for z with positive real part, the Euler gamma function.",
    "intent": "background"
  },
  {
    "sec_id": "sec0015",
    "sentence": "It can be checked that if X is a random variable with the Waring distribution with parameters \u03c1 and \u03b1, thenPr(X=k|X>0)\u2192\u03c1B(\u03c1+1,k)as \u03b1\u21920."
  },
  {
    "sec_id": "sec0015",
    "sentence": "The publication productivity data is by its very definition zero-truncated, i.e., as there is no information of those that are not publishing (in a certain period of time)."
  },
  {
    "sec_id": "sec0015",
    "sentence": "But, as is clear from [eq0050], the Waring distribution is not hampered by the truncation, as pointed out by [bib0025].",
    "intent": "background"
  },
  {
    "sec_id": "sec0015",
    "sentence": "In fact the linear expression in [eq0045] gives a way of finding by linear regression against k the estimated intercept \u03bc\u02c6 and this can be used to estimate the frequency of zero via [eq0020] as(13)p0=\u03b1+\u03bc\u02c6\u03b1(\u03bc\u02c6+1)+\u03bc\u02c6if \u03b1 is known or estimated from data."
  },
  {
    "sec_id": "sec0015",
    "sentence": "The problem of estimation of zero-frequency (under a Poisson distribution) from zero-truncated data was first considered by [bib0120].",
    "intent": "background"
  },
  {
    "sec_id": "sec0015",
    "sentence": "McKendrick was considering a case of estimating the number of individuals in an Indian village, who were susceptible to infection but did not develop the symptoms."
  },
  {
    "sec_id": "sec0015",
    "sentence": "He developed a differential equation and solved it to get the negative binomial distribution, from which he obtained the Poisson distribution as a limiting case."
  },
  {
    "sec_id": "sec0015",
    "sentence": "In fact this is related to the Waring distribution, which can be obtained by mixing a negative binomial distribution with a beta distribution with parameters \u03b1 and \u03c1."
  },
  {
    "sec_id": "sec0015",
    "sentence": "McKendrick developed a moment estimator to find the number of individuals susceptible to infection but did not develop the symptoms."
  },
  {
    "sec_id": "sec0015",
    "sentence": "His data contained the number of individuals that did not develop the symptoms, including thus the immune ones."
  },
  {
    "sec_id": "sec0015",
    "sentence": "The work of McKendrick and the development of it by [bib0095] is surveyed and put into a modern framework in [bib0125].",
    "intent": "background"
  },
  {
    "sec_id": "sec0015",
    "sentence": "[bib0035] points out that [bib0105] raised the question of estimating the \u201cpotentially contributory class\u201d (of journals), when discussing Bradford\u2019s work on journal productivity.",
    "intent": "background"
  },
  {
    "sec_id": "sec0020",
    "sentence": "Earlier empirical studies regarding Waring based estimation of the zero-class have been subject to an important shortcoming: lack of precise data sets."
  },
  {
    "sec_id": "sec0020",
    "sentence": "Studies have been performed using truncated distributions, without knowledge of the actual number of zero-frequencies, which has made it difficult to assess the accuracy of the results."
  },
  {
    "sec_id": "sec0020",
    "sentence": "Precise studies of the accuracy of Waring based estimation of the zero-class (non-publishing \u201cauthors\u201d) require known paper frequency distributions that include potential authors."
  },
  {
    "sec_id": "sec0020",
    "sentence": "The construction of such paper frequency data sets is set out below, using statistics on researchers associated with two different Swedish universities."
  },
  {
    "sec_id": "sec0020",
    "sentence": "The distributions created below are based on selections of (ex ante) \u201cpotential authors\u201d, i.e. categories of people that we expect to be publishing research papers."
  },
  {
    "sec_id": "sec0020",
    "sentence": "A number of these selected people will not have been publishing during the selected time period (but possibly in another time period) and will thus form the zero-class of the paper frequency distributions."
  },
  {
    "sec_id": "sec0020",
    "sentence": "It should be noted that the frequency distributions will vary depending on selected categories of people."
  },
  {
    "sec_id": "sec0020",
    "sentence": "For example, if we define potential authors as professors at the universities, the number of non-publishing \u201cauthors\u201d will likely be small."
  },
  {
    "sec_id": "sec0020",
    "sentence": "However, as we include more categories in the potential author definition, the head of the distribution, i.e. the low producing authors, will likely become larger."
  },
  {
    "sec_id": "sec0020",
    "sentence": "Employee data were obtained from two Swedish universities.[fn0010] A selection of ex ante potential authors was made based on the status position of the employments, where professors, researchers, senior lectures and doctoral students were selected."
  },
  {
    "sec_id": "sec0020",
    "sentence": "Two selections of potential authors from the respective universities were hereby obtained, containing 729 and 949 employees."
  },
  {
    "sec_id": "sec0020",
    "sentence": "Publication data pertaining to a fixed period were downloaded for each ex ante potential author from the Web of Science and compiled into a data set, summarizing the number of papers (article, letter and review) associated with each potential author.[fn0015] In addition, the number of \u201cfirst author papers\u201d and \u201creprint papers\u201d (see below) by each author was extracted and listed in [tbl0005]."
  },
  {
    "sec_id": "sec0020",
    "sentence": "Furthermore, a \u201crandom author\u201d was selected from each downloaded paper by randomly selecting a single author from the author list of each paper, resulting in a selection of one author per paper."
  },
  {
    "sec_id": "sec0020",
    "sentence": "The number of randomly selected authorships of each author was added to the table of paper frequencies."
  },
  {
    "sec_id": "sec0020",
    "sentence": "Table 1."
  },
  {
    "sec_id": "sec0020",
    "sentence": "Paper frequencies for two universities and authorship variants."
  },
  {
    "sec_id": "sec0020",
    "sentence": "An author is considered when counting first author papers if listed first among the authors, and for a reprint paper if designated as the corresponding author."
  },
  {
    "sec_id": "sec0020",
    "sentence": "Using this paper as an example, Timo Koski would be considered when counting first author papers, Ulf Sandstr\u00f6m would be considered when counting reprint author papers, whereas Erik Sandstr\u00f6m would only be considered in the all author counting (and possibly the \u201crandom author\u201d counting, in which any one of the three authors could be selected)."
  },
  {
    "sec_id": "sec0020",
    "sentence": "For each university and authorship type (all, random, first and reprint), a paper frequency distribution, i.e. the number of authors having one paper, two papers and so forth, was compiled (see [tbl0005])."
  },
  {
    "sec_id": "sec0020",
    "sentence": "All zero-frequencies were subsequently removed to construct zero-truncated samples on which the estimations could be performed."
  },
  {
    "sec_id": "sec0020",
    "sentence": "The paper frequency distributions constructed above are zero-truncated samples: the zero-class is missing (or in this case, intentionally hidden)."
  },
  {
    "sec_id": "sec0020",
    "sentence": "The objective of the method presented and tested in this paper is to estimate this zero-class and in turn the mean of the non-truncated distribution (the population mean)."
  },
  {
    "sec_id": "sec0020",
    "sentence": "The method is very simple and carried out using the following steps, as set out in [bib0195].1Extraction of the stepwise left truncated sample mean: The mean of the full (zero-truncated) sample was calculated after which all one-frequencies (authors with one paper) were removed (resulting in a one-truncated sample).",
    "intent": "uses"
  },
  {
    "sec_id": "sec0020",
    "sentence": "Subsequently, the one-truncated sample mean was calculated, the two-frequencies removed and so on."
  },
  {
    "sec_id": "sec0020",
    "sentence": "The result is a set of data points where the x-axis range from one (zero-truncated) to the maximum value of the distribution, and the y-axis present increasing values (the calculated means).2Fitting of the straight line: The data points were plotted and a straight line fitted through the points using weighted least square regression."
  },
  {
    "sec_id": "sec0020",
    "sentence": "Weights presented in [bib0195] were applied.",
    "intent": "uses"
  },
  {
    "sec_id": "sec0020",
    "sentence": "The intercept of the fitted line is an estimate of the mean of the non-truncated distribution (the population mean)."
  },
  {
    "sec_id": "sec0020",
    "sentence": "Extraction of the stepwise left truncated sample mean: The mean of the full (zero-truncated) sample was calculated after which all one-frequencies (authors with one paper) were removed (resulting in a one-truncated sample)."
  },
  {
    "sec_id": "sec0020",
    "sentence": "Subsequently, the one-truncated sample mean was calculated, the two-frequencies removed and so on."
  },
  {
    "sec_id": "sec0020",
    "sentence": "The result is a set of data points where the x-axis range from one (zero-truncated) to the maximum value of the distribution, and the y-axis present increasing values (the calculated means)."
  },
  {
    "sec_id": "sec0020",
    "sentence": "Fitting of the straight line: The data points were plotted and a straight line fitted through the points using weighted least square regression."
  },
  {
    "sec_id": "sec0020",
    "sentence": "Weights presented in [bib0195] were applied.",
    "intent": "uses"
  },
  {
    "sec_id": "sec0020",
    "sentence": "The intercept of the fitted line is an estimate of the mean of the non-truncated distribution (the population mean)."
  },
  {
    "sec_id": "sec0020",
    "sentence": "The estimation presented above may be further simplified and calculated only based on the sample mean, the total number of frequencies and the fraction of one-frequencies ([bib0030], [bib0175]).",
    "intent": "uses"
  },
  {
    "sec_id": "sec0020",
    "sentence": "Using this method, estimation of the mean of the non-truncated Waring distribution \u03bc can be carried out using the following formula:(14)\u03bc=SS(1\u2212f)/[x(1\u2212f)+f(1\u2212x)]where S is the total number of papers, x is the average number of papers per author and f is the fraction of authors with exactly one paper."
  },
  {
    "sec_id": "sec0020",
    "sentence": "For each constructed zero-truncated distribution, the population means were estimated using the Waring approach."
  },
  {
    "sec_id": "sec0020",
    "sentence": "The results of the estimations and the actual population means are presented in [tbl0010]."
  },
  {
    "sec_id": "sec0020",
    "sentence": "Table 2."
  },
  {
    "sec_id": "sec0020",
    "sentence": "Comparison between actual numbers and Waring estimates."
  },
  {
    "sec_id": "sec0020",
    "sentence": "The estimated values are for the most part very good."
  },
  {
    "sec_id": "sec0020",
    "sentence": "In many cases the estimates are within a 10 % margin from the expected values."
  },
  {
    "sec_id": "sec0020",
    "sentence": "Only in a few cases the estimates are considerably far from the expected values (>20 %)."
  },
  {
    "sec_id": "sec0020",
    "sentence": "The Simplified Waring estimation performs on par with the full version."
  },
  {
    "sec_id": "sec0020",
    "sentence": "The results above indicate that Waring based estimation of the zero-class in general produce good results."
  },
  {
    "sec_id": "sec0020",
    "sentence": "A concern is, however, that the estimates will be very sensitive to small variations in the sample, i.e. that the reliability of the estimates will be low."
  },
  {
    "sec_id": "sec0020",
    "sentence": "That is certainly the case in the estimates provided above since they are based on relatively small samples (\u223c500\u20131000 authors)."
  },
  {
    "sec_id": "sec0020",
    "sentence": "But if we do not need to know the zero-class, larger samples can easily be created."
  },
  {
    "sec_id": "sec0020",
    "sentence": "In the following section, the reliability of the estimates is studied using larger samples."
  },
  {
    "sec_id": "sec0020",
    "sentence": "The potential author data sets outlined above provide a full population of paper frequencies, including the zero-class."
  },
  {
    "sec_id": "sec0020",
    "sentence": "This provides for detailed comparisons of expected and estimated population means."
  },
  {
    "sec_id": "sec0020",
    "sentence": "However, the data sets are rather small and the estimates can therefore be expected to be unstable."
  },
  {
    "sec_id": "sec0020",
    "sentence": "To study the confidence interval of estimates on a larger sample, further data sets has been compiled."
  },
  {
    "sec_id": "sec0020",
    "sentence": "From the Web of Science, papers with Nordic (excluding Iceland) addresses published between 2003 and 2006 were downloaded."
  },
  {
    "sec_id": "sec0020",
    "sentence": "A selection of authors was obtained by extracting \u201cfirst authors\u201d (see above) from the downloaded papers and connecting these to the designed addresses."
  },
  {
    "sec_id": "sec0020",
    "sentence": "Authors with non-Nordic (or Icelandic) addresses were removed."
  },
  {
    "sec_id": "sec0020",
    "sentence": "The restriction to first authors was necessary since other authors, in the case of collaborative papers, could not be associated with specific addresses.[fn0020]"
  },
  {
    "sec_id": "sec0020",
    "sentence": "The names of the selected set of author fractions were manually adjusted to distinguish between homonyms and to harmonize author fractions relating to the same person.[fn0025] The number of first authorships of each distinctive author represented in the data were extracted and compiled into a table."
  },
  {
    "sec_id": "sec0020",
    "sentence": "Each paper was designated to one of seven \u201cfields\u201d based on the classification of Web of Science subject categories proposed by [bib0210].",
    "intent": "uses"
  },
  {
    "sec_id": "sec0020",
    "sentence": "Following this, each distinctive author was designated to the field where the author had most papers."
  },
  {
    "sec_id": "sec0020",
    "sentence": "In cases where the number of papers was equal for two fields, one field was randomly selected."
  },
  {
    "sec_id": "sec0020",
    "sentence": "For each field, a paper frequency distribution, i.e. the number of authors having one paper, two papers and so forth, was compiled ([tbl0015])."
  },
  {
    "sec_id": "sec0020",
    "sentence": "The number of potential authors (authors with zero papers) in the selected time period is not known."
  },
  {
    "sec_id": "sec0020",
    "sentence": "Hence, the distributions are zero-truncated."
  },
  {
    "sec_id": "sec0020",
    "sentence": "Table 3."
  },
  {
    "sec_id": "sec0020",
    "sentence": "Paper frequency distributions for seven fields of science."
  },
  {
    "sec_id": "sec0020",
    "sentence": "[1] Agriculture & Food Science; [2] Biology, Environmental Science & Geography; [3] Chemistry, Physics & Engineering; [4] Computer Science & Mathematics; [5] Life Science & Medical Science; [6] Psychology & Education; [7] Sociology, Economics & Political Science."
  },
  {
    "sec_id": "sec0020",
    "sentence": "[1] Agriculture & Food Science; [2] Biology, Environmental Science & Geography; [3] Chemistry, Physics & Engineering; [4] Computer Science & Mathematics; [5] Life Science & Medical Science; [6] Psychology & Education; [7] Sociology, Economics & Political Science."
  },
  {
    "sec_id": "sec0020",
    "sentence": "An indication of the \u201cgoodness-of-fit\u201d of the Waring distribution is given by the correlation coefficient of the regression line through the truncated means ([bib0195]).[fn0030] Five of the seven distributions above yield correlation coefficients above 0.99 and the other two yield values of 0.988 (Computer\u2026) and 0.975 (Sociology\u2026).",
    "intent": "background"
  },
  {
    "sec_id": "sec0020",
    "sentence": "This indicates a good fit."
  },
  {
    "sec_id": "sec0020",
    "sentence": "In several simple applications of statistical methods to data, the uncertainty of an estimate may be assessed by a mathematical calculation based on an assumed probability model for the available data."
  },
  {
    "sec_id": "sec0020",
    "sentence": "In more complex situations the mathematical analysis may be time consuming and difficult, and may require additional simplifications that make the results unreliable."
  },
  {
    "sec_id": "sec0020",
    "sentence": "Bootstrap is a well-established method for obtaining reliable standard errors and confidence intervals for estimates of interest ([bib0055]).",
    "intent": "background"
  },
  {
    "sec_id": "sec0020",
    "sentence": "The main idea is to resample from the original data and thus create replicate data sets from which the variability of the estimate can be inferred without analytic calculation."
  },
  {
    "sec_id": "sec0020",
    "sentence": "With regard to the Waring model of scientific productivity we want basically to estimate the parameter \u03bc, which is the mean of the non-truncated Waring distribution using the linear representation (13) from the above, i.e.,ys=\u03bc+s\u22c5\u03bc1+es,s=0,1,\u2026,smaxwhere ys is the left truncated sample mean i.e., an estimate of E[X|X\u2265s], smax is the maximum value of the publications in data and es are respective random deviations (or residuals) of ys from the \u2018true' regression line."
  },
  {
    "sec_id": "sec0020",
    "sentence": "Then by fitting of a straight line by weighted least squares, as described above, we may estimate the intercept \u03bc and the regression coefficient\u03bc1."
  },
  {
    "sec_id": "sec0020",
    "sentence": "The question is to obtain a figure of the uncertainty of the estimate\u03bc."
  },
  {
    "sec_id": "sec0020",
    "sentence": "There seems to be no immediate analytic procedure for assessment of this uncertainty, as, in particular, we should perhaps not assume the homoscedasticity and independence of the residuals."
  },
  {
    "sec_id": "sec0020",
    "sentence": "A bootstrap technique for this is to resample, say B times, the authorship data (described above) thus creating a replicate authorship data."
  },
  {
    "sec_id": "sec0020",
    "sentence": "For each replicate data set one calculates the regression line obtaining \u03bc1\u2026.\u03bc2 from which one can calculate the empirical distribution of the estimate of the intercept its bootstrap mean, bootstrap standard deviation and find fractals to compute a bootstrap confidence interval for the intercept."
  },
  {
    "sec_id": "sec0020",
    "sentence": "The bootstrap method was applied to calculate confidence intervals for estimates of papers per researcher in each field set out in [tbl0010]."
  },
  {
    "sec_id": "sec0020",
    "sentence": "The estimations were carried out using the simplified Waring estimation (14)."
  },
  {
    "sec_id": "sec0020",
    "sentence": "The results are presented in [fig0005]."
  },
  {
    "sec_id": "sec0020",
    "sentence": "The stability of the estimates would be acceptable for a wide range of applications."
  },
  {
    "sec_id": "sec0020",
    "sentence": "Except for \u201cSociology, Economics & Political Science\u201d, the confidence intervals are in the range of \u00b14\u20138%."
  },
  {
    "sec_id": "sec0020",
    "sentence": "Moreover, the differences between the fields are most often significant."
  },
  {
    "sec_id": "sec0020",
    "sentence": "The results further indicate that Waring based estimation of productivity (papers per researcher) can be used for field comparisons, although some additional improvements (e.g. larger data sets and more homogenous field delineations) would certainly be desirable."
  },
  {
    "sec_id": "sec0070",
    "sentence": "There are several applications areas of the outlined methodology, but the first and foremost would be to handle the productivity problem discussed above."
  },
  {
    "sec_id": "sec0070",
    "sentence": "The methodology can be used to produce field normalized production values per macro field, which could be larger or smaller areas depending on the area of application."
  },
  {
    "sec_id": "sec0070",
    "sentence": "[bib0155], [bib0160], [bib0165], [bib0170] introduced the Waring method for such an exercise based on the Nordic (excluding Iceland) countries when they calculated Field Adjusted Production (FAP) values for Swedish (and Australian) universities.",
    "intent": "background"
  },
  {
    "sec_id": "sec0070",
    "sentence": "Most academic studies have kept away from institutional or organisational productivity comparisons because of the methodological problems involved."
  },
  {
    "sec_id": "sec0070",
    "sentence": "However, several of these problems are discussed and accounted for in papers by [bib0005] and [bib0015].",
    "intent": "background"
  },
  {
    "sec_id": "sec0070",
    "sentence": "The Italian group states that although it might be tempting to \u201csimply divide aggregate output values by aggregate input values\u201d, such a procedure would be fundamentally and seriously flawed."
  },
  {
    "sec_id": "sec0070",
    "sentence": "The reason is quite obvious: a varying intensity of papers and a varying specialization over disciplines between institutions (and countries)."
  },
  {
    "sec_id": "sec0070",
    "sentence": "Abramo and his colleagues contend that most of the country studies using bibliometric data fail in this respect."
  },
  {
    "sec_id": "sec0070",
    "sentence": "It is well known that medical researchers tend to produce more, often shorter papers where methodology and prior knowledge is codified in citations; and engineering scientists produce less frequently and have fewer cross-references ([bib0135]).",
    "intent": "background"
  },
  {
    "sec_id": "sec0070",
    "sentence": "These field differences affect both citation rates and mean number of papers per author, and the differences are to some extent explained by shifting coverage of fields in the Web of Science database."
  },
  {
    "sec_id": "sec0070",
    "sentence": "Not even methodologically sophisticated scholars as [bib0115], take the different specialization patterns into consideration when they employ an input-output analysis on the basis of cost per publication and country.",
    "intent": "background"
  },
  {
    "sec_id": "sec0070",
    "sentence": "New rankings of universities, as the Shanghai ranking, do not take these differences into account."
  },
  {
    "sec_id": "sec0070",
    "sentence": "Also the Leiden ranking ([bib0040][bib0040]) fails on this specific point.",
    "intent": "background"
  },
  {
    "sec_id": "sec0070",
    "sentence": "Through multiplication of relative citations by number of papers, universities active in the medical areas receive higher rankings, given the same citation performance, due to more frequent publishing."
  },
  {
    "sec_id": "sec0070",
    "sentence": "The attempt to solve the methodological issues of counting of papers with a normalisation procedure \u2013 Field Adjusted Production (FAP) \u2013 includes several crucial steps."
  },
  {
    "sec_id": "sec0070",
    "sentence": "One first step is to delineate a geographical area in which the relations of production within the academic sector are about the same."
  },
  {
    "sec_id": "sec0070",
    "sentence": "That could be West-Europe, Great Britain, Central Europe or Latin Europe."
  },
  {
    "sec_id": "sec0070",
    "sentence": "Reference values for all Swedish, Finnish, Danish and Norwegian universities were used in the first FAP application that was used by the Swedish government for redistribution of floor funding to universities."
  },
  {
    "sec_id": "sec0070",
    "sentence": "Field delineation is an important issue."
  },
  {
    "sec_id": "sec0070",
    "sentence": "For citations the Web of Science subject categories are used, but these 250 categories create too small samples when Nordic (excluding Iceland) authors are used to create productivity data."
  },
  {
    "sec_id": "sec0070",
    "sentence": "There are several alternative ways of producing macro classes (e.g. Thomson ESI field categories)."
  },
  {
    "sec_id": "sec0070",
    "sentence": "The methodology described in Section [sec0020] above was used to establish reference values based on all Swedish, Finnish, Danish and Norwegian universities."
  },
  {
    "sec_id": "sec0070",
    "sentence": "By dividing each paper fraction[fn0035] of a university (or country, research group, etc) with the relevant reference value for that paper, we obtain the relative quantity of production performed by the university."
  },
  {
    "sec_id": "sec0070",
    "sentence": "This indicator is called the \u201cField Adjusted Production (FAP)\u201d."
  },
  {
    "sec_id": "sec0070",
    "sentence": "Then, simply by multiplying the production values by some citation values, e.g. field-normalized citation scores, it is possible to establish a combined value incorporating production and \u201cquality\u201d."
  },
  {
    "sec_id": "sec0070",
    "sentence": "Such multiplication should be carried out on the paper (fraction) level to ensure that each paper is given a relevant weight also in the \u201cquality\u201d indicator (see comments on citation averages below)."
  },
  {
    "sec_id": "sec0070",
    "sentence": "The advantage of this method is that units are made comparable although they have their main activities in separate fields of science."
  },
  {
    "sec_id": "sec0070",
    "sentence": "The methodology described above also includes a new view on weighted citation averages that makes it possible to account for and give reasonable weight to those fields that have an average paper production which is considerably lower than other areas."
  },
  {
    "sec_id": "sec0070",
    "sentence": "Traditionally, when calculating a (field normalized) citation score using fractional counting, each paper is given an aggregate weight of one (1), which weight is split between authors or organisations depending on level of fractionalisation."
  },
  {
    "sec_id": "sec0070",
    "sentence": "Hence, when calculating the (field normalized) citation score of a university, the university\u2019s papers in social science has been given the same weight per paper as the university\u2019s papers in chemistry."
  },
  {
    "sec_id": "sec0070",
    "sentence": "However, since the paper productivity is very different in social science and chemistry (as apparent from the results presented above), such calculation would give too much weight to the chemistry papers and the citation score of the university would be unjustifiably based on the score of the chemistry papers."
  },
  {
    "sec_id": "sec0070",
    "sentence": "Note that this applies even though the citation values are properly field normalized and proper author/organisation fractionalisation is used."
  },
  {
    "sec_id": "sec0070",
    "sentence": "Therefore, the traditional (field normalized) citation scores, such as the scores in the Leiden ranking, are misrepresentative when applied to units (e.g. universities) that include several fields of science: they overestimate the weight of research fields with high paper production and underestimate the weight of research fields with low paper production."
  },
  {
    "sec_id": "sec0070",
    "sentence": "This discussion is remotely related to the discussion on fractional counting methods."
  },
  {
    "sec_id": "sec0070",
    "sentence": "In their article [bib0200] state that when field normalisation is applied it has to be accompanied by a proper method for fractional counting.",
    "intent": "background"
  },
  {
    "sec_id": "sec0070",
    "sentence": "Although the authors account for most of the problems with counting they miss the mentioned important aspect."
  },
  {
    "sec_id": "sec0070",
    "sentence": "Even if we count only fractions of papers the production of article shares is higher in natural and medical science and compared to humanities and soft social sciences."
  },
  {
    "sec_id": "sec0070",
    "sentence": "How to handle that problem?"
  },
  {
    "sec_id": "sec0070",
    "sentence": "Waring weighted citations averages makes organisational units comparable as this procedure gives humanities and soft social sciences a weight that puts the activities in these areas in line with its financial and scientific importance for the respective universities."
  },
  {
    "sec_id": "sec0070",
    "sentence": "The range of methodologies applied here can also be the rational for a ranking and measurement of all universities within a country if there is interest for applying a performance based research funding model."
  },
  {
    "sec_id": "sec0070",
    "sentence": "The range of methodologies applied here has also been the ground for the so called Swedish Model (as an alternative to the Norwegian Model for publication counting)."
  },
  {
    "sec_id": "sec0070",
    "sentence": "This model has been used for a performance based research funding of direct resources (institutional funding or floor funding) from the State to universities and university colleges since 2009 and is in 2016 still in operation, but under discussion partly due to resistance from the soft sciences, partly due to the complexity of the method which seems to be hard do understand for politicians as well as for those academics involved in the policy discussion (c.f. [bib0090], [bib0140]).",
    "intent": "background"
  },
  {
    "sec_id": "sec0090",
    "sentence": "The results presented in this paper indicate that Waring based estimation of the zero-class of a zero-truncated paper frequency distribution (and estimates of publications per researcher based thereon) bear real significance and that the estimates are reasonably stable (given a sufficiently large data set)."
  },
  {
    "sec_id": "sec0090",
    "sentence": "We are convinced that the ability to perform this type of estimates will be the key to more advanced measures of productivity (e.g. field normalized)."
  },
  {
    "sec_id": "sec0090",
    "sentence": "Consequently, it is our intention to inspire further methodological development on estimates based on publication frequencies."
  },
  {
    "sec_id": "sec0090",
    "sentence": "We welcome suggestions of how to improve the Waring model as well as suggestions of alternative methods for the estimation of mathematical probability."
  },
  {
    "sec_id": "sec0095",
    "sentence": "Conceived and designed the analysis: Timo Koski, Erik Sandstr\u00f6m and Ulf Sandstr\u00f6m."
  },
  {
    "sec_id": "sec0095",
    "sentence": "Collected the data: Ulf Sandstr\u00f6m."
  },
  {
    "sec_id": "sec0095",
    "sentence": "Contributed data or analysis tools: Erik Sandstr\u00f6m."
  },
  {
    "sec_id": "sec0095",
    "sentence": "Performed the analysis (performed the statistical analysis): Erik Sandstr\u00f6m."
  },
  {
    "sec_id": "sec0095",
    "sentence": "Wrote the paper (concerns the mathematical parts of the paper): Timo Koski, Erik Sandstr\u00f6m and Ulf Sandstr\u00f6m."
  }
]