[
  {
    "sec_id": "sec0005",
    "sentence": "Journals, authors, departments and universities are sometimes evaluated with the aid of indicators derived from citation counts, such as the Journal Impact Factor (JIF) ([bib0050]), the h-index ([bib0070]) or the Mean Normalized Citation Score (MNCS) ([bib0180]).",
    "intent": "background"
  },
  {
    "sec_id": "sec0005",
    "sentence": "The appropriateness of any indicator depends upon the properties of the data on which it is based ([bib0185]).",
    "intent": "background"
  },
  {
    "sec_id": "sec0005",
    "sentence": "For example, the JIF is imprecise because sets of citation counts are highly skewed and its calculation uses the arithmetic mean, which is inappropriate for skewed data sets \u2212 the geometric mean is a better option ([bib0150], [bib0200]).",
    "intent": "background"
  },
  {
    "sec_id": "sec0005",
    "sentence": "Knowledge about the statistical distribution that best fits citation data can also aid theoretical understanding of how citations accrue in order to give context to interpretations of scores."
  },
  {
    "sec_id": "sec0005",
    "sentence": "This is important because the straightforward explanation that citations reflect relevant contributions from prior work ([bib0110]) is not the full truth.",
    "intent": "background"
  },
  {
    "sec_id": "sec0005",
    "sentence": "Citations are affected by factors that are apparently unrelated to the quality of the cited work, such as the number of prior citations ([bib0115]) as well as the nationality of the authors in collaborations ([bib0065]), and document-based properties, such as the readability of the abstract ([bib0055]).",
    "intent": "background"
  },
  {
    "sec_id": "sec0005",
    "sentence": "Identifying the influence of such factors requires, at least in part, a statistical approach in order to detect tendencies that may not be evident in individual articles ([bib0030], [bib0125]).",
    "intent": "background"
  },
  {
    "sec_id": "sec0005",
    "sentence": "For this, identifying the most appropriate statistical distribution is essential because analyses that use incorrect distributions can reach unjustified conclusions ([bib0165], [bib0160]).",
    "intent": "background"
  },
  {
    "sec_id": "sec0005",
    "sentence": "It is impossible to logically or empirically prove that any given statistical distribution fits citation counts perfectly, which is a generic issue with mathematical models of real data (e.g., [bib0015]).",
    "intent": "background"
  },
  {
    "sec_id": "sec0005",
    "sentence": "Nevertheless, researchers can assess whether a distribution fits citation counts reasonably well and can also compare two or more distributions to check which fits best."
  },
  {
    "sec_id": "sec0005",
    "sentence": "Although some such attempts exclude articles with few citations and have found that the remaining articles fit single parameter distributions well, such as the power law and the Yule-Simon process ([bib0010]; [bib0025]), this does not help citation analysis in practice because uncited and low-cited articles are rarely completely ignored by citation-based indicators (the h-index is an exception).",
    "intent": "background"
  },
  {
    "sec_id": "sec0005",
    "sentence": "When including low cited articles and uncited articles, the shifted/hooked power law (for background see: [bib0130]) and discretised lognormal distributions (for continuous lognormal background see: [bib0090]) fit substantially better ([bib0035]; [bib0040]; [bib0135]; [bib0165]; [bib0155]) and the lognormal distribution seems to have the wrong shape for subject categories ([bib0170]).",
    "intent": "background"
  },
  {
    "sec_id": "sec0005",
    "sentence": "The negative binomial distribution has also been suggested but does not fit as well as the hooked power law and discretised lognormal distributions ([bib0100]).",
    "intent": "background"
  },
  {
    "sec_id": "sec0005",
    "sentence": "Stopped sum models have been found to fit better on some data sets but have parameter estimation problems ([bib0100]), as does the hooked power law in a minority of cases.",
    "intent": "background"
  },
  {
    "sec_id": "sec0005",
    "sentence": "Models have also been proposed for predicting the growth of citations over time ([bib0195]; [bib0190]), with one suggesting that the lognormal may not be appropriate for individual articles with a long term total citation count above 8.5 ([bib0185]).",
    "intent": "background"
  },
  {
    "sec_id": "sec0005",
    "sentence": "Although the hooked power law and discretised lognormal distribution seem to be the best distributions found so far for citation analysis, in terms of their fit to citation data and (relative) robustness of parameter estimation, each is preferable to the other in some subject areas but not in others."
  },
  {
    "sec_id": "sec0005",
    "sentence": "If uncited articles are excluded, then the hooked power law fits better than the discretised lognormal for 15 of out 20 varied Scopus categories for journal articles from 2004 ([bib0155]).",
    "intent": "differences"
  },
  {
    "sec_id": "sec0005",
    "sentence": "If no articles are excluded then a similar conclusion holds: the hooked power law is a better fit than the discretised lognormal for 22 out of 26 varied Scopus categories for journal articles from 2009, although the discretised lognormal fits better than the hooked power law for a larger percentage of categories for more recent articles ([bib0165]).",
    "intent": "background"
  },
  {
    "sec_id": "sec0005",
    "sentence": "The hooked power law has been found to fit better than the discretised lognormal for a set of ten physics journals, using different subsets of articles from 1950 to 2008 ([bib0035]).",
    "intent": "differences"
  },
  {
    "sec_id": "sec0005",
    "sentence": "The (not discretised) lognormal has also been shown to fit articles from 20 different Web of Science subject categories reasonably well ([bib0135]).",
    "intent": "background"
  },
  {
    "sec_id": "sec0005",
    "sentence": "A limitation of the first two studies is that Scopus subject categories can include journals with very different specialisms within a field and if any of these specialisms have different citation properties then the overall subject category citation distribution will be impure."
  },
  {
    "sec_id": "sec0005",
    "sentence": "The third study investigated only one subject area, physics, and the fourth did not compare the hooked power law with the lognormal distribution."
  },
  {
    "sec_id": "sec0005",
    "sentence": "A logical way around the problem of impure subject categories is to select single journals rather than entire subject categories."
  },
  {
    "sec_id": "sec0005",
    "sentence": "Non-general journals often target a specific field and hence should have a narrower focus than collections of journals within a subject."
  },
  {
    "sec_id": "sec0005",
    "sentence": "Some studies have adopted this strategy (e.g., using Physical Review D: [bib0140]), but none have compared the discretised lognormal with the hooked power law without excluding low cited articles.",
    "intent": "background"
  },
  {
    "sec_id": "sec0005",
    "sentence": "Moreover, larger scale systematic studies across disciplines (e.g., not restricted to physics) are needed to make general conclusions possible."
  },
  {
    "sec_id": "sec0005",
    "sentence": "This study fills this gap by analysing a set of 50 different large non-general journals to see whether there is evidence that one of the two models tends to fit these purer distributions better than the other."
  },
  {
    "sec_id": "sec0005",
    "sentence": "This would give evidence that the better fitting distribution is the pure distribution whereas the other may only fit subject categories that are impure."
  },
  {
    "sec_id": "sec0005",
    "sentence": "Large amounts of data are needed to get accurate fits of statistical models and so the 50 non-general journals with the most articles indexed in Scopus were selected."
  },
  {
    "sec_id": "sec0005",
    "sentence": "The research question is therefore the following.\u2022RQ: Which out of the hooked power law and the discretised lognormal distribution is the best fitting for sets of citation counts from articles published in large non-general journals?"
  },
  {
    "sec_id": "sec0005",
    "sentence": "RQ: Which out of the hooked power law and the discretised lognormal distribution is the best fitting for sets of citation counts from articles published in large non-general journals?"
  },
  {
    "sec_id": "sec0005",
    "sentence": "This article uses a similar main strategy to a previous paper ([bib0170]) but uses a new and different type of data set (journals rather than subject categories), has an improved method for fitting the hooked power law, and reaches different conclusions.",
    "intent": "extends similarities differences"
  },
  {
    "sec_id": "sec0010",
    "sentence": "To identify the journals with the most articles in Scopus, the query PUBYEAR IS 2006 AND DOCTYPE(ar) was run to match all journal articles from 2006."
  },
  {
    "sec_id": "sec0010",
    "sentence": "The year 2006 was chosen to give a decade to attract citations so that the citation distribution should be mature and there should not be a substantial difference between articles published early in the year compared with articles published late in the year."
  },
  {
    "sec_id": "sec0010",
    "sentence": "Scopus was selected in preference to the Web of Science for its larger coverage of academic literature ([bib0085]; [bib0080]; [bib0120]).",
    "intent": "background"
  },
  {
    "sec_id": "sec0010",
    "sentence": "The Refine option was then used to identify the 50 titles with the most matching articles."
  },
  {
    "sec_id": "sec0010",
    "sentence": "One conference proceedings (IEEE Engineering in Medicine and Biology Society Conference) was rejected and replaced with the next largest journal."
  },
  {
    "sec_id": "sec0010",
    "sentence": "Although two publications were magazines rather than traditional academic journals (Jane\u2019s magazines) they were not classified as such in Scopus and were retained in order to include a contrasting type of publication."
  },
  {
    "sec_id": "sec0010",
    "sentence": "None had to be excluded for being generalist (e.g., Nature, Science or PLoS ONE)."
  },
  {
    "sec_id": "sec0010",
    "sentence": "A complete list of journals and their Scopus categories is given in [sec0050]."
  },
  {
    "sec_id": "sec0010",
    "sentence": "The citation counts for all records of type article were extracted for each journal for 2006 from Scopus on 27\u201329 January 2016."
  },
  {
    "sec_id": "sec0010",
    "sentence": "The probability mass function of the hooked power law is:h(n)=(B+n)\u2212\u03b1/\u2211n=1\u221e(B+n)\u2212\u03b1"
  },
  {
    "sec_id": "sec0010",
    "sentence": "with free parameters \u03b1 and B."
  },
  {
    "sec_id": "sec0010",
    "sentence": "The hooked power law is a discrete version of the Lomax distribution ([bib0095]), which is a special case of the Pareto type II distribution ([bib0020]) and so it is reasonably well-known in its continuous form.",
    "intent": "background"
  },
  {
    "sec_id": "sec0010",
    "sentence": "The probability density function of the continuous lognormal distribution is:c(x)=1x\u03c32\u03c0e\u2212(ln(x)\u2212\u03bc)22\u03c32"
  },
  {
    "sec_id": "sec0010",
    "sentence": "with scale parameter \u03bc and location parameter \u03c3."
  },
  {
    "sec_id": "sec0010",
    "sentence": "These are the mean and standard deviation of the natural log of the distribution (Limpert, Stahel, & Abbt, 2001)."
  },
  {
    "sec_id": "sec0010",
    "sentence": "The probability mass function of the discretised lognormal distribution is:d(n)=\u222bn\u22120.5n+0.5c(x)dx/\u222b0.5\u221ec(x)dx"
  },
  {
    "sec_id": "sec0010",
    "sentence": "Before fitting any distributions, 1 was added to all citation counts so that the discretised lognormal distribution could be fitted to the complete data sets."
  },
  {
    "sec_id": "sec0010",
    "sentence": "It makes no difference to the hooked power law, except for altering the value of the B parameter by 1."
  },
  {
    "sec_id": "sec0010",
    "sentence": "The discretised lognormal was fitted using the R powerRlaw package ([bib0060]) and the hooked power law was fitted using an extended version of previously-written R code ([bib0155]) \u2013 see below for details of the extension.",
    "intent": "uses extends"
  },
  {
    "sec_id": "sec0010",
    "sentence": "The fit of the two distributions was compared using the log-likelihood, with the highest value indicating the better fit."
  },
  {
    "sec_id": "sec0010",
    "sentence": "This is equivalent to the standard AIC test ([bib0005]) because the models have the same number of free parameters (two each).",
    "intent": "similarities"
  },
  {
    "sec_id": "sec0010",
    "sentence": "With the log-likelihood approach, the best model is the one that gives the highest probability of generating the dataset."
  },
  {
    "sec_id": "sec0010",
    "sentence": "The statistical significance of the difference in fits between the two models was assessed with the Vuong test ([bib0175]), which also uses the log-likelihood approach and is appropriate because the distributions are non-nested.",
    "intent": "uses"
  },
  {
    "sec_id": "sec0010",
    "sentence": "An alternative way of testing the fit of a distribution to a dataset is to compare the empirical cumulative distribution function with the theoretical cumulative distribution function of the model."
  },
  {
    "sec_id": "sec0010",
    "sentence": "Fitted distributions were compared to the empirical data through plots of their cumulative distributions on a common graph."
  },
  {
    "sec_id": "sec0010",
    "sentence": "Although visual examinations of Q-Q plots are the standard technique for such comparisons, cumulative distribution functions have the advantage for discrete data that important values (such as 1) are clearly distinguished."
  },
  {
    "sec_id": "sec0010",
    "sentence": "They are also easier for non-experts to interpret."
  },
  {
    "sec_id": "sec0010",
    "sentence": "Visual comparisons are useful to check for unusual patterns in model fits."
  },
  {
    "sec_id": "sec0010",
    "sentence": "This approach allows systematic differences in shape between the empirical and model distributions to be identified."
  },
  {
    "sec_id": "sec0010",
    "sentence": "The discovery of any such patterns would be stronger evidence than a goodness of fit test that a distribution did not have the correct shape to fully describe a data source."
  },
  {
    "sec_id": "sec0010",
    "sentence": "This is because systematic differences in shape suggest that the problem is not just size of random factors within the data but that the process producing the data has inherent properties that the distribution cannot model."
  },
  {
    "sec_id": "sec0010",
    "sentence": "Since there are many fits to check (100), following an initial visual check (not shown) the following heuristic was generated to automatically check them in a way that simulated, but made systematic, visual comparisons."
  },
  {
    "sec_id": "sec0010",
    "sentence": "In order to automatically test for differences between the empirical and theoretical cumulative distributions, four non-overlapping intervals were generated and the maximum magnitude of the difference between the empirical and theoretical distribution calculated within each interval."
  },
  {
    "sec_id": "sec0010",
    "sentence": "Four intervals were chosen because the initial visual examination suggested that this number would illustrate systematic differences in shape most clearly."
  },
  {
    "sec_id": "sec0010",
    "sentence": "Exact quantiles cannot be calculated for discrete data and so an alternative method was devised to generate four segments."
  },
  {
    "sec_id": "sec0010",
    "sentence": "For this method, the intervals were calculated to be approximately equally spaced on a logarithmic scale."
  },
  {
    "sec_id": "sec0010",
    "sentence": "For each journal, the interval starting point was set at 1 (i.e., ln(1+0)for uncited articles) and the ending point was set at ln(1+nmax), where nmaxis the maximum citation count for the journal."
  },
  {
    "sec_id": "sec0010",
    "sentence": "The intervals were then set to be equally spaced on the logarithmic scale, with the starting point rounded up and the ending point rounded down to avoid overlaps between intervals."
  },
  {
    "sec_id": "sec0010",
    "sentence": "The equal spacing was assigned on the logarithmic scale rather than for the original citation counts because this better captures the key shape changes in the distributions."
  },
  {
    "sec_id": "sec0010",
    "sentence": "See [sec0045] for steps taken to maximise the accuracy of the parameters when fitting the hooked power law distribution."
  },
  {
    "sec_id": "sec0025",
    "sentence": "For the complete data set, not all of the hooked power law fits converged ([tbl0005]), with 9 out of 50 reaching the 10k limit for \u03b1 set in the system to constrain the calculation time (see [sec0045])."
  },
  {
    "sec_id": "sec0025",
    "sentence": "All except one of these had large negative Vuong z scores, suggesting that even after convergence they would be likely to fit the lognormal better than the hooked power law."
  },
  {
    "sec_id": "sec0025",
    "sentence": "The remaining journal, Jane\u2019s Defence Industry, may change to give a significant Vuong test for the hooked power law after convergence."
  },
  {
    "sec_id": "sec0025",
    "sentence": "To check that the 10k \u03b1 limit was unlikely to alter the Vuong test result in most cases, the model fitting was repeated with an \u03b1 limit 100 times smaller, at 10."
  },
  {
    "sec_id": "sec0025",
    "sentence": "The difference in log-likelihoods in all except two cases were less than 20% of the difference between the log-likelihoods of the hooked power law and discretised lognormal distributions (see the online supplement cited in [sec0050])."
  },
  {
    "sec_id": "sec0025",
    "sentence": "This suggests that even enormously larger \u03b1 values would not eliminate, or even substantially reduce, the difference between the hooked power law and discretised lognormal log-likelihood values."
  },
  {
    "sec_id": "sec0025",
    "sentence": "The two exceptions are the two magazines in the collection."
  },
  {
    "sec_id": "sec0025",
    "sentence": "Thus, the 10k \u03b1 limit probably did not influence the overall results, except perhaps for the two magazines."
  },
  {
    "sec_id": "sec0025",
    "sentence": "Table 1."
  },
  {
    "sec_id": "sec0025",
    "sentence": "Hooked power law and lognormal distributions fitted to counts of citations to articles from 2006 in the selected 50 large journals."
  },
  {
    "sec_id": "sec0025",
    "sentence": "Overall the discretised lognormal fits the data statistically better than the hooked power law for most (36) journals and the reverse is not true for any journals in the data set because the difference in fits are not statistically significant for the remaining 14 journals."
  },
  {
    "sec_id": "sec0025",
    "sentence": "This is strong evidence that the discretised lognormal is a better fit for relatively pure collections of articles."
  },
  {
    "sec_id": "sec0025",
    "sentence": "The shape of the fitted discretised lognormal distribution seems very close to the shape of the empirical data."
  },
  {
    "sec_id": "sec0025",
    "sentence": "Nevertheless, there are some patterns in the way in which the shapes differ ([tbl0010])."
  },
  {
    "sec_id": "sec0025",
    "sentence": "In particular, the model tends to slightly overestimate the number of citations in the second smallest group (relatively low cited articles \u2212 see [fig0005] for an example) since the mean difference is \u22121.8% overall for this set."
  },
  {
    "sec_id": "sec0025",
    "sentence": "Although the differences are relatively small, the existence of a pattern in the way in which the theoretical distributions tend to not match the empirical data suggests that the discretised lognormal distribution is not quite the right shape for this type of data."
  },
  {
    "sec_id": "sec0025",
    "sentence": "Table 2."
  },
  {
    "sec_id": "sec0025",
    "sentence": "The largest magnitude of the empirical subtract the theoretical cumulative distribution functions for the discretised lognormal and the hooked power law."
  },
  {
    "sec_id": "sec0025",
    "sentence": "S1\u2013S4 are four approximately equally sized intervals on a logarithmic scale from the lowest citation count to the highest empirical distribution citation count, where S1 contains the lowest citation counts and S4 contains the highest (e.g., four equally sized x-axis intervals from 1 to about 200 in [fig0005])."
  },
  {
    "sec_id": "sec0025",
    "sentence": "Positive values indicate that the theoretical distribution underestimates the number of citations within the set."
  },
  {
    "sec_id": "sec0025",
    "sentence": "The ID column contains the number of the image file in the online supplement cited in [sec0050]."
  },
  {
    "sec_id": "sec0025",
    "sentence": "There is clear evidence of a systematically incorrect shape for the hooked power law ([tbl0010])."
  },
  {
    "sec_id": "sec0025",
    "sentence": "The model tends to substantially overestimate the number of low cited articles (see [fig0010] for an example) and underestimate the number of highly cited articles."
  },
  {
    "sec_id": "sec0025",
    "sentence": "Hence the hooked power law has the wrong shape to model the number of low cited articles."
  },
  {
    "sec_id": "sec0025",
    "sentence": "[fig0010] shows one of the few cases in which the hooked power law fits better than the discretised lognormal distribution."
  },
  {
    "sec_id": "sec0030",
    "sentence": "Previous results have suggested that the hooked power law fits better than the discretised lognormal, especially for older data ([bib0035]; [bib0040]; [bib0135]; [bib0165]; [bib0155]).",
    "intent": "background"
  },
  {
    "sec_id": "sec0030",
    "sentence": "In this context, the dominance of the discretised lognormal distribution as the best fit for individual large journals reverses these findings and suggests that the reason for the previously-found relatively good fits of the hooked power law for whole categories is that subject categories that include multiple journals tend to mix different distributions."
  },
  {
    "sec_id": "sec0030",
    "sentence": "This may occur through the inclusion of journals with different specialisms, albeit within a single subject category (although journals also span multiple Scopus categories)."
  },
  {
    "sec_id": "sec0030",
    "sentence": "It may also occur through the inclusion of journals with different languages, because more nationally-focused journals may have different citation cultures and may also have a low proportion of their citations indexed in the Web of Science and Scopus."
  },
  {
    "sec_id": "sec0030",
    "sentence": "The field purity of the sets of articles from the 50 journals studied here is only relative."
  },
  {
    "sec_id": "sec0030",
    "sentence": "As shown in [tbl0015] in [sec0050], few of the journals seem to represent narrow specialisms."
  },
  {
    "sec_id": "sec0030",
    "sentence": "Even those classified in this table as narrow because they are only in one Scopus category, such as Physical Review A: Atomic, Molecular and Optical Physics, may well cover multiple specialisms within their field."
  },
  {
    "sec_id": "sec0030",
    "sentence": "In the case of this journal, it seems to cover three specialisms within Physics."
  },
  {
    "sec_id": "sec0030",
    "sentence": "Hence, the discussion in the paragraph above should carry the caveat that large journals are a source of relatively pure citation count data."
  },
  {
    "sec_id": "sec0030",
    "sentence": "Nevertheless, the trend (e.g., in comparison to: [bib0165]) seems to be that the purer the set of articles, the more likely that the discretised lognormal fits better than the shifted power law.",
    "intent": "differences"
  },
  {
    "sec_id": "sec0030",
    "sentence": "This contradicts a previous analysis of American Physical Society journals ([bib0035]), which found the opposite.",
    "intent": "differences"
  },
  {
    "sec_id": "sec0030",
    "sentence": "The reason for this may be that the citation counts for these journals were derived from the American Physical Society database rather than a multidisciplinary source, such as Scopus, because four of these ten journals are in the set analysed in the current paper (Physical Review A, B, D, E)."
  },
  {
    "sec_id": "sec0030",
    "sentence": "Table 3."
  },
  {
    "sec_id": "sec0030",
    "sentence": "The 50 journals with the most journal articles indexed in 2006 in Scopus."
  },
  {
    "sec_id": "sec0030",
    "sentence": "[Type: M\u00a0=\u00a0multidisciplinary; n\u00a0=\u00a0number of fields; B\u00a0=\u00a0Broad field; N\u00a0=\u00a0narrow field]."
  },
  {
    "sec_id": "sec0030",
    "sentence": "The Scopus brief subject area column contains the classification shown in search results pages for matching articles within the journal."
  },
  {
    "sec_id": "sec0030",
    "sentence": "The Scopus full subject area column contains the classification in the journal information page in Scopus."
  },
  {
    "sec_id": "sec0030",
    "sentence": "Even if all journals within a subject category exactly followed the same one of the two distributions, but with different parameters, then it does not follow that the distribution of the entire subject category would follow the same distribution."
  },
  {
    "sec_id": "sec0030",
    "sentence": "For example the sum of two lognormal distributions could be bimodal rather than unimodal."
  },
  {
    "sec_id": "sec0030",
    "sentence": "This property is inherited from the same property of the normal distribution."
  },
  {
    "sec_id": "sec0030",
    "sentence": "See the see the online supplement cited in [sec0050] for evidence that the sum of two hooked power laws is not necessarily another hooked power law, based upon proving this for the simpler continuous case: the Lomax distribution."
  },
  {
    "sec_id": "sec0030",
    "sentence": "Nevertheless, it seems likely that if the distributions for individual journals are not too dissimilar then a similar distribution should fit the entire subject category well."
  },
  {
    "sec_id": "sec0030",
    "sentence": "More investigations are therefore needed to assess how the distributions for individual journals relate to those for entire subject categories."
  },
  {
    "sec_id": "sec0030",
    "sentence": "The results are limited by the analysis being restricted to large journals and it is possible that these have characteristics inherent in their size that affect the results, although this seems unlikely."
  },
  {
    "sec_id": "sec0030",
    "sentence": "The results are also limited in the range of different subjects because there are no representatives of arts, humanities and social sciences."
  },
  {
    "sec_id": "sec0030",
    "sentence": "It seems plausible that these areas could have citation cultures that do not fit the discretised lognormal as well."
  },
  {
    "sec_id": "sec0030",
    "sentence": "Given the scarcity of large journals in these areas, it may be difficult to test this hypothesis with pure data sets."
  },
  {
    "sec_id": "sec0035",
    "sentence": "The primacy of the discretised lognormal distribution for relatively pure citation distributions is a useful result for those wishing to conduct theoretical analyses of the properties of citation-based indicators."
  },
  {
    "sec_id": "sec0035",
    "sentence": "This is because the continuous lognormal distribution is a well-understood and has tractable properties that are inherited from the underlying normal distribution."
  },
  {
    "sec_id": "sec0035",
    "sentence": "Even though a discretised variant is the one that fits citation counts, it seems reasonable to use the continuous distribution approximation in order to be able to mathematically analyse citation indicators."
  },
  {
    "sec_id": "sec0035",
    "sentence": "In contrast, although the Lomax distribution underlying the hooked power law has also been studied in the past, it has instabilities (such as the realistic possibility of very large optimal \u03b1 values) that make it more difficult to work with."
  },
  {
    "sec_id": "sec0035",
    "sentence": "It is also seems to be less tractable analytically for mathematical analyses."
  },
  {
    "sec_id": "sec0035",
    "sentence": "This paper also introduces, and makes available online (see [sec0050]), a new more powerful method for fitting the hooked power law to citation-like data sets."
  },
  {
    "sec_id": "sec0035",
    "sentence": "This allows hooked power law distributions with very large \u03b1 values to be fitted, although very slowly."
  },
  {
    "sec_id": "sec0035",
    "sentence": "For example, it may take over a week to fit a single distribution with \u03b1=10000."
  },
  {
    "sec_id": "sec0035",
    "sentence": "This may nevertheless be useful for analyses of the citation counts of sets of articles from individual fields, where the hooked power law tends to fit better than the discretised lognormal distribution."
  },
  {
    "sec_id": "sec0040",
    "sentence": "Mike Thelwall conceived and designed the analysis, collected the data, contributed data or analysis tools, performed the analysis and wrote the paper."
  },
  {
    "sec_id": "sec0045",
    "sentence": "The parameters of the hooked power law are problematic to calculate in practice when they are large."
  },
  {
    "sec_id": "sec0045",
    "sentence": "This is because the numbers in the calculations required to obtain the parameters are so small when the parameters are large that rounding errors can occur, leading to incorrect parameter estimates."
  },
  {
    "sec_id": "sec0045",
    "sentence": "The standard format for representing (floating point) numbers in computers is the IEEE 754 standard ([bib0075]).",
    "intent": "background"
  },
  {
    "sec_id": "sec0045",
    "sentence": "The smallest number that can be stored without reducing the number of significant digits available following this standard is 1\u00d710\u2212308."
  },
  {
    "sec_id": "sec0045",
    "sentence": "This can be checked for the statistical software R on any computer through the double.xmin value reported by the command noquote(unlist(format(.Machine)))."
  },
  {
    "sec_id": "sec0045",
    "sentence": "Smaller numbers can be stored at reduced accuracy (loosing significant digits and effectively truncating the mantissa by allowing them to have leading zeros) but by 1\u00d710\u2212324 all numbers are truncated to zero."
  },
  {
    "sec_id": "sec0045",
    "sentence": "Thus in R the command x\u00a0=\u00a010\u2212324 is equivalent to x\u00a0=\u00a00."
  },
  {
    "sec_id": "sec0045",
    "sentence": "The hooked power law distribution requires an approximation to \u2211n\u221e(B+n)\u2212\u03b1, such as with \u2211n=110000(B+n)\u2212\u03b1."
  },
  {
    "sec_id": "sec0045",
    "sentence": "The accuracy of this calculation is compromised if any of the values must be calculated at reduced accuracy."
  },
  {
    "sec_id": "sec0045",
    "sentence": "The smallest number in this sum is (B+10000)\u2212\u03b1 and so this should be at least 1\u00d710\u2212308."
  },
  {
    "sec_id": "sec0045",
    "sentence": "Using base ten logarithms, (B+10000)\u2212\u03b1>1\u00d710\u2212308 is equivalent to log10(B+10000)\u2212\u03b1>log10(1\u00d710\u2212308), which is equivalent to \u2212\u03b1log10(B+10000)>\u2212308."
  },
  {
    "sec_id": "sec0045",
    "sentence": "Assuming that B is small relative to 10,000 then log10(B+10000)\u22484 and so the key property is \u03b1\u00d7\u22124>\u2212308 or \u03b1>3084=77."
  },
  {
    "sec_id": "sec0045",
    "sentence": "Hence, as \u03b1 approaches 77, the accuracy of the hooked power law model starts to fall."
  },
  {
    "sec_id": "sec0045",
    "sentence": "Similar calculations show that as \u03b1 and B become large (e.g., \u03b1=100 and B\u00a0=\u00a0200), the sum \u2211n=110000(B+n)\u2212\u03b1 will be equal to zero due to rounding, making it impossible to fit the model to the data."
  },
  {
    "sec_id": "sec0045",
    "sentence": "Hence a method is needed to allow higher precision calculations in order to fit the hooked power law when its optimal parameters are large."
  },
  {
    "sec_id": "sec0045",
    "sentence": "Increased accuracy is available from extended precision arithmetic with special purpose software but, because extended precision is not supported by most current processors, it is about a thousand times slower (author\u2019s tests in R)."
  },
  {
    "sec_id": "sec0045",
    "sentence": "A standard extended precision software library is the Multiple Precision Floating-point Reliable (MPFR) C library ([bib0045]; [bib0145]) from [bib0105]).",
    "intent": "background"
  },
  {
    "sec_id": "sec0045",
    "sentence": "This is built into the R code supplied with the current paper."
  },
  {
    "sec_id": "sec0045",
    "sentence": "To maximise speed, the R code supplied automatically switches to higher precision calculations when necessary but uses standard precision otherwise."
  },
  {
    "sec_id": "sec0045",
    "sentence": "On a few of the data sets the model fitting and associated other tests did not finish after a month of continuous running and so it seems to be too slow for use in practice on some data sets."
  },
  {
    "sec_id": "sec0045",
    "sentence": "Thus, the hooked power law is impractical for some data sets with current standard computing technology."
  },
  {
    "sec_id": "sec0045",
    "sentence": "Although it does not seem to be explicitly documented, the largest number that can be represented in 128 bit arithmetic with MPFR is at least 10320,000,000 (this can be checked with the R code: q\u00a0=\u00a0mpfr(10,128); q\u00a0=\u00a0q320000000 * pi; q;)."
  },
  {
    "sec_id": "sec0045",
    "sentence": "To enable results to be calculated in a reasonable amount of time, a limit of 10,000 was set for the alpha value and the fitting algorithm terminated once this value had been reached."
  },
  {
    "sec_id": "sec0050",
    "sentence": "An online supplement with graphs for all 100 models, the spreadsheet with the results, the raw data and the R code used is available online at: https://figshare.com/articles/Citation_count_distributions_for_large_monodisciplinary_journals/3479129 http://dx.doi.org/10.6084/m9.figshare.3479129"
  }
]