[
  {
    "sec_id": "sec0005",
    "sentence": "Along history, innovation metrics have evolved consistently from input measures of innovation, such as R&D expenditure, to output measures, such as patent counts, and then to composite indicators."
  },
  {
    "sec_id": "sec0005",
    "sentence": "The awareness of patents being a biased measure of innovation made composite indices and rankings popular, even though these indices rely heavily on patent counts that do not take into account the differences in inventive steps across patents."
  },
  {
    "sec_id": "sec0005",
    "sentence": "Moreover, most composite indices use a large number of proxies to account for different types of innovation, and how much innovation these proxies account for is, in many cases, doubtful."
  },
  {
    "sec_id": "sec0005",
    "sentence": "Either as a simple counting indicator, or as part of a composite index, patents have become the standard measure for innovation in most disciplines."
  },
  {
    "sec_id": "sec0005",
    "sentence": "Indeed, patents are public and available information."
  },
  {
    "sec_id": "sec0005",
    "sentence": "There are, however, numerous concerns that patent counts may be a biased and imperfect measure of innovation."
  },
  {
    "sec_id": "sec0005",
    "sentence": "For example, simply adding patents without any measure of the quality of the invention (e.g. inventive step covered by a patent), inflates the measure of innovation for countries where most patents are just small inventive steps from previous inventions."
  },
  {
    "sec_id": "sec0005",
    "sentence": "Similarly, the unweighted sum of patents ignores the sophistication and complexity of each innovation, and just assumes that all patents have the same innovative content and impact."
  },
  {
    "sec_id": "sec0005",
    "sentence": "Furthermore, most inventive activity happens outside of the patenting system ([bib0120]).",
    "intent": "background"
  },
  {
    "sec_id": "sec0005",
    "sentence": "Keeping an innovation as a secret can be a dominant strategy over patenting when the cost of secrecy is lower than the potential loss of imitators \u201cinventing around\u201d once the innovation has been disclosed."
  },
  {
    "sec_id": "sec0005",
    "sentence": "There is empirical evidence suggesting that the complexity of the invention is an effective deterrent for imitators, as the cost of copying the new idea (e.g. reverse engineer) increases with complexity ([bib0045]).",
    "intent": "background"
  },
  {
    "sec_id": "sec0005",
    "sentence": "How can we accurately measure innovation when most of it stays outside of the formal intellectual property rights system?"
  },
  {
    "sec_id": "sec0005",
    "sentence": "How does one generate a measure of innovation that incorporates complexity or sophistication differences across inventions?"
  },
  {
    "sec_id": "sec0005",
    "sentence": "This paper offers two simple, computable and comparable metrics to compare innovation across economies."
  },
  {
    "sec_id": "sec0005",
    "sentence": "These metrics have the virtue of reducing the bias of adding patents, without the need of looking for large sets of innovation proxies."
  },
  {
    "sec_id": "sec0005",
    "sentence": "Using a very simple method, I generate a normalized index of innovation that incorporates differences in the complexity at the industry level for patents and exports."
  },
  {
    "sec_id": "sec0005",
    "sentence": "Though the index is improvable, the rankings of computing the index are consistent with intuitive results, such as the correlation with technological development."
  },
  {
    "sec_id": "sec0005",
    "sentence": "This remainder of this paper is organized as follows."
  },
  {
    "sec_id": "sec0005",
    "sentence": "Next section discusses different measures of innovation used along history and their limitations."
  },
  {
    "sec_id": "sec0005",
    "sentence": "Section [sec0025] explains the calculation of the indices."
  },
  {
    "sec_id": "sec0005",
    "sentence": "Section [sec0040] shows the empirical results."
  },
  {
    "sec_id": "sec0005",
    "sentence": "Final section concludes."
  },
  {
    "sec_id": "sec0010",
    "sentence": "The first generation of innovation measures, mostly based on input indicators, date from the late 1950s to mid 1960s (e.g. National Science Foundation surveys in the United States)."
  },
  {
    "sec_id": "sec0010",
    "sentence": "Input measures (e.g. R&D expenditure, number of scientists, etc.) were typically used as proxies to innovation metrics."
  },
  {
    "sec_id": "sec0010",
    "sentence": "Countries compared their performance by comparing their R&D measures, ignoring the limitations of the definitions of these measures, and the endogenous role of governments in using these type of metrics to compare public policies to other countries (e.g. R&D in socialist economies and OECD in the 70s and 80s)."
  },
  {
    "sec_id": "sec0010",
    "sentence": "Though the limitations of R&D measures are self-evident, their use has not been completely ruled out, as there are no available output measures of R&D in health or education sectors."
  },
  {
    "sec_id": "sec0010",
    "sentence": "Many contributions intended to accurately measure those activities in R&D that do matter to innovation and technology change, and to develop international standards for R&D measurement."
  },
  {
    "sec_id": "sec0010",
    "sentence": "Among them, the [bib0065] theoretically breaks up activities that should be excluded from R&D measurement by splitting them between novelty and routine.",
    "intent": "background"
  },
  {
    "sec_id": "sec0010",
    "sentence": "If a given activity \u201cfollows an established routine pattern,\u201d it should be excluded from R&D, while if it \u201cdeparts from routine and breaks new ground, it should be qualified as R&D.\u201d"
  },
  {
    "sec_id": "sec0010",
    "sentence": "While this distinction between novelty and routine activities helps to construct an accurate measure of R&D, it does not provide a clear definition of innovation, or of how to measure it at the firm, industry, and country level."
  },
  {
    "sec_id": "sec0010",
    "sentence": "The reason for this lies in the fact that not all innovative activities are developed in laboratories or plants with full-time qualified research staff."
  },
  {
    "sec_id": "sec0010",
    "sentence": "Measures of R&D are a good statistic to infer professional R&D activity, but they fail to account for important inventions made by private inventors or entrepreneurs."
  },
  {
    "sec_id": "sec0010",
    "sentence": "Moreover, if this type of \u201cinformal\u201d R&D was somehow negatively correlated with the technological complexity of the industry, then R&D measures would underestimate the amount of innovation input for many industries, and particularly for poor and middle-income countries, as their technological development is lower ([bib0050]).",
    "intent": "background"
  },
  {
    "sec_id": "sec0010",
    "sentence": "The second generation measures (1970s\u20131980s) focused on innovation outputs, such as patent applications, publications, or licensing."
  },
  {
    "sec_id": "sec0010",
    "sentence": "Patenting a new product variety, input, or process requires paying a fixed cost, in exchange for the inventor to earn a legal monopoly right over its invention."
  },
  {
    "sec_id": "sec0010",
    "sentence": "If the monopoly profits over the time of the patent exceed the fixed cost of the patent, one would expect that all profitable innovations ought to be patented."
  },
  {
    "sec_id": "sec0010",
    "sentence": "Consequently, the fact that since 1900 the share of individual patents have declined, while corporate patents have increased their share ([bib0070]), means that most innovative activity happens within the boundaries of specialized R&D laboratories and departments of firms, government, and academia.",
    "intent": "background"
  },
  {
    "sec_id": "sec0010",
    "sentence": "If the patenting story holds, something does not add."
  },
  {
    "sec_id": "sec0010",
    "sentence": "According to the 2008\u00a0U.S. Census R&D and Innovation Survey (NRDIS), for 85% of surveyed firms, trademarks are not important."
  },
  {
    "sec_id": "sec0010",
    "sentence": "Moreover, for 96% of surveyed firms utility patents are not important, and for 95% of them design patents are not important for business."
  },
  {
    "sec_id": "sec0010",
    "sentence": "Only by splitting the sample and selecting those firms that engage in formal R&D activity, these numbers decrease (though 67% consider design patents as not important, and 85% thinks of them as not or somewhat important)."
  },
  {
    "sec_id": "sec0010",
    "sentence": "In fact, patents have shown to be an imperfect proxy for innovation."
  },
  {
    "sec_id": "sec0010",
    "sentence": "First, not all innovations are patentable, as States have exclusions for some innovations."
  },
  {
    "sec_id": "sec0010",
    "sentence": "Second, the enforcement of the patent is private, which means that if the patent is imitated without the owner's consent, the owner must take action at nonzero cost, i.e. legal costs and uncertain outcome."
  },
  {
    "sec_id": "sec0010",
    "sentence": "If the outcome probabilities depend on the legal costs (e.g. more qualified and expensive lawyers), it is straightforward that smaller firms will patent less than large corporations will."
  },
  {
    "sec_id": "sec0010",
    "sentence": "Third, firms may engage in strategic patenting if the size of a patent portfolio increases bargaining power in patent disputes ([bib0130]), or if it affects the ability of other firms to develop a similar patentable innovation ([bib0150]).",
    "intent": "background"
  },
  {
    "sec_id": "sec0010",
    "sentence": "Third, if there is a fixed cost of imitation, i.e. product complexity ([bib0045]) or the timing of shorter product cycles ([bib0010]), there is no incentive to patent an innovation, since the cost of imitation for a potential rival exceeds the profits of imitating.",
    "intent": "background"
  },
  {
    "sec_id": "sec0010",
    "sentence": "Finally, only \u201csuccessful\u201d innovations are patentable, meaning that all trial and error are omitted from the measure."
  },
  {
    "sec_id": "sec0010",
    "sentence": "These limitations of patent counts as an output statistic were at the origin of the development of innovation output indicators."
  },
  {
    "sec_id": "sec0010",
    "sentence": "Some of these indicators were based on innovation surveys, within the framework of the [bib0140].",
    "intent": "uses"
  },
  {
    "sec_id": "sec0010",
    "sentence": "The manual defines innovation as follows: \u201cAn innovation is the implementation of a new or significantly improved product (good or service), a new process, a new marketing method, or new organizational method in business practices, workplace organization, or external relations.\" Even though national innovation surveys are informative of micro-evidence on how firms perceive and fund their innovative activity, the data generated by these surveys is hardly useful for comparative purposes between countries."
  },
  {
    "sec_id": "sec0010",
    "sentence": "On one side, not every country administers these surveys on a yearly frequency -some have never surveyed their firms on their innovative activity-."
  },
  {
    "sec_id": "sec0010",
    "sentence": "Moreover, surveys differ in questions across countries, and respondents\u2019 idea of what constitutes an innovation varies across countries."
  },
  {
    "sec_id": "sec0010",
    "sentence": "The third generation of indices are super-indices, also known as composite or multidimensional indices."
  },
  {
    "sec_id": "sec0010",
    "sentence": "These type of metrics combine different pillars of input and output measures of innovation."
  },
  {
    "sec_id": "sec0010",
    "sentence": "The weight of each component depends on the metric."
  },
  {
    "sec_id": "sec0010",
    "sentence": "Input measures include institutions, human capital, and market performance."
  },
  {
    "sec_id": "sec0010",
    "sentence": "For most of these indices, innovation output measures include formal intellectual property applications, such as patents and trademarks."
  },
  {
    "sec_id": "sec0010",
    "sentence": "In addition to intellectual property, output measures include a variety of other statistics, such as published academic papers, ISO 9001 certificates, or license receipts."
  },
  {
    "sec_id": "sec0010",
    "sentence": "Most indices today are complex."
  },
  {
    "sec_id": "sec0010",
    "sentence": "This means that several statistics are summed using different weights, and then sorted to present country rankings of innovation."
  },
  {
    "sec_id": "sec0010",
    "sentence": "The are two important limitation of these indices: (i) the strong relation with formal intellectual property rights, and (ii) they do not take into account the complexity of each innovation, or the industry where the innovative activity is taking place."
  },
  {
    "sec_id": "sec0010",
    "sentence": "Even though patents and innovation are not perfectly related in these type of indices, most of the output components of these indices rely on innovators formally registering their ideas."
  },
  {
    "sec_id": "sec0010",
    "sentence": "As an example, the output components of the Global Innovation Index (GII), the existing mainstream innovation metric, include domestic resident patents, trademark and utility models, PCT resident patents and utility models, and licensing receipts."
  },
  {
    "sec_id": "sec0010",
    "sentence": "Other measures of output in the GII are not necessarily pure innovation output: scientific papers \u2212could be thought as innovation input rather than output-, computer software spending \u2212also innovation input rather than output-, FDI outflows as percentage of GDP, Wikipedia entries, or YouTube uploads."
  },
  {
    "sec_id": "sec0010",
    "sentence": "As a rule, innovation indices, and in particular the output measures of innovation, do not take into account the complexity of the industry where the innovative activity is taking place."
  },
  {
    "sec_id": "sec0010",
    "sentence": "For example, a patent for a simple invention, such as a breastfeeding shirt to avoid cold stomach in the winter, has the same impact on the national innovation metric than devices and methods for transferring data through a human body."
  },
  {
    "sec_id": "sec0010",
    "sentence": "This limitation is important, as countries may show higher patenting rates because of strategic reasons (e.g. patent thickets), and with most innovative activity taking place in industries of low complexity, and yet be ranked as more innovative than countries with little patenting rates, but leading exports in sophisticated industries, and drastic innovative activity in highly complex technologies."
  },
  {
    "sec_id": "sec0010",
    "sentence": "Furthermore, complexity and the decision of using formal IP are also connected."
  },
  {
    "sec_id": "sec0010",
    "sentence": "Indeed, complex inventions need less patent protection, as complexity itself generates additional costs for potential imitators."
  },
  {
    "sec_id": "sec0010",
    "sentence": "As inventions are more complex, there are increasing learning costs (e.g. reverse engineer) when the innovation is kept in secret instead of made public through patents ([bib0045]).",
    "intent": "background"
  },
  {
    "sec_id": "sec0010",
    "sentence": "Next section proposes two simple metrics that consider the predisposition of innovators to not using formal intellectual property rights and, in particular, to not using patents; according to the complexity of the industry where the innovative activity is taking place."
  },
  {
    "sec_id": "sec0010",
    "sentence": "More explicitly, the index of innovation takes into account three potential problems that current indices do not control."
  },
  {
    "sec_id": "sec0010",
    "sentence": "First, the index should account for complexity, either of the industry where the innovation is happening, or the innovation itself."
  },
  {
    "sec_id": "sec0010",
    "sentence": "Second, the index should account for the complexity of innovations taking place outside of the formal intellectual property rights system."
  },
  {
    "sec_id": "sec0010",
    "sentence": "Finally, the index should be simple and comparable between countries."
  },
  {
    "sec_id": "sec0025",
    "sentence": "There is no unique definition of complexity."
  },
  {
    "sec_id": "sec0025",
    "sentence": "Complex systems consist of a large number of elements with no centralized control."
  },
  {
    "sec_id": "sec0025",
    "sentence": "In brief, a complex system is a \u201cnon-simple\u201d system."
  },
  {
    "sec_id": "sec0025",
    "sentence": "In economics, complexity is related to the diversification and sophistication of large economic systems ([bib0100], [bib0090]).",
    "intent": "background"
  },
  {
    "sec_id": "sec0025",
    "sentence": "The production of a given country becomes more complex as the sophistication of the products it produces, and the number of country destinations of its exports are larger."
  },
  {
    "sec_id": "sec0025",
    "sentence": "This definition is useful to analyze large economic systems, such as countries, using holistic measures of production characteristics."
  },
  {
    "sec_id": "sec0025",
    "sentence": "However, it does not say much about the complexity of each technology, product or service."
  },
  {
    "sec_id": "sec0025",
    "sentence": "Systems\u2019 theory literature has also contributed to create measures of complexity."
  },
  {
    "sec_id": "sec0025",
    "sentence": "The complexity of an invention, or the number of interdependent components ([bib0060]), can also influence the fragility of the system, a process is known as the \u2018complexity catastrophe\u2019 ([bib0105]).",
    "intent": "background"
  },
  {
    "sec_id": "sec0025",
    "sentence": "Using patent citation rates, [bib0060] generate an index of interdependency of inventions to study technology as a complex adaptive system.",
    "intent": "background"
  },
  {
    "sec_id": "sec0025",
    "sentence": "An extension of [bib0100] index was used to generate a knowledge complexity index, combining USPTO patent records to the technological structure of cities, and in particular to an index of relative technological advantage ([bib0005]).",
    "intent": "background"
  },
  {
    "sec_id": "sec0025",
    "sentence": "The intuition behind using a (revealed) relative technological advantage is that technologies that are more complex cannot be easily reproduced in other cities."
  },
  {
    "sec_id": "sec0025",
    "sentence": "Therefore, if a particular metropolitan area shows a very high relative patenting rate for a given technology, then knowledge complexity of that particular technology must be high in that area."
  },
  {
    "sec_id": "sec0025",
    "sentence": "An ideal measure of industry level complexity would take into account both the number of inputs used to produce a specific product ([bib0100], [bib0135]), as well as the complexity of the tasks involved to produce it ([bib0125]).",
    "intent": "background"
  },
  {
    "sec_id": "sec0025",
    "sentence": "For illustration purposes, in this paper I use the normalized index of [bib0125] based on labor statistics.",
    "intent": "uses"
  },
  {
    "sec_id": "sec0025",
    "sentence": "The index uses survey data for 809 occupations collected by the U.S. Bureau of Labor's Occupational Information Network (O*Net), and industry occupations from the U.S. Bureau of Labor Statistics\u2019 Occupational Employment Statistics (OED)."
  },
  {
    "sec_id": "sec0025",
    "sentence": "As in [bib0035], it assumes that all countries have access to the same production technology.",
    "intent": "similarities"
  },
  {
    "sec_id": "sec0025",
    "sentence": "[tbl0005] shows the different sources to generate the index and the empirical analysis."
  },
  {
    "sec_id": "sec0025",
    "sentence": "Table 1."
  },
  {
    "sec_id": "sec0025",
    "sentence": "Data sources."
  },
  {
    "sec_id": "sec0025",
    "sentence": "An important limitation when analyzing patents, and probably one of the reasons to simplify the measures of innovation to unweighted sum of patents, is the lack of a unique accepted correspondence between patent classifications and product classifications."
  },
  {
    "sec_id": "sec0025",
    "sentence": "There are currently different published attempts that take into account the fact that one patent may be useful in different industries ([bib0110]; [bib0145]).",
    "intent": "background"
  },
  {
    "sec_id": "sec0025",
    "sentence": "For illustration purposes, I use a very simple industry-technology concordance ([bib0045]), based on the similarities of each title (e.g. patents for \u201ctobacco; cigars; cigarettes; smokers\u2019 requisites\u201d were matched to the industry \u201ctobacco products\u201d).",
    "intent": "uses"
  },
  {
    "sec_id": "sec0025",
    "sentence": "To contrast how indices behave with other variables, I use GDP and GDP per-capita from the World Bank, and the country\u2019s technological development by [bib0050], a measure generated using [bib0040] regression residuals.",
    "intent": "uses"
  },
  {
    "sec_id": "sec0025",
    "sentence": "An important issue to be addressed by any innovation index is the selection of an accurate variable to proxy for non-patented innovations (i.e. innovations outside the formal intellectual property rights system)."
  },
  {
    "sec_id": "sec0025",
    "sentence": "Indeed, since most inventions remain outside the patenting system, no index will perfectly capture innovations kept in secret."
  },
  {
    "sec_id": "sec0025",
    "sentence": "Innovations are sometimes kept in secret because of strategic reasons ([bib0080]).",
    "intent": "background"
  },
  {
    "sec_id": "sec0025",
    "sentence": "In other cases, intellectual property law does not allow to patent or use copyrights for some innovations (e.g. designs of mask geometry of integrated circuits)."
  },
  {
    "sec_id": "sec0025",
    "sentence": "Since trade secrets, non-disclosure agreements, and other forms of intellectual property protection that do not use public registration, are not publicly available in datasets (i.e. unobservable), researchers need proxies to measure these innovations."
  },
  {
    "sec_id": "sec0025",
    "sentence": "For simplicity, I use exports of each industry from the United Nations COMTRADE database, weighted by the complexity of each exporting industry, to proxy for non-patented innovation."
  },
  {
    "sec_id": "sec0025",
    "sentence": "Theoretical literature shows that productivity (i.e. process innovation) increases the extensive margin of exports ([bib0115]; [bib0095]), and that new product varieties with higher quality (i.e. product innovation) increase the intensive margin of exports ([bib0085]).",
    "intent": "background"
  },
  {
    "sec_id": "sec0025",
    "sentence": "Empirical literature has supported this positive correlation, and in particular, that innovation strongly correlates with exports performance: innovation affects positively the duration of exports ([bib0025]), and the intensive and extensive margin of exports ([bib0030]).",
    "intent": "background"
  },
  {
    "sec_id": "sec0025",
    "sentence": "Moreover, evidence suggests that exports can also lead to product innovation ([bib0020]), and that internationalization increases innovation through absorptive capacity ([bib0055]).",
    "intent": "background"
  },
  {
    "sec_id": "sec0025",
    "sentence": "There is also evidence of trade increasing innovation, by inducing technical change, information technology and productivity ([bib0015]).",
    "intent": "background"
  },
  {
    "sec_id": "sec0025",
    "sentence": "Though current literature finds strong evidence in favor of this correlation between innovation and sophisticated exports, there are several reasons to suspect that exports are not a perfect proxy for non-patented innovation."
  },
  {
    "sec_id": "sec0025",
    "sentence": "Nevertheless, since the objective of this paper is weighting innovations with the technological complexity of each technology or industry, the existence of variables with industry or technology classification is key for complexity weighting."
  },
  {
    "sec_id": "sec0025",
    "sentence": "Exports might correlate imperfectly with unobservable innovation, but it is a variable with the virtue of being registered by all countries using standardized industry-classifications."
  },
  {
    "sec_id": "sec0025",
    "sentence": "Future research looking for even better proxies for non-patented innovation should concentrate on variables with some industry or technology classification."
  },
  {
    "sec_id": "sec0025",
    "sentence": "As an example of complexity weighting, I generate an index of innovation based only on innovation outputs."
  },
  {
    "sec_id": "sec0025",
    "sentence": "The innovation output sub-index of the Global Innovation Index is comprised of two pillars: knowledge and technology outputs (unweighted patents and utility models, and published articles in peer-reviewed journals), and creative outputs (trademarks and other proxies such as newspapers\u2019 circulation, printing output, or Wikipedia entries)."
  },
  {
    "sec_id": "sec0025",
    "sentence": "In this example, I restrict the innovation output to two main variables: complex inventions with formal IP (patents), and production of complex goods."
  },
  {
    "sec_id": "sec0025",
    "sentence": "For the complexity weights, I use the normalized complexity index by [bib0125].",
    "intent": "uses"
  },
  {
    "sec_id": "sec0025",
    "sentence": "Then, I generate a complexity-weighted sum of patents and exports, and I normalize the two sums to a [0,1] scale using the min-max method."
  },
  {
    "sec_id": "sec0025",
    "sentence": "Finally, I compute the unweighted average of these two normalized measures."
  },
  {
    "sec_id": "sec0025",
    "sentence": "Hence, the innovation index of country j is computed using the following formula:xj=12(Xj+Yj)Xj is the innovation protected using formal intellectual property rights:Xj=(\u2211ipati\u00d7compli)j\u2212(\u2211ipati\u00d7compli)min(\u2211ipati\u00d7compli)max\u2212(\u2211ipati\u00d7compli)minYj is the innovation not protected with formal intellectual property rights, which is estimated using the proxy:Yj=(\u2211iexi\u00d7compli)j\u2212(\u2211iexi\u00d7compli)min(\u2211iexi\u00d7compli)max\u2212(\u2211iexi\u00d7compli)minThe variables pati, exi, and compli are the number of patents, the exports, and the complexity of industry i respectively."
  },
  {
    "sec_id": "sec0025",
    "sentence": "I also generate a size-independent (per-capita) index, which follows the same calculations but using patents per-capita and exports per-capita."
  },
  {
    "sec_id": "sec0025",
    "sentence": "To compare the impact of including complexity weights, I also generate unweighted aggregate and per-capita indices (i.e. mean of unweighted sum of patents and unweighted sum of exports)."
  },
  {
    "sec_id": "sec0040",
    "sentence": "As an empirical exercise, I propose two different measures of innovation: (i) a complexity-weighted index of innovation per-capita, or size-independent innovation index; and (ii) a complexity-weighted index of innovation, or size-dependent innovation index."
  },
  {
    "sec_id": "sec0040",
    "sentence": "The distinction is similar to GDP and GDP per-capita measures."
  },
  {
    "sec_id": "sec0040",
    "sentence": "Since countries are very different in size (e.g. geographic, GDP, population), using an index that measures and compares their overall innovative performance is not a suitable approach to analyze the innovative output generated by individuals under different contexts (countries)."
  },
  {
    "sec_id": "sec0040",
    "sentence": "A country of size 1/10th of another country, but generating half the innovative output of the large country is certainly more innovative than the large country."
  },
  {
    "sec_id": "sec0040",
    "sentence": "That is, if both countries were the same size, the first would produce five times more innovation than the second country would."
  },
  {
    "sec_id": "sec0040",
    "sentence": "By normalizing countries by population, the size-independent index of innovation is suitable to compare the innovation output of individuals from each country of the sample."
  },
  {
    "sec_id": "sec0040",
    "sentence": "On the other hand, an index taking into account the overall innovative output of the economy is suitable to measure and compare how economies\u2019 innovation generate a global impact."
  },
  {
    "sec_id": "sec0040",
    "sentence": "Indeed, large economies, like China, may not perform high in per-capita innovation, but Chinese companies such as Alibaba or Huawei are important players in global innovative output."
  },
  {
    "sec_id": "sec0040",
    "sentence": "A size-dependent measure of innovation, in which countries are not normalized by size, is an appropriate measure to capture countries\u2019 production of global innovation."
  },
  {
    "sec_id": "sec0040",
    "sentence": "Since the main contribution of these indices lies in the complexity weights, I generate four different normalized indices (weighted innovation, weighted innovation per-capita, unweighted innovation, and unweighted innovation per-capita) to compare how the estimates change when the weights are introduced in the index."
  },
  {
    "sec_id": "sec0040",
    "sentence": "I use 2010 patents\u2019 data, and 2011 exports data, which makes the results comparable to the 2013 Global Innovation Index [bib0075].[fn0005] [tbl0010] shows the correlations between the four innovation indices and the [bib0075].",
    "intent": "uses"
  },
  {
    "sec_id": "sec0040",
    "sentence": "Table 2."
  },
  {
    "sec_id": "sec0040",
    "sentence": "Innovation indices correlations."
  },
  {
    "sec_id": "sec0040",
    "sentence": "The correlation of size-independent and size-dependent with their unweighted versions are 0.308 and 0.657."
  },
  {
    "sec_id": "sec0040",
    "sentence": "Hence, the introduction of complexity weights does generate correlated indices with the unweighted metrics, as expected, though the correlations are lower that the correlation between the (weighted) size-independent index and the [bib0075], which has a very different variable structure and composition.",
    "intent": "differences"
  },
  {
    "sec_id": "sec0040",
    "sentence": "The first empirical exercise generates a measure that enables to sorting the innovation output of countries, but normalizing the size (i.e. population) of economies."
  },
  {
    "sec_id": "sec0040",
    "sentence": "As shown in [tbl0010], the per-capita (weighted) innovation index is very much in line with the mainstream innovation index (correlation with GII is 0.789)."
  },
  {
    "sec_id": "sec0040",
    "sentence": "This correlation does not imply an equivalency between both measures, though it is indicative of both indices measuring similar \u201csize-independent\u201d innovation output capacities."
  },
  {
    "sec_id": "sec0040",
    "sentence": "By looking at how the index behaves ([fig0005]), countries like Singapore, the Netherlands, Germany, France, Belgium, or Japan rank higher when innovation is measured using the per-capita (complexity-weighted) index than if they were measured using [bib0075].",
    "intent": "background"
  },
  {
    "sec_id": "sec0040",
    "sentence": "These countries generate more complex patents and exports, but the sum of unweighted components included in the [bib0075] computation is lower than for other countries.",
    "intent": "background"
  },
  {
    "sec_id": "sec0040",
    "sentence": "Hong-Kong, New Zealand, Iceland, Australia, or Norway, on the other hand, are among the countries that rank lower when the proposed index is used to measure their innovation output."
  },
  {
    "sec_id": "sec0040",
    "sentence": "In general, the weighted innovation per-capita index does not show surprising correlation signs with other economic measures ([tbl0015])."
  },
  {
    "sec_id": "sec0040",
    "sentence": "Innovation per-capita is positively correlated with technological development, GDP per-capita, and GDP."
  },
  {
    "sec_id": "sec0040",
    "sentence": "In terms of magnitudes, the index correlates lower with GDP per-capita than [bib0075], but higher with GDP and technological development.",
    "intent": "differences"
  },
  {
    "sec_id": "sec0040",
    "sentence": "Table 3."
  },
  {
    "sec_id": "sec0040",
    "sentence": "Innovation per-capita index correlations with other economic measures."
  },
  {
    "sec_id": "sec0040",
    "sentence": "This higher correlation with GDP may be indicative of a size effect affecting complex innovations more than other innovations."
  },
  {
    "sec_id": "sec0040",
    "sentence": "Indeed, magnitudes suggest that the complexity-weighting approach to measure innovation per-capita captures more the impact of economic size on the per-capita innovative output."
  },
  {
    "sec_id": "sec0040",
    "sentence": "Namely, larger economies (higher GDP) usually have larger R&D expenditures, clusters, and spillovers; hence, fostering complex innovations even at per-capita level."
  },
  {
    "sec_id": "sec0040",
    "sentence": "Innovation per-capita is a suitable measure of how much innovation individuals generate in different countries, but it fails to explain how in large economies with low per-capita innovative performance, big innovative players emerge."
  },
  {
    "sec_id": "sec0040",
    "sentence": "Moreover, a size-independent innovation metric fails to capture which economies are contributing more to global innovative output."
  },
  {
    "sec_id": "sec0040",
    "sentence": "Both metrics, size-dependent and size-independent innovation, are positively correlated ([tbl0010])."
  },
  {
    "sec_id": "sec0040",
    "sentence": "Though the U.S. scores high in both metrics, countries like China, Japan, and Germany have a much higher performance overall than per-capita ([fig0010])."
  },
  {
    "sec_id": "sec0040",
    "sentence": "The case of China is particularly striking, showing a low per-capita innovative output (ranks 30 out of 63 economies), but very high in overall innovation output given the size of the economy (2nd in size-dependent innovation)."
  },
  {
    "sec_id": "sec0040",
    "sentence": "This metric of overall innovation output is positively correlated to the technological development of countries ([tbl0020]), and the correlation to GDP is very high (correlation 0.97)."
  },
  {
    "sec_id": "sec0040",
    "sentence": "However striking, this high correlation is not surprising in terms of the economic forces that drive innovative output."
  },
  {
    "sec_id": "sec0040",
    "sentence": "The measure of GDP is not included in the construction of the innovation output metric, but GDP is a metric of the total income of economies, and hence, the amount of resources available to produce innovation."
  },
  {
    "sec_id": "sec0040",
    "sentence": "Equivalently, GDP is also the total amount of resources that economic activity generate, which is highly dependent on innovation output."
  },
  {
    "sec_id": "sec0040",
    "sentence": "Hence, the economies that generate more innovative products and processes are expected to earn higher income."
  },
  {
    "sec_id": "sec0040",
    "sentence": "Table 4."
  },
  {
    "sec_id": "sec0040",
    "sentence": "Innovation index correlations with other economic measures."
  },
  {
    "sec_id": "sec0040",
    "sentence": "Nevertheless, GDP should not be used instead of size-dependent innovation output, as it should lead to bias due to low-complexity economic activity."
  },
  {
    "sec_id": "sec0040",
    "sentence": "For example, India and Brazil have the third and ninth largest GDP in the world respectively, but their innovation output rank only the 22nd and 27th out of the 63 countries measured in this paper."
  },
  {
    "sec_id": "sec0040",
    "sentence": "Moreover, the Netherlands and Turkey have similar GDPs (17th and 18th economies respectively), but the Netherlands is the 10th country bringing more innovation to the world according to this index, while Turkey only ranks 33rd in the sample."
  },
  {
    "sec_id": "sec0040",
    "sentence": "On the other hand, the correlation between the innovation index and GDP increases as the sample is reduced to larger economies, and the correlation decreases the sample considers smaller countries only."
  },
  {
    "sec_id": "sec0040",
    "sentence": "If the sample is caped to countries with GDP lower than 4.0e\u00a0+\u00a011 dollars (40 countries with lower GDP), the correlation drops to 0.489."
  },
  {
    "sec_id": "sec0040",
    "sentence": "If the sample is capped to countries with GDP higher than 1.4e\u00a0+\u00a011 (41 countries with higher GDP), correlation increases to 0.973 (from 0.971 with all countries)."
  },
  {
    "sec_id": "sec0040",
    "sentence": "This is, GDP seems to be a good proxy for larger economies, but may lead to errors for middle-size and smaller countries."
  },
  {
    "sec_id": "sec0060",
    "sentence": "Although patents are still the most popular measure of innovation, there have been important improvements to tackle the shortcomings of counting patents."
  },
  {
    "sec_id": "sec0060",
    "sentence": "Still, most composite indicators rely heavily on patent counts."
  },
  {
    "sec_id": "sec0060",
    "sentence": "In this paper, I propose a simple method to reduce the bias of counting patents."
  },
  {
    "sec_id": "sec0060",
    "sentence": "As an empirical exercise, I generate two indices of innovation based on complexity weights."
  },
  {
    "sec_id": "sec0060",
    "sentence": "Though the indices are correlated with current mainstream innovation metrics, the computation of these indices is simpler, as they need less proxies of innovation output (some of these proxies of dubious relation with innovation)."
  },
  {
    "sec_id": "sec0060",
    "sentence": "Using two innovative output measures has also the advantage of measuring both the total innovation of a country (currently unavailable), as well as a country-size normalized measure of innovation."
  },
  {
    "sec_id": "sec0060",
    "sentence": "Empirically, the size-independent (weighted) measure of innovation shows higher correlation to technological development than the current (unweighted) mainstream measure of innovation."
  },
  {
    "sec_id": "sec0060",
    "sentence": "Weighting intellectual property and exports by technological complexity is a progress with respect to current unweighted measures, but does not overcome all the challenges of measuring innovation."
  },
  {
    "sec_id": "sec0060",
    "sentence": "The indices of this paper use technologically complex exports to account for all non-patented innovations, leaving non-tradable goods and services outside of the index."
  },
  {
    "sec_id": "sec0060",
    "sentence": "Future research should bring forwards better methods to measure non-patented innovation, and account for differences in quality."
  },
  {
    "sec_id": "sec0060",
    "sentence": "The main message of this paper is simple: instead of adding large sets of proxies with doubtful relation to innovation, composite indices should weight their innovation metrics with an appropriate metric of the quality of the innovation."
  },
  {
    "sec_id": "sec0065",
    "sentence": "See [tbl0030]"
  },
  {
    "sec_id": "sec0065",
    "sentence": "Table A1."
  },
  {
    "sec_id": "sec0065",
    "sentence": "Indices scores."
  },
  {
    "sec_id": "sec0065",
    "sentence": "Table A2."
  },
  {
    "sec_id": "sec0065",
    "sentence": "Indices rankings."
  },
  {
    "sec_id": "sec0065",
    "sentence": "Table A3."
  },
  {
    "sec_id": "sec0065",
    "sentence": "Formal and informal IP innovation metrics."
  },
  {
    "sec_id": "sec0070",
    "sentence": "See [fig0015]"
  },
  {
    "sec_id": "sec0075",
    "sentence": "CPCCPC DescriptionA21BAKING; EDIBLE DOUGHSA22BUTCHERING; MEAT TREATMENT; PROCESSING POULTRY OR FISHA23FOODS OR FOODSTUFFS; THEIR TREATMENT, NOT COVERED BY OTHER CLASSESA24TOBACCO; CIGARS; CIGARETTES; SMOKERS\u2018 REQUISITESA41WEARING APPARELA42HEADWEARA43FOOTWEARA44HABERDASHERY; JEWELLERYA45HAND OR TRAVELLING ARTICLESA46BRUSHWAREA47FURNITUREA63SPORTS; GAMES; AMUSEMENTSB01PHYSICAL OR CHEMICAL PROCESSES OR APPARATUS IN GENERALB02CRUSHING, PULVERISING, OR DISINTEGRATING; PREPARATORY TREATMENT OF GRAIN FOR MILLINGB03SEPARATION OF SOLID MATERIALS USING LIQUIDS OR USING PNEUMATIC TABLES OR JIGS;MAGNETIC OR ELECTROSTATIC SEPARATION OF SOLID MATERIALS FROM SOLID MATERIALS OR FLUIDS; SEPARATION BY HIGH-VOLTAGE ELECTRIC FIELDS (separating isotopesB01D59/00; crushing or disintegrating B02C; centrifuges or vortex apparatus for carrying out physical processes B04)B04CENTRIFUGAL APPARATUS OR MACHINES FOR CARRYING-OUT PHYSICAL OR CHEMICAL PROCESSES (using centrifugal force for the separation of particles from liquids or gases, in general B01D, e.g. B01D21/26, B01D43/00, B01D45/12)B05SPRAYING OR ATOMISING IN GENERAL; APPLYING LIQUIDS OR OTHER FLUENT MATERIALS TO SURFACES, IN GENERAL (domestic cleaning A47L; cleaning in general by methods essentially involving the use or presence of liquid B08B3/00; sand-blasting B24C; coating of articles during shaping of substances in a plastic state B29C39/10, B29C39/18, B29C41/20, B29C41/30,B29C43/18, B29C43/28, B29C45/14, B29C47/02; for further classification of forming layered products, see B32B; printing, copying B41; conveying articles or workpieces through baths of liquid B65G, e.g. B65G49/02; handling webs or filaments in general B65H; surface treatment of glass by coating C03C17/00, C03C25/10; coating or impregnation of mortars, concrete, stone or ceramics C04B41/45; paints, varnishes, lacquers C09D; enamelling of metals, applying a vitreous layer to metals, chemical cleaning or de-greasing of metallic objects C23; electroplatingC25D; treating of textile materials by liquids, gases or vapours D06B; laundering D06F; treating roads E01C; apparatus or processes for the preparation or treatment of photosensitive materials G03; apparatus or processes, restricted to a purpose fully provided for in a single other class, see the relevant class covering the purpose)B06GENERATING OR TRANSMITTING MECHANICAL VIBRATIONS IN GENERALB07SEPARATING SOLIDS FROM SOLIDS; SORTING (separation in general B01D; wet separating processes, sorting by processes using fluent material in the same way as liquid B03; using liquids B03B, D; sorting by magnetic or electrostatic separation of solid materials from solid materials or fluids, separation by high voltage electric fields B03C; centrifuges or vortex apparatus for carrying out physical processes B04; sorting peculiar to particular materials or articles and provided for in other classes, see the relevant classes)B21MECHANICAL METAL-WORKING WITHOUT ESSENTIALLY REMOVING MATERIAL; PUNCHING METAL (casting, powder metallurgy B22; shearing B23D; working of metal by the action of a high concentration of electric current B23H; soldering, welding, flame-cutting B23\u00a0K; other working of metal B23P; punching sheet material in general B26F; processes for changing of physical properties of metals C21D, C22F; electroforming C25D1/00)B22CASTING; POWDER METALLURGYB23MACHINE TOOLS; METAL-WORKING NOT OTHERWISE PROVIDED FOR (punching, perforating, making articles by processing sheet metal, tubes, or profiles B21D; wire-working B21F; making pins, needles, or nails B21G; making chains B21L; grinding B24)B24GRINDING; POLISHINGB25HAND TOOLS; PORTABLE POWER-DRIVEN TOOLS; MANIPULATORSB26HAND CUTTING TOOLS; CUTTING; SEVERINGB27WORKING OR PRESERVING WOOD OR SIMILAR MATERIAL; NAILING OR STAPLING MACHINES IN GENERALB28WORKING CEMENT, CLAY, OR STONEB29WORKING OF PLASTICS; WORKING OF SUBSTANCES IN A PLASTIC STATE, IN GENERAL(processing doughs A21C; working chocolate A23G; casting of metals B22; working cement, clay B28; chemical aspects, see Section C, particularly C08; working glass C03B; candle making C11C5/02; making soap C11D13/00; manufacture of artificial filaments, threads, fibres, bristles or ribbons D01D, F; manufacture of articles from cellulosic fibrous suspensions or from papier-m\u00e2ch\u00e8 D21J)B30PRESSESB31MAKING PAPER ARTICLES; WORKING PAPERB41PRINTING; LINING MACHINES; TYPEWRITERS; STAMPS (reproduction or duplication of pictures or patterns by scanning and converting into electrical signals H04N)B42BOOKBINDING; ALBUMS; FILES; SPECIAL PRINTED MATTERB43WRITING OR DRAWING IMPLEMENTS; BUREAU ACCESSORIESB44DECORATIVE ARTSB60VEHICLES IN GENERALB61RAILWAYSB62LAND VEHICLES FOR TRAVELLING OTHERWISE THAN ON RAILSB63SHIPS OR OTHER WATERBORNE VESSELS; RELATED EQUIPMENTB64AIRCRAFT; AVIATION; COSMONAUTICSB81MICRO-STRUCTURAL TECHNOLOGYB82NANO-TECHNOLOGYC01INORGANIC CHEMISTRY (processing powders of inorganic compounds preparatory to the manufacturing of ceramic products C04B35/00; fermentation or enzyme-using processes for the preparation of elements or inorganic compounds except carbon dioxide C12P3/00; obtaining metal compounds from mixtures, e.g. ores, which are intermediate compounds in a metallurgical process for obtaining a free metal C21B, C22B; production of non-metallic elements or inorganic compounds by electrolysis or electrophoresis C25B)C02TREATMENT OF WATER, WASTE WATER, SEWAGE, OR SLUDGE (settling tanks, filtering, e.g. sand filters or screening devices, B01D)C03GLASS; MINERAL OR SLAG WOOL ({organic glasses C08; metallic glasses, amorphous metalsB22F, C22C})C04CEMENTS; CONCRETE; ARTIFICIAL STONE; CERAMICS; REFRACTORIES (alloys based on refractory metals C22C)C05FERTILISERS; MANUFACTURE THEREOF (processes or devices for granulating materials, in general B01J2/00; soil-conditioning or soil-stabilising materials C09K17/00)C06EXPLOSIVES; MATCHESC07ORGANIC CHEMISTRY (such compounds as the oxides, sulfides, or oxysulfides of carbon, cyanogen, phosgene, hydrocyanic acid or salts thereof C01; products obtained from layered base-exchange silicates by ion-exchange with organic compounds such as ammonium, phosphonium or sulfonium compounds or by intercalation of organic compounds C01B33/44; macromolecular compounds C08; dyes C09; fermentation products C12; fermentation or enzyme-using processes to synthesise a desired chemical compound or composition or to separate optical isomers from a racemic mixture C12P; production of organic compounds by electrolysis or electrophoresis C25B3/00, C25B7/00)C08ORGANIC MACROMOLECULAR COMPOUNDS; THEIR PREPARATION OR CHEMICAL WORKING-UP; COMPOSITIONS BASED THEREON (manufacture or treatment of artificial threads, fibres, bristles or ribbons D01)C09DYES; PAINTS; POLISHES; NATURAL RESINS; ADHESIVES; MISCELLANEOUS COMPOSITIONS;MISCELLANEOUS APPLICATIONS OF MATERIALSC10PETROLEUM, GAS OR COKE INDUSTRIES; TECHNICAL GASES CONTAINING CARBON MONOXIDE; FUELS; LUBRICANTS; PEATC11ANIMAL AND VEGETABLE OILS, FATS, FATTY SUBSTANCES AND WAXES; FATTY ACIDS THEREFROM; DETERGENTS; CANDLES (edible oil or fat compositions A23)C12BIOCHEMISTRY; BEER; SPIRITS; WINE; VINEGAR; MICROBIOLOGY; ENZYMOLOGY; MUTATION OR GENETIC ENGINEERINGC13SUGAR INDUSTRY (polysaccharides, e.g. starch, derivatives thereof C08B; malt C12C)C14SKINS; HIDES; PELTS; LEATHERC21METALLURGY OF IRONC22METALLURGY (of iron C21); FERROUS OR NON-FERROUS ALLOYS; TREATMENT OF ALLOYS OR NON-FERROUS METALS (production of metals by electrolysis or electrophoresis C25)C23COATING METALLIC MATERIAL; COATING MATERIAL WITH METALLIC MATERIAL (by metallising textiles D06M11/83; decorating textiles by locally metallising D06Q1/04); CHEMICAL SURFACE TREATMENT; DIFFUSION TREATMENT OF METALLIC MATERIAL; COATING BY VACUUM EVAPORATION, BY SPUTTERING, BY ION IMPLANTATION OR BY CHEMICAL VAPOUR DEPOSITION, IN GENERAL (for specific applications, see the relevant places, e.g. for manufacturing resistors H01C17/06); INHIBITING CORROSION OF METALLIC MATERIAL OR INCRUSTATION IN GENERAL (treating metal surfaces or coating of metals by electrolysis or electrophoresis C25D, C25F)C25ELECTROLYTIC OR ELECTROPHORETIC PROCESSES; APPARATUS THEREFOR (electrodialysis, electro-osmosis, separation of liquids by electricity B01D; {separation of isotopes by electrochemical methods B01D59/38}; working of metal by the action of a high concentration of electric current B23H; treatment of water, waste water or sewage by electrochemical methodsC02F1/46; surface treatment of metallic material or coating involving at least one process provided for in class C23 and at least one process covered by this class C23C28/00,C23F17/00; anodic or cathodic protection C23F; single-crystal growth C30B; metallising textilesD06M11/83; decorating textiles by locally metallising D06Q1/04; electrochemicalmethods: of analysis G01N; electrochemical measuring, indicating or recording devices G01R; electrolytic circuit elements, e.g. capacitors, H01G; electrochemical current or voltage generators H01\u00a0M)C30CRYSTAL GROWTH (separation by crystallisation in general B01D9/00)C40COMBINATORIAL CHEMISTRYD01NATURAL OR ARTIFICIAL THREADS OR FIBRES; SPINNING (metal threads B21; fibres or filaments of softened glass, minerals, or slag C03B37/00; yarns D02)D02YARNS; MECHANICAL FINISHING OF YARNS OR ROPES; WARPING OR BEAMINGD03WEAVINGD04BRAIDING; LACE-MAKING; KNITTING; TRIMMINGS; NON-WOVEN FABRICSD05SEWING; EMBROIDERING; TUFTINGD06TREATMENT OF TEXTILES OR THE LIKE; LAUNDERING; FLEXIBLE MATERIALS NOT OTHERWISE PROVIDED FORD07ROPES; CABLES OTHER THAN ELECTRICD10INDEXING SCHEME ASSOCIATED WITH SUBLASSES OF SECTION D, RELATING TO TEXTILESD21PAPER-MAKING; PRODUCTION OF CELLULOSEE03WATER SUPPLY; SEWERAGEE21EARTH DRILLING; MININGF01MACHINES OR ENGINES IN GENERAL (combustion engines F02; machines for liquids F03, F04);ENGINE PLANTS IN GENERAL; STEAM ENGINESF02COMBUSTION ENGINES (cyclically operating valves therefor, lubricating, exhausting, or silencing engines F01); HOT-GAS OR COMBUSTION-PRODUCT ENGINE PLANTSF03MACHINES OR ENGINES FOR LIQUIDS (for liquid and gases F01; positive-displacement machines for liquids F04); WIND, SPRING WEIGHT AND MISCELLANEOUS MOTORS;PRODUCING MECHANICAL POWER; OR A REACTIVE PROPULSIVE THRUST, NOT OTHERWISE PROVIDED FORF04POSITIVE DISPLACEMENT MACHINES FOR LIQUIDS; PUMPS FOR LIQUIDS OR ELASTIC FLUIDS(portable fire-extinguishers with manually-operated pumps A62C11/00, with power-driven pumps A62C25/00; charging or scavenging combustion engines by pumps F02B; engines fuel-injection pumps F02\u00a0M; ion pumps H01J41/00; electro-dynamic pumps H02K44/02)F15FLUID-PRESSURE ACTUATORS; HYDRAULICS OR PNEUMATICS IN GENERALF16ENGINEERING ELEMENTS AND UNITS; GENERAL MEASURES FOR PRODUCING AND MAINTAINING EFFECTIVE FUNCTIONING OF MACHINES OR INSTALLATIONS; THERMAL INSULATION IN GENERALF17STORING OF DISTRIBUTING GASES OR LIQUIDS (water supply E03B)F21LIGHTING (electric aspects or elements, see Section H, e.g. electric light sources H01J, H01\u00a0K,H05B)F22STEAM GENERATION (chemical or physical apparatus for generating gases B01J; chemical generation of gas, e.g. under pressure, Section C; removal of combustion products or residues, e.g. cleaning of the combustion contaminated surfaces of tubes of boilers, F23J; generating combustion products of high pressure or high velocity F23R; water heaters not for steam generation F24H, F28; cleaning of internal or external surfaces of heat-transfer conduits, e.g. water tubes of boilers, F28G)F23COMBUSTION APPARATUS; COMBUSTION PROCESSESF24HEATING; RANGES; VENTILATING (protecting plants by heating in gardens, orchards, or forestsA01G13/06; baking ovens and apparatus A21B; cooking devices other than ranges A47J; forging B21J, B21\u00a0K; specially adapted for vehicles, see the relevant subclasses of B60 to B64; combustion apparatus in general F23; drying F26B; ovens in general F27; electric heating elements and arrangements H05B)F25REFRIGERATION OR COOLING; COMBINED HEATING AND REFRIGERATION SYSTEMS; HEAT PUMP SYSTEMS; MANUFACTURE OR STORAGE OF ICE; LIQUEFACTION SOLIDIFICATION OF GASESF26DRYINGF27FURNACES; KILNS; OVENS; RETORTS (specially adapted for a purpose covered by a single other class and specifically mentioned in that class, see the class in question, e.g. bakery ovensA21B, glass melting furnaces C03B, coke or gas-making apparatus C10B, C10J, apparatus for cracking hydrocarbons C10G, blast furnaces C21B, converters for making steel C21C, furnaces for heat treatment of metal C21D; furnaces for electroslag or arc remelting of metalsC22B9/00; enamelling ovens C23D; combustion apparatus F23; electric heating H05B)F28HEAT EXCHANGE IN GENERALF41WEAPONSF42AMMUNITION; BLASTINGG01MEASURING (counting G06\u00a0M); TESTINGG02OPTICS (making optical elements or apparatus B24B, B29D11/00, C03, or other appropriate subclasses or classes; materials per se, see the relevant places, e.g. C03B, C03C)G03PHOTOGRAPHY; CINEMATOGRAPHY; ELECTROGRAPHY; HOLOGRAPHY (reproduction of pictures or patterns by scanning and converting into electrical signals H04N)G04HOROLOGYG05CONTROLLING; REGULATING (specially adapted to a particular field of use, see the relevant place for that field, e.g. A62C37/00, B03B13/00, B23Q)G06COMPUTING; CALCULATING; COUNTING (score computers for games A63B71/06, A63D15/20,A63F1/18; combinations of writing implements with computing devices B43K29/08)G07CHECKING-DEVICESG08SIGNALLING (indicating or display devices per se G09F; transmission of pictures H04N)G09EDUCATION; CRYPTOGRAPHY; DISPLAY; ADVERTISING; SEALSG10MUSICAL INSTRUMENTS; ACOUSTICSG11INFORMATION STORAGEG12INSTRUMENT DETAILSG21NUCLEAR PHYSICS; NUCLEAR ENGINEERINGH01BASIC ELECTRIC ELEMENTSH02GENERATION; CONVERSION OR DISTRIBUTION OF ELECTRIC POWERH03BASIC ELECTRONIC CIRCUITRYH04ELECTRIC COMMUNICATION TECHNIQUEH05ELECTRIC TECHNIQUES NOT OTHERWISE PROVIDED FOR"
  }
]