[
  {
    "sec_id": "sec0005",
    "sentence": "In a recent study (D."
  },
  {
    "sec_id": "sec0005",
    "sentence": "K."
  },
  {
    "sec_id": "sec0005",
    "sentence": "Ginther et al.: \u201cRace, ethnicity, and NIH research awards,\u201d Science, 19 August 2011, p."
  },
  {
    "sec_id": "sec0005",
    "sentence": "1015) ([bib0085], [bib0090]), the probability of receiving a U.S. National Institutes of Health (NIH) R01 award was related to the applicant's race/ethnicity.",
    "intent": "background"
  },
  {
    "sec_id": "sec0005",
    "sentence": "The paper indicated that black/African-American applicants were 10% less likely than white peers to receive an award after control for background and qualification, and suggested \u201cleverage points for policy intervention\u201d ([bib0085], [bib0090]).",
    "intent": ""
  },
  {
    "sec_id": "sec0005",
    "sentence": "These findings have generated a widespread debate regarding the unfairness of the NIH grant review process and its correction."
  },
  {
    "sec_id": "sec0005",
    "sentence": "The moral imperative is clear that any racial bias is not to be tolerated, particularly in the NIH funding process."
  },
  {
    "sec_id": "sec0005",
    "sentence": "However, the question of whether such a racial bias truly exists requires rigorous and systematic evaluation."
  },
  {
    "sec_id": "sec0005",
    "sentence": "NIH director Francis Collins and Deputy Director Lawrence Tabak reiterated that the Ginther study revealed \u201cfrom 2000 to 2006, black grant applicants were significantly less likely to receive NIH research funding than were white applicants."
  },
  {
    "sec_id": "sec0005",
    "sentence": "The gap in success rates amounted to 10 percentage points, even after controlling for education, country of origin, training, employer characteristics, previous research awards, and publication record."
  },
  {
    "sec_id": "sec0005",
    "sentence": "Their analysis also showed a gap of 4.2 percentage points for Asians; however, the differences between Asian and white award probabilities were explained by exclusion of noncitizens from the analysis\u201d ([bib0195]).",
    "intent": "background"
  },
  {
    "sec_id": "sec0005",
    "sentence": "NIH officials admitted \u201cthe gap could also result from \u2018insidious\u2019 bias favoring whites in a peer-review system that supposedly ranks applications only on scientific merit\u201d ([bib0140]).",
    "intent": "background"
  },
  {
    "sec_id": "sec0005",
    "sentence": "In a Letter to Editor of Science, Voss expressed uneasiness about proposals which address implications of the Ginther study ([bib0210]).",
    "intent": "background"
  },
  {
    "sec_id": "sec0005",
    "sentence": "He warned that \u201cdisparity-reduction policies represent social experiments with tremendously important consequences, the effects of which could take decades to identify\u2026much of the racial disparity reported could be attributed to black R01 applicants having half the citation count and one-fifth as many last-authored publications as white applicants from similarly ranked institutions."
  },
  {
    "sec_id": "sec0005",
    "sentence": "Coupled with the finding that R01s were awarded to highly ranked applications irrespective of race, this suggests that R01 disparity is due to lower research success among black applicants rather than to any problems with NIH review\u201d ([bib0210]).",
    "intent": "background"
  },
  {
    "sec_id": "sec0005",
    "sentence": "In another Letter to Editor, Erickson pointed out that the citation analysis defined in the Ginther study was not relevant to competitive scientists, the number of citations under consideration should be about 1000, instead of being about 84, and the number of citations should be normalized to the career length."
  },
  {
    "sec_id": "sec0005",
    "sentence": "The opinion was expressed that similarly qualified scientists \u201cwould be equally successful in grant funding, with no disparity for race and ethnicity\u201d ([bib0075]).",
    "intent": "background"
  },
  {
    "sec_id": "sec0005",
    "sentence": "D.K. Ginther et al."
  },
  {
    "sec_id": "sec0005",
    "sentence": "wrote a defensive response to these letters."
  },
  {
    "sec_id": "sec0005",
    "sentence": "They disagree with Voss about his explanation, because \u201cthere is substantial evidence that affirmative action does not explain the results\u201d ([bib0085], [bib0090]).",
    "intent": "background"
  },
  {
    "sec_id": "sec0005",
    "sentence": "They found that \u201cblacks and whites were equally likely to receive tenure at higher education institutions that are research intensive\u201d, and \u201ca bad match for research careers will have most likely been weeded out earlier\u201d."
  },
  {
    "sec_id": "sec0005",
    "sentence": "\u201cThere is a case to be made for positive selection of black scientists \u2013 that they are the best of the best \u2013 as opposed to being bad matches resulting from affirmative action.\u201d Also, they disagree with Erickson about the citation issue, because their data included about 300 early-career individuals who had \u223c1000 citations, being in the top 1% of the pool."
  },
  {
    "sec_id": "sec0005",
    "sentence": "Furthermore, a recent evaluation of the NIH K program ([bib0115]) showed that awardees published about 10 papers in the 5 years after the award and attracted about 150 citations per person.",
    "intent": "background"
  },
  {
    "sec_id": "sec0005",
    "sentence": "Furthermore, they did not think that age-normalizing citations would change their results for early-career investigators."
  },
  {
    "sec_id": "sec0005",
    "sentence": "Sherley commented on the view from Tabak and Collins ([bib0195]), \u201cthe limited public discussion on the possible underlying factors has focused on the NIH review process.",
    "intent": "background"
  },
  {
    "sec_id": "sec0005",
    "sentence": "Although this is an obvious place to continue the investigation, the explanation may lie elsewhere\u201d ([bib0190]).",
    "intent": "background"
  },
  {
    "sec_id": "sec0005",
    "sentence": "\u201cBarriers at the home institution\u201d were mentioned for \u201cminority investigators pursuing primarily cancer health disparities research\u201d."
  },
  {
    "sec_id": "sec0005",
    "sentence": "For example, \u201calthough NIH requires the writing of minority recruitment plans by its grantee institutions, it currently neither evaluates how nor even whether such plans are implemented.\u201d Collins and Tabak did not agree with Sherley, \u201cthe plans on all NRSA training grants are rigorously reviewed, and if they are deficient, the grants are not funded until corrective action is taken on the part of the grantee."
  },
  {
    "sec_id": "sec0005",
    "sentence": "Awarded training grants that are subsequently submitted for renewal are reviewed for the recruitment plan's results."
  },
  {
    "sec_id": "sec0005",
    "sentence": "If the plans are judged ineffective, this assessment affects its likelihood of being funded again\u201d ([bib0055]).",
    "intent": "background"
  },
  {
    "sec_id": "sec0005",
    "sentence": "Good and bad biases in grant review processes have been extensively studied over past decades."
  },
  {
    "sec_id": "sec0005",
    "sentence": "An excellent review and a long list of references can be found in ([bib0040]).",
    "intent": "background"
  },
  {
    "sec_id": "sec0005",
    "sentence": "Up to now, at least 25 sources of bias have been identified that may compromise peer-review outcomes."
  },
  {
    "sec_id": "sec0005",
    "sentence": "Although many studies have shown an association between various biases and peer-review results, general interpretations remain indefinite in many cases."
  },
  {
    "sec_id": "sec0005",
    "sentence": "An interesting phenominon is that existing studies have often yielded heterogeneous conclusions, due to disparate definitions of what are under investigation, different research designs and statistical procedures ([bib0040]).",
    "intent": "background"
  },
  {
    "sec_id": "sec0005",
    "sentence": "With the meta-analysis approach, Bornmann and colleagues are trying to arrive at generalized statements from heterogeneous data on the effect of potential biases ([bib0040]), and much more efforts are clearly yet to be made.",
    "intent": "background"
  },
  {
    "sec_id": "sec0005",
    "sentence": "In this context, our study is in contrast to the recent study by D."
  },
  {
    "sec_id": "sec0005",
    "sentence": "K."
  },
  {
    "sec_id": "sec0005",
    "sentence": "Ginther et al."
  },
  {
    "sec_id": "sec0005",
    "sentence": "([bib0085], [bib0090]), and contributes to make the issue open on whether or not the probability of receiving a U.S. National Institutes of Health (NIH) R01 award is related to the applicant's race/ethnicity.",
    "intent": "background"
  },
  {
    "sec_id": "sec0005",
    "sentence": "In this paper, we are motivated to revisit the Ginther study using an axiomatic approach and paired statistical analysis."
  },
  {
    "sec_id": "sec0005",
    "sentence": "Given the complexity of this problem, we report our initial study that has already generated very interesting information."
  },
  {
    "sec_id": "sec0005",
    "sentence": "In the following sections, we describe our method, human subjects, data processing, and key results."
  },
  {
    "sec_id": "sec0010",
    "sentence": "The number of publications and the number of co-authors have rapidly increased over the past decades ([bib0095]), and the competition for academic resources has intensified with the current budgetary limitation.",
    "intent": "background"
  },
  {
    "sec_id": "sec0010",
    "sentence": "To manage scientific activities in general, and optimize the resource allocation in particular, individualized assessment of research results is being actively studied ([bib0010], [bib0030], [bib0050], [bib0080], [bib0105], [bib0110], [bib0230]).",
    "intent": "background"
  },
  {
    "sec_id": "sec0010",
    "sentence": "However, the current indices, such as the number of papers, the number of citations, the h-factor and its variants ([bib0105], [bib0110]) have limitations, especially their inability to quantify co-authors\u2019 credit shares ([bib0045], [bib0225]).",
    "intent": "motivation background"
  },
  {
    "sec_id": "sec0010",
    "sentence": "In the h-index system, a scholar having an h value means that he/she has published h papers each of which has been cited at least h times and his/her other papers are cited less than h times."
  },
  {
    "sec_id": "sec0010",
    "sentence": "Hence, the h-index measures both productivity and impact of his/her work ([bib0105], [bib0110]).",
    "intent": "background uses"
  },
  {
    "sec_id": "sec0010",
    "sentence": "While the idea is insightful and increasingly used ([bib0020], [bib0025], [bib0150], [bib0170], [bib0185]), the h-index is quite volatile ([bib0060]) and subject to various biases ([bib0015], [bib0045], [bib0070], [bib0135], [bib0145], [bib0155], [bib0165], [bib0175], [bib0200], [bib0220]).",
    "intent": "background"
  },
  {
    "sec_id": "sec0010",
    "sentence": "A major obstacle to significant improvement of the h-index and other popular indices of this type has been the lack of assessment of co-authors\u2019 individual contributions."
  },
  {
    "sec_id": "sec0010",
    "sentence": "It is well recognized that the quantification of individual co-authors\u2019 credits in a publication is extremely important ([bib0010], [bib0030], [bib0050], [bib0080], [bib0230]).",
    "intent": "background"
  },
  {
    "sec_id": "sec0010",
    "sentence": "Current perception of a researcher's qualification relies to a great degree on either inflated or fractional counting methods ([bib0100]).",
    "intent": "background"
  },
  {
    "sec_id": "sec0010",
    "sentence": "While the former method gives the full credit to any co-author (for example, it is only stated in a biography how many papers one has published), the latter method distributes an equally divided credit to each co-author (as in some bibliometric analyses)."
  },
  {
    "sec_id": "sec0010",
    "sentence": "Neither of these methods is ideal, because the order or rank of co-authors and the corresponding authorship are almost exclusively used to indicate the relative contributions of co-authors."
  },
  {
    "sec_id": "sec0010",
    "sentence": "Except for special arrangements such as specification of corresponding authors, the further down the list of co-authors for a publication, the less credit he or she deserves."
  },
  {
    "sec_id": "sec0010",
    "sentence": "Quite commonly in the biomedical research settings, the first author and the corresponding author are considered the most prominent."
  },
  {
    "sec_id": "sec0010",
    "sentence": "To quantify co-authors\u2019 relative contributions, there are various methods available ([bib0005], [bib0035], [bib0065], [bib0160], [bib0180], [bib0205]).",
    "intent": "background"
  },
  {
    "sec_id": "sec0010",
    "sentence": "For example, the harmonic counting method was proposed ([bib0100]) to avoid the equal-share bias of the fractional counting method.",
    "intent": "background"
  },
  {
    "sec_id": "sec0010",
    "sentence": "A more heuristic variant was also suggested ([bib0230]).",
    "intent": "background"
  },
  {
    "sec_id": "sec0010",
    "sentence": "While the harmonic counting method has a flexibility permitting equal rankings for subsets of co-authors, it has a major limitation directly related to the fairness of credit-sharing."
  },
  {
    "sec_id": "sec0010",
    "sentence": "Without loss of generality, let us assume that the order of co-authors\u2019 names is consistent with their credit ranking, and that there are totally n co-authors on a publication whose shares are presented as a vector x\u2192=(x1,x2,\u22ef,xn) (1\u2264 i \u2264n)."
  },
  {
    "sec_id": "sec0010",
    "sentence": "Then, the k-th author's harmonic credit xk is defined as(1)xk=\u03b11k,where\u03b1=1\u2211j=1n1j,1\u2264k\u2264nEvidently, there is no rationale behind the proportionality that the k-th author contributes 1/k as much as the first author's contribution."
  },
  {
    "sec_id": "sec0010",
    "sentence": "Realistically, there are many possible ratios between the k-th and the first authors\u2019 credits, which may be equal or may be rather small such as in the cases of data sharing or technical assistance."
  },
  {
    "sec_id": "sec0010",
    "sentence": "Despite its superiority to the fractional method, the harmonic method has not been practically used, because of its subjective nature."
  },
  {
    "sec_id": "sec0010",
    "sentence": "In order to present a rigorous solution for academic credit sharing, we present the following axiomatic system ([bib0235]).",
    "intent": "uses"
  },
  {
    "sec_id": "sec0010",
    "sentence": "Let us assume that each publication has n co-authors in m subsets (n\u2265m) where co-authors in the i-th subset have the same credit xi in x=(x1, x2\u2026, xm) (1\u2264i\u2264m)."
  },
  {
    "sec_id": "sec0010",
    "sentence": "The axiomatic system consists of the following three postulations:"
  },
  {
    "sec_id": "sec0010",
    "sentence": "Axiom 1 (Ranking Preference): x1\u2265x2\u2265\u2026\u2265xm \u22650;"
  },
  {
    "sec_id": "sec0010",
    "sentence": "Axiom 2 (Credit Normalization): c1 x1 + c2x2+\u2026+ cm xm =1;"
  },
  {
    "sec_id": "sec0010",
    "sentence": "Axiom 3 (Maximum Entropy): x is uniformly distributed in the domain defined by Axioms 1 and 2."
  },
  {
    "sec_id": "sec0010",
    "sentence": "The first two axioms are self-evident."
  },
  {
    "sec_id": "sec0010",
    "sentence": "The last axiom asserts that all the cases permitted by Axioms 1 and 2 are equally likely by the maximum entropy principle, since there is no basis for assuming otherwise."
  },
  {
    "sec_id": "sec0010",
    "sentence": "Therefore, the fairest estimation of co-authors\u2019 credits must be the expectation of all possible credit vectors."
  },
  {
    "sec_id": "sec0010",
    "sentence": "In other words, the k-th co-author's credit must be the elemental mean, which is referred to as the a-index for its axiomatic foundation."
  },
  {
    "sec_id": "sec0010",
    "sentence": "Please see the closed form formulas and their derivations in ([bib0235]).",
    "intent": "background"
  },
  {
    "sec_id": "sec0010",
    "sentence": "Naturally, three individualized scientific productivity measures can be defined based on our a-index."
  },
  {
    "sec_id": "sec0010",
    "sentence": "First, the productivity measure in terms of journal reputation, or the Pr-index, is the sum of the journal impact factors (IF) of one's papers weighted by his/her a-indices respectively."
  },
  {
    "sec_id": "sec0010",
    "sentence": "Second, the productivity measure in terms of peers\u2019 citations, or the Pc-index, is the sum of the numbers of citations to one's papers weighted by his/her a-indices respectively."
  },
  {
    "sec_id": "sec0010",
    "sentence": "While the Pr-index is useful for immediate productivity measurement, the Pc-index is retrospective and generally more relevant."
  },
  {
    "sec_id": "sec0010",
    "sentence": "Finally, the Pc*IF index is the sum of the numbers of citations after being individually weighted by both the a-index and the journal impact factor."
  },
  {
    "sec_id": "sec0010",
    "sentence": "When papers are cited, the Pc*IF index credits high-impact journal papers more than low-impact counterparts, as higher-impact papers generally carry higher relevance or offer stronger support to a citing paper."
  },
  {
    "sec_id": "sec0015",
    "sentence": "This study targeted the top 92 American medical schools ranked in the 2011 US News and World Report, from which 31 odd-number-ranked schools were selected for paired analysis (schools were excluded if they did not provide online faculty photos or did not allow 1:2 pairing of black versus white faculty members)."
  },
  {
    "sec_id": "sec0015",
    "sentence": "Data were gathered from September 1 to 5, 2011 on black and white faculty members in departments of internal medicine, surgery, and basic sciences in the 31 selected schools."
  },
  {
    "sec_id": "sec0015",
    "sentence": "White and black/African American faculty members were confirmed by their photos, names, and resumes as needed, and department heads/chairs were excluded."
  },
  {
    "sec_id": "sec0015",
    "sentence": "These schools were categorized into three tiers according to their ranking: 1st-31st as the first tier, 33rd-61st as the second tier, and 63rd-91st as the third tier."
  },
  {
    "sec_id": "sec0015",
    "sentence": "After 130 black faculty members were found from these schools, 40 black faculty members were randomly selected."
  },
  {
    "sec_id": "sec0015",
    "sentence": "The selected 40 black faculty members were 1:2 paired with white peers, yielding 120 samples as our first pool."
  },
  {
    "sec_id": "sec0015",
    "sentence": "The pairing criteria include the same gender, degree, title, specialty, and university."
  },
  {
    "sec_id": "sec0015",
    "sentence": "The ratio of 1:2 was chosen to represent white faculty members better, since the number of white faculty members is much more than that of black faculty members."
  },
  {
    "sec_id": "sec0015",
    "sentence": "Any additional major constraint, such as the number of papers, would prevent us from having a sufficient number of pairs."
  },
  {
    "sec_id": "sec0015",
    "sentence": "Among the 130 black samples in the initial list, 14 faculty members were funded by NIH during the period from 2008 to 2011."
  },
  {
    "sec_id": "sec0015",
    "sentence": "Two of 14 black samples were excluded because of failure in matching with any white faculty member."
  },
  {
    "sec_id": "sec0015",
    "sentence": "Furthermore, an additional black faculty member was excluded because he only published at conference without any Science Citation Index (SCI) record in this period ([bib0125]).",
    "intent": "background"
  },
  {
    "sec_id": "sec0015",
    "sentence": "This zero productivity cannot be used as the denominator for our bibliometric analyses (see the tables below)."
  },
  {
    "sec_id": "sec0015",
    "sentence": "Note that this exclusion is actually in favor of drawing a conclusion more favorable to support the conclusion from the study by D."
  },
  {
    "sec_id": "sec0015",
    "sentence": "K."
  },
  {
    "sec_id": "sec0015",
    "sentence": "Ginther et al."
  },
  {
    "sec_id": "sec0015",
    "sentence": "([bib0085], [bib0090]), and yet as shown below our conclusion is different from that by D.",
    "intent": "differences"
  },
  {
    "sec_id": "sec0015",
    "sentence": "K."
  },
  {
    "sec_id": "sec0015",
    "sentence": "Ginther et al."
  },
  {
    "sec_id": "sec0015",
    "sentence": "Consequently, 11 funded black faculty members were kept."
  },
  {
    "sec_id": "sec0015",
    "sentence": "Among them, 10 were from the first tier, and 1 from the second tier."
  },
  {
    "sec_id": "sec0015",
    "sentence": "These 11 funded black faculty members were 1:1 paired with white samples that both met the pairing criteria and were funded by NIH in the same period."
  },
  {
    "sec_id": "sec0015",
    "sentence": "Consequently, there were 11 pairs of black and white investigators, which is our second pool."
  },
  {
    "sec_id": "sec0020",
    "sentence": "Using the Web of Knowledge ([bib0125]), datasets were systematically collected for the two pools of faculty members.",
    "intent": "uses"
  },
  {
    "sec_id": "sec0020",
    "sentence": "In our study, the funding and publication records were produced to cover the period from January 2008 to August 2011."
  },
  {
    "sec_id": "sec0020",
    "sentence": "Each dataset corresponded to a single black-white combination, and included bibliographic information, such as co-authors, assignment of the corresponding author(s), journal impact factors, and citations received from 2008 to 2011."
  },
  {
    "sec_id": "sec0020",
    "sentence": "The journal impact factors were obtained from Journal Citation Reports ([bib0130]).",
    "intent": "uses"
  },
  {
    "sec_id": "sec0020",
    "sentence": "The a-index values were computed using our axiomatically based formula ([bib0235]).",
    "intent": "uses"
  },
  {
    "sec_id": "sec0020",
    "sentence": "In computing a-index values, the first author(s) and the corresponding author(s) were treated with equal weights in this context."
  },
  {
    "sec_id": "sec0020",
    "sentence": "For the NIH-funded samples, individual numbers of funded proposals and individual funding totals were found via the NIH Reporter system ([bib0120]).",
    "intent": "uses"
  },
  {
    "sec_id": "sec0020",
    "sentence": "Features of interest included the number of journal papers, number of citations, Pr-, Pc-, and Pc*IF-indices."
  },
  {
    "sec_id": "sec0020",
    "sentence": "For the second pool samples, additional features were numbers of NIH funded proposals and NIH funding totals per person and per racial group, respectively."
  },
  {
    "sec_id": "sec0020",
    "sentence": "The paired t-tests were performed using SPSS 13.0 on the datasets from the first and second pools."
  },
  {
    "sec_id": "sec0020",
    "sentence": "In the first pool, the average data of two white professors were paired to individual data of the corresponding black professor."
  },
  {
    "sec_id": "sec0020",
    "sentence": "The tests were specifically performed by professional rank and school reputation, gender and integrated for racial groups."
  },
  {
    "sec_id": "sec0025",
    "sentence": "The scientific productivity was evaluated using the Pr-, Pc-, and Pc*IF-indices."
  },
  {
    "sec_id": "sec0025",
    "sentence": "Statistical significance levels are indicated by \u201c*\u201d for p<0.05 and \u201c**\u201d for p\u00a0<\u00a00.01."
  },
  {
    "sec_id": "sec0025",
    "sentence": "[tbl0005] suggests that higher scientific productivity was positively correlated with more senior professional titles or more prestigious institutional tiers."
  },
  {
    "sec_id": "sec0025",
    "sentence": "Furthermore, the analysis shows the male investigators were statistically more productive than the female colleagues, and the black faculty members statistically less productive than the white colleagues."
  },
  {
    "sec_id": "sec0025",
    "sentence": "The distribution of professional titles (Full, Associate, and Assistant Professor) for the black faculty members was 3:12:25, indicating an imbalance in the higher ranks."
  },
  {
    "sec_id": "sec0025",
    "sentence": "Despite that more than a half of the black samples were from first tier institutions, 14 were assistant professors."
  },
  {
    "sec_id": "sec0025",
    "sentence": "Thus, the numbers of black associate and full professors were insufficient for us to devise title-specific conclusions with statistical significance."
  },
  {
    "sec_id": "sec0025",
    "sentence": "Table 1."
  },
  {
    "sec_id": "sec0025",
    "sentence": "Scientific publication measures for the black and white faculty members in the first pool."
  },
  {
    "sec_id": "sec0025",
    "sentence": "[tbl0010] focuses on the scientific productivities of the NIH funded black and white investigators, and indicates similar racial differences in scientific productivity."
  },
  {
    "sec_id": "sec0025",
    "sentence": "Although statistical significance cannot be established per professional title due to the limited numbers of samples, the differences between the racial groups are significant in terms of the number of citations and the Pc-index."
  },
  {
    "sec_id": "sec0025",
    "sentence": "In the following analysis, these scientific productivity measures will serve as the base to evaluate the fairness of the NIH funding process."
  },
  {
    "sec_id": "sec0025",
    "sentence": "Note that the racial/ethnic differences in Pr and Pc ([tbl0005], [tbl0010]) are consistent with the citation analysis performed in ([bib0085], [bib0090]).",
    "intent": "similarities"
  },
  {
    "sec_id": "sec0025",
    "sentence": "Table 2."
  },
  {
    "sec_id": "sec0025",
    "sentence": "Scientific publication measures for the black and white faculty members in the second pool."
  },
  {
    "sec_id": "sec0025",
    "sentence": "In [tbl0015], [tbl0020], the funding support and the number of funded projects for each racial group were normalized by Pr, Pc and Pc*IF respectively."
  },
  {
    "sec_id": "sec0025",
    "sentence": "In addition to the racial difference in the R01 success rates ([bib0085], [bib0090]), it can be seen in [tbl0015], [tbl0020] that the funding total and the number of funded projects for black NIH investigators were only 46% and 62% of that for whites, respectively.",
    "intent": "background"
  },
  {
    "sec_id": "sec0025",
    "sentence": "However, when these funding totals and numbers of funded projects were normalized by Pr, the ratios between black and white faculty members were narrowed."
  },
  {
    "sec_id": "sec0025",
    "sentence": "Furthermore, the normalization by the citation-oriented indices Pc and Pc*IF indicates that black faculty members had more favorable ratios from 1.06 to 2.00."
  },
  {
    "sec_id": "sec0025",
    "sentence": "Table 3."
  },
  {
    "sec_id": "sec0025",
    "sentence": "Ratios between the total funding amount and the accumulated scientific publication measurement for racial groups (not individuals) in the second pool."
  },
  {
    "sec_id": "sec0025",
    "sentence": "Table 4."
  },
  {
    "sec_id": "sec0025",
    "sentence": "Ratios between the total number of NIH-funded projects and the accumulated scientific publication measurement for racial groups (not individuals) in the second pool."
  },
  {
    "sec_id": "sec0025",
    "sentence": "There are apparent differences in research performance by major racial groups based on individual scientific publication measures."
  },
  {
    "sec_id": "sec0025",
    "sentence": "The application of the new scientific productivity indices to the racial groups ([tbl0005], [tbl0010]) clarifies the source of discrepant funding successes."
  },
  {
    "sec_id": "sec0025",
    "sentence": "When the total grant amounts and the number of funded projects were racial-group-wise normalized by these indices, the NIH review process does not appear biased against black faculty members ([tbl0015], [tbl0020])."
  },
  {
    "sec_id": "sec0025",
    "sentence": "The key results achieved statistical significance in the paired analysis that was capable of sensing differences with adequate specificity and sensitivity."
  },
  {
    "sec_id": "sec0025",
    "sentence": "There is a potential for the axiomatic approach to produce more comprehensive results with expansion of the sample sets."
  },
  {
    "sec_id": "sec0025",
    "sentence": "The construction of the databases used in this study took our 10 students\u2019 efforts over about three months, and yet is still much smaller than that used in the Ginther study (The Ginther study \u201cincluded 83,188 observations with non-missing data for the explanatory variables\u201d ([bib0085], [bib0090])).",
    "intent": "differences"
  },
  {
    "sec_id": "sec0025",
    "sentence": "On the other hand, if detailed information were used on educational background, training, prior awards, and related variables, pairing of black and white investigators would become impossible in many cases."
  },
  {
    "sec_id": "sec0025",
    "sentence": "It is underlined that our critical abstraction has been axiomatically-formulated scientific productivity and accordingly-defined funding normalization."
  },
  {
    "sec_id": "sec0025",
    "sentence": "This perspective has allowed us to evaluate the fairness of the NIH review process in a more straightforward way, yielding statistical significance with smaller sample sizes."
  },
  {
    "sec_id": "sec0025",
    "sentence": "The limitations of the current study are multiple, and could have made our results sub-optimal to different degrees."
  },
  {
    "sec_id": "sec0025",
    "sentence": "The research disciplines, specific institutes, other grant mechanisms (e.g., P and K awards) were not separately considered."
  },
  {
    "sec_id": "sec0025",
    "sentence": "The prior training (T and K awards), longitudinal trends, and review process changes were not analyzed."
  },
  {
    "sec_id": "sec0025",
    "sentence": "When the samples were selected, the unavailability of some faculty photos was a difficulty."
  },
  {
    "sec_id": "sec0025",
    "sentence": "Since the number of white faculty members is large, it was hoped to use more white samples for a better representation."
  },
  {
    "sec_id": "sec0025",
    "sentence": "However, the pairing criteria prevented us from including white faculty members beyond the 1:2 and 1:1 ratios for the first and second pools, respectively."
  },
  {
    "sec_id": "sec0025",
    "sentence": "The existing online searching systems do not support the computation of the axiomatic indices."
  },
  {
    "sec_id": "sec0025",
    "sentence": "The tedious data entry and analysis tasks are error-prone."
  },
  {
    "sec_id": "sec0025",
    "sentence": "Cross validation steps were performed to produce data up to a high standard."
  },
  {
    "sec_id": "sec0025",
    "sentence": "Ideally, an automated exclusive study using the axiomatic approach and paired analysis should be performed to generate the highest possible statistical confidence."
  },
  {
    "sec_id": "sec0025",
    "sentence": "In principle, the normalization of bibliometric indicators is desirable with respect to the research field, article type, publication year, and so on (Rehn, Kronman et al., 2007)."
  },
  {
    "sec_id": "sec0025",
    "sentence": "Our axiomatically based approach for credit-sharing among co-authors is also a normalization tool ([bib0235]), and more reasonable than the harmonic counting method.",
    "intent": "differences"
  },
  {
    "sec_id": "sec0025",
    "sentence": "The purpose of our work is to examine the recent study by D."
  },
  {
    "sec_id": "sec0025",
    "sentence": "K."
  },
  {
    "sec_id": "sec0025",
    "sentence": "Ginther et al."
  },
  {
    "sec_id": "sec0025",
    "sentence": "([bib0085], [bib0090]), and we did not perform any other normalization, such as with respect to the research field and so on, since D.",
    "intent": "differences"
  },
  {
    "sec_id": "sec0025",
    "sentence": "K."
  },
  {
    "sec_id": "sec0025",
    "sentence": "Ginther et al."
  },
  {
    "sec_id": "sec0025",
    "sentence": "did not do that either."
  },
  {
    "sec_id": "sec0025",
    "sentence": "In fact, our human subjects (black and white faculty candidates) were selected from major departments (internal medicine, surgery, and basic sciences), and paired analyses were performed."
  },
  {
    "sec_id": "sec0025",
    "sentence": "Hence, the effect of differences among research fields and other factors is not considered sufficiently significant in our study."
  },
  {
    "sec_id": "sec0025",
    "sentence": "Nevertheless, we agree that this and other improvements should be made in future studies."
  },
  {
    "sec_id": "sec0025",
    "sentence": "The axiomatic approach can be useful in multiple ways."
  },
  {
    "sec_id": "sec0025",
    "sentence": "For example, it may help streamline and monitor peer-review and research execution."
  },
  {
    "sec_id": "sec0025",
    "sentence": "Optimization of the NIH funding process has been a public concern."
  },
  {
    "sec_id": "sec0025",
    "sentence": "The NIH Grant Productivity Metrics and Peer Review Scores Online Resource stimulated hypotheses that can be tested using the axiomatic indices."
  },
  {
    "sec_id": "sec0025",
    "sentence": "For example, will new investigators be more influential than senior researchers?"
  },
  {
    "sec_id": "sec0025",
    "sentence": "Will large grant mechanisms such as U01 (Research Project Cooperative Agreement) and P01 (Research Program Project Grant) be more productive than R01 (Research Project Grant) and R21 (Exploratory/Developmental Research Grant)?"
  },
  {
    "sec_id": "sec0025",
    "sentence": "Will renewed projects be more cost-effective than initially funded projects?"
  },
  {
    "sec_id": "sec0025",
    "sentence": "Although any bibliometric measure is subject to model mismatch and performance fluctuation, several important problems of common interest can be studied with the same individual or team as its own control."
  },
  {
    "sec_id": "sec0025",
    "sentence": "These questions and many others can be addressed using the approach proposed in this paper."
  },
  {
    "sec_id": "sec0030",
    "sentence": "We have proposed an axiomatic approach for individualized academic evaluation in the teamwork context."
  },
  {
    "sec_id": "sec0030",
    "sentence": "Our methodology has potential to be widely used for scientific assessment and management."
  },
  {
    "sec_id": "sec0030",
    "sentence": "As an initial application, our axiomatic approach has been applied to revisit a recent high-profile study by Ginther et al."
  },
  {
    "sec_id": "sec0030",
    "sentence": "([bib0085], [bib0090]).",
    "intent": "background"
  },
  {
    "sec_id": "sec0030",
    "sentence": "In contrast to their Science paper, our results suggest that there is no significant racial bias in the NIH review."
  },
  {
    "sec_id": "sec0035",
    "sentence": "None."
  }
]