[
  {
    "sec_id": "sec0005",
    "sentence": "Coauthorship networks, an important topic of informetrics, are constructed from articles, using the authors as nodes, and connecting them if they have coauthored."
  },
  {
    "sec_id": "sec0005",
    "sentence": "Modeling these networks provides a window on understanding the patterns of collaborations, the emergence and propagation of thoughts in academic society, etc."
  },
  {
    "sec_id": "sec0005",
    "sentence": "Many of the empirically observed coauthorship networks are found to be scale-free, small-world, high clustering, and degree assortative ([bib0055], [bib0060], [bib0065], [bib0070], [bib0075]).",
    "intent": "background"
  },
  {
    "sec_id": "sec0005",
    "sentence": "The scale-free property can be modeled by the mechanism of preferential attachment ([bib0005], [bib0050], [bib0095], [bib0110], [bib0115], [bib0145]).",
    "intent": "background"
  },
  {
    "sec_id": "sec0005",
    "sentence": "The degree assortativity can be modeled by connecting two existing non-connected nodes according to a probability that is a decreasing function of the difference between degrees ([bib0015]).",
    "intent": "background"
  },
  {
    "sec_id": "sec0005",
    "sentence": "Besides the preferential attachment, the inhomogeneity of node degree in real networks also arises as a consequence of the inhomogeneous influences of nodes, through which some nodes gain more connections because they are likely to have wider influences than others."
  },
  {
    "sec_id": "sec0005",
    "sentence": "A typical example of this phenomenon is the academic influences of researchers."
  },
  {
    "sec_id": "sec0005",
    "sentence": "The theory of random geometric graphs (RGG) enables research into complex networks via geometry ([bib0040], [bib0090], [bib0140], [bib0130]).",
    "intent": "background"
  },
  {
    "sec_id": "sec0005",
    "sentence": "A disassortative graph model, called scale-invariant RGG, models the inhomogeneous influences of nodes found in web-graphs ([bib0120]).",
    "intent": "background"
  },
  {
    "sec_id": "sec0005",
    "sentence": "In that model, the propensity of nodes to connect only to those that are \u201csimilar\u201d (in the sense of spatial location) mirrors the homophily frequently observed in social systems ([bib0085], [bib0105]), e.g. coauthorship networks.",
    "intent": "background"
  },
  {
    "sec_id": "sec0005",
    "sentence": "The homophily of authors (in the sense of research topics, geographical distance, etc.) is found to have a positive influence on collaborations ([bib0030]).",
    "intent": "background"
  },
  {
    "sec_id": "sec0005",
    "sentence": "Analyzing the origins of coauthorship networks helps to understand the aspects of those networks."
  },
  {
    "sec_id": "sec0005",
    "sentence": "Collaborations happen in or between scientific research teams."
  },
  {
    "sec_id": "sec0005",
    "sentence": "Researchers who appear as authors of an article (who together could be regarded as an \u201carticle team\u201d) represent \u201ca visible and easily quantifiable manifestation of the collaborations\u201d ([bib0045]).",
    "intent": "background"
  },
  {
    "sec_id": "sec0005",
    "sentence": "Coauthorship networks come from the article teams, so they should have some intrinsic relations."
  },
  {
    "sec_id": "sec0005",
    "sentence": "Hence, from a reductionist stance, a sound model of coauthorship networks should capture some basic properties of article teams, e.g. team size distribution."
  },
  {
    "sec_id": "sec0005",
    "sentence": "A geometric graph model built on a circle is proposed here, which generates hypergraphs and then networks."
  },
  {
    "sec_id": "sec0005",
    "sentence": "As usual, nodes are created by a unit intensity Poisson process."
  },
  {
    "sec_id": "sec0005",
    "sentence": "The novel aspect is the connection mechanism of the model, which expresses the effects of the academic influences and homophily of authors on collaborations, and the communications between research teams."
  },
  {
    "sec_id": "sec0005",
    "sentence": "This mechanism gives the modeled networks (which are simple graphs obtained from the modeled hypergraphs) a range of properties found in coauthorship networks, viz."
  },
  {
    "sec_id": "sec0005",
    "sentence": "the degree distribution made up of a mixture Poisson distribution with a power-law tail, clear community structure, small-world, high clustering, and degree assortativity."
  },
  {
    "sec_id": "sec0005",
    "sentence": "Meanwhile, the hyperedge cardinality distributions of the modeled hypergraphs are similar to those of the empirical data."
  },
  {
    "sec_id": "sec0005",
    "sentence": "The proposed model is suitable for modeling the coauthorship networks, the article team size distributions of which have hooks with peak values larger than two."
  },
  {
    "sec_id": "sec0005",
    "sentence": "Although it cannot exactly reproduce some behaviors of the empirical networks without such team size distributions, the model captures their main features."
  },
  {
    "sec_id": "sec0005",
    "sentence": "To show this, we derive the underlying formulae of the tail and forepart of the degree distribution, and the tail of the scaling relation between local clustering coefficient and degree for the modeled networks."
  },
  {
    "sec_id": "sec0005",
    "sentence": "The applicability of those formulae to the empirical data, together with the ability to capture the above addressed features, hint at the potential that this model has given a new geometric view for understanding the aspects of coauthorship networks."
  },
  {
    "sec_id": "sec0005",
    "sentence": "This report is organized as follows: the model and empirical data are described in Sections\u00a0[sec0010], [sec0015] respectively; the degree distribution, clustering, assortativity, and small world property of the modeled networks are analyzed in Sections\u00a0[sec0020], [sec0025], [sec0030], [sec0035]; and the conclusion is drawn in Section\u00a0[sec0040]."
  },
  {
    "sec_id": "sec0010",
    "sentence": "The coauthorships of an article set can be represented as a hypergraph by regarding authors as nodes, and article teams as hyperedges ([bib0025]).",
    "intent": "background"
  },
  {
    "sec_id": "sec0010",
    "sentence": "We first lay out a hypergraph model, the constructing mechanism of which considers certain factors engendering collaborations, viz."
  },
  {
    "sec_id": "sec0010",
    "sentence": "academic influences, homophily, and the communications between research teams."
  },
  {
    "sec_id": "sec0010",
    "sentence": "We next generate simple graphs from the modeled hypergraphs by treating hyperedges as cliques (connecting every two nodes in each hyperedge), removing isolated nodes, and combining the edges between the same pair of nodes."
  },
  {
    "sec_id": "sec0010",
    "sentence": "The coauthorship networks are also generated in this way."
  },
  {
    "sec_id": "sec0010",
    "sentence": "The proposed model is built on a circle, so it is literally a modified RGG."
  },
  {
    "sec_id": "sec0010",
    "sentence": "We require certain properties of the modeled networks, such as the distributions of hyperedge cardinalities and degrees, the scaling relation between local clustering coefficient/average degree of neighbors and degree, to be similar to those of the empirical data."
  },
  {
    "sec_id": "sec0010",
    "sentence": "Moreover, some properties of the empirical data differ from field to field, e.g. the team size distribution of certain mathematical articles and that of certain biological articles ([fig0005])."
  },
  {
    "sec_id": "sec0010",
    "sentence": "We require the proposed model to be universal and not field dependent at certain levels."
  },
  {
    "sec_id": "sec0010",
    "sentence": "To achieve these requirements, we introduce many parameters, which makes the model relatively complex."
  },
  {
    "sec_id": "sec0010",
    "sentence": "The motivation of each used parameter will be explained."
  },
  {
    "sec_id": "sec0010",
    "sentence": "The distributions of the article team sizes of the empirical data approximately follow a generalized Poisson distribution with a power-law tail, and the Poisson parts are predominant ([fig0005])."
  },
  {
    "sec_id": "sec0010",
    "sentence": "Express the probability mass function (PMF) of such distribution by f(x)\u00a0=\u00a0qf1(x)\u00a0+\u00a0(1\u00a0\u2212\u00a0q)f2(x), where q\u00a0\u2208\u00a0[0, 1], f1(x)\u00a0=\u00a0a(a\u00a0+\u00a0bx)x\u22121e\u2212a\u2212bx/x\u00a0!, f2(x)\u00a0=\u00a0cxd are the PMFs of the distributions of generalized Poisson and power-law respectively, a,b,c,d\u2208\u211d, and x\u2208\u211d+."
  },
  {
    "sec_id": "sec0010",
    "sentence": "In reality, articles are produced by research teams."
  },
  {
    "sec_id": "sec0010",
    "sentence": "Normally, each team has a leader who is responsible for putting together the team and producing articles as a corresponding author with some team members."
  },
  {
    "sec_id": "sec0010",
    "sentence": "The set of researchers who appear as authors of an article forms an article team."
  },
  {
    "sec_id": "sec0010",
    "sentence": "The proposed hypergraph model consists of \u201cauthors\u201d (nodes) and their \u201carticles\u201d (hyperedges)."
  },
  {
    "sec_id": "sec0010",
    "sentence": "Articles always have at least two authors."
  },
  {
    "sec_id": "sec0010",
    "sentence": "Each hyperedge forms an \u201carticle team\u201d."
  },
  {
    "sec_id": "sec0010",
    "sentence": "Some nodes are selected to attach to specific zones to express their academic influences."
  },
  {
    "sec_id": "sec0010",
    "sentence": "Those nodes are regarded as \u201cleaders\u201d ([fig0010])."
  },
  {
    "sec_id": "sec0010",
    "sentence": "The set of nodes in a zone is regarded as the \u201cresearch team\u201d of the corresponding leader, and each team member coauthors with the leader."
  },
  {
    "sec_id": "sec0010",
    "sentence": "Suppose a modeled hypergraph has N1 \u201cpotential authors\u201d, N2 leaders with the scientific age T\u00a0\u2212\u00a0t\u00a0+\u00a01 (t\u00a0=\u00a01, 2, \u2026, T) and N3 articles between research teams, where N1,N2,N3,T\u2208\u2124+."
  },
  {
    "sec_id": "sec0010",
    "sentence": "In reality, the leaders are a small part of researchers (potential authors)."
  },
  {
    "sec_id": "sec0010",
    "sentence": "So, in the model, the total number of leaders TN2 is supposed to be far less than N1."
  },
  {
    "sec_id": "sec0010",
    "sentence": "The modeled hypergraph is constructed by following four processes."
  },
  {
    "sec_id": "sec0010",
    "sentence": "The first three areProcess 0. Sprinkle nodes:Sprinkle N1 nodes uniformly and randomly on a circle S1;Process 1. Select leaders:For each t\u00a0\u2208\u00a0{1, 2, \u2026, T}, select N2 nodes randomly (sampling without replacement) as leaders to attach with specific zones: the zone of a leader i with angular coordinate \u03b8i is defined as an interval on S1 with center \u03b8i and arc length \u03b1(\u03b8i)t\u2212\u03b2, where \u03b1(\u03b8) is a piecewise constant non-negative function of \u03b8\u00a0\u2208\u00a0[0, 2\u03c0) and \u03b2\u00a0\u2208\u00a0[0.5, 1];Process 2. Generate hyperedges:For each node j (which is generated in Process 0 and is not a leader) in a zone, generate a hyperedge by grouping together j, the leader of the zone, and some nodes (in the zone) closest to j, where the size of the hyperedge is a random variable (which is at least two) drawn from f or the number of nodes in the zone if the former is larger than the latter."
  },
  {
    "sec_id": "sec0010",
    "sentence": "Process 0. Sprinkle nodes:"
  },
  {
    "sec_id": "sec0010",
    "sentence": "Sprinkle N1 nodes uniformly and randomly on a circle S1;"
  },
  {
    "sec_id": "sec0010",
    "sentence": "Process 1. Select leaders:"
  },
  {
    "sec_id": "sec0010",
    "sentence": "For each t\u00a0\u2208\u00a0{1, 2, \u2026, T}, select N2 nodes randomly (sampling without replacement) as leaders to attach with specific zones: the zone of a leader i with angular coordinate \u03b8i is defined as an interval on S1 with center \u03b8i and arc length \u03b1(\u03b8i)t\u2212\u03b2, where \u03b1(\u03b8) is a piecewise constant non-negative function of \u03b8\u00a0\u2208\u00a0[0, 2\u03c0) and \u03b2\u00a0\u2208\u00a0[0.5, 1];"
  },
  {
    "sec_id": "sec0010",
    "sentence": "Process 2. Generate hyperedges:"
  },
  {
    "sec_id": "sec0010",
    "sentence": "For each node j (which is generated in Process 0 and is not a leader) in a zone, generate a hyperedge by grouping together j, the leader of the zone, and some nodes (in the zone) closest to j, where the size of the hyperedge is a random variable (which is at least two) drawn from f or the number of nodes in the zone if the former is larger than the latter."
  },
  {
    "sec_id": "sec0010",
    "sentence": "The nodes (potential authors) generated in Process 0 could be regarded as \u201cauthors\u201d if they belong to hyperedges."
  },
  {
    "sec_id": "sec0010",
    "sentence": "Count all collaborators in all article teams in which the author participates."
  },
  {
    "sec_id": "sec0010",
    "sentence": "If an author has multiple collaborations with a certain other author, this other author is counted only once."
  },
  {
    "sec_id": "sec0010",
    "sentence": "This number of collaborators is called the degree of the corresponding node in the technical terms of graph theory."
  },
  {
    "sec_id": "sec0010",
    "sentence": "The angular coordinates on the circle S1 could be regarded as geographical positions or research topics."
  },
  {
    "sec_id": "sec0010",
    "sentence": "So the geographical distances or the diversities of research topics (which could be regarded as a type of social distances) between potential authors could be expressed by the geometric distances between nodes."
  },
  {
    "sec_id": "sec0010",
    "sentence": "How to infer the proper coordinates of the empirical data needs further research by statistics and the techniques in the field of mapping knowledge domains ([bib0100]).",
    "intent": "background future_work"
  },
  {
    "sec_id": "sec0010",
    "sentence": "If a node belongs to several zones, the node will coauthor with the leaders of each of those zones and some of their research team members."
  },
  {
    "sec_id": "sec0010",
    "sentence": "The inhomogeneity of the academic influences or research team sizes of leaders is abstractly expressed by the different sizes of zones."
  },
  {
    "sec_id": "sec0010",
    "sentence": "There are two intuitive explanations for the formula of zonal sizes."
  },
  {
    "sec_id": "sec0010",
    "sentence": "Firstly, the value of T\u00a0\u2212\u00a0t\u00a0+\u00a01 is interpreted as the scientific age of a researcher: if a researcher has spent more time on research, he/she would have a larger academic influence and more collaborators, hence it is reasonable to regard the formula to be a decreasing function of t."
  },
  {
    "sec_id": "sec0010",
    "sentence": "Secondly, the research team sizes may differ in research topics, so \u03b1(\u00b7) is introduced to the formula."
  },
  {
    "sec_id": "sec0010",
    "sentence": "We will show the formula allows the model to reproduce some typical features of the empirical data, e.g. the hook of degree distribution (which needs the piecewise constant property of \u03b1(\u00b7))."
  },
  {
    "sec_id": "sec0010",
    "sentence": "Usually, in articles produced by large research teams, not all members of the research team would appear as authors of an article."
  },
  {
    "sec_id": "sec0010",
    "sentence": "In fact, members typically coauthor with the leader of the research team and some other team members that focus on a similar research topic."
  },
  {
    "sec_id": "sec0010",
    "sentence": "This is the motivation for grouping certain near nodes and their leader together as a hyperedge in Process 2."
  },
  {
    "sec_id": "sec0010",
    "sentence": "Meanwhile, there are a few articles having very many authors, which is realized by generating hyperedges with sizes drawn from the power-law part f2."
  },
  {
    "sec_id": "sec0010",
    "sentence": "In the empirical data (represented by hypergraphs) the collaborator numbers of authors (the degrees of nodes) are not very large."
  },
  {
    "sec_id": "sec0010",
    "sentence": "Hence, in the model, the value of \u03b1(\u00b7) should be small if N1 is large, which makes the probability of the overlapping of zones small."
  },
  {
    "sec_id": "sec0010",
    "sentence": "In reality, a researcher usually could not belong to more than one research team simultaneously, which makes the research teams rarely overlap if looked at a time point."
  },
  {
    "sec_id": "sec0010",
    "sentence": "So the number of articles generated in Process 2 is equal to the sum over all zones of the number of nodes belonging to a zone (excluding leaders)."
  },
  {
    "sec_id": "sec0010",
    "sentence": "The small value of \u03b1(\u00b7) makes the modeled hypergraphs generated by the first three processes have many small components, and no giant component containing many nodes."
  },
  {
    "sec_id": "sec0010",
    "sentence": "However, the empirical data have giant components, two typical reasons of which are the collaborations between research teams and the research team changes of researchers."
  },
  {
    "sec_id": "sec0010",
    "sentence": "An article team made up by some subsets from different research teams is a manifestation of those reasons."
  },
  {
    "sec_id": "sec0010",
    "sentence": "To simulate this manifestation, the following process is introduced, which gives a possibility to connect the nodes in unconnected zones."
  },
  {
    "sec_id": "sec0010",
    "sentence": "In this process, grouping together certain nodes with the same degree is the simplest expression of the observed degree assortativity of authors in the empirical data: authors prefer to collaborate with other authors with similar degrees ([bib0070]).",
    "intent": "background"
  },
  {
    "sec_id": "sec0010",
    "sentence": "More reasonable expressions of degree assortativity need further research.Process 3. Continue to add hyperedges:Select N3 nodes with non-zero degree randomly (both leaders and non-leaders) and generate a hyperedge for each selected node i by grouping together i and some randomly selected nodes with the same degree of i, where the hyperedge size is a random variable (which is at least two) drawn from f or the number of nodes with the same degree of i if the former is larger than the latter."
  },
  {
    "sec_id": "sec0010",
    "sentence": "Process 3. Continue to add hyperedges:"
  },
  {
    "sec_id": "sec0010",
    "sentence": "Select N3 nodes with non-zero degree randomly (both leaders and non-leaders) and generate a hyperedge for each selected node i by grouping together i and some randomly selected nodes with the same degree of i, where the hyperedge size is a random variable (which is at least two) drawn from f or the number of nodes with the same degree of i if the former is larger than the latter."
  },
  {
    "sec_id": "sec0010",
    "sentence": "The hyperedges generated in Process 2 added with N3 is the number of articles of the modeled hypergraph."
  },
  {
    "sec_id": "sec0010",
    "sentence": "In reality, the number of article teams within a research team is far more than the number of article teams between research teams."
  },
  {
    "sec_id": "sec0010",
    "sentence": "So, in the model, N3 is supposed to be far less than the number of articles generated in Process 2."
  },
  {
    "sec_id": "sec0015",
    "sentence": "Two empirical coauthorship networks DBLP-Math and PNAS ([tbl0005]) are used to compare with the modeled networks."
  },
  {
    "sec_id": "sec0015",
    "sentence": "The first network is constructed from the coauthor information of 72,269 articles published in 54 mathematical journals in 1956\u20132013, which is obtained from the database DBLP (http://dblp.uni-trier.de/xml/dblp)."
  },
  {
    "sec_id": "sec0015",
    "sentence": "The second network is based on the coauthor information of 52,803 articles published in the Proceedings of the National Academy of Sciences (PNAS, http://www.pnas.org) in 1999\u20132013."
  },
  {
    "sec_id": "sec0015",
    "sentence": "Table 1."
  },
  {
    "sec_id": "sec0015",
    "sentence": "Certain indicators of the analyzed networks."
  },
  {
    "sec_id": "sec0015",
    "sentence": "The indicators are clustering coefficient (CC), assortativity coefficient (AC), average shortest path length (AP), modularity (MO, calculated by the Louvain method ([bib0010])), the node proportion of the giant component in the total (PG), and the number of components (NG).",
    "intent": "uses"
  },
  {
    "sec_id": "sec0015",
    "sentence": "The values of AP of PNAS and Modeled network 1 are calculated by sampling."
  },
  {
    "sec_id": "sec0015",
    "sentence": "The indicators are clustering coefficient (CC), assortativity coefficient (AC), average shortest path length (AP), modularity (MO, calculated by the Louvain method ([bib0010])), the node proportion of the giant component in the total (PG), and the number of components (NG).",
    "intent": "uses"
  },
  {
    "sec_id": "sec0015",
    "sentence": "The values of AP of PNAS and Modeled network 1 are calculated by sampling."
  },
  {
    "sec_id": "sec0015",
    "sentence": "We identify authors by their names reported in their articles."
  },
  {
    "sec_id": "sec0015",
    "sentence": "This method is usually reliable at distinguishing authors from one another, but it mistakes one author for two if an author makes any changes in his/her name in different articles."
  },
  {
    "sec_id": "sec0015",
    "sentence": "Some authors may report their name differently on different articles."
  },
  {
    "sec_id": "sec0015",
    "sentence": "For example, Jianping Li and Jian Ping Li could be the same person."
  },
  {
    "sec_id": "sec0015",
    "sentence": "Also, some authors may have the same name, which we cannot distinguish."
  },
  {
    "sec_id": "sec0015",
    "sentence": "We find that the degree distribution, clustering and assortative properties of the obtained coauthorship networks show similarities to those of the coauthorship networks obtained by identifying authors by their surname and all initials ([bib0055], [bib0065]).",
    "intent": "similarities"
  },
  {
    "sec_id": "sec0015",
    "sentence": "So using these networks has a certain rationality."
  },
  {
    "sec_id": "sec0015",
    "sentence": "Both of the empirical networks have a giant component."
  },
  {
    "sec_id": "sec0015",
    "sentence": "Specially, although PNAS articles belong to 3 first level and 39 second level disciplines, the coauthorship network of PNAS articles still has a giant component, a possible reason for which is that 77% of articles belong to biology."
  },
  {
    "sec_id": "sec0015",
    "sentence": "Another possible reason is the existence of 3007 interdisciplinary articles and many cross/inter/multi/transdisciplinary studies ([bib0125]).",
    "intent": "background"
  },
  {
    "sec_id": "sec0015",
    "sentence": "Meanwhile, the improperly handled disambiguation problem of authors having the same name is a spurious reason for the existence of the giant components."
  },
  {
    "sec_id": "sec0015",
    "sentence": "We have extracted the field of specialization of articles for PNAS data, but did not extract the information of the home institution of the authors."
  },
  {
    "sec_id": "sec0015",
    "sentence": "However, even with the latter information, we could not distinguish the authors with the same name since many authors have more than one institution or publish in more than one field."
  },
  {
    "sec_id": "sec0015",
    "sentence": "The shapes of hyperedge cardinality distributions differ in the empirical data ([fig0005])."
  },
  {
    "sec_id": "sec0015",
    "sentence": "In the model, those shapes can be tuned by the parameters of the PMF f(x)\u00a0=\u00a0qf1(x)\u00a0+\u00a0(1\u00a0\u2212\u00a0q)f2(x) in the processes of generating hyperedges, e.g. the hook-peaks can be tuned by the expected value of f1(x) the Poisson part of f(x)."
  },
  {
    "sec_id": "sec0015",
    "sentence": "In practice, to generate those shapes, we choose f(x) for the modeled network 1 (2) as follows: f1 is the Poisson distribution with means 3.8 and 5 (2 and 3) in Processes 2 and 3 respectively, f2(x)\u00a0\u221d\u00a0x\u22123.7, x\u00a0\u2208\u00a0[9, 150] (x\u00a0\u2208\u00a0[3, 31]), q\u00a0=\u00a00.96 (0.8) in Process 2, and q\u00a0=\u00a01 in Process 3."
  },
  {
    "sec_id": "sec0015",
    "sentence": "We further set N1\u00a0=\u00a05.5\u00a0\u00d7\u00a0105 (1.5\u00a0\u00d7\u00a0105) to make the number of nodes comparable to that of the empirical data, set T\u00a0=\u00a05\u00a0\u00d7104 (3\u00a0\u00d7\u00a0104), N2\u00a0=\u00a04, \u03b1\u00a0=\u00a00.002 (0.003) and \u03b2\u00a0=\u00a00.5 (0.556) to make the average degree comparable to that of the empirical data, and set N3\u00a0=\u00a0CO/3 (in which CO is the number of components generated in Process 2) to make the generated network have a giant component and the average shortest path length comparable to that of the empirical data."
  },
  {
    "sec_id": "sec0015",
    "sentence": "Simulations show the modeled networks have giant components and clear community structures as the empirical networks do ([tbl0005])."
  },
  {
    "sec_id": "sec0015",
    "sentence": "In fact, the nodes in the same zone are very likely to belong to the same community, and the zones are loosely connected, or not connected at all, by the few hyperedges generated in Process 3."
  },
  {
    "sec_id": "sec0015",
    "sentence": "This causes the number of edges within communities to be significantly more than that between communities."
  },
  {
    "sec_id": "sec0015",
    "sentence": "In Process 3, the relatively large components are more likely to be chosen to connect, which abstractly expresses the phenomenon that scholars prefer to collaborate with the members of the famous and so usually large research teams."
  },
  {
    "sec_id": "sec0015",
    "sentence": "Simulations also show the proposed model is suitable for modeling the coauthorship data, the article team size distributions of which have hooks with peak values larger than two."
  },
  {
    "sec_id": "sec0015",
    "sentence": "The model can generate an article team size distribution similar to that of DBLP-Math (the peak value of its hook is two), but there is another problem described in Section\u00a0[sec0025]."
  },
  {
    "sec_id": "sec0015",
    "sentence": "This defect is indicative of the need for further research."
  },
  {
    "sec_id": "sec0015",
    "sentence": "We also analyzed the coauthorship networks extracted from the articles published in 92 IEEE journals and 13 SIAM journals ([bib0135]) (which are archived at the DBLP dataset) and from the preprints in the subject of condensed matter (Cond-mat) archived at arxiv.org ([bib0065]).",
    "intent": "uses"
  },
  {
    "sec_id": "sec0015",
    "sentence": "The relevant properties of these are similar to the networks considered here, so we will not detail them."
  },
  {
    "sec_id": "sec0020",
    "sentence": "The degree distributions of the empirical coauthorship networks exhibit power-law tails and hooks in the foreparts ([fig0015])."
  },
  {
    "sec_id": "sec0020",
    "sentence": "The hook-peaks differ in those two networks, which indicates that the level of collaboration of mathematics is lower than that of the main disciplines of PNAS, e.g. biology."
  },
  {
    "sec_id": "sec0020",
    "sentence": "The hooks can be adequately fitted by mixture Poisson distributions, which hints at the potential that the predominant coauthor behaviors are governed by a mixture of Poisson processes."
  },
  {
    "sec_id": "sec0020",
    "sentence": "An intuitively sound explanation is that coauthor behavior can be viewed as a low-rate event (its realization involves few authors out of a very many potential authors) and many small probability events in real world come from Poisson processes."
  },
  {
    "sec_id": "sec0020",
    "sentence": "The tails of degree distributions are well fitted by power-law distributions, which has been considered as a consequence of preferential attachment ([bib0005]) or cumulative advantage ([bib0045]).",
    "intent": "background"
  },
  {
    "sec_id": "sec0020",
    "sentence": "In the proposed model, the leaders of large research teams and the members of large article teams (which are the subsets of large research teams or the unions of the subsets from different research teams) are responsible for the power-law tails of the degree distributions of the modeled networks."
  },
  {
    "sec_id": "sec0020",
    "sentence": "This hits that the power-law tails may also alternatively be interpreted as a consequence of the inhomogeneous sizes of research teams or academic influences (in which some authors gain more collaborators because they are likely to have larger research teams and so wider academic influences than others) and the inhomogeneous breadths of collaborations in or between research teams (in which some authors have more collaborators than others because they are likely to join the studies that need many collaborators)."
  },
  {
    "sec_id": "sec0020",
    "sentence": "The designed functional form of the zonal sizes (see Process 1) allows the modeled networks to correctly reproduce the feature of the degree distributions of the empirical networks, namely, having a power-law tail (the exponent of which can be tuned by \u03b2) and a hook (the peak of which can be tuned by the expected value of f) in the forepart ([fig0015])."
  },
  {
    "sec_id": "sec0020",
    "sentence": "To show how the design works, we next derive the underlying formulae for the tail and hook respectively."
  },
  {
    "sec_id": "sec0020",
    "sentence": "Those formulae are also applicable to both empirical networks and so are possibly suited to any field, because the collaboration levels of the considered empirical data represent two extremes."
  },
  {
    "sec_id": "sec0020",
    "sentence": "Firstly, we analyze the degree distribution of the network generated by Process 2."
  },
  {
    "sec_id": "sec0020",
    "sentence": "The overlapping probability of the zones is small, because \u03b1(\u00b7) is small due to the limitation of the maximum degree (\u03b1(\u00b7)\u00a0\u22640.003 in simulations)."
  },
  {
    "sec_id": "sec0020",
    "sentence": "Hence the overlapping of zones is ignored in the following analysis."
  },
  {
    "sec_id": "sec0020",
    "sentence": "We choose a proper q to make the sizes of the majority of hyperedges be drawn from the Poisson part f1 with mean \u03bc\u00a0+\u00a01."
  },
  {
    "sec_id": "sec0020",
    "sentence": "We initially consider the effect of those hyperedges on the degree distribution, and next consider that of the hyperedges, the sizes of which are drawn from the power-law part f2."
  },
  {
    "sec_id": "sec0020",
    "sentence": "Let T1(\u03b8) be the smallest t satisfying \u03b1(\u03b8)\u03b4t\u2212\u03b2\u00a0<\u00a02\u03bc and T2(\u03b8) be the largest t satisfying \u03b1(\u03b8)\u03b4t\u2212\u03b2\u00a0\u2265\u00a02, where \u03b4\u00a0=\u00a0N1/2\u03c0."
  },
  {
    "sec_id": "sec0020",
    "sentence": "Suppose node i with coordinate \u03b8i is covered by a zone with arc length \u03b1(\u03d5)t\u2212\u03b2."
  },
  {
    "sec_id": "sec0020",
    "sentence": "So the distance between \u03b8i and \u03d5 satisfies d(\u03b8i, \u03d5)\u00a0\u2264\u00a0\u03b1(\u03d5)t\u2212\u03b2, which is small due to the small value of \u03b1(\u00b7), and hence \u03b1(\u03b8i)\u00a0\u2248\u00a0\u03b1(\u03d5) because of the piecewise continuous property of \u03b1(\u00b7)."
  },
  {
    "sec_id": "sec0020",
    "sentence": "So we can denote the expected degree of i (contributed by being covered by the zone) by k1(\u03b8i, t), where the subscript indicates that the degree is contributed by the first class of hyperedges generated in Process 2."
  },
  {
    "sec_id": "sec0020",
    "sentence": "If node i has no zone, the generative mechanism of hyperedges in Process 2 makes k1(\u03b8i, t)\u00a0\u2248\u00a02\u03bc\u00a0\u2212\u00a01 if t\u00a0<\u00a0T1(\u03b8i) (where the boundary effects of the zones are ignored) or k1(\u03b8i, t)\u00a0\u2248\u00a0\u03b1(\u03b8i)\u03b4t\u2212\u03b2\u00a0\u2212\u00a01 if T1(\u03b8i)\u00a0\u2264\u00a0t\u00a0\u2264\u00a0T2(\u03b8i)."
  },
  {
    "sec_id": "sec0020",
    "sentence": "If T1(\u03b8i) is large enough (which can be achieved by choosing proper parameters) we have a small |\u2202k1(\u03b8i, t)/\u2202t| and so we take k1(\u03b8i, t) to be independent of t and write k1(\u03b8i) instead of k1(\u03b8i, t)."
  },
  {
    "sec_id": "sec0020",
    "sentence": "If node i has a zone, k1(\u03b8i, t)\u00a0\u2248\u00a0\u03b1(\u03b8i)\u03b4t\u2212\u03b2\u00a0\u2212\u00a01 if t\u00a0<\u00a0T1(\u03b8i), or k1(\u03b8i, t)\u00a0\u2248\u00a0k1(\u03b8i) if T1(\u03b8i)\u00a0\u2264\u00a0t\u00a0\u2264\u00a0T2(\u03b8i)."
  },
  {
    "sec_id": "sec0020",
    "sentence": "Since nodes are distributed according to a Poisson point process, the numbers of the nodes covered by zones are the random variables drawn from a Poisson distribution."
  },
  {
    "sec_id": "sec0020",
    "sentence": "Hence the degrees of nodes will not be exactly equal to their expected values, and need to be averaged with the Poisson distribution."
  },
  {
    "sec_id": "sec0020",
    "sentence": "Meanwhile, the nodes of the hyperedges with sizes drawn from f2 would not have small degrees due to the domain of f2."
  },
  {
    "sec_id": "sec0020",
    "sentence": "Hence the degree distribution of the nodes (the expected degrees of which are not larger than 2\u03bc\u00a0\u2212\u00a01) is(1)\u025b\u025bPS(k)=12\u03c0k!\u222b02\u03c0((1\u2212\u025b(\u03b8))(2\u03bc\u22121)ke\u22122\u03bc+1+\u025b(\u03b8)k1(\u03b8)ke\u2212k1(\u03b8))d\u03b8,where \u025b(\u03b8) is the proportion of the nodes covered by the zones with T1(\u03b8)\u00a0\u2264\u00a0t\u00a0\u2264\u00a0T2(\u03b8)."
  },
  {
    "sec_id": "sec0020",
    "sentence": "Eq. [eq0005] is a mixture Poisson distribution, because \u03b1(\u00b7) is a piecewise constant function."
  },
  {
    "sec_id": "sec0020",
    "sentence": "The degree distribution of the leaders with large degree (generated in Process 1) PL(k) is calculated in [sec0050], which is a power-law distribution with exponent 1\u00a0+\u00a01/\u03b2."
  },
  {
    "sec_id": "sec0020",
    "sentence": "The hyperedges (the sizes of which are drawn from f2) can affect the degree distribution tail: the nodes having no zones and belonging to those hyperedges can have large degrees."
  },
  {
    "sec_id": "sec0020",
    "sentence": "Ignoring the overlapping of those hyperedges due to the small probability of their occurrences and the proportion of the nodes having zones and belonging to those hyperedges (which is small when compared with that of the nodes having no zone) we obtain that the degree distribution tail of the network generated in Process 2 is approximately qPL(k)\u00a0+\u00a0(1\u00a0\u2212\u00a0q)(k\u00a0+\u00a01)f2(k\u00a0+\u00a01)/\u2211ssf2(s), which is a mixture power-law distribution."
  },
  {
    "sec_id": "sec0020",
    "sentence": "Finally, we analyze the degree generated in Process 3."
  },
  {
    "sec_id": "sec0020",
    "sentence": "The probability that a node i is selected in this process is N3/N, where N is the number of nodes with non-zero degrees of the network generated in Process 2."
  },
  {
    "sec_id": "sec0020",
    "sentence": "Hence, with proper parameters, the expected number of edges received by node i contributed by the second class of hyperedges generated in Process 3 is k2(\u03b8i)\u00a0=\u00a0\u03c2N3/N (where \u03c2\u00a0+\u00a01 is the expected value of f in Process 3) which could be small enough to be ignored, when compared with that received in Process 2."
  },
  {
    "sec_id": "sec0020",
    "sentence": "Simulations also show that k2(\u00b7) seems to have no effect on the degree distributions ([fig0015](a) and (c))."
  },
  {
    "sec_id": "sec0020",
    "sentence": "In simulations, the condition of an approximation in [sec0050], k\u00a0\u226b\u00a00, cannot be fully satisfied due to the restriction of the maximum degree."
  },
  {
    "sec_id": "sec0020",
    "sentence": "This is a reason for the difference between the theoretical value and the practical value of the power exponent."
  },
  {
    "sec_id": "sec0020",
    "sentence": "Nonetheless, the degree distributions of the modeled networks roughly follow the above analysis, and show a similarity to those of the empirical networks ([fig0015])."
  },
  {
    "sec_id": "sec0025",
    "sentence": "The transitivity of a network, or in more technical terms, the global clustering coefficient (CC), is the fraction of connected triples of nodes which also form \u201ctriangles\u201d."
  },
  {
    "sec_id": "sec0025",
    "sentence": "Coauthorship networks are observed to be highly clustered, namely have a high value of CC, which means that there is a very strong clustering effect in academic communities."
  },
  {
    "sec_id": "sec0025",
    "sentence": "In the empirical data, two authors typically have a more than 75% probability of collaborating if both have collaborated with a third author ([tbl0005])."
  },
  {
    "sec_id": "sec0025",
    "sentence": "From the view of data, the affiliation property of coauthorships is an explanation of the high clustering: an author of an article connecting to the other authors in the same article makes coauthorship networks have very many triangles, so highly clustered."
  },
  {
    "sec_id": "sec0025",
    "sentence": "From the view of sociology, the homophily of authors is an intrinsically sound explanation for the high clustering."
  },
  {
    "sec_id": "sec0025",
    "sentence": "In reality, researchers are likely to introduce their collaborators to one another to engender new collaborations (which is a homophily in the sense of a social distance) and institutions bring sets of collaborators together to form a variety of new collaborations (which is a homophily in the sense of the geographical distance)."
  },
  {
    "sec_id": "sec0025",
    "sentence": "These explanations of high clustering are considered in the model design."
  },
  {
    "sec_id": "sec0025",
    "sentence": "Firstly, the modeled networks are simple graphs coming from hypergraphs, so are affiliation networks: the nodes of a hyperedge connect to the other nodes in the same hyperedge."
  },
  {
    "sec_id": "sec0025",
    "sentence": "Secondly, the model abstractly expresses the social and geographical distances of authors by the geometric distance of nodes."
  },
  {
    "sec_id": "sec0025",
    "sentence": "The triangle inequation of geometric distance guarantees the transitivity of the modeled networks."
  },
  {
    "sec_id": "sec0025",
    "sentence": "More precisely, supposing node i has a zone, the smaller the angular distance d(\u03b8i, \u03b8j) between nodes i and j is, the more likely i connects to j."
  },
  {
    "sec_id": "sec0025",
    "sentence": "Introduce the third node l."
  },
  {
    "sec_id": "sec0025",
    "sentence": "If d(\u03b8i, \u03b8j) and d(\u03b8j, \u03b8l) are small, then d(\u03b8i, \u03b8l) is necessarily small because of the triangle inequation, so i is also likely to connect to l."
  },
  {
    "sec_id": "sec0025",
    "sentence": "Simulations show the modeled networks can correctly reproduce the high clustering of coauthorship networks ([tbl0005])."
  },
  {
    "sec_id": "sec0025",
    "sentence": "The local clustering coefficient (LCC) of a node is the connecting probability of two neighbors of the node ([bib0080]).",
    "intent": "background"
  },
  {
    "sec_id": "sec0025",
    "sentence": "In the empirical networks, the large degree nodes have low LCCs ([fig0020])."
  },
  {
    "sec_id": "sec0025",
    "sentence": "A sound explanation is that a few leaders may have many research directions, and their collaborators in different directions would not collaborate generally."
  },
  {
    "sec_id": "sec0025",
    "sentence": "Denote the average LCC of k-degree nodes by C(k)."
  },
  {
    "sec_id": "sec0025",
    "sentence": "When k is large, the shapes of C(k) of the modeled networks show a certain similarity to those of the empirical networks, namely are roughly proportional to 1/k ([fig0020])."
  },
  {
    "sec_id": "sec0025",
    "sentence": "To show this more explicitly, we next derive the underlying formula of the tail of C(k) for the modeled networks."
  },
  {
    "sec_id": "sec0025",
    "sentence": "Suppose node i has a zone with arc length \u03b1(\u03b8i)t\u2212\u03b2 and t is small enough."
  },
  {
    "sec_id": "sec0025",
    "sentence": "It has been shown in Section\u00a0[sec0020] that the number of neighbors of node i contributed by Process 3 can be ignored, compared with that contributed by Process 2."
  },
  {
    "sec_id": "sec0025",
    "sentence": "So we only consider the neighbors in the zone."
  },
  {
    "sec_id": "sec0025",
    "sentence": "If nodes j, l belong to the zone and so connect to i, then the probability of a connection existing between j and l is (2q(\u03bc\u00a0\u2212\u00a01)\u00a0+\u00a0(1\u00a0\u2212\u00a0q)(\u03bd\u00a0\u2212\u00a01))/(\u03b4\u03b1(\u03b8i)t\u2212\u03b2) (where \u03bc\u00a0+\u00a01 and \u03bd\u00a0+\u00a01 are the expected values of f1 and f2 in Process 2 respectively, and the boundary effects of zones are ignored) which is the average LCC of the nodes having zones with size \u03b1(\u03b8i)t\u2212\u03b2."
  },
  {
    "sec_id": "sec0025",
    "sentence": "The mean degree of those nodes is k\u00a0\u2248\u00a0\u03b4\u03b1(\u03b8i)t\u2212\u03b2, hence the average LCC of k-degree nodes (k is large) approximately satisfies(2)C(k)=2q(\u03bc\u22121)+(1\u2212q)(\u03bd\u22121)k\u221d1k.However, the results of simulations do not follow Eq. [eq0010] quite well."
  },
  {
    "sec_id": "sec0025",
    "sentence": "The outliers in [fig0020](a) and (c) are partly caused by that the boundary effects of zones cannot be ignored under the occurrence of some hyperedges with large sizes drawn from f2."
  },
  {
    "sec_id": "sec0025",
    "sentence": "The model fails to generate a network having a degree distribution with a small hook (which requires \u03bc\u00a0=\u00a01) as well as a shape of C(k) similar to that of DBLP-Math ([fig0020](c) and (d))."
  },
  {
    "sec_id": "sec0025",
    "sentence": "Because, as Section\u00a0[sec0030] shows, making the modeled networks to be assortative requires a large enough \u03bc or a small enough q."
  },
  {
    "sec_id": "sec0025",
    "sentence": "Both cause the increases of the number and average size of the nearly fully connected components, and so make the foreparts of C(k) drop slowly ([fig0020](a) and (c))."
  },
  {
    "sec_id": "sec0025",
    "sentence": "Simulations show if q\u00a0=\u00a01, the shape of C(k) is similar to that of DBLP-Math, but the modeled network is disassortative."
  },
  {
    "sec_id": "sec0025",
    "sentence": "Overcoming this defect needs further research."
  },
  {
    "sec_id": "sec0030",
    "sentence": "A common feature of coauthorship networks is degree assortativity."
  },
  {
    "sec_id": "sec0030",
    "sentence": "From the view of sociology, a sound explanation of this feature is the homophily of people: similar people attract one another."
  },
  {
    "sec_id": "sec0030",
    "sentence": "From the view of data, the affiliation property of coauthorships is a reason for this feature: the authors of an article connecting to all of the other authors in the same article causes the positive correlation between the degrees of the collaborated authors."
  },
  {
    "sec_id": "sec0030",
    "sentence": "The level of degree assortativity can be quantified by the degree assortativity coefficient (AC) and the slope of the average degree of neighbors of k-degree nodes (denoted by N(k))."
  },
  {
    "sec_id": "sec0030",
    "sentence": "The empirical data shows that the longer the tail of the article team size distribution is, the higher AC is ([fig0005] and [tbl0005])."
  },
  {
    "sec_id": "sec0030",
    "sentence": "Specifically, the foreparts of N(k) of the empirical networks have clear increasing trends ([fig0025])."
  },
  {
    "sec_id": "sec0030",
    "sentence": "An explanation from the data view is that the empirical networks contain very many small and nearly fully connected components ([fig0030]), which makes the degrees of the nodes in those components similar to those of their neighbors."
  },
  {
    "sec_id": "sec0030",
    "sentence": "How to reflect the effects of the affiliation property of coauthorships and the homophily of authors (in the sense of the social and geographical distances) on the homophily of authors in the sense of degree?"
  },
  {
    "sec_id": "sec0030",
    "sentence": "Here we try to find a way of solving this problem."
  },
  {
    "sec_id": "sec0030",
    "sentence": "Firstly, the social and geographical distances of authors are abstractly expressed by the geometric distance between nodes, and the hyperedges generated in Process 2 (which are the majority generated) group certain short distance nodes in the same zone together."
  },
  {
    "sec_id": "sec0030",
    "sentence": "This make the nodes\u2019 geometric neighbors likely to be their network neighbors."
  },
  {
    "sec_id": "sec0030",
    "sentence": "Secondly, the nodes of a small zone are likely to connect to each other to form a nearly fully connected component in Process 2, and the zones loosely connect or even do not connect to each other in Process 3."
  },
  {
    "sec_id": "sec0030",
    "sentence": "This makes the degrees of nodes (especially the nodes in relatively small zones) more likely to be similar to those of their neighbors, and so makes the modeled networks (with proper parameters) reproduce the degree assortativity found in coauthorship networks."
  },
  {
    "sec_id": "sec0030",
    "sentence": "Simulations show when q\u00a0=\u00a01, the value of AC of a modeled network increases with the growth of \u03bc\u00a0+\u00a01 the expected value of f1 ([fig0035])."
  },
  {
    "sec_id": "sec0030",
    "sentence": "In fact, the growth of \u03bc causes the increases of the number and average size of the nearly fully connected components of the modeled network, so lengthens the increasing forepart of N(k), and thus leads to the increase of AC."
  },
  {
    "sec_id": "sec0030",
    "sentence": "When \u03bc is large enough, e.g. \u03bc\u00a0=\u00a02.8, N(k) obviously increases for small k ([fig0025](a))."
  },
  {
    "sec_id": "sec0030",
    "sentence": "Simulations also show when q\u00a0=\u00a01, the model cannot generate an assortative network (which requires \u03bc\u00a0>\u00a01) and make the degree distribution of the network have a small hook (which requires \u03bc\u00a0=\u00a01) simultaneously."
  },
  {
    "sec_id": "sec0030",
    "sentence": "This defect could be partly overcome by setting a proper q (e.g. q\u00a0=\u00a00.8 in Modeled network 2) to increase the proportion of the hyperedges with sizes drawn from f2 and simultaneously guarantee that the sizes of the majority hyperedges are still drawn from f1."
  },
  {
    "sec_id": "sec0030",
    "sentence": "This can also lead to the increases of the number and average size of the nearly fully connected components, and thus makes the modeled networks to be assortative."
  },
  {
    "sec_id": "sec0030",
    "sentence": "Meanwhile, the small hook of the degree distribution can be kept, because the sizes of the majority hyperedges are still drawn from f1 with mean two."
  },
  {
    "sec_id": "sec0030",
    "sentence": "The tails of N(k) of the modeled networks are not similar to those of the empirical networks ([fig0025])."
  },
  {
    "sec_id": "sec0030",
    "sentence": "How to solve this problem needs further research."
  },
  {
    "sec_id": "sec0030",
    "sentence": "Theoretically, N(k) of the modeled networks should be approximately equal to q(2\u03bc\u00a0\u2212\u00a01)\u00a0+\u00a0(1\u00a0\u2212\u00a0q)(\u03bd\u00a0\u2212\u00a01) for large k."
  },
  {
    "sec_id": "sec0030",
    "sentence": "However, the results of simulations do not follow this analysis well."
  },
  {
    "sec_id": "sec0030",
    "sentence": "A possible reason is that the boundary effects of zones are ignored in the analysis."
  },
  {
    "sec_id": "sec0035",
    "sentence": "A network is considered to be small-world, if its average local clustering coefficient is significantly higher, and if its average shortest path length (AP) is significantly shorter than a random graph constructed on the same node set."
  },
  {
    "sec_id": "sec0035",
    "sentence": "The study of the small-world property of coauthorship networks has been carried out for a long time, and it is quite popular to try to find the shortest path from oneself to Paul Erd\u00f6s, who is one of the pioneers of graph theory ([bib0035]).",
    "intent": "background"
  },
  {
    "sec_id": "sec0035",
    "sentence": "The values of AP of the empirical coauthorship networks scale as the logarithms of the number of nodes ([tbl0005])."
  },
  {
    "sec_id": "sec0035",
    "sentence": "Together with their high clustering feature, they could be considered to be small-world ([bib0080]).",
    "intent": "background"
  },
  {
    "sec_id": "sec0035",
    "sentence": "Consider the network generated by Process 2."
  },
  {
    "sec_id": "sec0035",
    "sentence": "A node having a large zone acts as a hub of the subgraph in its zone, because all of the nodes of the subgraph connect to it."
  },
  {
    "sec_id": "sec0035",
    "sentence": "The nodes in a large zone are preferably connected by the nodes of other zones in Process 3, which makes the nodes in the large zones hubs for the nodes in the small zones."
  },
  {
    "sec_id": "sec0035",
    "sentence": "So the modeled networks have a bi-level hub structure, which makes their values of AP scale as the logarithms of the number of nodes."
  },
  {
    "sec_id": "sec0035",
    "sentence": "For example, for the modeled networks in [tbl0005], log(264637)\u00a0=\u00a012.486\u00a0\u223c\u00a08.034 and log(67689)\u00a0=\u00a011.123\u00a0\u223c\u00a011.871 respectively."
  },
  {
    "sec_id": "sec0035",
    "sentence": "The bi-level or multilevel hub structure exists in coauthorships."
  },
  {
    "sec_id": "sec0035",
    "sentence": "The scholarly communications between research teams are not only caused by the leaders of the teams, but also by the assistants or students of the leaders acting as visiting scholars or students."
  },
  {
    "sec_id": "sec0035",
    "sentence": "The leaders can be regarded as first level hubs, and the visiting scholars or students as second level hubs."
  },
  {
    "sec_id": "sec0035",
    "sentence": "The tree-like structure in the genealogical relationship of researchers is also a reason for the multilevel hub structure."
  },
  {
    "sec_id": "sec0040",
    "sentence": "The homophily of authors in the sense of research topics and geographical distances has a positive influence on collaborations, which is hard to express by a topological graph."
  },
  {
    "sec_id": "sec0040",
    "sentence": "A geometric hypergraph built on a circle is proposed to predict some features of coauthorship networks, which addresses the homophily by using the geometric distances between nodes to express the geographical distances and the diversities of research topics between authors."
  },
  {
    "sec_id": "sec0040",
    "sentence": "The model contains not only authors, article teams, but also research teams as a kind of potential structure underlying coauthorships."
  },
  {
    "sec_id": "sec0040",
    "sentence": "The modeled coauthor behaviors mainly happen in the same research team, and are generated according to a geometric rule, which addresses the homophily as well as the academic influences of authors."
  },
  {
    "sec_id": "sec0040",
    "sentence": "Meanwhile, as a supplement of the main coauthor behaviors, the model uses another rule to address the collaborations between research teams."
  },
  {
    "sec_id": "sec0040",
    "sentence": "Instead of the preferential attachment of degrees, the model illustrates that the scale-free property of modeled networks arises from the inhomogeneous academic influences of modeled authors."
  },
  {
    "sec_id": "sec0040",
    "sentence": "The model can also reproduce some other statistical features of coauthorship networks, e.g. high clustering, which shows the model provides a suitable tool to understand some aspects of coauthorship networks by geometry."
  },
  {
    "sec_id": "sec0040",
    "sentence": "Some shortcomings of the model need further study."
  },
  {
    "sec_id": "sec0040",
    "sentence": "The model can now give an adequate fit for the degree distributions, but several questions remain: How to simultaneously provide better reproductions of the scaling relation between local clustering coefficients/average degrees of neighbors and degrees?"
  },
  {
    "sec_id": "sec0040",
    "sentence": "How to extend the model to be a dynamic one to address some evolutionary features, e.g. aging of the influences of authors?"
  },
  {
    "sec_id": "sec0040",
    "sentence": "Last but most important, how to predict coauthor behaviors in reality as well as hot research topics by the model?"
  },
  {
    "sec_id": "sec0045",
    "sentence": "Conceived and designed the analysis: Zheng Xie."
  },
  {
    "sec_id": "sec0045",
    "sentence": "Collected the data: Zhenzheng Ouyang."
  },
  {
    "sec_id": "sec0045",
    "sentence": "Contributed data or analysis tools: Zhenzheng Ouyang."
  },
  {
    "sec_id": "sec0045",
    "sentence": "Performed the analysis: Zheng Xie and Jianping Li."
  },
  {
    "sec_id": "sec0045",
    "sentence": "Wrote the paper: Zheng Xie."
  },
  {
    "sec_id": "sec0050",
    "sentence": "The degree distribution of large degree nodes is calculated as follows:(3)PL(k)=12\u03c0k!\u222b02\u03c01T1(\u03b8)\u222b1T1(\u03b8)+1k1(\u03b8,t)ke\u2212k1(\u03b8,t)d\u03b8dt\u221d1k!\u222b02\u03c0(\u03b4\u03b1(\u03b8))1\u03b2T1(\u03b8)\u222b\u03b4\u03b1(\u03b8)(T1(\u03b8)+1)\u2212\u03b2\u03b4\u03b1(\u03b8)\u03c4k\u22121\u22121\u03b2e\u2212\u03c4d\u03c4d\u03b8\u22481k!\u222b02\u03c0(\u03b4\u03b1(\u03b8))1\u03b2T1(\u03b8)k\u22121\u22121\u03b2ek\u22121\u22121\u03b2\u222b\u03b4\u03b1(\u03b8)(T1(\u03b8)+1)\u2212\u03b2\u03b4\u03b1(\u03b8)e\u2212(\u03c4\u2212k+1+1\u03b2)22(k\u22121\u22121\u03b2)d\u03c4d\u03b8\u2248\u0393(k\u22121\u03b2)\u0393(k+1)\u222b02\u03c0(\u03b4\u03b1(\u03b8))1\u03b2T1(\u03b8)\u222b\u03b4\u03b1(\u03b8)(T1(\u03b8)+1)\u2212\u03b2\u03b4p\u03b1(\u03b8)e\u2212(\u03c4\u2212k+1+1\u03b2)22(k\u22121\u22121\u03b2)2\u03c0(k\u22121\u22121\u03b2)d\u03c4d\u03b8,where \u03c4\u00a0=\u00a0k1(\u03b8, t)\u00a0\u2248\u00a0\u03b4\u03b1(\u03b8)t\u2212\u03b2."
  },
  {
    "sec_id": "sec0050",
    "sentence": "Here we have used Laplace approximation in the third step and Stirling's formula in the fourth step."
  },
  {
    "sec_id": "sec0050",
    "sentence": "If k\u00a0\u226b\u00a00, the integration part in Eq. [eq0015] is free of k, which can be verified as follows:(4)ddk\u222bL1L2e\u2212(\u03c4\u2212k+\u03c1)22(k\u2212\u03c1)2\u03c0(k\u2212\u03c1)d\u03c4=e\u2212(L1\u2212k+\u03c1)22(k\u2212\u03c1)22\u03c0(k\u2212\u03c1)1+L1k\u2212\u03c1\u2212e\u2212(L2\u2212k+\u03c1)22(k\u2212s)22\u03c0(k\u2212\u03c1)1+L2k\u2212\u03c1,where L1\u00a0=\u00a0\u03b4\u03b1(\u03b8)(T1(\u03b8)\u00a0+\u00a01)\u2212\u03b2, L2\u00a0=\u00a0\u03b4\u03b1(\u03b8), and \u03c1\u00a0=\u00a01\u00a0+1/\u03b2."
  },
  {
    "sec_id": "sec0050",
    "sentence": "It can be seen that this derivation is approximately equal to 0 for k\u00a0\u226b\u00a00."
  },
  {
    "sec_id": "sec0050",
    "sentence": "Hence(5)PL(k)\u221d\u0393(k\u22121\u03b2)\u0393(k+1)\u22481k1+1\u03b2k\u22121\u03b2\u22121k1\u22121\u03b2+1kk\u22121\u03b2\u22121e1\u03b2+1\u22481k1+1\u03b2.Stirling's formula is used in the first approximation."
  },
  {
    "sec_id": "sec0050",
    "sentence": "The second approximation holds for k\u00a0\u226b\u00a00."
  },
  {
    "sec_id": "sec0050",
    "sentence": "Hence PL(k) is approximately a power-law distribution with exponent 1\u00a0+\u00a01/\u03b2."
  }
]