[{"section_name":"Highlights","changed_name":"Highlights ","href_id":"#abs0005"},{"section_name":"Abstract","changed_name":"Abstract ","href_id":"#abs0010"},{"section_name":"Keywords","changed_name":"Keywords ","href_id":"#kwd0005"},{"section_name":"1. Introduction","changed_name":"1. Introduction","href_id":"#sec0005"},{"section_name":"2. Literature review","changed_name":"2. Literature review","href_id":"#sec0010"},{"section_name":"3. Research model","changed_name":"3. Research model","href_id":"#sec0015"},{"section_name":"4. Methodology","changed_name":"4. Methodology","href_id":"#sec0020"},{"section_name":"4.1. Corpus building and information extraction","changed_name":"4. Methodology","href_id":"#sec0025"},{"section_name":"4.2. Validation methodology and tools","changed_name":"4. Methodology","href_id":"#sec0030"},{"section_name":"5. Results","changed_name":"5. Results","href_id":"#sec0035"},{"section_name":"5.1. Relatedness proximity measurement validation","changed_name":"5. Results","href_id":"#sec0040"},{"section_name":"5.2. Validation of model-based propositions","changed_name":"5. Results","href_id":"#sec0045"},{"section_name":"6. Conclusion","changed_name":"6. Conclusion","href_id":"#sec0050"},{"section_name":"References","changed_name":"References ","href_id":"#bibl0005"}]