section_name,changed_name,href_id
Abstract,Abstract ,#abs0005
Keywords,Keywords ,#kwd0005
1. Introduction,1. Introduction,#sec0005
2. Impact functions,2. Impact functions,#sec0010
2.1. (Weak) dominance relation,2. Impact functions,#sec0015
2.2. Illustration,2. Impact functions,#sec0020
2.3. Weak dominance and impact functions,2. Impact functions,#sec0025
3. Does there exist a fair impact function?,3. Does there exist a fair impact function?,#sec0030
3.1. Fairness and ⊴,3. Does there exist a fair impact function?,#sec0035
3.2. Properties of impact functions,3. Does there exist a fair impact function?,#sec0040
3.3. “Reasonable” impact functions,3. Does there exist a fair impact function?,#sec0045
4. Can the scientific assessment process be manipulated?,4. Can the scientific assessment process be manipulated?,#sec0050
4.1. A case study: the generalized h-index and Price medalists,4. Can the scientific assessment process be manipulated?,#sec0055
5. Discussion and conclusions,5. Discussion and conclusions,#sec0060
Acknowledgments,Acknowledgments ,#ack0005
References,References ,#bibl0005
