[{"section_name":"Highlights","changed_name":"Highlights ","href_id":"#abs0005"},{"section_name":"Abstract","changed_name":"Abstract ","href_id":"#abs0010"},{"section_name":"Keywords","changed_name":"Keywords ","href_id":"#kwd0005"},{"section_name":"1. Introduction","changed_name":"1. Introduction","href_id":"#sec0005"},{"section_name":"2. Context","changed_name":"2. Context","href_id":"#sec0010"},{"section_name":"3. Author types in articles","changed_name":"3. Author types in articles","href_id":"#sec0015"},{"section_name":"4. Task-force estimation","changed_name":"4. Task-force estimation","href_id":"#sec0020"},{"section_name":"4.1. Case studies","changed_name":"4. Task-force estimation","href_id":"#sec0025"},{"section_name":"5. Final remarks","changed_name":"5. Final remarks","href_id":"#sec0030"},{"section_name":"Acknowledgments","changed_name":"Acknowledgments ","href_id":"#ack0005"},{"section_name":"References","changed_name":"References ","href_id":"#bibl0005"}]