[{"section_name":"Abstract","changed_name":"Abstract ","href_id":"#aep-abstract-id16"},{"section_name":"Highlights","changed_name":"Highlights ","href_id":"#aep-abstract-sec-id15"},{"section_name":"Highlights","changed_name":"Highlights ","href_id":"#aep-abstract-sec-id15"},{"section_name":"Keywords","changed_name":"Keywords ","href_id":"#aep-keywords-id18"},{"section_name":"1. Introduction","changed_name":"1. Introduction","href_id":"#sec0005"},{"section_name":"2. Mathematical functions","changed_name":"2. Mathematical functions","href_id":"#sec0010"},{"section_name":"3. Citation data of selected countries and their characteristics","changed_name":"3. Citation data of selected countries and their characteristics","href_id":"#sec0015"},{"section_name":"4. Results and discussion","changed_name":"4. Results and discussion","href_id":"#sec0020"},{"section_name":"4.1. Group A countries","changed_name":"4. Results and discussion","href_id":"#sec0025"},{"section_name":"4.1.1. Citation distribution data","changed_name":"4. Results and discussion","href_id":"#sec0030"},{"section_name":"4.1.2. Distribution of data of two-year and five-year impact factors","changed_name":"4. Results and discussion","href_id":"#sec0035"},{"section_name":"4.1.3. Distribution of half-life data","changed_name":"4. Results and discussion","href_id":"#sec0040"},{"section_name":"4.2. Group B countries","changed_name":"4. Results and discussion","href_id":"#sec0045"},{"section_name":"4.3. Tail parts of distributions and physical significance of the fitting parameter \u03b1","changed_name":"4. Results and discussion","href_id":"#sec0050"},{"section_name":"4.4. Relationship between Langmuir constant K and the number N of journals","changed_name":"4. Results and discussion","href_id":"#sec0055"},{"section_name":"5. Summary and conclusions","changed_name":"5. Summary and conclusions","href_id":"#sec0060"},{"section_name":"Acknowledgements","changed_name":"Acknowledgements ","href_id":"#aep-acknowledgment-id19"},{"section_name":"References","changed_name":"References ","href_id":"#bibl0005"}]