[{"section_name":"Highlights","changed_name":"Highlights ","href_id":"#abst0005"},{"section_name":"Highlights","changed_name":"Highlights ","href_id":"#abst0005"},{"section_name":"Abstract","changed_name":"Abstract ","href_id":"#abs0010"},{"section_name":"Keywords","changed_name":"Keywords ","href_id":"#kwd0005"},{"section_name":"1. Introduction","changed_name":"1. Introduction","href_id":"#sec0005"},{"section_name":"2. L-Sequence","changed_name":"2. L-Sequence","href_id":"#sec0010"},{"section_name":"2.1. Definition of L-Sequence","changed_name":"2. L-Sequence","href_id":"#sec0015"},{"section_name":"2.2. Graphical illustration of L-Sequence","changed_name":"2. L-Sequence","href_id":"#sec0020"},{"section_name":"2.3. Application of L-Sequence","changed_name":"2. L-Sequence","href_id":"#sec0025"},{"section_name":"3. Empirical study","changed_name":"3. Empirical study","href_id":"#sec0030"},{"section_name":"3.1. Comparison of L\u221d to h and g index","changed_name":"3. Empirical study","href_id":"#sec0035"},{"section_name":"3.2. Applicable to different evaluation objective","changed_name":"3. Empirical study","href_id":"#sec0040"},{"section_name":"3.3. Investigation of developing trend for research discipline","changed_name":"3. Empirical study","href_id":"#sec0045"},{"section_name":"4. Summary","changed_name":"4. Summary","href_id":"#sec0050"},{"section_name":"References","changed_name":"References ","href_id":"#bibl0005"}]