[{"section_name":"Highlights","changed_name":"Highlights ","href_id":"#abs0005"},{"section_name":"Abstract","changed_name":"Abstract ","href_id":"#abs0010"},{"section_name":"Keywords","changed_name":"Keywords ","href_id":"#kwd0005"},{"section_name":"1. Introduction","changed_name":"1. Introduction","href_id":"#sec0005"},{"section_name":"2. Methodological background","changed_name":"2. Methodological background","href_id":"#sec0010"},{"section_name":"3. Splitting a composed source into its states","changed_name":"3. Splitting a composed source into its states","href_id":"#sec0015"},{"section_name":"4. Consequences: deriving efficiency and unused capacity","changed_name":"4. Consequences: deriving efficiency and unused capacity","href_id":"#sec0020"},{"section_name":"5. Transmission power","changed_name":"5. Transmission power","href_id":"#sec0025"},{"section_name":"6. Application","changed_name":"6. Application","href_id":"#sec0030"},{"section_name":"7. Discussion and conclusion","changed_name":"7. Discussion and conclusion","href_id":"#sec0035"},{"section_name":"Appendix 1. Upper and lower bounds to the mutual information in three dimensions","changed_name":"Appendix 1. Upper and lower bounds to the mutual information in three dimensions","href_id":"#sec0045"},{"section_name":"Appendix 2. How to compute sectorial, bi-dimensional or tri-dimensional entropies and transmissions","changed_name":"Appendix 2. How to compute sectorial, bi-dimensional or tri-dimensional entropies and transmissions","href_id":"#sec0050"},{"section_name":"Appendix 3. Equivalence between Eqs. (14) and (15)","changed_name":"Appendix 3. Equivalence between Eqs. (14) and (15)","href_id":"#sec0055"},{"section_name":"References","changed_name":"References ","href_id":"#bibl0005"}]