[{"section_name":"Highlights","changed_name":"Highlights ","href_id":"#abs0005"},{"section_name":"Abstract","changed_name":"Abstract ","href_id":"#abs0010"},{"section_name":"Keywords","changed_name":"Keywords ","href_id":"#kwd0005"},{"section_name":"1. Introduction","changed_name":"1. Introduction","href_id":"#sec0005"},{"section_name":"2. Material and method","changed_name":"2. Material and method","href_id":"#sec0010"},{"section_name":"2.1. VABB-SHW book data","changed_name":"2. Material and method","href_id":"#sec0015"},{"section_name":"2.2. The barycenter method","changed_name":"2. Material and method","href_id":"#sec0020"},{"section_name":"3. Results and discussion","changed_name":"3. Results and discussion","href_id":"#sec0025"},{"section_name":"3.1. 12 disciplines","changed_name":"3. Results and discussion","href_id":"#sec0030"},{"section_name":"3.2. Three publication types","changed_name":"3. Results and discussion","href_id":"#sec0035"},{"section_name":"4. Conclusion","changed_name":"4. Conclusion","href_id":"#sec0040"},{"section_name":"Acknowledgements","changed_name":"Acknowledgements ","href_id":"#ack0005"},{"section_name":"Appendix A. Supplementary data","changed_name":"Appendix A. Supplementary data","href_id":"#sec0050"},{"section_name":"References","changed_name":"References ","href_id":"#bibl0005"}]