section_name,changed_name,href_id
Abstract,Abstract ,#aep-abstract-id11
Highlights,Highlights ,#aep-abstract-sec-id10
Highlights,Highlights ,#aep-abstract-sec-id10
Keywords,Keywords ,#aep-keywords-id13
1. Introduction,1. Introduction,#sec0005
2. Methodology,2. Methodology,#sec0010
2.1. Data collection,2. Methodology,#sec0015
2.2. Structure and indicators,2. Methodology,#sec0020
3. Results and discussion,3. Results and discussion,#sec0025
3.1. Comparison of China and G7,3. Results and discussion,#sec0030
3.2. Characteristics of annual publications,3. Results and discussion,#sec0035
3.3. Web of Science categories,3. Results and discussion,#sec0040
3.4. Research emphases and trends,3. Results and discussion,#sec0045
3.5. Characteristics of top articles,3. Results and discussion,#sec0050
3.6. Institutional and individual contributors,3. Results and discussion,#sec0055
4. Discussion and conclusions,4. Discussion and conclusions,#sec0060
References,References ,#bibl0005
