section_name,changed_name,href_id
Abstract,Abstract ,#aep-abstract-id16
Highlights,Highlights ,#aep-abstract-sec-id15
Highlights,Highlights ,#aep-abstract-sec-id15
Keywords,Keywords ,#aep-keywords-id18
1. Introduction,1. Introduction,#sec0005
2. Mathematical functions,2. Mathematical functions,#sec0010
3. Citation data of selected countries and their characteristics,3. Citation data of selected countries and their characteristics,#sec0015
4. Results and discussion,4. Results and discussion,#sec0020
4.1. Group A countries,4. Results and discussion,#sec0025
4.1.1. Citation distribution data,4. Results and discussion,#sec0030
4.1.2. Distribution of data of two-year and five-year impact factors,4. Results and discussion,#sec0035
4.1.3. Distribution of half-life data,4. Results and discussion,#sec0040
4.2. Group B countries,4. Results and discussion,#sec0045
4.3. Tail parts of distributions and physical significance of the fitting parameter α,4. Results and discussion,#sec0050
4.4. Relationship between Langmuir constant K and the number N of journals,4. Results and discussion,#sec0055
5. Summary and conclusions,5. Summary and conclusions,#sec0060
Acknowledgements,Acknowledgements ,#aep-acknowledgment-id19
References,References ,#bibl0005
