section_name,changed_name,href_id
Abstract,Abstract ,#aep-abstract-id6
Highlights,Highlights ,#aep-abstract-sec-id5
Highlights,Highlights ,#aep-abstract-sec-id5
Keywords,Keywords ,#aep-keywords-id8
1. Introduction,1. Introduction,#sec0005
2. Methods,2. Methods,#sec0010
2.1. Peer ratings provided by F1000,2. Methods,#sec0015
2.2. Data set for the study,2. Methods,#sec0020
2.3. Statistical procedures,2. Methods,#sec0025
3. Results,3. Results,#sec0030
4. Discussion,4. Discussion,#sec0035
5. Conclusion,5. Conclusion,#sec0040
References,References ,#bibl0005
