[{"section_name":"Abstract","changed_name":"Abstract ","href_id":"#abs0005"},{"section_name":"Keywords","changed_name":"Keywords ","href_id":"#kwd0005"},{"section_name":"1. Introduction","changed_name":"1. Introduction","href_id":"#sec0005"},{"section_name":"2. Methodology and data","changed_name":"2. Methodology and data","href_id":"#sec0010"},{"section_name":"3. Results and discussion","changed_name":"3. Results and discussion","href_id":"#sec0015"},{"section_name":"3.1. Results on impact factor and h-index","changed_name":"3. Results and discussion","href_id":"#sec0020"},{"section_name":"3.2. Correlation coefficient analysis","changed_name":"3. Results and discussion","href_id":"#sec0025"},{"section_name":"3.3. Combination of multiple journal rankings","changed_name":"3. Results and discussion","href_id":"#sec0030"},{"section_name":"4. Conclusion","changed_name":"4. Conclusion","href_id":"#sec0035"},{"section_name":"Appendix A. ","changed_name":"Appendix A.","href_id":"#sec0040"},{"section_name":"References","changed_name":"References ","href_id":"#bibl0005"}]