section_name,changed_name,href_id
Highlights,Highlights ,#abs0005
Abstract,Abstract ,#abs0010
Keywords,Keywords ,#kwd0005
1. Introduction,1. Introduction,#sec0005
2. Dataset and methods,2. Dataset and methods,#sec0010
2.1. Dataset,2. Dataset and methods,#sec0015
3. Methods,3. Methods,#sec0020
4. Results,4. Results,#sec0025
4.1. Distributions of funding of universities,4. Results,#sec0030
4.2. Distributions of funding of research areas,4. Results,#sec0035
4.3. Distributions of funding of research fields,4. Results,#sec0040
4.4. Distributions of supported universities of research fields,4. Results,#sec0045
5. Conclusions,5. Conclusions,#sec0050
Acknowledgements,Acknowledgements ,#ack0005
Appendix A. ,Appendix A.,#sec0070
Appendix B. ,Appendix B.,#sec0075
Appendix C. ,Appendix C.,#sec0080
References,References ,#bibl0005
