[{"section_name":"Highlights","changed_name":"Highlights ","href_id":"#abs0010"},{"section_name":"Abstract","changed_name":"Abstract ","href_id":"#abs0015"},{"section_name":"Graphical abstract","changed_name":"Graphical abstract","href_id":"#abs0005"},{"section_name":"Keywords","changed_name":"Keywords ","href_id":"#kwd0005"},{"section_name":"1. Introduction","changed_name":"1. Introduction","href_id":"#sec0005"},{"section_name":"2. Main concepts","changed_name":"2. Main concepts","href_id":"#sec0010"},{"section_name":"2.1. Citation network","changed_name":"2. Main concepts","href_id":"#sec0015"},{"section_name":"2.2. Publication attributes","changed_name":"2. Main concepts","href_id":"#sec0020"},{"section_name":"2.3. Transitive reduction","changed_name":"2. Main concepts","href_id":"#sec0025"},{"section_name":"2.4. Drill down and expansion","changed_name":"2. Main concepts","href_id":"#sec0030"},{"section_name":"2.4.1. Expansion","changed_name":"2. Main concepts","href_id":"#sec0035"},{"section_name":"2.4.2. Drill down","changed_name":"2. Main concepts","href_id":"#sec0040"},{"section_name":"3. Demonstration","changed_name":"3. Demonstration","href_id":"#sec0045"},{"section_name":"3.1. User interface","changed_name":"3. Demonstration","href_id":"#sec0050"},{"section_name":"3.2. Application to the scientometric literature","changed_name":"3. Demonstration","href_id":"#sec0055"},{"section_name":"3.2.1. Data collection","changed_name":"3. Demonstration","href_id":"#sec0060"},{"section_name":"3.2.2. Analysis: h-index","changed_name":"3. Demonstration","href_id":"#sec0065"},{"section_name":"3.2.3. Analysis: science mapping","changed_name":"3. Demonstration","href_id":"#sec0070"},{"section_name":"3.3. Application to the literature on community detection in networks","changed_name":"3. Demonstration","href_id":"#sec0075"},{"section_name":"3.4. Data collection","changed_name":"3. Demonstration","href_id":"#sec0080"},{"section_name":"3.4.1. Analysis","changed_name":"3. Demonstration","href_id":"#sec0085"},{"section_name":"4. Technical details","changed_name":"4. Technical details","href_id":"#sec0090"},{"section_name":"4.1. Construction of citation networks","changed_name":"4. Technical details","href_id":"#sec0095"},{"section_name":"4.2. Visualization of citation networks","changed_name":"4. Technical details","href_id":"#sec0100"},{"section_name":"4.2.1. Positioning publications in the vertical dimension","changed_name":"4. Technical details","href_id":"#sec0105"},{"section_name":"4.2.2. Positioning publications in the horizontal dimension","changed_name":"4. Technical details","href_id":"#sec0110"},{"section_name":"4.3. Analysis of citation networks","changed_name":"4. Technical details","href_id":"#sec0115"},{"section_name":"4.3.1. Clustering publications","changed_name":"4. Technical details","href_id":"#sec0120"},{"section_name":"4.3.2. Identifying core publications","changed_name":"4. Technical details","href_id":"#sec0125"},{"section_name":"5. Conclusion","changed_name":"5. Conclusion","href_id":"#sec0130"},{"section_name":"Acknowledgments","changed_name":"Acknowledgments ","href_id":"#ack0005"},{"section_name":"References","changed_name":"References ","href_id":"#bibl0005"}]