[{"section_name":"Abstract","changed_name":"Abstract ","href_id":"#abs0005"},{"section_name":"Keywords","changed_name":"Keywords ","href_id":"#kwd0005"},{"section_name":"1. Introduction","changed_name":"1. Introduction","href_id":"#sec0005"},{"section_name":"2. Input data and method","changed_name":"2. Input data and method","href_id":"#sec0010"},{"section_name":"2.1. The COBISS bibliographic service","changed_name":"2. Input data and method","href_id":"#sec0015"},{"section_name":"2.2. The SICRIS scientometric service","changed_name":"2. Input data and method","href_id":"#sec0020"},{"section_name":"3. Results and discussion","changed_name":"3. Results and discussion","href_id":"#sec0025"},{"section_name":"3.1. Domain differences in the typology of scientific studies","changed_name":"3. Results and discussion","href_id":"#sec0030"},{"section_name":"3.2. The effect of research programme group sizes","changed_name":"3. Results and discussion","href_id":"#sec0035"},{"section_name":"3.3. Time-point citation analysis","changed_name":"3. Results and discussion","href_id":"#sec0040"},{"section_name":"3.4. Research impact cube","changed_name":"3. Results and discussion","href_id":"#sec0045"},{"section_name":"3.5. Binary citation frequency","changed_name":"3. Results and discussion","href_id":"#sec0050"},{"section_name":"3.6. Time-frame citations analysis and citation growth patterns","changed_name":"3. Results and discussion","href_id":"#sec0055"},{"section_name":"4. Concluding remarks","changed_name":"4. Concluding remarks","href_id":"#sec0060"},{"section_name":"Acknowledgements","changed_name":"Acknowledgements ","href_id":"#ack0005"},{"section_name":"References","changed_name":"References ","href_id":"#bibl0005"}]