section_name,changed_name,href_id
Highlights,Highlights ,#abs0005
Abstract,Abstract ,#abs0010
Keywords,Keywords ,#kwd0005
1. Introduction,1. Introduction,#sec0005
2. Material and methods,2. Material and methods,#sec0010
2.1. Data set and statistical methodology,2. Material and methods,#sec0015
2.2. The success of the models in predicting the final decisions,2. Material and methods,#sec0020
2.2.1. Probability distribution functions associated with the results provided by the models,2. Material and methods,#sec0025
2.2.2. Comparison of the results of the models with the results of a scenario where candidates are selected randomly,2. Material and methods,#sec0030
2.2.3. Predictive power of the models when scientific performance alone is assessed,2. Material and methods,#sec0035
3. Results and discussion,3. Results and discussion,#sec0040
3.1. The predictive power of the models,3. Results and discussion,#sec0045
3.2. Value added by the prediction models when compared to a random selection,3. Results and discussion,#sec0050
3.3. Assessment of the method if scientific performance alone were considered,3. Results and discussion,#sec0055
3.4. A model based on bibliometric indicators as an auxiliary instrument of peer evaluation,3. Results and discussion,#sec0060
4. Conclusions,4. Conclusions,#sec0065
Acknowledgments,Acknowledgments ,#ack0005
Appendix A. ,Appendix A.,#sec0070
References,References ,#bibl0005
