section_name,changed_name,href_id
Abstract,Abstract ,#aep-abstract-id8
Highlights,Highlights ,#aep-abstract-sec-id7
Highlights,Highlights ,#aep-abstract-sec-id7
MSC,MSC ,#aep-keywords-id10
JEL classification,JEL classification,#aep-keywords-id11
Keywords,Keywords ,#aep-keywords-id12
1. Introduction,1. Introduction,#sec0005
2. Methods,2. Methods,#sec0010
2.1. Data collection and sample,2. Methods,#sec0015
2.2. Variables and data analysis,2. Methods,#sec0020
3. Results,3. Results,#sec0025
3.1. Impact,3. Results,#sec0030
3.2. Structural features,3. Results,#sec0035
4. Discussion,4. Discussion,#sec0040
Acknowledgement,Acknowledgement ,#aep-acknowledgment-id13
References,References ,#bibl0005
