section_name,changed_name,href_id
Abstract,Abstract ,#abs0005
Keywords,Keywords ,#kwd0005
1. Introduction,1. Introduction,#sec0005
2. Quality metrics,2. Quality metrics,#sec0010
2.1. Disciplines and publication venues,2. Quality metrics,#sec0015
2.2. Bibliographic data,2. Quality metrics,#sec0020
3. Results,3. Results,#sec0025
3.1. General properties of the quality score,3. Results,#sec0030
3.2. Critical lines of high quality,3. Results,#sec0035
3.3. Validating scientific quality,3. Results,#sec0040
3.4. Analysis of publication venues,3. Results,#sec0045
3.5. Applicability to different impact metrics,3. Results,#sec0050
4. Discussion,4. Discussion,#sec0055
Acknowledgements,Acknowledgements ,#ack0005
References,References ,#bibl0005
