[{"section_name":"Highlights","changed_name":"Highlights ","href_id":"#abs0005"},{"section_name":"Abstract","changed_name":"Abstract ","href_id":"#abs0010"},{"section_name":"Keywords","changed_name":"Keywords ","href_id":"#kwd0005"},{"section_name":"1. Introduction","changed_name":"1. Introduction","href_id":"#sec0005"},{"section_name":"2. Literature review","changed_name":"2. Literature review","href_id":"#sec0010"},{"section_name":"3. Methods: data source and measures","changed_name":"3. Methods: data source and measures","href_id":"#sec0015"},{"section_name":"4. Results","changed_name":"4. Results","href_id":"#sec0020"},{"section_name":"4.1. Descriptive data","changed_name":"4. Results","href_id":"#sec0025"},{"section_name":"4.2. Revealed comparative advantage","changed_name":"4. Results","href_id":"#sec0030"},{"section_name":"4.3. Porter's diamond","changed_name":"4. Results","href_id":"#sec0035"},{"section_name":"5. Discussion and conclusion","changed_name":"5. Discussion and conclusion","href_id":"#sec0040"},{"section_name":"References","changed_name":"References ","href_id":"#bibl0005"}]