section_name,changed_name,href_id
Highlights,Highlights ,#abs0005
Abstract,Abstract ,#abs0010
Keywords,Keywords ,#kwd0005
1. Introduction,1. Introduction,#sec0005
2. Research questions,2. Research questions,#sec0010
3. Data and method,3. Data and method,#sec0015
4. Findings,4. Findings,#sec0020
4.1. Predictive validity,4. Findings,#sec0025
4.2. Impact of the grants on careers,4. Findings,#sec0030
4.3. Explaining careers,4. Findings,#sec0035
5. Conclusions and discussion,5. Conclusions and discussion,#sec0040
Acknowledgments,Acknowledgments ,#ack0005
References,References ,#bibl0005
