[{"section_name":"Highlights","changed_name":"Highlights ","href_id":"#abs0005"},{"section_name":"Abstract","changed_name":"Abstract ","href_id":"#abs0010"},{"section_name":"Keywords","changed_name":"Keywords ","href_id":"#kwd0005"},{"section_name":"1. Introduction","changed_name":"1. Introduction","href_id":"#sec0005"},{"section_name":"2. DEA for measuring research performance","changed_name":"2. DEA for measuring research performance","href_id":"#sec0010"},{"section_name":"3. Model","changed_name":"3. Model","href_id":"#sec0015"},{"section_name":"4. Example: industrial engineering journals","changed_name":"4. Example: industrial engineering journals","href_id":"#sec0020"},{"section_name":"5. Conclusions","changed_name":"5. Conclusions","href_id":"#sec0025"},{"section_name":"Acknowledgments","changed_name":"Acknowledgments ","href_id":"#ack0005"},{"section_name":"Appendix A. List of industrial engineering journals","changed_name":"Appendix A. List of industrial engineering journals","href_id":"#sec0030"},{"section_name":"Appendix B. Data for DEA","changed_name":"Appendix B. Data for DEA","href_id":"#sec0035"},{"section_name":"References","changed_name":"References ","href_id":"#bibl0005"}]