[{"section_name":"Highlights","changed_name":"Highlights ","href_id":"#abs0005"},{"section_name":"Abstract","changed_name":"Abstract ","href_id":"#abs0010"},{"section_name":"Keywords","changed_name":"Keywords ","href_id":"#kwd0005"},{"section_name":"1. Introduction","changed_name":"1. Introduction","href_id":"#sec0005"},{"section_name":"2. Counting methods","changed_name":"2. Counting methods","href_id":"#sec0010"},{"section_name":"2.1. Overview of counting methods","changed_name":"2. Counting methods","href_id":"#sec0015"},{"section_name":"2.2. Example","changed_name":"2. Counting methods","href_id":"#sec0020"},{"section_name":"2.3. Choosing between different fractional counting variants","changed_name":"2. Counting methods","href_id":"#sec0025"},{"section_name":"2.4. Earlier work on counting methods","changed_name":"2. Counting methods","href_id":"#sec0030"},{"section_name":"3. Relation between counting methods and field normalization","changed_name":"3. Relation between counting methods and field normalization","href_id":"#sec0035"},{"section_name":"3.1. Example involving a single field","changed_name":"3. Relation between counting methods and field normalization","href_id":"#sec0040"},{"section_name":"3.2. Example involving multiple fields","changed_name":"3. Relation between counting methods and field normalization","href_id":"#sec0045"},{"section_name":"3.3. Conclusions based on the examples","changed_name":"3. Relation between counting methods and field normalization","href_id":"#sec0050"},{"section_name":"4. Empirical analysis of the full counting bonus","changed_name":"4. Empirical analysis of the full counting bonus","href_id":"#sec0055"},{"section_name":"4.1. Calculation of the full counting bonus","changed_name":"4. Empirical analysis of the full counting bonus","href_id":"#sec0060"},{"section_name":"4.2. Empirical results","changed_name":"4. Empirical analysis of the full counting bonus","href_id":"#sec0065"},{"section_name":"5. Empirical comparison of counting methods","changed_name":"5. Empirical comparison of counting methods","href_id":"#sec0070"},{"section_name":"5.1. Comparison at the level of organizations","changed_name":"5. Empirical comparison of counting methods","href_id":"#sec0075"},{"section_name":"5.2. Comparison at the level of countries","changed_name":"5. Empirical comparison of counting methods","href_id":"#sec0080"},{"section_name":"6. Commonly used arguments in favor of full counting","changed_name":"6. Commonly used arguments in favor of full counting","href_id":"#sec0085"},{"section_name":"7. Conclusions","changed_name":"7. Conclusions","href_id":"#sec0090"},{"section_name":"7.1. Practical implications","changed_name":"7. Conclusions","href_id":"#sec0095"},{"section_name":"7.2. Different variants of fractional counting","changed_name":"7. Conclusions","href_id":"#sec0100"},{"section_name":"7.3. Multiplicative counting","changed_name":"7. Conclusions","href_id":"#sec0105"},{"section_name":"Acknowledgments","changed_name":"Acknowledgments ","href_id":"#ack0005"},{"section_name":"Appendix A. ","changed_name":"Appendix A.","href_id":"#sec0110"},{"section_name":"References","changed_name":"References ","href_id":"#bibl0005"}]