section_name,changed_name,href_id
Highlights,Highlights ,#abs0005
Abstract,Abstract ,#abs0010
Keywords,Keywords ,#kwd0005
1. Introduction,1. Introduction,#sec0005
2. Methods and materials,2. Methods and materials,#sec0010
3. Results,3. Results,#sec0015
"3.1. Comparison: EU28, China, and USA",3. Results,#sec0020
3.2. Decomposition of the EU28,3. Results,#sec0025
3.3. Co-authorship networks within the EU28 in relation to China and the USA,3. Results,#sec0030
4. Conclusions and discussion,4. Conclusions and discussion,#sec0035
Acknowledgement,Acknowledgement ,#ack0005
References,References ,#bibl0005
