section_name,changed_name,href_id
Abstract,Abstract ,#aep-abstract-id11
Highlights,Highlights ,#aep-abstract-sec-id10
Highlights,Highlights ,#aep-abstract-sec-id10
Keywords,Keywords ,#aep-keywords-id13
1. Introduction,1. Introduction,#sec0005
2. Research hypotheses and questions,2. Research hypotheses and questions,#sec0010
2.1. Hypotheses,2. Research hypotheses and questions,#sec0015
2.2. Research questions,2. Research hypotheses and questions,#sec0020
3. Review of literature,3. Review of literature,#sec0025
3.1. Use and persistence of URL citations,3. Review of literature,#sec0030
3.2. Half-life of URLs,3. Review of literature,#sec0035
3.3. Recovery of missing URLs,3. Review of literature,#sec0040
4. Methods,4. Methods,#sec0045
4.1. Selection of journals and articles,4. Methods,#sec0050
4.2. Selection of articles and references,4. Methods,#sec0055
4.3. Testing of URLs,4. Methods,#sec0060
4.4. Recovery of missing URLs through Wayback machine,4. Methods,#sec0065
4.4.1. Wayback machine,4. Methods,#sec0070
4.4.2. Recovery of missing URLs,4. Methods,#sec0075
5. Results,5. Results,#sec0080
"5.1. Distribution of articles, citations and URLs",5. Results,#sec0085
5.2. Summary of active and missing URLs,5. Results,#sec0090
5.3. HTTP errors associated with missing and recovered URLs,5. Results,#sec0095
5.4. Percentage of missing and recovered URLs by year,5. Results,#sec0100
5.5. Domain associated with missing and recovered URLs,5. Results,#sec0105
5.6. File types associated with missing and recovered URLs,5. Results,#sec0110
5.7. Summary of missing and recovered URLs by path depth,5. Results,#sec0115
5.8. Summary of missing and recovered URLs by character length,5. Results,#sec0120
5.9. Half life period of URLs,5. Results,#sec0125
5.10. Testing of hypotheses,5. Results,#sec0130
6. Discussion and conclusion,6. Discussion and conclusion,#sec0135
References,References ,#bibl0005
