[{"section_name":"Highlights","changed_name":"Highlights ","href_id":"#abs0005"},{"section_name":"Abstract","changed_name":"Abstract ","href_id":"#abs0010"},{"section_name":"Keywords","changed_name":"Keywords ","href_id":"#kwd0005"},{"section_name":"1. Introduction","changed_name":"1. Introduction","href_id":"#sec0005"},{"section_name":"2. Collaboration in a layered system","changed_name":"2. Collaboration in a layered system","href_id":"#sec0010"},{"section_name":"3. Definitions","changed_name":"3. Definitions","href_id":"#sec0015"},{"section_name":"3.1. A-paths and collaboration paths","changed_name":"3. Definitions","href_id":"#sec0020"},{"section_name":"3.2. Simple and generalized collaboration paths","changed_name":"3. Definitions","href_id":"#sec0025"},{"section_name":"3.3. Significant, essential and vital nodes in a collaboration path","changed_name":"3. Definitions","href_id":"#sec0030"},{"section_name":"3.4. Significant, essential and vital sub paths on a collaboration path","changed_name":"3. Definitions","href_id":"#sec0035"},{"section_name":"3.5. Overview","changed_name":"3. Definitions","href_id":"#sec0040"},{"section_name":"3.6. Finding all collaboration paths","changed_name":"3. Definitions","href_id":"#sec0045"},{"section_name":"3.7. Collaboration paths in the illustrative example","changed_name":"3. Definitions","href_id":"#sec0050"},{"section_name":"3.7.1. The author layer","changed_name":"3. Definitions","href_id":"#sec0055"},{"section_name":"3.7.2. The institutional layer","changed_name":"3. Definitions","href_id":"#sec0060"},{"section_name":"3.7.3. The country layer","changed_name":"3. Definitions","href_id":"#sec0065"},{"section_name":"3.8. Essential node centrality: a new form of node centrality","changed_name":"3. Definitions","href_id":"#sec0070"},{"section_name":"4. Discussion","changed_name":"4. Discussion","href_id":"#sec0075"},{"section_name":"4.1. The relation between collaboration and diffusion","changed_name":"4. Discussion","href_id":"#sec0080"},{"section_name":"4.2. Fractional count versus integer count","changed_name":"4. Discussion","href_id":"#sec0085"},{"section_name":"4.3. Collaborative articles versus single author articles","changed_name":"4. Discussion","href_id":"#sec0090"},{"section_name":"5. A real example","changed_name":"5. A real example","href_id":"#sec0095"},{"section_name":"6. Conclusion","changed_name":"6. Conclusion","href_id":"#sec0100"},{"section_name":"Acknowledgements","changed_name":"Acknowledgements ","href_id":"#ack0005"},{"section_name":"References","changed_name":"References ","href_id":"#bibl0005"}]