section_name,changed_name,href_id
Highlights,Highlights ,#abst0005
Highlights,Highlights ,#abst0005
Abstract,Abstract ,#abs0010
Keywords,Keywords ,#kwd0005
1. Introduction,1. Introduction,#sec0005
2. Methodology,2. Methodology,#sec0010
2.1. Selection of relevant literature,2. Methodology,#sec0015
2.2. Article dataset formation,2. Methodology,#sec0020
2.3. Data mining,2. Methodology,#sec0025
2.3.1. Article clustering,2. Methodology,#sec0030
2.3.2. Keyword frequency and journal distributions,2. Methodology,#sec0035
2.4. Interpretation,2. Methodology,#sec0040
2.5. Comparison with other scientometric methods,2. Methodology,#sec0045
3. Adaptation for the case study,3. Adaptation for the case study,#sec0050
3.1. Selection of relevant literature,3. Adaptation for the case study,#sec0055
3.2. Article dataset formation,3. Adaptation for the case study,#sec0060
3.3. Data mining,3. Adaptation for the case study,#sec0065
4. Results of the case study,4. Results of the case study,#sec0070
4.1. Keyword frequency analysis,4. Results of the case study,#sec0075
4.2. Structural view using clustering,4. Results of the case study,#sec0080
4.3. Journal distribution,4. Results of the case study,#sec0085
4.4. Discussion,4. Results of the case study,#sec0090
4.5. Benefits and limitations,4. Results of the case study,#sec0095
5. Conclusion,5. Conclusion,#sec0100
Acknowledgements,Acknowledgements ,#ack0005
References,References ,#bibl0005
