section_name,changed_name,href_id
Highlights,Highlights ,#abs0005
Abstract,Abstract ,#abs0010
Keywords,Keywords ,#kwd0005
1. Introduction,1. Introduction,#sec0005
2. Gender aspects in research collaboration: literature review,2. Gender aspects in research collaboration: literature review,#sec0010
"3. Methodology, dataset and indicators","3. Methodology, dataset and indicators",#sec0015
3.1. Methodological approach,"3. Methodology, dataset and indicators",#sec0020
3.2. Data sources and field of observation,"3. Methodology, dataset and indicators",#sec0025
3.3. Indicators and methods,"3. Methodology, dataset and indicators",#sec0030
4. Results and discussion,4. Results and discussion,#sec0035
"4.1. Gender differences in the propensity to collaborate in different forms, in the various disciplines",4. Results and discussion,#sec0040
4.2. Gender differences in the correlation between propensities to collaborate in different forms,4. Results and discussion,#sec0045
5. Conclusions,5. Conclusions,#sec0050
References,References ,#bibl0005
