[{"section_name":"Highlights","changed_name":"Highlights ","href_id":"#abs0005"},{"section_name":"Abstract","changed_name":"Abstract ","href_id":"#abs0010"},{"section_name":"1. Introduction","changed_name":"1. Introduction","href_id":"#sec0005"},{"section_name":"2. Methods","changed_name":"2. Methods","href_id":"#sec0010"},{"section_name":"3. Results and discussion","changed_name":"3. Results and discussion","href_id":"#sec0015"},{"section_name":"4. Conclusions","changed_name":"4. Conclusions","href_id":"#sec0020"},{"section_name":"5. Further research","changed_name":"5. Further research","href_id":"#sec0025"},{"section_name":"References","changed_name":"References ","href_id":"#bibl0005"}]