[{"section_name":"Abstract","changed_name":"Abstract ","href_id":"#aep-abstract-id11"},{"section_name":"Graphical abstract","changed_name":"Graphical abstract","href_id":"#aep-abstract-sec-id8"},{"section_name":"Graphical abstract","changed_name":"Graphical abstract","href_id":"#aep-abstract-sec-id8"},{"section_name":"Highlights","changed_name":"Graphical abstract","href_id":"#aep-abstract-sec-id10"},{"section_name":"Keywords","changed_name":"Keywords ","href_id":"#aep-keywords-id13"},{"section_name":"1. Introduction","changed_name":"1. Introduction","href_id":"#sec0005"},{"section_name":"2. Collection of data and methodology","changed_name":"2. Collection of data and methodology","href_id":"#sec0010"},{"section_name":"3. Results and discussion","changed_name":"3. Results and discussion","href_id":"#sec0015"},{"section_name":"4. Conclusion","changed_name":"4. Conclusion","href_id":"#sec0020"},{"section_name":"References","changed_name":"References ","href_id":"#bibl0005"}]