section_name,changed_name,href_id
Highlights,Highlights ,#abs0005
Abstract,Abstract ,#abs0010
Keywords,Keywords ,#kwd0005
1. Introduction and literature review,1. Introduction and literature review,#sec0005
2. Methodology,2. Methodology,#sec0010
2.1. General concepts,2. Methodology,#sec0015
2.2. Study at journal level,2. Methodology,#sec0020
2.3. Study at the level of IEEE Societies,2. Methodology,#sec0025
2.4. Normalization of the results of the original study,2. Methodology,#sec0030
3. Results,3. Results,#sec0035
3.1. Results of the study at journal level,3. Results,#sec0040
3.2. Results of the study at level of IEEE Societies,3. Results,#sec0045
3.3. Implementation of the normalization technique,3. Results,#sec0050
"4. Conclusions, limitations and future works","4. Conclusions, limitations and future works",#sec0055
4.1. Final discussion,"4. Conclusions, limitations and future works",#sec0060
4.2. Limitations,"4. Conclusions, limitations and future works",#sec0065
4.3. Future research,"4. Conclusions, limitations and future works",#sec0070
Acknowledgements,Acknowledgements ,#ack0005
Appendix. ,Appendix. ,#sec0080
References,References ,#bibl0005
