[{"section_name":"Highlights","changed_name":"Highlights ","href_id":"#abs0005"},{"section_name":"Abstract","changed_name":"Abstract ","href_id":"#abs0010"},{"section_name":"Keywords","changed_name":"Keywords ","href_id":"#kwd0005"},{"section_name":"1. Introduction","changed_name":"1. Introduction","href_id":"#sec0005"},{"section_name":"2. Theoretical background and hypotheses","changed_name":"2. Theoretical background and hypotheses","href_id":"#sec0010"},{"section_name":"2.1. Assembly of interdisciplinary teams","changed_name":"2. Theoretical background and hypotheses","href_id":"#sec0015"},{"section_name":"2.1.1. Gender","changed_name":"2. Theoretical background and hypotheses","href_id":"#sec0020"},{"section_name":"2.1.2. Tenure","changed_name":"2. Theoretical background and hypotheses","href_id":"#sec0025"},{"section_name":"2.1.3. Institution tier and H-index","changed_name":"2. Theoretical background and hypotheses","href_id":"#sec0030"},{"section_name":"2.1.4. Co-authorship relation","changed_name":"2. Theoretical background and hypotheses","href_id":"#sec0035"},{"section_name":"2.1.5. Citation relation","changed_name":"2. Theoretical background and hypotheses","href_id":"#sec0040"},{"section_name":"2.2. Success of interdisciplinary scientific teams","changed_name":"2. Theoretical background and hypotheses","href_id":"#sec0045"},{"section_name":"2.2.1. Co-authorship relation","changed_name":"2. Theoretical background and hypotheses","href_id":"#sec0050"},{"section_name":"2.2.2. Citation relation","changed_name":"2. Theoretical background and hypotheses","href_id":"#sec0055"},{"section_name":"3. Data and methodology","changed_name":"3. Data and methodology","href_id":"#sec0060"},{"section_name":"3.1. Context","changed_name":"3. Data and methodology","href_id":"#sec0065"},{"section_name":"3.2. Data and sample","changed_name":"3. Data and methodology","href_id":"#sec0070"},{"section_name":"3.2.1. Dependent variables","changed_name":"3. Data and methodology","href_id":"#sec0075"},{"section_name":"3.2.2. Independent variables","changed_name":"3. Data and methodology","href_id":"#sec0080"},{"section_name":"3.3. Analysis: Exponential Random Graph Models (p*\/ERGM)","changed_name":"3. Data and methodology","href_id":"#sec0085"},{"section_name":"4. Results","changed_name":"4. Results","href_id":"#sec0090"},{"section_name":"5. Discussion and conclusion","changed_name":"5. Discussion and conclusion","href_id":"#sec0095"},{"section_name":"5.1. Limitations","changed_name":"5. Discussion and conclusion","href_id":"#sec0100"},{"section_name":"5.2. Effect of researchers\u2019 attributes","changed_name":"5. Discussion and conclusion","href_id":"#sec0105"},{"section_name":"5.3. Effect of researchers\u2019 network structures and prior relations","changed_name":"5. Discussion and conclusion","href_id":"#sec0110"},{"section_name":"Acknowledgments","changed_name":"Acknowledgments ","href_id":"#ack0005"},{"section_name":"References","changed_name":"References ","href_id":"#bibl0005"}]