[{"section_name":"Abstract","changed_name":"Abstract ","href_id":"#aep-abstract-id8"},{"section_name":"Highlights","changed_name":"Highlights ","href_id":"#aep-abstract-sec-id7"},{"section_name":"Highlights","changed_name":"Highlights ","href_id":"#aep-abstract-sec-id7"},{"section_name":"MSC","changed_name":"MSC ","href_id":"#aep-keywords-id10"},{"section_name":"JEL classification","changed_name":"JEL classification","href_id":"#aep-keywords-id11"},{"section_name":"Keywords","changed_name":"Keywords ","href_id":"#aep-keywords-id12"},{"section_name":"1. Introduction","changed_name":"1. Introduction","href_id":"#sec0005"},{"section_name":"2. Methods","changed_name":"2. Methods","href_id":"#sec0010"},{"section_name":"2.1. Data collection and sample","changed_name":"2. Methods","href_id":"#sec0015"},{"section_name":"2.2. Variables and data analysis","changed_name":"2. Methods","href_id":"#sec0020"},{"section_name":"3. Results","changed_name":"3. Results","href_id":"#sec0025"},{"section_name":"3.1. Impact","changed_name":"3. Results","href_id":"#sec0030"},{"section_name":"3.2. Structural features","changed_name":"3. Results","href_id":"#sec0035"},{"section_name":"4. Discussion","changed_name":"4. Discussion","href_id":"#sec0040"},{"section_name":"Acknowledgement","changed_name":"Acknowledgement ","href_id":"#aep-acknowledgment-id13"},{"section_name":"References","changed_name":"References ","href_id":"#bibl0005"}]