[{"section_name":"Highlights","changed_name":"Highlights ","href_id":"#abst0005"},{"section_name":"Highlights","changed_name":"Highlights ","href_id":"#abst0005"},{"section_name":"Abstract","changed_name":"Abstract ","href_id":"#abs0010"},{"section_name":"Keywords","changed_name":"Keywords ","href_id":"#kwd0005"},{"section_name":"1. Introduction and motivation","changed_name":"1. Introduction and motivation","href_id":"#sec0005"},{"section_name":"2. Scientific document ranking","changed_name":"2. Scientific document ranking","href_id":"#sec0010"},{"section_name":"3. Problem statement","changed_name":"3. Problem statement","href_id":"#sec0015"},{"section_name":"3.1. Data","changed_name":"3. Problem statement","href_id":"#sec0020"},{"section_name":"4. Our approach","changed_name":"4. Our approach","href_id":"#sec0025"},{"section_name":"4.1. Topic modelling","changed_name":"4. Our approach","href_id":"#sec0030"},{"section_name":"4.2. Topical drifts and damping factor selection","changed_name":"4. Our approach","href_id":"#sec0035"},{"section_name":"4.3. Topical longevity and information freshness decay","changed_name":"4. Our approach","href_id":"#sec0040"},{"section_name":"4.3.1. Deciding the primary topics of a paper","changed_name":"4. Our approach","href_id":"#sec0045"},{"section_name":"4.3.2. Topical longevity of a subfield","changed_name":"4. Our approach","href_id":"#sec0050"},{"section_name":"4.3.3. Per document information freshness decay factor","changed_name":"4. Our approach","href_id":"#sec0055"},{"section_name":"5. Results and discussion","changed_name":"5. Results and discussion","href_id":"#sec0060"},{"section_name":"5.1. A proxy gold standard","changed_name":"5. Results and discussion","href_id":"#sec0065"},{"section_name":"5.2. Results","changed_name":"5. Results and discussion","href_id":"#sec0070"},{"section_name":"5.2.1. Evaluation as ranked retrieval","changed_name":"5. Results and discussion","href_id":"#sec0075"},{"section_name":"5.2.2. Evaluation as ranking","changed_name":"5. Results and discussion","href_id":"#sec0080"},{"section_name":"5.2.3. Discussion","changed_name":"5. Results and discussion","href_id":"#sec0085"},{"section_name":"6. Conclusion and future work","changed_name":"6. Conclusion and future work","href_id":"#sec0090"},{"section_name":"Acknowledegment","changed_name":"Acknowledegment ","href_id":"#ack0005"},{"section_name":"References","changed_name":"References ","href_id":"#bibl0005"}]