section_name,changed_name,href_id
Highlights,Highlights ,#abst0005
Highlights,Highlights ,#abst0005
Abstract,Abstract ,#abs0010
Keywords,Keywords ,#kwd0005
1. Introduction,1. Introduction,#sec0005
2. Definitions and preliminaries,2. Definitions and preliminaries,#sec0010
3. The axioms of Chambers and Miller,3. The axioms of Chambers and Miller,#sec0015
4. Three combinatorial characterizations,4. Three combinatorial characterizations,#sec0020
4.1. Homo-min alone,4. Three combinatorial characterizations,#sec0025
4.2. Homo-max alone,4. Three combinatorial characterizations,#sec0030
4.3. Homo-min and Homo-max together,4. Three combinatorial characterizations,#sec0035
5. Step-based indices and staircase indices,5. Step-based indices and staircase indices,#sec0040
6. An axiomatic characterization,6. An axiomatic characterization,#sec0045
6.1. Proof of the axiomatization theorem,6. An axiomatic characterization,#sec0050
6.2. Proof of the tightness theorem,6. An axiomatic characterization,#sec0055
Acknowledgements,Acknowledgements ,#ack0005
References,References ,#bibl0005
