[{"section_name":"Highlights","changed_name":"Highlights ","href_id":"#abs0005"},{"section_name":"Abstract","changed_name":"Abstract ","href_id":"#abs0010"},{"section_name":"Keywords","changed_name":"Keywords ","href_id":"#kwd0005"},{"section_name":"1. Introduction","changed_name":"1. Introduction","href_id":"#sec0005"},{"section_name":"2. Methods","changed_name":"2. Methods","href_id":"#sec0010"},{"section_name":"2.1. Sleepers","changed_name":"2. Methods","href_id":"#sec0015"},{"section_name":"2.2. Reference group","changed_name":"2. Methods","href_id":"#sec0020"},{"section_name":"2.3. Presentation of the results","changed_name":"2. Methods","href_id":"#sec0025"},{"section_name":"3. Data overview","changed_name":"3. Data overview","href_id":"#sec0030"},{"section_name":"4. Results","changed_name":"4. Results","href_id":"#sec0035"},{"section_name":"4.1. Effects over time","changed_name":"4. Results","href_id":"#sec0040"},{"section_name":"4.2. Effect of lifetime citations received","changed_name":"4. Results","href_id":"#sec0080"},{"section_name":"4.3. Disciplinary differences","changed_name":"4. Results","href_id":"#sec0045"},{"section_name":"5. Discussion","changed_name":"5. Discussion","href_id":"#sec0050"},{"section_name":"5.1. Limits","changed_name":"5. Discussion","href_id":"#sec0055"},{"section_name":"6. Conclusion","changed_name":"6. Conclusion","href_id":"#sec0060"},{"section_name":"Appendix 1. Distribution of papers and citations by discipline","changed_name":"Appendix 1. Distribution of papers and citations by discipline","href_id":"#sec0070"},{"section_name":"Appendix 2. Distribution of papers and citations by disciplinary clusters","changed_name":"Appendix 2. Distribution of papers and citations by disciplinary clusters","href_id":"#sec0075"},{"section_name":"References","changed_name":"References ","href_id":"#bibl0005"}]