section_name,changed_name,href_id
Abstract,Abstract ,#aep-abstract-id17
Highlights,Highlights ,#aep-abstract-sec-id16
Highlights,Highlights ,#aep-abstract-sec-id16
JEL classification,JEL classification,#aep-keywords-id19
Keywords,Keywords ,#aep-keywords-id20
1. Introduction,1. Introduction,#sec0005
2. Archetypal analysis,2. Archetypal analysis,#sec0010
2.1. Methodology,2. Archetypal analysis,#sec0015
2.2. An illustrative example,2. Archetypal analysis,#sec0020
2.3. Relation to other data-mining techniques,2. Archetypal analysis,#sec0025
3. A case study for economists,3. A case study for economists,#sec0030
3.1. The data set,3. A case study for economists,#sec0035
3.2. Full sample results,3. A case study for economists,#sec0040
3.3. Results for the top economists,3. A case study for economists,#sec0045
4. Summary,4. Summary,#sec0050
References,References ,#bibl0005
