section_name,changed_name,href_id
Highlights,Highlights ,#abs0005
Abstract,Abstract ,#abs0010
Keywords,Keywords ,#kwd0005
1. Introduction,1. Introduction,#sec0005
2. Mathematical models for the h-index,2. Mathematical models for the h-index,#sec0010
3. The main result,3. The main result,#sec0015
3.1. Power series distributions and the geometric distribution,3. The main result,#sec0020
3.2. A formula for the h-index,3. The main result,#sec0025
3.3. A formula for the estimation of hw,3. The main result,#sec0030
4. A case study,4. A case study,#sec0035
4.1. Sample database,4. A case study,#sec0040
4.2. Statistical analysis,4. A case study,#sec0045
5. Conclusion,5. Conclusion,#sec0050
Acknowledgements,Acknowledgements ,#ack0005
Appendix A. ,Appendix A.,#sec0060
References,References ,#bibl0005
