section_name,changed_name,href_id
Highlights,Highlights ,#abs0005
Abstract,Abstract ,#abs0010
Keywords,Keywords ,#kwd0005
1. Introduction,1. Introduction,#sec0005
2. Data,2. Data,#sec0010
2.1. Dynamic usage data,2. Data,#sec0015
2.2. Publish data,2. Data,#sec0020
3. Results,3. Results,#sec0025
3.1. Usage statistics,3. Results,#sec0030
3.2. Publish–download time interval,3. Results,#sec0035
3.3. Usage statistics of a new issue,3. Results,#sec0040
3.4. The lifetime of downloaded literature,3. Results,#sec0045
3.5. Highly downloaded papers,3. Results,#sec0050
4. Discussion,4. Discussion,#sec0055
Acknowledgements,Acknowledgements ,#ack0005
References,References ,#bibl0005
