[{"section_name":"Highlights","changed_name":"Highlights ","href_id":"#abs0005"},{"section_name":"Abstract","changed_name":"Abstract ","href_id":"#abs0010"},{"section_name":"Keywords","changed_name":"Keywords ","href_id":"#kwd0005"},{"section_name":"1. Introduction","changed_name":"1. Introduction","href_id":"#sec0005"},{"section_name":"2. Previous research","changed_name":"2. Previous research","href_id":"#sec0010"},{"section_name":"3. Methods","changed_name":"3. Methods","href_id":"#sec0015"},{"section_name":"4. Results","changed_name":"4. Results","href_id":"#sec0020"},{"section_name":"4.1. Does AI overestimate 5IF for science-related journals?","changed_name":"4. Results","href_id":"#sec0025"},{"section_name":"4.2. The independent effect of science-related status","changed_name":"4. Results","href_id":"#sec0030"},{"section_name":"5. Conclusion","changed_name":"5. Conclusion","href_id":"#sec0035"},{"section_name":"Acknowledgements","changed_name":"Acknowledgements ","href_id":"#ack0005"},{"section_name":"Research Data","changed_name":"Research Data","href_id":"#ec-research-data"},{"section_name":"References","changed_name":"References ","href_id":"#bibl0005"}]