[{"section_name":"Highlights","changed_name":"Highlights ","href_id":"#abs0005"},{"section_name":"Abstract","changed_name":"Abstract ","href_id":"#abs0010"},{"section_name":"Keywords","changed_name":"Keywords ","href_id":"#kwd0005"},{"section_name":"1. Introduction","changed_name":"1. Introduction","href_id":"#sec0005"},{"section_name":"2. Literature review","changed_name":"2. Literature review","href_id":"#sec0010"},{"section_name":"3. Data source and methodological framework","changed_name":"3. Data source and methodological framework","href_id":"#sec0015"},{"section_name":"3.1. Analytical framework","changed_name":"3. Data source and methodological framework","href_id":"#sec0020"},{"section_name":"3.2. Panel econometric model","changed_name":"3. Data source and methodological framework","href_id":"#sec0025"},{"section_name":"3.3. Panel unit root tests","changed_name":"3. Data source and methodological framework","href_id":"#sec0030"},{"section_name":"3.4. Panel cointegration tests","changed_name":"3. Data source and methodological framework","href_id":"#sec0035"},{"section_name":"3.5. Panel long-run relationship","changed_name":"3. Data source and methodological framework","href_id":"#sec0040"},{"section_name":"4. Results","changed_name":"4. Results","href_id":"#sec0045"},{"section_name":"5. Conclusion","changed_name":"5. Conclusion","href_id":"#sec0050"},{"section_name":"Acknowledgements","changed_name":"Acknowledgements ","href_id":"#ack0005"},{"section_name":"References","changed_name":"References ","href_id":"#bibl0005"}]