[{"section_name":"Highlights","changed_name":"Highlights ","href_id":"#abs0005"},{"section_name":"Abstract","changed_name":"Abstract ","href_id":"#abs0010"},{"section_name":"Keywords","changed_name":"Keywords ","href_id":"#kwd0005"},{"section_name":"1. Introduction","changed_name":"1. Introduction","href_id":"#sec0005"},{"section_name":"2. Mathematical models for the h-index","changed_name":"2. Mathematical models for the h-index","href_id":"#sec0010"},{"section_name":"3. The main result","changed_name":"3. The main result","href_id":"#sec0015"},{"section_name":"3.1. Power series distributions and the geometric distribution","changed_name":"3. The main result","href_id":"#sec0020"},{"section_name":"3.2. A formula for the h-index","changed_name":"3. The main result","href_id":"#sec0025"},{"section_name":"3.3. A formula for the estimation of hw","changed_name":"3. The main result","href_id":"#sec0030"},{"section_name":"4. A case study","changed_name":"4. A case study","href_id":"#sec0035"},{"section_name":"4.1. Sample database","changed_name":"4. A case study","href_id":"#sec0040"},{"section_name":"4.2. Statistical analysis","changed_name":"4. A case study","href_id":"#sec0045"},{"section_name":"5. Conclusion","changed_name":"5. Conclusion","href_id":"#sec0050"},{"section_name":"Acknowledgements","changed_name":"Acknowledgements ","href_id":"#ack0005"},{"section_name":"Appendix A. ","changed_name":"Appendix A.","href_id":"#sec0060"},{"section_name":"References","changed_name":"References ","href_id":"#bibl0005"}]