section_name,changed_name,href_id
Highlights,Highlights ,#abs0005
Abstract,Abstract ,#abs0010
Keywords,Keywords ,#kwd0005
1. Introduction,1. Introduction,#sec0005
2. Literature review and hypotheses,2. Literature review and hypotheses,#sec0010
2.1. Scientific collaboration,2. Literature review and hypotheses,#sec0015
2.2. Relationship between researchers’ communication and collaborative outputs,2. Literature review and hypotheses,#sec0020
2.3. Relationship between researcher’ demographic attributes and collaborative outputs,2. Literature review and hypotheses,#sec0025
3. Method,3. Method,#sec0030
3.1. Sample and data,3. Method,#sec0035
3.2. Data collection,3. Method,#sec0040
4. Results,4. Results,#sec0045
4.1. Statistical and descriptive properties of networks,4. Results,#sec0050
4.2. Network prediction,4. Results,#sec0055
5. Discussion,5. Discussion,#sec0060
6. Conclusion,6. Conclusion,#sec0065
Acknowledgements,Acknowledgements ,#ack0005
Appendix A. ,Appendix A.,#sec0070
A.1. First page,Appendix A.,#sec0075
A.2. Second page,Appendix A.,#sec0080
References,References ,#bibl0005
