section_name,changed_name,href_id
Highlights,Highlights ,#abs0005
Abstract,Abstract ,#abs0010
Purpose,Abstract ,#abst0010
Sample,Abstract ,#abst0015
Method,Abstract ,#abst0020
Contribute,Abstract ,#abst0025
Findings,Abstract ,#abst0030
Keywords,Keywords ,#kwd0005
1. Introduction,1. Introduction,#sec0005
2. Background,2. Background,#sec0010
3. Material and method,3. Material and method,#sec0015
4. Variables,4. Variables,#sec0020
4.1. Dependent variable,4. Variables,#sec0025
4.1.1. Ranking,4. Variables,#sec0030
4.2. Independent variables,4. Variables,#sec0035
4.2.1. Language,4. Variables,#sec0040
4.2.2. Country,4. Variables,#sec0045
4.2.3. Type of publishers,4. Variables,#sec0050
4.2.4. Publication fee,4. Variables,#sec0055
4.2.5. Subject area,4. Variables,#sec0060
5. Results and discussion,5. Results and discussion,#sec0065
6. Conclusions,6. Conclusions,#sec0070
Acknowledgements,Acknowledgements ,#ack1005
References,References ,#bibl0005
