[{"section_name":"Highlights","changed_name":"Highlights ","href_id":"#abst0005"},{"section_name":"Highlights","changed_name":"Highlights ","href_id":"#abst0005"},{"section_name":"Abstract","changed_name":"Abstract ","href_id":"#abs0010"},{"section_name":"Keywords","changed_name":"Keywords ","href_id":"#kwd0005"},{"section_name":"1. Introduction","changed_name":"1. Introduction","href_id":"#sec0005"},{"section_name":"2. Methods","changed_name":"2. Methods","href_id":"#sec0010"},{"section_name":"2.1. The two-exponent law versus Dagum and Singh-Maddala models","changed_name":"2. Methods","href_id":"#sec0015"},{"section_name":"2.2. Estimation methods, goodness-of-fit and model selection tests","changed_name":"2. Methods","href_id":"#sec0020"},{"section_name":"3. Data","changed_name":"3. Data","href_id":"#sec0025"},{"section_name":"4. Empirical results and discussion","changed_name":"4. Empirical results and discussion","href_id":"#sec0030"},{"section_name":"5. Conclusions","changed_name":"5. Conclusions","href_id":"#sec0035"},{"section_name":"References","changed_name":"References ","href_id":"#bibl0005"}]