section_name,changed_name,href_id
Abstract,Abstract ,#abs0005
Keywords,Keywords ,#kwd0005
1. Introduction,1. Introduction,#sec0005
2. Partner importance model,2. Partner importance model,#sec0010
2.1. Hubs and authorities,2. Partner importance model,#sec0015
2.2. Contextual partner importance,2. Partner importance model,#sec0020
2.3. Personalization metrics,2. Partner importance model,#sec0025
2.3.1. Illustrative example,2. Partner importance model,#sec0030
3. Results and discussion,3. Results and discussion,#sec0035
4. Conclusions,4. Conclusions,#sec0040
References,References ,#bibl0005
