section_name,changed_name,href_id
Highlights,Highlights ,#abs0005
Abstract,Abstract ,#abs0010
Keywords,Keywords ,#kwd0005
1. Introduction,1. Introduction,#sec0005
2. Methods,2. Methods,#sec0010
2.1. Identifying journals with duplicate records in Scopus,2. Methods,#sec0015
2.2. Selecting and downloading bibliographic journal records,2. Methods,#sec0020
2.3. Identification and analysis of duplicate records,2. Methods,#sec0025
3. Results,3. Results,#sec0030
3.1. Articles published in a journal are incorrectly mapped by Scopus to this journal and to a different journal from the same publisher,3. Results,#sec0035
3.2. Duplicates resulting from journal name changes,3. Results,#sec0040
3.3. Duplicates due to orthographic differences in journal titles,3. Results,#sec0045
3.4. Duplicates due to journal title variations,3. Results,#sec0050
4. Discussion and conclusion,4. Discussion and conclusion,#sec0055
References,References ,#bibl0005
