[{"section_name":"Highlights","changed_name":"Highlights ","href_id":"#abs0005"},{"section_name":"Abstract","changed_name":"Abstract ","href_id":"#abs0010"},{"section_name":"Keywords","changed_name":"Keywords ","href_id":"#kwd0005"},{"section_name":"1. Introduction","changed_name":"1. Introduction","href_id":"#sec0005"},{"section_name":"2. Methodology and data","changed_name":"2. Methodology and data","href_id":"#sec0010"},{"section_name":"3. Basic depiction of university\u2013industry collaboration studies","changed_name":"3. Basic depiction of university\u2013industry collaboration studies","href_id":"#sec0050"},{"section_name":"4. Reference analysis results","changed_name":"4. Reference analysis results","href_id":"#sec0015"},{"section_name":"4.1. Mapping and analysis on references","changed_name":"4. Reference analysis results","href_id":"#sec0020"},{"section_name":"4.2. Mapping and analysis on authors and journals of references","changed_name":"4. Reference analysis results","href_id":"#sec0025"},{"section_name":"4.3. Mapping and analysis on keywords and topics of references","changed_name":"4. Reference analysis results","href_id":"#sec0030"},{"section_name":"5. Summary of case study","changed_name":"5. Summary of case study","href_id":"#sec0035"},{"section_name":"6. Conclusions","changed_name":"6. Conclusions","href_id":"#sec0040"},{"section_name":"Acknowledgements","changed_name":"Acknowledgements ","href_id":"#ack0005"},{"section_name":"References","changed_name":"References ","href_id":"#bibl0005"}]