[{"section_name":"Highlights","changed_name":"Highlights ","href_id":"#abst0005"},{"section_name":"Highlights","changed_name":"Highlights ","href_id":"#abst0005"},{"section_name":"Abstract","changed_name":"Abstract ","href_id":"#abs0010"},{"section_name":"Keywords","changed_name":"Keywords ","href_id":"#kwd0005"},{"section_name":"1. Introduction","changed_name":"1. Introduction","href_id":"#sec0005"},{"section_name":"2. Methods","changed_name":"2. Methods","href_id":"#sec0010"},{"section_name":"2.1. Data","changed_name":"2. Methods","href_id":"#sec0015"},{"section_name":"2.2. Impact metrics","changed_name":"2. Methods","href_id":"#sec0020"},{"section_name":"2.3. Disciplines","changed_name":"2. Methods","href_id":"#sec0025"},{"section_name":"3. Theory","changed_name":"3. Theory","href_id":"#sec0030"},{"section_name":"4. Results","changed_name":"4. Results","href_id":"#sec0035"},{"section_name":"4.1. Sensitivity to discipline definitions","changed_name":"4. Results","href_id":"#sec0040"},{"section_name":"4.2. Sensitivity to selectivity z","changed_name":"4. Results","href_id":"#sec0045"},{"section_name":"4.3. Sensitivity to exponent \u03b1","changed_name":"4. Results","href_id":"#sec0050"},{"section_name":"5. Conclusion","changed_name":"5. Conclusion","href_id":"#sec0055"},{"section_name":"Acknowledgements","changed_name":"Acknowledgements ","href_id":"#ack0005"},{"section_name":"References","changed_name":"References ","href_id":"#bibl0005"}]