[{"section_name":"Abstract","changed_name":"Abstract ","href_id":"#aep-abstract-id11"},{"section_name":"Highlights","changed_name":"Highlights ","href_id":"#aep-abstract-sec-id10"},{"section_name":"Highlights","changed_name":"Highlights ","href_id":"#aep-abstract-sec-id10"},{"section_name":"Keywords","changed_name":"Keywords ","href_id":"#aep-keywords-id13"},{"section_name":"1. Introduction","changed_name":"1. Introduction","href_id":"#sec0005"},{"section_name":"2. Evaluations of forestry journals","changed_name":"2. Evaluations of forestry journals","href_id":"#sec0010"},{"section_name":"3. Data","changed_name":"3. Data","href_id":"#sec0015"},{"section_name":"4. Efficiency analysis of forestry journals","changed_name":"4. Efficiency analysis of forestry journals","href_id":"#sec0020"},{"section_name":"4.1. Inputs and outputs of the study","changed_name":"4. Efficiency analysis of forestry journals","href_id":"#sec0025"},{"section_name":"4.2. Methodology","changed_name":"4. Efficiency analysis of forestry journals","href_id":"#sec0030"},{"section_name":"4.2.1. Implementing DEA analysis","changed_name":"4. Efficiency analysis of forestry journals","href_id":"#sec0035"},{"section_name":"4.2.2. The Bootstrap algorithm","changed_name":"4. Efficiency analysis of forestry journals","href_id":"#sec0040"},{"section_name":"4.2.3. CRS vs VRS","changed_name":"4. Efficiency analysis of forestry journals","href_id":"#sec0045"},{"section_name":"4.3. Results","changed_name":"4. Efficiency analysis of forestry journals","href_id":"#sec0050"},{"section_name":"4.3.1. Descriptive statistics of inputs and outputs","changed_name":"4. Efficiency analysis of forestry journals","href_id":"#sec0055"},{"section_name":"4.3.2. 1st stage analysis","changed_name":"4. Efficiency analysis of forestry journals","href_id":"#sec0060"},{"section_name":"4.3.3. 2nd Stage analysis","changed_name":"4. Efficiency analysis of forestry journals","href_id":"#sec0065"},{"section_name":"4.3.4. Suggestions for increasing the eigenfactor score, the h-index and the IF","changed_name":"4. Efficiency analysis of forestry journals","href_id":"#sec0070"},{"section_name":"4.3.5. Comparing the proposed and current rankings of journals","changed_name":"4. Efficiency analysis of forestry journals","href_id":"#sec0075"},{"section_name":"5. Conclusions and further suggestions","changed_name":"5. Conclusions and further suggestions","href_id":"#sec0080"},{"section_name":"Appendix A. Definition of the indices","changed_name":"Appendix A. Definition of the indices","href_id":"#sec0090"},{"section_name":"References","changed_name":"References ","href_id":"#bibl0005"}]