[{"section_name":"Abstract","changed_name":"Abstract ","href_id":"#aep-abstract-id11"},{"section_name":"Highlights","changed_name":"Highlights ","href_id":"#aep-abstract-sec-id10"},{"section_name":"Highlights","changed_name":"Highlights ","href_id":"#aep-abstract-sec-id10"},{"section_name":"Keywords","changed_name":"Keywords ","href_id":"#aep-keywords-id13"},{"section_name":"1. Introduction","changed_name":"1. Introduction","href_id":"#sec0005"},{"section_name":"2. Axiomatic method","changed_name":"2. Axiomatic method","href_id":"#sec0010"},{"section_name":"3. Human subjects","changed_name":"3. Human subjects","href_id":"#sec0015"},{"section_name":"4. Data processing","changed_name":"4. Data processing","href_id":"#sec0020"},{"section_name":"5. Results and discussions","changed_name":"5. Results and discussions","href_id":"#sec0025"},{"section_name":"6. Conclusions","changed_name":"6. Conclusions","href_id":"#sec0030"},{"section_name":"Competing interests","changed_name":"Competing interests","href_id":"#sec0035"},{"section_name":"Acknowledgments","changed_name":"Acknowledgments ","href_id":"#aep-acknowledgment-id14"},{"section_name":"References","changed_name":"References ","href_id":"#bibl0005"}]