section_name,changed_name,href_id
Highlights,Highlights ,#abs0005
Abstract,Abstract ,#abs0010
Keywords,Keywords ,#kwd0005
1. Introduction,1. Introduction,#sec0005
2. Literature review,2. Literature review,#sec0010
2.1. Research collaboration,2. Literature review,#sec0015
2.2. Research impact,2. Literature review,#sec0020
2.3. Collaboration geographical diversity,2. Literature review,#sec0025
3. Data and methods,3. Data and methods,#sec0030
3.1. Sample data and methodology,3. Data and methods,#sec0035
3.2. Measures,3. Data and methods,#sec0040
3.2.1. Research impact indicator,3. Data and methods,#sec0045
3.2.2. Geographical (physical proximity) collaboration indicators,3. Data and methods,#sec0050
3.3. Research model,3. Data and methods,#sec0055
4. Results,4. Results,#sec0060
4.1. Journals’ publications productivity and impact statistics,4. Results,#sec0065
4.2. Publications type's impact statistics,4. Results,#sec0070
4.3. Publications impact statistics over time,4. Results,#sec0075
4.4. Publications’ collaborations statistics,4. Results,#sec0080
4.5. Correlation,4. Results,#sec0085
5. Conclusion and discussion,5. Conclusion and discussion,#sec0090
References,References ,#bibl0005
