section_name,changed_name,href_id
Abstract,Abstract ,#aep-abstract-id4
Highlights,Highlights ,#aep-abstract-sec-id3
Highlights,Highlights ,#aep-abstract-sec-id3
Keywords,Keywords ,#aep-keywords-id6
1. Introduction,1. Introduction,#sec0005
2. Characterizations of functions satisfying I2(n) = 0 and of the threshold function,2. Characterizations of functions satisfying I2(n) = 0 and of the threshold function,#sec0010
3. Characterization of functions satisfying I2(n) = 2 and of the h-index,3. Characterization of functions satisfying I2(n) = 2 and of the h-index,#sec0015
4. Conclusions and suggestions for further research,4. Conclusions and suggestions for further research,#sec0020
References,References ,#bibl0005
