[{"section_name":"Highlights","changed_name":"Highlights ","href_id":"#abs0005"},{"section_name":"Abstract","changed_name":"Abstract ","href_id":"#abs0010"},{"section_name":"Keywords","changed_name":"Keywords ","href_id":"#kwd0005"},{"section_name":"1. Introduction","changed_name":"1. Introduction","href_id":"#sec0005"},{"section_name":"1.1. Distribution of number of publications per author","changed_name":"1. Introduction","href_id":"#sec0010"},{"section_name":"1.2. Distribution of the number of citations per publication","changed_name":"1. Introduction","href_id":"#sec0015"},{"section_name":"2. Distribution of the ratios","changed_name":"2. Distribution of the ratios","href_id":"#sec0020"},{"section_name":"3. Simulation study","changed_name":"3. Simulation study","href_id":"#sec0025"},{"section_name":"4. An application to country citation ranks","changed_name":"4. An application to country citation ranks","href_id":"#sec0030"},{"section_name":"5. Conclusions","changed_name":"5. Conclusions","href_id":"#sec0035"},{"section_name":"References","changed_name":"References ","href_id":"#bibl0005"}]