[{"section_name":"Highlights","changed_name":"Highlights ","href_id":"#abs0005"},{"section_name":"Abstract","changed_name":"Abstract ","href_id":"#abs0010"},{"section_name":"Keywords","changed_name":"Keywords ","href_id":"#kwd0005"},{"section_name":"1. Introduction","changed_name":"1. Introduction","href_id":"#sec0005"},{"section_name":"2. Literature review","changed_name":"2. Literature review","href_id":"#sec0010"},{"section_name":"2.1. Interdisciplinarity evolution and variation","changed_name":"2. Literature review","href_id":"#sec0015"},{"section_name":"2.2. Impact of IDR","changed_name":"2. Literature review","href_id":"#sec0020"},{"section_name":"3. Data and methods","changed_name":"3. Data and methods","href_id":"#sec0025"},{"section_name":"3.1. Data Set","changed_name":"3. Data and methods","href_id":"#sec0030"},{"section_name":"3.2. Discipline classification and definitions","changed_name":"3. Data and methods","href_id":"#sec0035"},{"section_name":"3.3. Percentiles and percentile rank classes","changed_name":"3. Data and methods","href_id":"#sec0040"},{"section_name":"3.4. Interdisciplinary distribution indicator","changed_name":"3. Data and methods","href_id":"#sec0045"},{"section_name":"3.5. Interdisciplinarity change score","changed_name":"3. Data and methods","href_id":"#sec0050"},{"section_name":"4. Results","changed_name":"4. Results","href_id":"#sec0055"},{"section_name":"4.1. Interdisciplinarity and scientific impact at the level of disciplines","changed_name":"4. Results","href_id":"#sec0060"},{"section_name":"4.2. Interdisciplinarity and scientific impact at the level of specialties","changed_name":"4. Results","href_id":"#sec0065"},{"section_name":"4.3. Interdisciplinarity classes and scientific impact: A closer look at physics","changed_name":"4. Results","href_id":"#sec0070"},{"section_name":"5. Discussion and conclusion","changed_name":"5. Discussion and conclusion","href_id":"#sec0075"},{"section_name":"Author contributions","changed_name":"Author contributions","href_id":"#sec0090"},{"section_name":"Acknowledgments","changed_name":"Acknowledgments ","href_id":"#ack0005"},{"section_name":"Appendix A. ","changed_name":"Appendix A.","href_id":"#sec0085"},{"section_name":"References","changed_name":"References ","href_id":"#bibl0005"}]