[{"section_name":"Abstract","changed_name":"Abstract ","href_id":"#aep-abstract-id11"},{"section_name":"Highlights","changed_name":"Highlights ","href_id":"#aep-abstract-sec-id10"},{"section_name":"Highlights","changed_name":"Highlights ","href_id":"#aep-abstract-sec-id10"},{"section_name":"Keywords","changed_name":"Keywords ","href_id":"#aep-keywords-id13"},{"section_name":"1. Introduction","changed_name":"1. Introduction","href_id":"#sec0005"},{"section_name":"2. Research hypotheses and questions","changed_name":"2. Research hypotheses and questions","href_id":"#sec0010"},{"section_name":"2.1. Hypotheses","changed_name":"2. Research hypotheses and questions","href_id":"#sec0015"},{"section_name":"2.2. Research questions","changed_name":"2. Research hypotheses and questions","href_id":"#sec0020"},{"section_name":"3. Review of literature","changed_name":"3. Review of literature","href_id":"#sec0025"},{"section_name":"3.1. Use and persistence of URL citations","changed_name":"3. Review of literature","href_id":"#sec0030"},{"section_name":"3.2. Half-life of URLs","changed_name":"3. Review of literature","href_id":"#sec0035"},{"section_name":"3.3. Recovery of missing URLs","changed_name":"3. Review of literature","href_id":"#sec0040"},{"section_name":"4. Methods","changed_name":"4. Methods","href_id":"#sec0045"},{"section_name":"4.1. Selection of journals and articles","changed_name":"4. Methods","href_id":"#sec0050"},{"section_name":"4.2. Selection of articles and references","changed_name":"4. Methods","href_id":"#sec0055"},{"section_name":"4.3. Testing of URLs","changed_name":"4. Methods","href_id":"#sec0060"},{"section_name":"4.4. Recovery of missing URLs through Wayback machine","changed_name":"4. Methods","href_id":"#sec0065"},{"section_name":"4.4.1. Wayback machine","changed_name":"4. Methods","href_id":"#sec0070"},{"section_name":"4.4.2. Recovery of missing URLs","changed_name":"4. Methods","href_id":"#sec0075"},{"section_name":"5. Results","changed_name":"5. Results","href_id":"#sec0080"},{"section_name":"5.1. Distribution of articles, citations and URLs","changed_name":"5. Results","href_id":"#sec0085"},{"section_name":"5.2. Summary of active and missing URLs","changed_name":"5. Results","href_id":"#sec0090"},{"section_name":"5.3. HTTP errors associated with missing and recovered URLs","changed_name":"5. Results","href_id":"#sec0095"},{"section_name":"5.4. Percentage of missing and recovered URLs by year","changed_name":"5. Results","href_id":"#sec0100"},{"section_name":"5.5. Domain associated with missing and recovered URLs","changed_name":"5. Results","href_id":"#sec0105"},{"section_name":"5.6. File types associated with missing and recovered URLs","changed_name":"5. Results","href_id":"#sec0110"},{"section_name":"5.7. Summary of missing and recovered URLs by path depth","changed_name":"5. Results","href_id":"#sec0115"},{"section_name":"5.8. Summary of missing and recovered URLs by character length","changed_name":"5. Results","href_id":"#sec0120"},{"section_name":"5.9. Half life period of URLs","changed_name":"5. Results","href_id":"#sec0125"},{"section_name":"5.10. Testing of hypotheses","changed_name":"5. Results","href_id":"#sec0130"},{"section_name":"6. Discussion and conclusion","changed_name":"6. Discussion and conclusion","href_id":"#sec0135"},{"section_name":"References","changed_name":"References ","href_id":"#bibl0005"}]