section_name,changed_name,href_id
Highlights,Highlights ,#abs0005
Abstract,Abstract ,#abs0010
Keywords,Keywords ,#kwd0005
1. Introduction,1. Introduction,#sec0005
2. Referenced Publication Years Spectroscopy (RPYS),2. Referenced Publication Years Spectroscopy (RPYS),#sec0010
3. Methods,3. Methods,#sec0015
3.1. Data,3. Methods,#sec0020
3.2. The program RPYS.exe,3. Methods,#sec0025
4. Results,4. Results,#sec0030
4.1. iMetrics: the aggregated set,4. Results,#sec0035
4.2. iMetrics decomposed,4. Results,#sec0040
4.2.1. Scientometrics,4. Results,#sec0045
4.2.2. Journal of Informetrics,4. Results,#sec0050
4.2.3. JASIST-I,4. Results,#sec0055
4.3. JASIST and JASIST-O as relevant contexts,4. Results,#sec0060
4.3.1. JASIST,4. Results,#sec0065
4.3.2. JASIST-O,4. Results,#sec0070
4.4. iMetrics: summary and conclusions,4. Results,#sec0075
5. Discussion and conclusion,5. Discussion and conclusion,#sec0080
References,References ,#bibl0005
