[{"section_name":"Highlights","changed_name":"Highlights ","href_id":"#abs0010"},{"section_name":"Abstract","changed_name":"Abstract ","href_id":"#abs0015"},{"section_name":"Graphical abstract","changed_name":"Graphical abstract","href_id":"#abs0005"},{"section_name":"Keywords","changed_name":"Keywords ","href_id":"#kwd0005"},{"section_name":"1. Introduction","changed_name":"1. Introduction","href_id":"#sec0005"},{"section_name":"2. The timed index ht(y)","changed_name":"2. The timed index ht(y)","href_id":"#sec0010"},{"section_name":"3. The publication and citation time window","changed_name":"3. The publication and citation time window","href_id":"#sec0015"},{"section_name":"Summary","changed_name":"Summary ","href_id":"#sec0020"},{"section_name":"References","changed_name":"References ","href_id":"#bibl0005"}]