section_name,changed_name,href_id
Highlights,Highlights ,#abs0005
Abstract,Abstract ,#abs0010
Keywords,Keywords ,#kwd0005
1. Introduction,1. Introduction,#sec0005
1.1. Distribution of number of publications per author,1. Introduction,#sec0010
1.2. Distribution of the number of citations per publication,1. Introduction,#sec0015
2. Distribution of the ratios,2. Distribution of the ratios,#sec0020
3. Simulation study,3. Simulation study,#sec0025
4. An application to country citation ranks,4. An application to country citation ranks,#sec0030
5. Conclusions,5. Conclusions,#sec0035
References,References ,#bibl0005
