section_name,changed_name,href_id
Highlights,Highlights ,#abs0005
Abstract,Abstract ,#abs0010
Keywords,Keywords ,#kwd0005
1. Introduction,1. Introduction,#sec0005
2. Related works,2. Related works,#sec0010
3. Objectives,3. Objectives,#sec0015
4. Material,4. Material,#sec0020
5. Methods,5. Methods,#sec0025
5.1. SJR journal classification: the starting point,5. Methods,#sec0030
5.2. Journal citation-based relatedness measures: calculation and formatting,5. Methods,#sec0035
5.3. Citation-based measures combination,5. Methods,#sec0040
5.4. Network normalization,5. Methods,#sec0045
5.5. Clustering procedures,5. Methods,#sec0050
5.6. Labelling,5. Methods,#sec0055
5.6.1. Labelling through SJR category tags,5. Methods,#sec0060
5.6.2. Labelling through significant words of journal titles,5. Methods,#sec0065
5.7. Validating classification proposals,5. Methods,#sec0070
6. Results,6. Results,#sec0075
6.1. Analysis of results derived from algorithm solutions,6. Results,#sec0080
6.2. Overall analysis and comparison among four different classification systems,6. Results,#sec0085
7. Discussion and conclusions,7. Discussion and conclusions,#sec0090
Acknowledgments,Acknowledgments ,#ack0005
References,References ,#bibl0005
