section_name,changed_name,href_id
Abstract,Abstract ,#aep-abstract-id9
Highlights,Highlights ,#aep-abstract-sec-id8
Highlights,Highlights ,#aep-abstract-sec-id8
Keywords,Keywords ,#aep-keywords-id11
1. Introduction,1. Introduction,#sec0005
2. Methodologies,2. Methodologies,#sec0010
2.1. Most visible publications,2. Methodologies,#sec0015
2.2. Contribution to the MVPs,2. Methodologies,#sec0020
2.3. Multiple affiliations and zero ratios,2. Methodologies,#sec0025
3. Research data,3. Research data,#sec0030
4. Single-field production evaluation,4. Single-field production evaluation,#sec0035
5. Cross-field production evaluation,5. Cross-field production evaluation,#sec0040
6. Discussion and conclusion,6. Discussion and conclusion,#sec0045
References,References ,#bibl0005
