[{"section_name":"Highlights","changed_name":"Highlights ","href_id":"#abs0005"},{"section_name":"Abstract","changed_name":"Abstract ","href_id":"#abs0010"},{"section_name":"Keywords","changed_name":"Keywords ","href_id":"#kwd0005"},{"section_name":"1. Introduction","changed_name":"1. Introduction","href_id":"#sec0005"},{"section_name":"2. Methodology","changed_name":"2. Methodology","href_id":"#sec0010"},{"section_name":"2.1. Dataset","changed_name":"2. Methodology","href_id":"#sec0015"},{"section_name":"2.2. Measuring research productivity","changed_name":"2. Methodology","href_id":"#sec0020"},{"section_name":"3. Ranking of territories by research productivity for each field","changed_name":"3. Ranking of territories by research productivity for each field","href_id":"#sec0025"},{"section_name":"3.1. Analysis at the regional level","changed_name":"3. Ranking of territories by research productivity for each field","href_id":"#sec0030"},{"section_name":"3.2. Analysis at the provincial level","changed_name":"3. Ranking of territories by research productivity for each field","href_id":"#sec0035"},{"section_name":"4. Ranking the scientific fields of a given territory by research productivity","changed_name":"4. Ranking the scientific fields of a given territory by research productivity","href_id":"#sec0040"},{"section_name":"4.1. Analysis at the regional level","changed_name":"4. Ranking the scientific fields of a given territory by research productivity","href_id":"#sec0045"},{"section_name":"4.2. Analysis at the provincial level","changed_name":"4. Ranking the scientific fields of a given territory by research productivity","href_id":"#sec0050"},{"section_name":"5. Conclusions","changed_name":"5. Conclusions","href_id":"#sec0055"},{"section_name":"References","changed_name":"References ","href_id":"#bibl0005"}]