[{"section_name":"Highlights","changed_name":"Highlights ","href_id":"#abst0005"},{"section_name":"Highlights","changed_name":"Highlights ","href_id":"#abst0005"},{"section_name":"Abstract","changed_name":"Abstract ","href_id":"#abs0010"},{"section_name":"Keywords","changed_name":"Keywords ","href_id":"#kwd0005"},{"section_name":"1. Introduction","changed_name":"1. Introduction","href_id":"#sec0005"},{"section_name":"2. Relation with earlier work","changed_name":"2. Relation with earlier work","href_id":"#sec0010"},{"section_name":"3. Data","changed_name":"3. Data","href_id":"#sec0015"},{"section_name":"4. Regression model for quantile prediction","changed_name":"4. Regression model for quantile prediction","href_id":"#sec0020"},{"section_name":"4.1. Models for quantiles","changed_name":"4. Regression model for quantile prediction","href_id":"#sec0025"},{"section_name":"4.2. Quantile regression","changed_name":"4. Regression model for quantile prediction","href_id":"#sec0030"},{"section_name":"5. Quantile regression results","changed_name":"5. Quantile regression results","href_id":"#sec0035"},{"section_name":"5.1. Model coefficients","changed_name":"5. Quantile regression results","href_id":"#sec0040"},{"section_name":"5.2. Influence of k0","changed_name":"5. Quantile regression results","href_id":"#sec0045"},{"section_name":"5.3. Fit of the models","changed_name":"5. Quantile regression results","href_id":"#sec0050"},{"section_name":"5.4. Comparing the fit of the different models","changed_name":"5. Quantile regression results","href_id":"#sec0055"},{"section_name":"5.5. Predicting the conditional citation distribution","changed_name":"5. Quantile regression results","href_id":"#sec0060"},{"section_name":"5.6. Predictions for later publications","changed_name":"5. Quantile regression results","href_id":"#sec0065"},{"section_name":"6. Tail quantiles","changed_name":"6. Tail quantiles","href_id":"#sec0070"},{"section_name":"6.1. Tail of the citation distribution","changed_name":"6. Tail quantiles","href_id":"#sec0075"},{"section_name":"6.2. Pareto quantile estimator","changed_name":"6. Tail quantiles","href_id":"#sec0080"},{"section_name":"6.3. Linking the Pareto and regression estimators","changed_name":"6. Tail quantiles","href_id":"#sec0085"},{"section_name":"7. Sensitivity of parameters to the field of science","changed_name":"7. Sensitivity of parameters to the field of science","href_id":"#sec0090"},{"section_name":"8. Conclusions","changed_name":"8. Conclusions","href_id":"#sec0095"},{"section_name":"References","changed_name":"References ","href_id":"#bibl0005"}]