[{"section_name":"Highlights","changed_name":"Highlights ","href_id":"#abs0005"},{"section_name":"Abstract","changed_name":"Abstract ","href_id":"#abs0010"},{"section_name":"Keywords","changed_name":"Keywords ","href_id":"#kwd0005"},{"section_name":"1. Introduction","changed_name":"1. Introduction","href_id":"#sec0005"},{"section_name":"2. Gender aspects in research collaboration: literature review","changed_name":"2. Gender aspects in research collaboration: literature review","href_id":"#sec0010"},{"section_name":"3. Methodology, dataset and indicators","changed_name":"3. Methodology, dataset and indicators","href_id":"#sec0015"},{"section_name":"3.1. Methodological approach","changed_name":"3. Methodology, dataset and indicators","href_id":"#sec0020"},{"section_name":"3.2. Data sources and field of observation","changed_name":"3. Methodology, dataset and indicators","href_id":"#sec0025"},{"section_name":"3.3. Indicators and methods","changed_name":"3. Methodology, dataset and indicators","href_id":"#sec0030"},{"section_name":"4. Results and discussion","changed_name":"4. Results and discussion","href_id":"#sec0035"},{"section_name":"4.1. Gender differences in the propensity to collaborate in different forms, in the various disciplines","changed_name":"4. Results and discussion","href_id":"#sec0040"},{"section_name":"4.2. Gender differences in the correlation between propensities to collaborate in different forms","changed_name":"4. Results and discussion","href_id":"#sec0045"},{"section_name":"5. Conclusions","changed_name":"5. Conclusions","href_id":"#sec0050"},{"section_name":"References","changed_name":"References ","href_id":"#bibl0005"}]