[{"section_name":"Highlights","changed_name":"Highlights ","href_id":"#abs0005"},{"section_name":"Abstract","changed_name":"Abstract ","href_id":"#abs0010"},{"section_name":"Keywords","changed_name":"Keywords ","href_id":"#kwd0005"},{"section_name":"1. Introduction","changed_name":"1. Introduction","href_id":"#sec0005"},{"section_name":"2. Related work","changed_name":"2. Related work","href_id":"#sec0010"},{"section_name":"2.1. Vocabulary-based methods","changed_name":"2. Related work","href_id":"#sec0015"},{"section_name":"2.2. Semi- or unsupervised methods","changed_name":"2. Related work","href_id":"#sec0020"},{"section_name":"2.3. Supervised methods","changed_name":"2. Related work","href_id":"#sec0025"},{"section_name":"3. Data","changed_name":"3. Data","href_id":"#sec0030"},{"section_name":"4. Methods","changed_name":"4. Methods","href_id":"#sec0035"},{"section_name":"4.1. Procedures","changed_name":"4. Methods","href_id":"#sec0040"},{"section_name":"4.2. Conditional random fields","changed_name":"4. Methods","href_id":"#sec0045"},{"section_name":"5. Results","changed_name":"5. Results","href_id":"#sec0050"},{"section_name":"5.1. Performance of the five methods","changed_name":"5. Results","href_id":"#sec0055"},{"section_name":"5.2. Relationships of the five methods","changed_name":"5. Results","href_id":"#sec0060"},{"section_name":"5.3. Visualizing the results through AUC and AUP","changed_name":"5. Results","href_id":"#sec0065"},{"section_name":"6. Discussion and conclusion","changed_name":"6. Discussion and conclusion","href_id":"#sec0070"},{"section_name":"Appendix A. Supplementary data","changed_name":"Appendix A. Supplementary data","href_id":"#sec0085"},{"section_name":"References","changed_name":"References ","href_id":"#bibl0005"}]