section_name,changed_name,href_id
Highlights,Highlights ,#abs0005
Abstract,Abstract ,#abs0010
Keywords,Keywords ,#kwd0005
1. Introduction,1. Introduction,#sec0005
2. Methodology,2. Methodology,#sec0010
2.1. Input–output Indicators,2. Methodology,#sec0015
2.2. Data,2. Methodology,#sec0020
2.3. Analysis methods,2. Methodology,#sec0025
3. Analysis of directional RTS and directional congestion effect,3. Analysis of directional RTS and directional congestion effect,#sec0030
3.1. Directional RTS,3. Analysis of directional RTS and directional congestion effect,#sec0035
3.2. Directional congestion effect,3. Analysis of directional RTS and directional congestion effect,#sec0040
3.3. Policy implications,3. Analysis of directional RTS and directional congestion effect,#sec0045
4. Conclusions and discussion,4. Conclusions and discussion,#sec0050
Acknowledgements,Acknowledgements ,#ack0005
Appendix A. Explanatory notes on input indicators,Appendix A. Explanatory notes on input indicators,#sec0055
Appendix B. ,Appendix B.,#sec0060
References,References ,#bibl0005
