section_name,changed_name,href_id
Highlights,Highlights ,#abs0005
Abstract,Abstract ,#abs0010
Keywords,Keywords ,#kwd0005
1. Introduction,1. Introduction,#sec0005
2. Literature review and research questions,2. Literature review and research questions,#sec0010
3. Research methods,3. Research methods,#sec0015
3.1. Assortative mixing variables,3. Research methods,#sec0020
3.2. Preferential attachment variables,3. Research methods,#sec0025
3.3. Triadic closure variables,3. Research methods,#sec0030
3.4. Analytical design,3. Research methods,#sec0035
4. Analytical findings,4. Analytical findings,#sec0040
4.1. Topological evolution of journal citation networks in Internet research,4. Analytical findings,#sec0045
4.2. ERGM analytical results,4. Analytical findings,#sec0050
5. Discussion and conclusions,5. Discussion and conclusions,#sec0055
Appendix A. Supplementary data,Appendix A. Supplementary data,#sec0065
References,References ,#bibl0005
