section_name,changed_name,href_id
Highlights,Highlights ,#abs0005
Abstract,Abstract ,#abs0010
Keywords,Keywords ,#kwd0005
1. Introduction,1. Introduction,#sec0005
2. The presence of women in the Italian academic staff,2. The presence of women in the Italian academic staff,#sec0010
3. Methods and data,3. Methods and data,#sec0015
4. Analysis and discussion,4. Analysis and discussion,#sec0020
4.1. Gender differences in research productivity,4. Analysis and discussion,#sec0025
4.2. Correlation between gender and performance,4. Analysis and discussion,#sec0030
4.3. Accounting for gender in research performance ranking lists,4. Analysis and discussion,#sec0035
4.3.1. Visualization of rank differences,4. Analysis and discussion,#sec0040
4.3.2. Quantification of rank differences,4. Analysis and discussion,#sec0045
5. Conclusions,5. Conclusions,#sec0050
References,References ,#bibl0005
