[{"section_name":"Highlights","changed_name":"Highlights ","href_id":"#abs0005"},{"section_name":"Abstract","changed_name":"Abstract ","href_id":"#abs0010"},{"section_name":"Keywords","changed_name":"Keywords ","href_id":"#kwd0005"},{"section_name":"1. Introduction","changed_name":"1. Introduction","href_id":"#sec0005"},{"section_name":"2. Teams in science: definition and characteristics","changed_name":"2. Teams in science: definition and characteristics","href_id":"#sec0010"},{"section_name":"3. Interdependence between teams","changed_name":"3. Interdependence between teams","href_id":"#sec0015"},{"section_name":"4. Data and methods","changed_name":"4. Data and methods","href_id":"#sec0020"},{"section_name":"4.1. Data","changed_name":"4. Data and methods","href_id":"#sec0025"},{"section_name":"4.2. Measures","changed_name":"4. Data and methods","href_id":"#sec0030"},{"section_name":"4.2.1. Dependent variables","changed_name":"4. Data and methods","href_id":"#sec0035"},{"section_name":"4.2.2. Independent variables","changed_name":"4. Data and methods","href_id":"#sec0040"},{"section_name":"4.2.3. Control variables","changed_name":"4. Data and methods","href_id":"#sec0045"},{"section_name":"5. Results","changed_name":"5. Results","href_id":"#sec0050"},{"section_name":"5.1. Fluidness of coauthor teams","changed_name":"5. Results","href_id":"#sec0055"},{"section_name":"5.2. Interdependence between coauthor teams","changed_name":"5. Results","href_id":"#sec0060"},{"section_name":"5.3. Alternative explanations","changed_name":"5. Results","href_id":"#sec0065"},{"section_name":"5.4. Robustness and limitations","changed_name":"5. Results","href_id":"#sec0070"},{"section_name":"6. Discussion","changed_name":"6. Discussion","href_id":"#sec0075"},{"section_name":"Acknowledgements","changed_name":"Acknowledgements ","href_id":"#ack0005"},{"section_name":"References","changed_name":"References ","href_id":"#bibl0005"}]