section_name,changed_name,href_id
Highlights,Highlights ,#abst0005
Highlights,Highlights ,#abst0005
Abstract,Abstract ,#abs0010
Keywords,Keywords ,#kwd0005
1. Introduction,1. Introduction,#sec0005
2. Related work,2. Related work,#sec0010
3. Dataset,3. Dataset,#sec0015
4. Diversity measures,4. Diversity measures,#sec0020
5. Experimental results,5. Experimental results,#sec0025
5.1. Statistical analysis of authors’ careers,5. Experimental results,#sec0030
5.2. Diversity of author's scientific career,5. Experimental results,#sec0035
5.3. Correlation between plain and window entropies,5. Experimental results,#sec0040
6. Stochastic model,6. Stochastic model,#sec0045
6.1. Evaluation of the dynamical model,6. Stochastic model,#sec0050
7. Conclusions,7. Conclusions,#sec0055
Acknowledgment,Acknowledgment ,#ack0005
References,References ,#bibl0005
