[{"section_name":"Highlights","changed_name":"Highlights ","href_id":"#abs0010"},{"section_name":"Abstract","changed_name":"Abstract ","href_id":"#abs0015"},{"section_name":"Graphical abstract","changed_name":"Graphical abstract","href_id":"#abs0005"},{"section_name":"Keywords","changed_name":"Keywords ","href_id":"#kwd0005"},{"section_name":"1. Introduction","changed_name":"1. Introduction","href_id":"#sec0005"},{"section_name":"2. Data collection and processing","changed_name":"2. Data collection and processing","href_id":"#sec0010"},{"section_name":"3. Citation distributions across sections","changed_name":"3. Citation distributions across sections","href_id":"#sec0015"},{"section_name":"3.1. The structure of a scientific article","changed_name":"3. Citation distributions across sections","href_id":"#sec0020"},{"section_name":"3.2. The distribution of citations across sections","changed_name":"3. Citation distributions across sections","href_id":"#sec0025"},{"section_name":"4. The distribution of citation locations","changed_name":"4. The distribution of citation locations","href_id":"#sec0030"},{"section_name":"4.1. Example 1: The distribution of citations in four-section articles","changed_name":"4. The distribution of citation locations","href_id":"#sec0035"},{"section_name":"4.2. Example 2: The distribution of citations to Hirsch (2005)","changed_name":"4. The distribution of citation locations","href_id":"#sec0040"},{"section_name":"5. Discussions and conclusions","changed_name":"5. Discussions and conclusions","href_id":"#sec0045"},{"section_name":"Acknowledgement","changed_name":"Acknowledgement ","href_id":"#ack0005"},{"section_name":"References","changed_name":"References ","href_id":"#bibl0005"}]