section_name,changed_name,href_id
Highlights,Highlights ,#abst0005
Highlights,Highlights ,#abst0005
Abstract,Abstract ,#abs0010
Keywords,Keywords ,#kwd0005
1. Introduction,1. Introduction,#sec0005
2. Methods and materials,2. Methods and materials,#sec0010
2.1. Data,2. Methods and materials,#sec0015
2.2. Mathematical model,2. Methods and materials,#sec0020
2.3. Parameter estimation,2. Methods and materials,#sec0025
2.4. Implementation,2. Methods and materials,#sec0030
3. Calculation and results,3. Calculation and results,#sec0035
4. Discussion and conclusion,4. Discussion and conclusion,#sec0040
Acknowledgements,Acknowledgements ,#ack0005
References,References ,#bibl0005
