section_name,changed_name,href_id
Highlights,Highlights ,#abs0005
Abstract,Abstract ,#abs0010
Keywords,Keywords ,#kwd0005
1. Introduction,1. Introduction,#sec0005
2. The normalization of the impact factor using the citation potential in the journal topic,2. The normalization of the impact factor using the citation potential in the journal topic,#sec0010
2.1. The journal impact factor,2. The normalization of the impact factor using the citation potential in the journal topic,#sec0015
2.2. The citation potential of a database,2. The normalization of the impact factor using the citation potential in the journal topic,#sec0020
2.3. The citation potential in the journal topic,2. The normalization of the impact factor using the citation potential in the journal topic,#sec0025
2.4. The topic normalized impact factor,2. The normalization of the impact factor using the citation potential in the journal topic,#sec0030
3. Methods and materials,3. Methods and materials,#sec0035
4. Results and discussion,4. Results and discussion,#sec0040
5. Conclusions,5. Conclusions,#sec0045
References,References ,#bibl0005
