[{"section_name":"Highlights","changed_name":"Highlights ","href_id":"#abs0010"},{"section_name":"Abstract","changed_name":"Abstract ","href_id":"#abs0015"},{"section_name":"Graphical abstract","changed_name":"Graphical abstract","href_id":"#abs0005"},{"section_name":"Keywords","changed_name":"Keywords ","href_id":"#kwd0005"},{"section_name":"1. Introduction and related work","changed_name":"1. Introduction and related work","href_id":"#sec0005"},{"section_name":"2. Methods","changed_name":"2. Methods","href_id":"#sec0010"},{"section_name":"3. Data","changed_name":"3. Data","href_id":"#sec0015"},{"section_name":"4. Results and discussion","changed_name":"4. Results and discussion","href_id":"#sec0020"},{"section_name":"5. Conclusions and future work","changed_name":"5. Conclusions and future work","href_id":"#sec0025"},{"section_name":"Acknowledgements","changed_name":"Acknowledgements ","href_id":"#ack0005"},{"section_name":"Appendix A. ","changed_name":"Appendix A.","href_id":"#sec0030"},{"section_name":"References","changed_name":"References ","href_id":"#bibl0005"}]