[{"section_name":"Highlights","changed_name":"Highlights ","href_id":"#abs0005"},{"section_name":"Abstract","changed_name":"Abstract ","href_id":"#abs0010"},{"section_name":"Keywords","changed_name":"Keywords ","href_id":"#kwd0005"},{"section_name":"1. Introduction","changed_name":"1. Introduction","href_id":"#sec0005"},{"section_name":"2. Theory & hypotheses","changed_name":"2. Theory & hypotheses","href_id":"#sec0010"},{"section_name":"2.1. Interdisciplinarity as an indicator and catalyst for innovation","changed_name":"2. Theory & hypotheses","href_id":"#sec0015"},{"section_name":"2.2. Emergence sources","changed_name":"2. Theory & hypotheses","href_id":"#sec0020"},{"section_name":"2.2.1. Number of authors and countries involved","changed_name":"2. Theory & hypotheses","href_id":"#sec0025"},{"section_name":"2.2.2. Age of references","changed_name":"2. Theory & hypotheses","href_id":"#sec0030"},{"section_name":"2.3. Emergence environment","changed_name":"2. Theory & hypotheses","href_id":"#sec0035"},{"section_name":"2.3.1. Size, age and JIF of journals","changed_name":"2. Theory & hypotheses","href_id":"#sec0040"},{"section_name":"3. Data & methodology","changed_name":"3. Data & methodology","href_id":"#sec0045"},{"section_name":"3.1. The data","changed_name":"3. Data & methodology","href_id":"#sec0050"},{"section_name":"3.2. Variables & summary statistics","changed_name":"3. Data & methodology","href_id":"#sec0055"},{"section_name":"3.3. Estimation method","changed_name":"3. Data & methodology","href_id":"#sec0060"},{"section_name":"4. Empirical results","changed_name":"4. Empirical results","href_id":"#sec0065"},{"section_name":"4.1. Descriptive statistics\u2014Box plots","changed_name":"4. Empirical results","href_id":"#sec0070"},{"section_name":"4.2. Multivariate results","changed_name":"4. Empirical results","href_id":"#sec0075"},{"section_name":"5. Conclusions","changed_name":"5. Conclusions","href_id":"#sec0080"},{"section_name":"Author contributions","changed_name":"Author contributions","href_id":"#sec0090"},{"section_name":"Acknowledgements","changed_name":"Acknowledgements ","href_id":"#ack0005"},{"section_name":"References","changed_name":"References ","href_id":"#bibl0005"}]