section_name,changed_name,href_id
Highlights,Highlights ,#abs0005
Abstract,Abstract ,#abs0010
Keywords,Keywords ,#kwd0005
1. Introduction,1. Introduction,#sec0005
1.1. Previous research,1. Introduction,#sec0010
1.1.1. Development of open access,1. Introduction,#sec0015
1.1.2. Open access and citation averages,1. Introduction,#sec0020
1.2. Study aims,1. Introduction,#sec0025
2. Dataset and methodology,2. Dataset and methodology,#sec0030
3. Results,3. Results,#sec0035
4. Discussion,4. Discussion,#sec0040
5. Conclusions,5. Conclusions,#sec0045
Appendix I. Assumptions for determining “born” versus “converted” and date of conversion,Appendix I. Assumptions for determining “born” versus “converted” and date of conversion,#sec0055
References,References ,#bibl0005
