section_name,changed_name,href_id
Highlights,Highlights ,#abs0005
Abstract,Abstract ,#abs0010
Keywords,Keywords ,#kwd0005
1. Introduction,1. Introduction,#sec0005
2. DEA for measuring research performance,2. DEA for measuring research performance,#sec0010
3. Model,3. Model,#sec0015
4. Example: industrial engineering journals,4. Example: industrial engineering journals,#sec0020
5. Conclusions,5. Conclusions,#sec0025
Acknowledgments,Acknowledgments ,#ack0005
Appendix A. List of industrial engineering journals,Appendix A. List of industrial engineering journals,#sec0030
Appendix B. Data for DEA,Appendix B. Data for DEA,#sec0035
References,References ,#bibl0005
