[{"section_name":"Highlights","changed_name":"Highlights ","href_id":"#abs0005"},{"section_name":"Abstract","changed_name":"Abstract ","href_id":"#abs0010"},{"section_name":"Keywords","changed_name":"Keywords ","href_id":"#kwd0005"},{"section_name":"1. Introduction","changed_name":"1. Introduction","href_id":"#sec0005"},{"section_name":"2. Conceptual framework","changed_name":"2. Conceptual framework","href_id":"#sec0010"},{"section_name":"2.1. Concept clusters","changed_name":"2. Conceptual framework","href_id":"#sec0015"},{"section_name":"3. Previous work","changed_name":"3. Previous work","href_id":"#sec0020"},{"section_name":"4. Method","changed_name":"4. Method","href_id":"#sec0025"},{"section_name":"4.1. Data collection","changed_name":"4. Method","href_id":"#sec0030"},{"section_name":"4.2. Publication similarity and concept clusters","changed_name":"4. Method","href_id":"#sec0035"},{"section_name":"4.3. Patent clustering","changed_name":"4. Method","href_id":"#sec0040"},{"section_name":"4.4. Visualising patents and publications","changed_name":"4. Method","href_id":"#sec0045"},{"section_name":"5. Proof of concept","changed_name":"5. Proof of concept","href_id":"#sec0050"},{"section_name":"5.1. Case selection","changed_name":"5. Proof of concept","href_id":"#sec0055"},{"section_name":"5.2. Data summary","changed_name":"5. Proof of concept","href_id":"#sec0060"},{"section_name":"5.2.1. Mapping the links of the scientific background of the patent corpus to the scientific output of the inventor","changed_name":"5. Proof of concept","href_id":"#sec0065"},{"section_name":"5.2.2. Mapping contributions of the inventor's research collaborations in the patent and publication data.","changed_name":"5. Proof of concept","href_id":"#sec0070"},{"section_name":"5.2.3. Mapping the inventor's level of adaptive knowledge use (absorptive capacity) necessary for the development of a technology","changed_name":"5. Proof of concept","href_id":"#sec0075"},{"section_name":"6. Summary and conclusion","changed_name":"6. Summary and conclusion","href_id":"#sec0080"},{"section_name":"Acknowledgements","changed_name":"Acknowledgements ","href_id":"#ack0005"},{"section_name":"References","changed_name":"References ","href_id":"#bibl0005"}]