[{"section_name":"Highlights","changed_name":"Highlights ","href_id":"#abs0005"},{"section_name":"Abstract","changed_name":"Abstract ","href_id":"#abs0010"},{"section_name":"Keywords","changed_name":"Keywords ","href_id":"#kwd0005"},{"section_name":"1. Introduction","changed_name":"1. Introduction","href_id":"#sec0005"},{"section_name":"2. Data","changed_name":"2. Data","href_id":"#sec0010"},{"section_name":"2.1. Dynamic usage data","changed_name":"2. Data","href_id":"#sec0015"},{"section_name":"2.2. Publish data","changed_name":"2. Data","href_id":"#sec0020"},{"section_name":"3. Results","changed_name":"3. Results","href_id":"#sec0025"},{"section_name":"3.1. Usage statistics","changed_name":"3. Results","href_id":"#sec0030"},{"section_name":"3.2. Publish\u2013download time interval","changed_name":"3. Results","href_id":"#sec0035"},{"section_name":"3.3. Usage statistics of a new issue","changed_name":"3. Results","href_id":"#sec0040"},{"section_name":"3.4. The lifetime of downloaded literature","changed_name":"3. Results","href_id":"#sec0045"},{"section_name":"3.5. Highly downloaded papers","changed_name":"3. Results","href_id":"#sec0050"},{"section_name":"4. Discussion","changed_name":"4. Discussion","href_id":"#sec0055"},{"section_name":"Acknowledgements","changed_name":"Acknowledgements ","href_id":"#ack0005"},{"section_name":"References","changed_name":"References ","href_id":"#bibl0005"}]