[{"section_name":"Highlights","changed_name":"Highlights ","href_id":"#abs0005"},{"section_name":"Abstract","changed_name":"Abstract ","href_id":"#abs0010"},{"section_name":"Keywords","changed_name":"Keywords ","href_id":"#kwd0005"},{"section_name":"1. Introduction","changed_name":"1. Introduction","href_id":"#sec0005"},{"section_name":"2. The first fictitious model example: simulating time evolution","changed_name":"2. The first fictitious model example: simulating time evolution","href_id":"#sec0010"},{"section_name":"3. The second fictitious model example: comparing different fields","changed_name":"3. The second fictitious model example: comparing different fields","href_id":"#sec0015"},{"section_name":"4. The first empirical example: a reference set from the Web of Science and the effect of one more and one less citation","changed_name":"4. The first empirical example: a reference set from the Web of Science and the effect of one more and one less citation","href_id":"#sec0020"},{"section_name":"5. The P100 values for three protagonists of the P100 indicator","changed_name":"5. The P100 values for three protagonists of the P100 indicator","href_id":"#sec0025"},{"section_name":"6. The second empirical example: the three scientists and the effect of small changes","changed_name":"6. The second empirical example: the three scientists and the effect of small changes","href_id":"#sec0030"},{"section_name":"7. The third empirical example: comparing different publication years for a physics journal","changed_name":"7. The third empirical example: comparing different publication years for a physics journal","href_id":"#sec0035"},{"section_name":"8. Conclusions","changed_name":"8. Conclusions","href_id":"#sec0040"},{"section_name":"Acknowledgements","changed_name":"Acknowledgements ","href_id":"#ack0005"},{"section_name":"References","changed_name":"References ","href_id":"#bibl0005"}]