[{"section_name":"Highlights","changed_name":"Highlights ","href_id":"#abs0005"},{"section_name":"Abstract","changed_name":"Abstract ","href_id":"#abs0010"},{"section_name":"Keywords","changed_name":"Keywords ","href_id":"#kwd0005"},{"section_name":"1. Introduction","changed_name":"1. Introduction","href_id":"#sec0005"},{"section_name":"2. Literature overview","changed_name":"2. Literature overview","href_id":"#sec0010"},{"section_name":"3. Methodology","changed_name":"3. Methodology","href_id":"#sec0015"},{"section_name":"4. Description and analysis of results","changed_name":"4. Description and analysis of results","href_id":"#sec0020"},{"section_name":"5. Conclusions and future research directions","changed_name":"5. Conclusions and future research directions","href_id":"#sec0025"},{"section_name":"Acknowledgements","changed_name":"Acknowledgements ","href_id":"#ack0005"},{"section_name":"References","changed_name":"References ","href_id":"#bibl0005"}]