section_name,changed_name,href_id
Highlights,Highlights ,#abs0005
Abstract,Abstract ,#abs0010
Keywords,Keywords ,#kwd0005
1. Introduction,1. Introduction,#sec0005
2. Background,2. Background,#sec0010
2.1. The case of systems biology,2. Background,#sec0015
2.2. Timeframe for analysis,2. Background,#sec0020
2.3. Subject categories as unit of analysis,2. Background,#sec0025
3. Data & methods,3. Data & methods,#sec0030
3.1. Descriptive statistics,3. Data & methods,#sec0035
3.2. Bipartite network analysis,3. Data & methods,#sec0040
3.3. Subject category co-occurrence analysis,3. Data & methods,#sec0045
4. Results interpretation,4. Results interpretation,#sec0050
4.1. Bipartite network analysis results interpretation,4. Results interpretation,#sec0055
4.2. Subject category co-occurrence analysis results interpretation,4. Results interpretation,#sec0060
5. Discussion & conclusion,5. Discussion & conclusion,#sec0065
Acknowledgements,Acknowledgements ,#ack0005
Appendix A. Supplementary data,Appendix A. Supplementary data,#sec0075
References,References ,#bibl0005
