[{"section_name":"Highlights","changed_name":"Highlights ","href_id":"#abs0005"},{"section_name":"Abstract","changed_name":"Abstract ","href_id":"#abs0010"},{"section_name":"Keywords","changed_name":"Keywords ","href_id":"#kwd0005"},{"section_name":"1. Introduction and review","changed_name":"1. Introduction and review","href_id":"#sec0005"},{"section_name":"2. International Collaboration Map and analysis","changed_name":"2. International Collaboration Map and analysis","href_id":"#sec0010"},{"section_name":"2.1. Data source","changed_name":"2. International Collaboration Map and analysis","href_id":"#sec0015"},{"section_name":"2.2. International Collaboration Map","changed_name":"2. International Collaboration Map and analysis","href_id":"#sec0020"},{"section_name":"3. International Collaboration Activity Index","changed_name":"3. International Collaboration Activity Index","href_id":"#sec0025"},{"section_name":"4. Data and analysis","changed_name":"4. Data and analysis","href_id":"#sec0030"},{"section_name":"4.1. Correlation analysis of each indicator","changed_name":"4. Data and analysis","href_id":"#sec0035"},{"section_name":"4.2. K-means clustering analysis of 84 countries or regions","changed_name":"4. Data and analysis","href_id":"#sec0040"},{"section_name":"5. Discussions and conclusions","changed_name":"5. Discussions and conclusions","href_id":"#sec0045"},{"section_name":"Acknowledgements","changed_name":"Acknowledgements ","href_id":"#ack0005"},{"section_name":"Appendix. Cluster membership and ICAI value","changed_name":"Appendix. Cluster membership and ICAI value","href_id":"#sec0055"},{"section_name":"References","changed_name":"References ","href_id":"#bibl0005"}]