[{"section_name":"Highlights","changed_name":"Highlights ","href_id":"#abs0005"},{"section_name":"Abstract","changed_name":"Abstract ","href_id":"#abs0010"},{"section_name":"Keywords","changed_name":"Keywords ","href_id":"#kwd0005"},{"section_name":"1. Introduction","changed_name":"1. Introduction","href_id":"#sec0005"},{"section_name":"1.1. Characteristics of science linkages","changed_name":"1. Introduction","href_id":"#sec0010"},{"section_name":"1.2. Comparisons between science-based science linkage and non-science-based linkage","changed_name":"1. Introduction","href_id":"#sec0015"},{"section_name":"1.3. Science linkage as an indicator of technological innovation","changed_name":"1. Introduction","href_id":"#sec0020"},{"section_name":"2. Methodology","changed_name":"2. Methodology","href_id":"#sec0025"},{"section_name":"2.1. Patent data and technological fields","changed_name":"2. Methodology","href_id":"#sec0030"},{"section_name":"2.2. Classification of non-patent references","changed_name":"2. Methodology","href_id":"#sec0035"},{"section_name":"2.3. Science linkage indicators","changed_name":"2. Methodology","href_id":"#sec0040"},{"section_name":"3. Results","changed_name":"3. Results","href_id":"#sec0045"},{"section_name":"3.1. Citation trends of various types of NPRs","changed_name":"3. Results","href_id":"#sec0050"},{"section_name":"3.2. Comparisons between science-based science linkage and non-science-based linkage","changed_name":"3. Results","href_id":"#sec0055"},{"section_name":"3.3. Science linkage changes of the top 20 assignees in computers and communications field","changed_name":"3. Results","href_id":"#sec0060"},{"section_name":"4. Conclusion and discussion","changed_name":"4. Conclusion and discussion","href_id":"#sec0065"},{"section_name":"4.1. Rapidly growing non-science-based linkage during 2003\u20132007 and 2008\u20132012","changed_name":"4. Conclusion and discussion","href_id":"#sec0070"},{"section_name":"4.2. Field-specific differences in science linkage performance","changed_name":"4. Conclusion and discussion","href_id":"#sec0075"},{"section_name":"4.3. Firm-specific differences in the science linkage performance","changed_name":"4. Conclusion and discussion","href_id":"#sec0080"},{"section_name":"4.4. Research limitations","changed_name":"4. Conclusion and discussion","href_id":"#sec0085"},{"section_name":"References","changed_name":"References ","href_id":"#bibl0005"}]