[{"section_name":"Highlights","changed_name":"Highlights ","href_id":"#abs0005"},{"section_name":"Abstract","changed_name":"Abstract ","href_id":"#abs0010"},{"section_name":"Keywords","changed_name":"Keywords ","href_id":"#kwd0005"},{"section_name":"1. Introduction: time series in informetric investigations","changed_name":"1. Introduction: time series in informetric investigations","href_id":"#sec0005"},{"section_name":"2. Purpose of the study","changed_name":"2. Purpose of the study","href_id":"#sec0010"},{"section_name":"3. A first derived series","changed_name":"3. A first derived series","href_id":"#sec0015"},{"section_name":"4. A second derived series","changed_name":"4. A second derived series","href_id":"#sec0020"},{"section_name":"5. A practical application: three Chinese universities and their international scientific output in the social sciences","changed_name":"5. A practical application: three Chinese universities and their international scientific output in the social sciences","href_id":"#sec0025"},{"section_name":"6. Conclusion","changed_name":"6. Conclusion","href_id":"#sec0035"},{"section_name":"Acknowledgements","changed_name":"Acknowledgements ","href_id":"#ack0005"},{"section_name":"References","changed_name":"References ","href_id":"#bibl0005"}]