section_name,changed_name,href_id
Highlights,Highlights ,#abst0005
Highlights,Highlights ,#abst0005
Abstract,Abstract ,#abs0010
Keywords,Keywords ,#kwd0005
1. Introduction,1. Introduction,#sec0005
2. Methods,2. Methods,#sec0010
2.1. The two-exponent law versus Dagum and Singh-Maddala models,2. Methods,#sec0015
"2.2. Estimation methods, goodness-of-fit and model selection tests",2. Methods,#sec0020
3. Data,3. Data,#sec0025
4. Empirical results and discussion,4. Empirical results and discussion,#sec0030
5. Conclusions,5. Conclusions,#sec0035
References,References ,#bibl0005
