section_name,changed_name,href_id
Highlights,Highlights ,#abs0005
Abstract,Abstract ,#abs0010
Keywords,Keywords ,#kwd0005
1. Introduction,1. Introduction,#sec0005
2. Normal science and publishing practices,2. Normal science and publishing practices,#sec0010
3. Method,3. Method,#sec0015
4. Results,4. Results,#sec0020
4.1. What explains these differences?,4. Results,#sec0025
5. Conclusions,5. Conclusions,#sec0030
Acknowledgements,Acknowledgements ,#ack0005
References,References ,#bibl0005
