section_name,changed_name,href_id
Highlights,Highlights ,#abs0005
Abstract,Abstract ,#abs0010
Abbreviation,Abbreviation ,#kwd0005
Keywords,Keywords ,#kwd0010
1. Introduction,1. Introduction,#sec0005
2. Methods,2. Methods,#sec0010
2.1. The measuring framework,2. Methods,#sec0015
2.2. Normalization procedures,2. Methods,#sec0020
3. Data,3. Data,#sec0025
3.1. The dataset,3. Data,#sec0030
3.2. Descriptive statistics within each year,3. Data,#sec0035
4. Empirical results,4. Empirical results,#sec0040
4.1. The importance of the IDCP term over the 1980–2004 period,4. Empirical results,#sec0045
4.2. The relative performance of alternative normalization procedures,4. Empirical results,#sec0050
5. Discussion and conclusions,5. Discussion and conclusions,#sec0055
Acknowledgement,Acknowledgement ,#ack0005
References,References ,#bibl0005
