section_name,changed_name,href_id
Abstract,Abstract ,#aep-abstract-id7
Highlights,Highlights ,#aep-abstract-sec-id6
Highlights,Highlights ,#aep-abstract-sec-id6
Keywords,Keywords ,#aep-keywords-id9
1. Introduction,1. Introduction,#sec0005
2. S-index,2. S-index,#sec0010
3. Application of S-index to the KCI database,3. Application of S-index to the KCI database,#sec0015
3.1. KCI data used for analysis,3. Application of S-index to the KCI database,#sec0020
3.2. Comparison between S-index and IF,3. Application of S-index to the KCI database,#sec0025
4. Comparison between S-index and hT-index based on the KCI data,4. Comparison between S-index and hT-index based on the KCI data,#sec0030
4.1. Tapered h-index (hT-index),4. Comparison between S-index and hT-index based on the KCI data,#sec0035
4.2. Comparison between S-index and hT-index,4. Comparison between S-index and hT-index based on the KCI data,#sec0040
5. Conclusions,5. Conclusions,#sec0045
Acknowledgments,Acknowledgments ,#aep-acknowledgment-id10
References,References ,#bibl0005
