[{"section_name":"Abstract","changed_name":"Abstract ","href_id":"#aep-abstract-id13"},{"section_name":"Highlights","changed_name":"Highlights ","href_id":"#aep-abstract-sec-id12"},{"section_name":"Highlights","changed_name":"Highlights ","href_id":"#aep-abstract-sec-id12"},{"section_name":"Keywords","changed_name":"Keywords ","href_id":"#aep-keywords-id15"},{"section_name":"1. Introduction","changed_name":"1. Introduction","href_id":"#sec0005"},{"section_name":"2. The correlation between the total number of citations and the h-index","changed_name":"2. The correlation between the total number of citations and the h-index","href_id":"#sec0010"},{"section_name":"3. Time evolution","changed_name":"3. Time evolution","href_id":"#sec0015"},{"section_name":"3.1. The time dependence of the total number of citations","changed_name":"3. Time evolution","href_id":"#sec0020"},{"section_name":"3.2. The time dependence of the average h-index","changed_name":"3. Time evolution","href_id":"#sec0025"},{"section_name":"4. The time scaled index h\/AA","changed_name":"4. The time scaled index h\/AA","href_id":"#sec0030"},{"section_name":"5. The comparison with the contemporary h-index","changed_name":"5. The comparison with the contemporary h-index","href_id":"#sec0035"},{"section_name":"6. Conclusions","changed_name":"6. Conclusions","href_id":"#sec0040"},{"section_name":"Acknowledgements","changed_name":"Acknowledgements ","href_id":"#ack0005"},{"section_name":"References","changed_name":"References ","href_id":"#bibl0005"}]