[{"section_name":"Highlights","changed_name":"Highlights ","href_id":"#abs0005"},{"section_name":"Abstract","changed_name":"Abstract ","href_id":"#abs0010"},{"section_name":"Keywords","changed_name":"Keywords ","href_id":"#kwd0005"},{"section_name":"1. Introduction","changed_name":"1. Introduction","href_id":"#sec0005"},{"section_name":"2. Related research","changed_name":"2. Related research","href_id":"#sec0010"},{"section_name":"2.1. The analysis of topical research of institutions","changed_name":"2. Related research","href_id":"#sec0015"},{"section_name":"2.2. Information visualization techniques","changed_name":"2. Related research","href_id":"#sec0020"},{"section_name":"2.3. Self-Organizing Map","changed_name":"2. Related research","href_id":"#sec0025"},{"section_name":"3. Data and methods","changed_name":"3. Data and methods","href_id":"#sec0030"},{"section_name":"3.1. Selection of the Chinese and American LIS institutions","changed_name":"3. Data and methods","href_id":"#sec0035"},{"section_name":"3.2. Selection of the data source","changed_name":"3. Data and methods","href_id":"#sec0040"},{"section_name":"3.3. Data collection","changed_name":"3. Data and methods","href_id":"#sec0045"},{"section_name":"3.4. Definition of the SOM input matrix","changed_name":"3. Data and methods","href_id":"#sec0050"},{"section_name":"3.5. Definition of Compound Component Plane","changed_name":"3. Data and methods","href_id":"#sec0055"},{"section_name":"3.6. Analysis method","changed_name":"3. Data and methods","href_id":"#sec0060"},{"section_name":"4. Results analysis and discussion","changed_name":"4. Results analysis and discussion","href_id":"#sec0065"},{"section_name":"4.1. Analysis of the research similarities among the American and Chinese LIS institutions","changed_name":"4. Results analysis and discussion","href_id":"#sec0070"},{"section_name":"4.2. Analysis of potential domestic and international collaboration institutions","changed_name":"4. Results analysis and discussion","href_id":"#sec0075"},{"section_name":"4.3. Analysis of the main research fields of the institution clusters","changed_name":"4. Results analysis and discussion","href_id":"#sec0080"},{"section_name":"4.4. Identification of the salient\/distinguished feature research fields of the American and Chinese LIS institutions","changed_name":"4. Results analysis and discussion","href_id":"#sec0085"},{"section_name":"4.5. Determination of main contributing institutions to salient research fields","changed_name":"4. Results analysis and discussion","href_id":"#sec0090"},{"section_name":"5. Conclusion","changed_name":"5. Conclusion","href_id":"#sec0095"},{"section_name":"Acknowledgements","changed_name":"Acknowledgements ","href_id":"#ack0005"},{"section_name":"Appendix A. ","changed_name":"Appendix A.","href_id":"#sec0105"},{"section_name":"References","changed_name":"References ","href_id":"#bibl0005"}]