section_name,changed_name,href_id
Highlights,Highlights ,#abs0005
Abstract,Abstract ,#abs0010
Keywords,Keywords ,#kwd0005
1. Introduction,1. Introduction,#sec0005
1.1. Characteristics of science linkages,1. Introduction,#sec0010
1.2. Comparisons between science-based science linkage and non-science-based linkage,1. Introduction,#sec0015
1.3. Science linkage as an indicator of technological innovation,1. Introduction,#sec0020
2. Methodology,2. Methodology,#sec0025
2.1. Patent data and technological fields,2. Methodology,#sec0030
2.2. Classification of non-patent references,2. Methodology,#sec0035
2.3. Science linkage indicators,2. Methodology,#sec0040
3. Results,3. Results,#sec0045
3.1. Citation trends of various types of NPRs,3. Results,#sec0050
3.2. Comparisons between science-based science linkage and non-science-based linkage,3. Results,#sec0055
3.3. Science linkage changes of the top 20 assignees in computers and communications field,3. Results,#sec0060
4. Conclusion and discussion,4. Conclusion and discussion,#sec0065
4.1. Rapidly growing non-science-based linkage during 2003–2007 and 2008–2012,4. Conclusion and discussion,#sec0070
4.2. Field-specific differences in science linkage performance,4. Conclusion and discussion,#sec0075
4.3. Firm-specific differences in the science linkage performance,4. Conclusion and discussion,#sec0080
4.4. Research limitations,4. Conclusion and discussion,#sec0085
References,References ,#bibl0005
