[{"section_name":"Highlights","changed_name":"Highlights ","href_id":"#abs0005"},{"section_name":"Abstract","changed_name":"Abstract ","href_id":"#abs0010"},{"section_name":"Keywords","changed_name":"Keywords ","href_id":"#kwd0005"},{"section_name":"1. Introduction","changed_name":"1. Introduction","href_id":"#sec0005"},{"section_name":"2. Background","changed_name":"2. Background","href_id":"#sec0010"},{"section_name":"2.1. Source vs. non-source items","changed_name":"2. Background","href_id":"#sec0015"},{"section_name":"2.2. Mapping of non-source items","changed_name":"2. Background","href_id":"#sec0020"},{"section_name":"3. Data and methods","changed_name":"3. Data and methods","href_id":"#sec0025"},{"section_name":"4. Results and discussion","changed_name":"4. Results and discussion","href_id":"#sec0030"},{"section_name":"4.1. Clustering","changed_name":"4. Results and discussion","href_id":"#sec0035"},{"section_name":"4.2. SRC and NS maps","changed_name":"4. Results and discussion","href_id":"#sec0040"},{"section_name":"4.3. Non-source document types","changed_name":"4. Results and discussion","href_id":"#sec0045"},{"section_name":"5. Summary","changed_name":"5. Summary","href_id":"#sec0050"},{"section_name":"Acknowledgements","changed_name":"Acknowledgements ","href_id":"#ack0005"},{"section_name":"References","changed_name":"References ","href_id":"#bibl0005"}]