section_name,changed_name,href_id
Highlights,Highlights ,#abs0005
Abstract,Abstract ,#abs0010
Keywords,Keywords ,#kwd0005
1. Introduction,1. Introduction,#sec0005
2. Sub-impact factors (SIFs) and SIF-sequences,2. Sub-impact factors (SIFs) and SIF-sequences,#sec0010
3. An interpolated SIF-value,3. An interpolated SIF-value,#sec0025
4. A sharp or a blunt instrument,4. A sharp or a blunt instrument,#sec0030
5. Ranking journals using a SIF-sequence,5. Ranking journals using a SIF-sequence,#sec0035
6. Other properties of the aggregated SIF-indicator,6. Other properties of the aggregated SIF-indicator,#sec0040
7. Rankings of management science journals,7. Rankings of management science journals,#sec0045
8. Conclusions,8. Conclusions,#sec0050
Author Contributions,Author Contributions,#sec1050
Acknowledgements,Acknowledgements ,#ack0005
Appendix A. Appendix,Appendix A. Appendix,#sec0065
References,References ,#bibl0005
