section_name,changed_name,href_id
Abstract,Abstract ,#abs0005
Keywords,Keywords ,#kwd0005
1. Introduction,1. Introduction,#sec0005
2. Input data and method,2. Input data and method,#sec0010
2.1. The COBISS bibliographic service,2. Input data and method,#sec0015
2.2. The SICRIS scientometric service,2. Input data and method,#sec0020
3. Results and discussion,3. Results and discussion,#sec0025
3.1. Domain differences in the typology of scientific studies,3. Results and discussion,#sec0030
3.2. The effect of research programme group sizes,3. Results and discussion,#sec0035
3.3. Time-point citation analysis,3. Results and discussion,#sec0040
3.4. Research impact cube,3. Results and discussion,#sec0045
3.5. Binary citation frequency,3. Results and discussion,#sec0050
3.6. Time-frame citations analysis and citation growth patterns,3. Results and discussion,#sec0055
4. Concluding remarks,4. Concluding remarks,#sec0060
Acknowledgements,Acknowledgements ,#ack0005
References,References ,#bibl0005
