section_name,changed_name,href_id
Highlights,Highlights ,#abs0005
Abstract,Abstract ,#abs0010
Keywords,Keywords ,#kwd0005
1. Introduction,1. Introduction,#sec0005
2. Characteristics of the different classification systems,2. Characteristics of the different classification systems,#sec0010
2.1. Building the twelve WVE classification systems,2. Characteristics of the different classification systems,#sec0015
2.2. The joint variation of cluster size and cluster mean citation in the different classification systems,2. Characteristics of the different classification systems,#sec0020
2.3. The skewness of science in the different classification systems,2. Characteristics of the different classification systems,#sec0025
2.4. Cluster homogeneity in the different classification systems,2. Characteristics of the different classification systems,#sec0030
2.5. Recommended granularity levels within the WVE sequence,2. Characteristics of the different classification systems,#sec0035
3. The citation impact of universities under different classification systems according to the MNCS indicator,3. The citation impact of universities under different classification systems according to the MNCS indicator,#sec0040
3.1. Variation under different classification systems,3. The citation impact of universities under different classification systems according to the MNCS indicator,#sec0045
3.2. Comparison between selected classification systems,3. The citation impact of universities under different classification systems according to the MNCS indicator,#sec0050
4. The citation impact of universities under different classification systems according to the PPtop 10% indicator,4. The citation impact of universities under different classification systems according to the PPtop 10% indicator,#sec0055
"5. Summary, discussion, and extensions","5. Summary, discussion, and extensions",#sec0060
5.1. Summary and conclusions,"5. Summary, discussion, and extensions",#sec0065
5.2. Discussion,"5. Summary, discussion, and extensions",#sec0070
5.3. Extensions,"5. Summary, discussion, and extensions",#sec0075
Acknowledgements,Acknowledgements ,#ack0005
References,References ,#bibl0005
