[{"section_name":"Highlights","changed_name":"Highlights ","href_id":"#abs0005"},{"section_name":"Abstract","changed_name":"Abstract ","href_id":"#abs0010"},{"section_name":"Keywords","changed_name":"Keywords ","href_id":"#kwd0005"},{"section_name":"1. Introduction","changed_name":"1. Introduction","href_id":"#sec0005"},{"section_name":"2. Methodology","changed_name":"2. Methodology","href_id":"#sec0010"},{"section_name":"2.1. Identifying excellence among research results","changed_name":"2. Methodology","href_id":"#sec0015"},{"section_name":"2.2. Identifying excellence among scientists","changed_name":"2. Methodology","href_id":"#sec0020"},{"section_name":"3. Results","changed_name":"3. Results","href_id":"#sec0025"},{"section_name":"3.1. Who produces highly cited articles?","changed_name":"3. Results","href_id":"#sec0030"},{"section_name":"3.2. What is the correlation between scientific productivity and production of HCA?","changed_name":"3. Results","href_id":"#sec0035"},{"section_name":"3.3. What is the distribution of HCAs among Italian scientists?","changed_name":"3. Results","href_id":"#sec0040"},{"section_name":"3.4. Are there differences among academic ranks?","changed_name":"3. Results","href_id":"#sec0045"},{"section_name":"4. Conclusions","changed_name":"4. Conclusions","href_id":"#sec0050"},{"section_name":"References","changed_name":"References ","href_id":"#bibl0005"}]