[{"section_name":"Highlights","changed_name":"Highlights ","href_id":"#abs0005"},{"section_name":"Abstract","changed_name":"Abstract ","href_id":"#abs0010"},{"section_name":"Keywords","changed_name":"Keywords ","href_id":"#kwd0005"},{"section_name":"1. Introduction","changed_name":"1. Introduction","href_id":"#sec0005"},{"section_name":"2. Methods","changed_name":"2. Methods","href_id":"#sec0010"},{"section_name":"2.1. Different percentile-based approaches for normalizing citation counts","changed_name":"2. Methods","href_id":"#sec0015"},{"section_name":"2.2. P100: a new citation-rank approach","changed_name":"2. Methods","href_id":"#sec0020"},{"section_name":"2.3. Dataset used for the empirical comparison of the different percentile-based approaches and P100","changed_name":"2. Methods","href_id":"#sec0025"},{"section_name":"3. Results","changed_name":"3. Results","href_id":"#sec0030"},{"section_name":"3.1. The comparison of the citation impact distributions","changed_name":"3. Results","href_id":"#sec0035"},{"section_name":"3.2. Analysis of the citation impacts of all papers from 1980 in subsequent years","changed_name":"3. Results","href_id":"#sec0040"},{"section_name":"3.3. Analysis of fictitious research units (scientists, research groups, or institutions)","changed_name":"3. Results","href_id":"#sec0045"},{"section_name":"4. Discussion","changed_name":"4. Discussion","href_id":"#sec0050"},{"section_name":"5. Conclusions","changed_name":"5. Conclusions","href_id":"#sec0055"},{"section_name":"Acknowledgements","changed_name":"Acknowledgements ","href_id":"#ack0005"},{"section_name":"References","changed_name":"References ","href_id":"#bibl0005"}]