section_name,changed_name,href_id
Highlights,Highlights ,#abs0005
Abstract,Abstract ,#abs0010
Keywords,Keywords ,#kwd0005
1. Introduction,1. Introduction,#sec0005
2. Methodological background,2. Methodological background,#sec0010
3. Splitting a composed source into its states,3. Splitting a composed source into its states,#sec0015
4. Consequences: deriving efficiency and unused capacity,4. Consequences: deriving efficiency and unused capacity,#sec0020
5. Transmission power,5. Transmission power,#sec0025
6. Application,6. Application,#sec0030
7. Discussion and conclusion,7. Discussion and conclusion,#sec0035
Appendix 1. Upper and lower bounds to the mutual information in three dimensions,Appendix 1. Upper and lower bounds to the mutual information in three dimensions,#sec0045
"Appendix 2. How to compute sectorial, bi-dimensional or tri-dimensional entropies and transmissions","Appendix 2. How to compute sectorial, bi-dimensional or tri-dimensional entropies and transmissions",#sec0050
Appendix 3. Equivalence between Eqs. (14) and (15),Appendix 3. Equivalence between Eqs. (14) and (15),#sec0055
References,References ,#bibl0005
