[{"section_name":"Highlights","changed_name":"Highlights ","href_id":"#abs0005"},{"section_name":"Abstract","changed_name":"Abstract ","href_id":"#abs0010"},{"section_name":"Keywords","changed_name":"Keywords ","href_id":"#kwd0005"},{"section_name":"1. Introduction","changed_name":"1. Introduction","href_id":"#sec0005"},{"section_name":"2. Definitions","changed_name":"2. Definitions","href_id":"#sec0010"},{"section_name":"3. Propositions and proof of Theorem 3","changed_name":"3. Propositions and proof of Theorem 3","href_id":"#sec0015"},{"section_name":"4. Addendum: a statement equivalent with the statements in Proposition 3","changed_name":"4. Addendum: a statement equivalent with the statements in Proposition 3","href_id":"#sec0020"},{"section_name":"5. A theorem characterizing networks with nodes having global Q-measure equal to one","changed_name":"5. A theorem characterizing networks with nodes having global Q-measure equal to one","href_id":"#sec0025"},{"section_name":"6. Conclusion","changed_name":"6. Conclusion","href_id":"#sec0030"},{"section_name":"Acknowledgements","changed_name":"Acknowledgements ","href_id":"#ack0005"},{"section_name":"References","changed_name":"References ","href_id":"#bibl0005"}]