[{"section_name":"Abstract","changed_name":"Abstract ","href_id":"#aep-abstract-id9"},{"section_name":"Highlights","changed_name":"Highlights ","href_id":"#aep-abstract-sec-id8"},{"section_name":"Highlights","changed_name":"Highlights ","href_id":"#aep-abstract-sec-id8"},{"section_name":"Keywords","changed_name":"Keywords ","href_id":"#aep-keywords-id11"},{"section_name":"1. Using reference sets","changed_name":"1. Using reference sets","href_id":"#sec0005"},{"section_name":"2. The calculation of percentiles","changed_name":"2. The calculation of percentiles","href_id":"#sec0010"},{"section_name":"3. Assigning percentiles to percentile rank classes","changed_name":"3. Assigning percentiles to percentile rank classes","href_id":"#sec0015"},{"section_name":"4. Rules for and problems with assigning publications to percentile rank classes","changed_name":"4. Rules for and problems with assigning publications to percentile rank classes","href_id":"#sec0020"},{"section_name":"5. Discussion","changed_name":"5. Discussion","href_id":"#sec0025"},{"section_name":"Acknowledgements","changed_name":"Acknowledgements ","href_id":"#aep-acknowledgment-id12"},{"section_name":"References","changed_name":"References ","href_id":"#bibl0005"}]