section_name,changed_name,href_id
Abstract,Abstract ,#aep-abstract-id13
Highlights,Highlights ,#aep-abstract-sec-id12
Highlights,Highlights ,#aep-abstract-sec-id12
Keywords,Keywords ,#aep-keywords-id15
1. Introduction,1. Introduction,#sec0005
2. The correlation between the total number of citations and the h-index,2. The correlation between the total number of citations and the h-index,#sec0010
3. Time evolution,3. Time evolution,#sec0015
3.1. The time dependence of the total number of citations,3. Time evolution,#sec0020
3.2. The time dependence of the average h-index,3. Time evolution,#sec0025
4. The time scaled index h/AA,4. The time scaled index h/AA,#sec0030
5. The comparison with the contemporary h-index,5. The comparison with the contemporary h-index,#sec0035
6. Conclusions,6. Conclusions,#sec0040
Acknowledgements,Acknowledgements ,#ack0005
References,References ,#bibl0005
