section_name,changed_name,href_id
Abstract,Abstract ,#aep-abstract-id19
Highlights,Highlights ,#aep-abstract-sec-id18
Highlights,Highlights ,#aep-abstract-sec-id18
Keywords,Keywords ,#aep-keywords-id21
1. Introduction,1. Introduction,#sec0005
2. Methodology,2. Methodology,#sec0010
2.1. The c-index,2. Methodology,#sec0015
2.2. Derivative indexes of c-index and their characteristics,2. Methodology,#sec0020
3. A case study,3. A case study,#sec0025
3.1. Data,3. A case study,#sec0030
3.2. Results,3. A case study,#sec0035
3.2.1. Network 1,3. A case study,#sec0040
3.2.2. Network 2,3. A case study,#sec0045
4. Conclusions,4. Conclusions,#sec0050
Acknowledgements,Acknowledgements ,#aep-acknowledgment-id22
References,References ,#bibl0005
