[{"section_name":"Highlights","changed_name":"Highlights ","href_id":"#abst0005"},{"section_name":"Highlights","changed_name":"Highlights ","href_id":"#abst0005"},{"section_name":"Abstract","changed_name":"Abstract ","href_id":"#abs0010"},{"section_name":"Keywords","changed_name":"Keywords ","href_id":"#kwd0005"},{"section_name":"1. Introduction","changed_name":"1. Introduction","href_id":"#sec0005"},{"section_name":"2. The Italian National Scientific Qualification","changed_name":"2. The Italian National Scientific Qualification","href_id":"#sec0010"},{"section_name":"2.1. Overview","changed_name":"2. The Italian National Scientific Qualification","href_id":"#sec0015"},{"section_name":"2.2. Quantitative indicators","changed_name":"2. The Italian National Scientific Qualification","href_id":"#sec0020"},{"section_name":"2.3. Medians","changed_name":"2. The Italian National Scientific Qualification","href_id":"#sec0025"},{"section_name":"2.4. Discussion","changed_name":"2. The Italian National Scientific Qualification","href_id":"#sec0030"},{"section_name":"3. General overview","changed_name":"3. General overview","href_id":"#sec0035"},{"section_name":"4. Medians","changed_name":"4. Medians","href_id":"#sec0040"},{"section_name":"4.1. Distributions","changed_name":"4. Medians","href_id":"#sec0045"},{"section_name":"4.2. Correlations between medians","changed_name":"4. Medians","href_id":"#sec0050"},{"section_name":"4.3. Pareto dominance analysis","changed_name":"4. Medians","href_id":"#sec0055"},{"section_name":"5. Analysis of the quantitative indicators of applicants","changed_name":"5. Analysis of the quantitative indicators of applicants","href_id":"#sec0060"},{"section_name":"5.1. Correlation between quantitative indicators","changed_name":"5. Analysis of the quantitative indicators of applicants","href_id":"#sec0065"},{"section_name":"5.2. Conditional qualification probabilities","changed_name":"5. Analysis of the quantitative indicators of applicants","href_id":"#sec0070"},{"section_name":"5.3. Minimum values of the indicators for qualified applicants","changed_name":"5. Analysis of the quantitative indicators of applicants","href_id":"#sec0075"},{"section_name":"5.4. Pareto dominance analysis","changed_name":"5. Analysis of the quantitative indicators of applicants","href_id":"#sec0080"},{"section_name":"6. Conclusions","changed_name":"6. Conclusions","href_id":"#sec0085"},{"section_name":"Appendix A. Notation","changed_name":"Appendix A. Notation","href_id":"#sec0090"},{"section_name":"Appendix B. List of scientific disciplines","changed_name":"Appendix B. List of scientific disciplines","href_id":"#sec0095"},{"section_name":"Appendix C. Basic statistics","changed_name":"Appendix C. Basic statistics","href_id":"#sec0100"},{"section_name":"Appendix D. Medians","changed_name":"Appendix D. Medians","href_id":"#sec0105"},{"section_name":"References","changed_name":"References ","href_id":"#bibl0005"}]