section_name,changed_name,href_id
Highlights,Highlights ,#abs0005
Abstract,Abstract ,#abs0010
Keywords,Keywords ,#kwd0005
1. Introduction,1. Introduction,#sec0005
2. Literature review,2. Literature review,#sec0010
3. Methods: data source and measures,3. Methods: data source and measures,#sec0015
4. Results,4. Results,#sec0020
4.1. Descriptive data,4. Results,#sec0025
4.2. Revealed comparative advantage,4. Results,#sec0030
4.3. Porter's diamond,4. Results,#sec0035
5. Discussion and conclusion,5. Discussion and conclusion,#sec0040
References,References ,#bibl0005
