section_name,changed_name,href_id
Highlights,Highlights ,#abst0005
Highlights,Highlights ,#abst0005
Abstract,Abstract ,#abs0010
MSC,MSC ,#kwd0005
Keywords,Keywords ,#kwd0010
1. Introduction,1. Introduction,#sec0005
2. Why yet another index?,2. Why yet another index?,#sec0010
3. Data analyzed,3. Data analyzed,#sec0015
4. Empirical results,4. Empirical results,#sec0020
4.1. Accounting for highly-cited papers by rescaling the h-index,4. Empirical results,#sec0025
4.2. Accounting for the entire rank-citation profile c(r),4. Empirical results,#sec0030
"4.3. Testing the rank-stability of h, g, and Z",4. Empirical results,#sec0035
4.4. Discussion,4. Empirical results,#sec0040
5. Conclusions,5. Conclusions,#sec0045
Acknowledgments,Acknowledgments ,#ack0005
References,References ,#bibl0005
