section_name,changed_name,href_id
Highlights,Highlights ,#abs0005
Abstract,Abstract ,#abs0010
Keywords,Keywords ,#kwd0005
1. Introduction,1. Introduction,#sec0005
2. Collaboration in a layered system,2. Collaboration in a layered system,#sec0010
3. Definitions,3. Definitions,#sec0015
3.1. A-paths and collaboration paths,3. Definitions,#sec0020
3.2. Simple and generalized collaboration paths,3. Definitions,#sec0025
"3.3. Significant, essential and vital nodes in a collaboration path",3. Definitions,#sec0030
"3.4. Significant, essential and vital sub paths on a collaboration path",3. Definitions,#sec0035
3.5. Overview,3. Definitions,#sec0040
3.6. Finding all collaboration paths,3. Definitions,#sec0045
3.7. Collaboration paths in the illustrative example,3. Definitions,#sec0050
3.7.1. The author layer,3. Definitions,#sec0055
3.7.2. The institutional layer,3. Definitions,#sec0060
3.7.3. The country layer,3. Definitions,#sec0065
3.8. Essential node centrality: a new form of node centrality,3. Definitions,#sec0070
4. Discussion,4. Discussion,#sec0075
4.1. The relation between collaboration and diffusion,4. Discussion,#sec0080
4.2. Fractional count versus integer count,4. Discussion,#sec0085
4.3. Collaborative articles versus single author articles,4. Discussion,#sec0090
5. A real example,5. A real example,#sec0095
6. Conclusion,6. Conclusion,#sec0100
Acknowledgements,Acknowledgements ,#ack0005
References,References ,#bibl0005
