[{"section_name":"Highlights","changed_name":"Highlights ","href_id":"#abs0005"},{"section_name":"Abstract","changed_name":"Abstract ","href_id":"#abs0010"},{"section_name":"Keywords","changed_name":"Keywords ","href_id":"#kwd0005"},{"section_name":"1. Introduction","changed_name":"1. Introduction","href_id":"#sec0005"},{"section_name":"2. The presence of women in the Italian academic staff","changed_name":"2. The presence of women in the Italian academic staff","href_id":"#sec0010"},{"section_name":"3. Methods and data","changed_name":"3. Methods and data","href_id":"#sec0015"},{"section_name":"4. Analysis and discussion","changed_name":"4. Analysis and discussion","href_id":"#sec0020"},{"section_name":"4.1. Gender differences in research productivity","changed_name":"4. Analysis and discussion","href_id":"#sec0025"},{"section_name":"4.2. Correlation between gender and performance","changed_name":"4. Analysis and discussion","href_id":"#sec0030"},{"section_name":"4.3. Accounting for gender in research performance ranking lists","changed_name":"4. Analysis and discussion","href_id":"#sec0035"},{"section_name":"4.3.1. Visualization of rank differences","changed_name":"4. Analysis and discussion","href_id":"#sec0040"},{"section_name":"4.3.2. Quantification of rank differences","changed_name":"4. Analysis and discussion","href_id":"#sec0045"},{"section_name":"5. Conclusions","changed_name":"5. Conclusions","href_id":"#sec0050"},{"section_name":"References","changed_name":"References ","href_id":"#bibl0005"}]