[{"section_name":"Highlights","changed_name":"Highlights ","href_id":"#abs0005"},{"section_name":"Abstract","changed_name":"Abstract ","href_id":"#abs0010"},{"section_name":"Keywords","changed_name":"Keywords ","href_id":"#kwd0005"},{"section_name":"1. Introduction and previous research","changed_name":"1. Introduction and previous research","href_id":"#sec0005"},{"section_name":"2. Research questions","changed_name":"2. Research questions","href_id":"#sec0010"},{"section_name":"3. Methods","changed_name":"3. Methods","href_id":"#sec0015"},{"section_name":"4. Results","changed_name":"4. Results","href_id":"#sec0020"},{"section_name":"4.1. Multidimensional scaling analysis and hierarchical cluster analysis outcomes","changed_name":"4. Results","href_id":"#sec0025"},{"section_name":"4.2. Principal Component Analysis outcomes","changed_name":"4. Results","href_id":"#sec0030"},{"section_name":"5. Discussion","changed_name":"5. Discussion","href_id":"#sec0035"},{"section_name":"6. Conclusion","changed_name":"6. Conclusion","href_id":"#sec0040"},{"section_name":"Acknowledgments","changed_name":"Acknowledgments ","href_id":"#ack0005"},{"section_name":"Appendix A. List of Journals & Acronyms","changed_name":"Appendix A. List of Journals & Acronyms","href_id":"#sec0050"},{"section_name":"Appendix B. Tables and Algorithm Used for Similarity Data Processing","changed_name":"Appendix B. Tables and Algorithm Used for Similarity Data Processing","href_id":"#sec0055"},{"section_name":"References","changed_name":"References ","href_id":"#bibl0005"}]