section_name,changed_name,href_id
Highlights,Highlights ,#abst0005
Highlights,Highlights ,#abst0005
Abstract,Abstract ,#abs0010
Keywords,Keywords ,#kwd0005
1. Introduction and motivation,1. Introduction and motivation,#sec0005
2. Scientific document ranking,2. Scientific document ranking,#sec0010
3. Problem statement,3. Problem statement,#sec0015
3.1. Data,3. Problem statement,#sec0020
4. Our approach,4. Our approach,#sec0025
4.1. Topic modelling,4. Our approach,#sec0030
4.2. Topical drifts and damping factor selection,4. Our approach,#sec0035
4.3. Topical longevity and information freshness decay,4. Our approach,#sec0040
4.3.1. Deciding the primary topics of a paper,4. Our approach,#sec0045
4.3.2. Topical longevity of a subfield,4. Our approach,#sec0050
4.3.3. Per document information freshness decay factor,4. Our approach,#sec0055
5. Results and discussion,5. Results and discussion,#sec0060
5.1. A proxy gold standard,5. Results and discussion,#sec0065
5.2. Results,5. Results and discussion,#sec0070
5.2.1. Evaluation as ranked retrieval,5. Results and discussion,#sec0075
5.2.2. Evaluation as ranking,5. Results and discussion,#sec0080
5.2.3. Discussion,5. Results and discussion,#sec0085
6. Conclusion and future work,6. Conclusion and future work,#sec0090
Acknowledegment,Acknowledegment ,#ack0005
References,References ,#bibl0005
