[{"section_name":"Highlights","changed_name":"Highlights ","href_id":"#abs0005"},{"section_name":"Abstract","changed_name":"Abstract ","href_id":"#abs0010"},{"section_name":"Keywords","changed_name":"Keywords ","href_id":"#kwd0005"},{"section_name":"1. Introduction","changed_name":"1. Introduction","href_id":"#sec0005"},{"section_name":"2. Methods","changed_name":"2. Methods","href_id":"#sec0010"},{"section_name":"2.1. The percentile approach of Hazen (1914)","changed_name":"2. Methods","href_id":"#sec0015"},{"section_name":"2.2. Dataset used","changed_name":"2. Methods","href_id":"#sec0020"},{"section_name":"2.3. Statistical procedures and variables (covariates)","changed_name":"2. Methods","href_id":"#sec0025"},{"section_name":"3. Results","changed_name":"3. Results","href_id":"#sec0030"},{"section_name":"4. Discussion","changed_name":"4. Discussion","href_id":"#sec0035"},{"section_name":"Acknowledgements","changed_name":"Acknowledgements ","href_id":"#ack0005"},{"section_name":"References","changed_name":"References ","href_id":"#bibl0005"}]