section_name,changed_name,href_id
Abstract,Abstract ,#aep-abstract-id7
Highlights,Highlights ,#aep-abstract-sec-id6
Highlights,Highlights ,#aep-abstract-sec-id6
Keywords,Keywords ,#aep-keywords-id9
1. Introduction,1. Introduction,#sec0005
2. Hypotheses,2. Hypotheses,#sec0010
3. Data,3. Data,#sec0015
3.1. Selection of China as the context,3. Data,#sec0020
3.2. Selection of nanotechnology as the focus field,3. Data,#sec0025
3.3. Selection of Chinese knowledge moderators,3. Data,#sec0030
3.4. Variables,3. Data,#sec0035
3.4.1. Dependent variable,3. Data,#sec0040
3.4.2. Explanatory variables,3. Data,#sec0055
3.4.3. Control variables,3. Data,#sec0075
4. Models and estimation results,4. Models and estimation results,#sec0100
4.1. Journal impact factor,4. Models and estimation results,#sec0105
4.1.1. Full dataset,4. Models and estimation results,#sec0110
4.2. Longitudinal publication data of CKMAs,4. Models and estimation results,#sec0115
4.2.1. Fixed effects or random effects,4. Models and estimation results,#sec0120
4.3. Paper citations,4. Models and estimation results,#sec0125
4.3.1. Full dataset,4. Models and estimation results,#sec0130
4.3.2. Longitudinal dataset,4. Models and estimation results,#sec0135
5. Discussion,5. Discussion,#sec0140
Acknowledgments,Acknowledgments ,#aep-acknowledgment-id10
References,References ,#bibl0005
