[{"section_name":"Highlights","changed_name":"Highlights ","href_id":"#abs0005"},{"section_name":"Abstract","changed_name":"Abstract ","href_id":"#abs0010"},{"section_name":"Keywords","changed_name":"Keywords ","href_id":"#kwd0005"},{"section_name":"1. Introduction","changed_name":"1. Introduction","href_id":"#sec0005"},{"section_name":"2. Related work","changed_name":"2. Related work","href_id":"#sec0010"},{"section_name":"2.1. Ontology-based approach","changed_name":"2. Related work","href_id":"#sec0015"},{"section_name":"2.2. Network-based approach","changed_name":"2. Related work","href_id":"#sec0020"},{"section_name":"3. Methods","changed_name":"3. Methods","href_id":"#sec0025"},{"section_name":"3.1. Data preprocessing","changed_name":"3. Methods","href_id":"#sec0030"},{"section_name":"3.2. Entity and relation extraction","changed_name":"3. Methods","href_id":"#sec0035"},{"section_name":"3.2.1. Entity extraction","changed_name":"3. Methods","href_id":"#sec0040"},{"section_name":"3.2.2. Relation extraction","changed_name":"3. Methods","href_id":"#sec0045"},{"section_name":"3.3. Semantic relatedness","changed_name":"3. Methods","href_id":"#sec0050"},{"section_name":"3.4. Path analysis and inference","changed_name":"3. Methods","href_id":"#sec0055"},{"section_name":"3.5. Performance comparison","changed_name":"3. Methods","href_id":"#sec0060"},{"section_name":"4. Results","changed_name":"4. Results","href_id":"#sec0065"},{"section_name":"4.1. Fish oils\u2013Raynaud's disease (FO\u2013RD)","changed_name":"4. Results","href_id":"#sec0070"},{"section_name":"4.1.1. Performance comparison in FO\u2013RD","changed_name":"4. Results","href_id":"#sec0075"},{"section_name":"4.1.2. Path analysis","changed_name":"4. Results","href_id":"#sec0080"},{"section_name":"4.1.3. Indirect new hypothesis inference analysis in FO\u2013RD","changed_name":"4. Results","href_id":"#sec0085"},{"section_name":"4.2. Magnesium deficiency\u2013migraine headache (MD\u2013MH)","changed_name":"4. Results","href_id":"#sec0100"},{"section_name":"4.2.1. Performance comparison in MD\u2013MH","changed_name":"4. Results","href_id":"#sec0105"},{"section_name":"4.2.2. Path analysis","changed_name":"4. Results","href_id":"#sec0110"},{"section_name":"4.2.3. Indirect new hypothesis inference analysis in MD\u2013MH","changed_name":"4. Results","href_id":"#sec0115"},{"section_name":"4.3. Visualization of the FO\u2013RD and the MD\u2013MH networks","changed_name":"4. Results","href_id":"#sec0135"},{"section_name":"4.3.1. Visualization of the FO\u2013RD network","changed_name":"4. Results","href_id":"#sec0140"},{"section_name":"4.3.2. Visualization of the MD\u2013MH network","changed_name":"4. Results","href_id":"#sec0145"},{"section_name":"5. Conclusions","changed_name":"5. Conclusions","href_id":"#sec0150"},{"section_name":"Acknowledgements","changed_name":"Acknowledgements ","href_id":"#ack0005"},{"section_name":"References","changed_name":"References ","href_id":"#bibl0005"}]