[{"section_name":"Highlights","changed_name":"Highlights ","href_id":"#abs0005"},{"section_name":"Abstract","changed_name":"Abstract ","href_id":"#abs0010"},{"section_name":"Keywords","changed_name":"Keywords ","href_id":"#kwd0005"},{"section_name":"1. Introduction","changed_name":"1. Introduction","href_id":"#sec0005"},{"section_name":"2. Methodology","changed_name":"2. Methodology","href_id":"#sec0010"},{"section_name":"2.1. Input\u2013output Indicators","changed_name":"2. Methodology","href_id":"#sec0015"},{"section_name":"2.2. Data","changed_name":"2. Methodology","href_id":"#sec0020"},{"section_name":"2.3. Analysis methods","changed_name":"2. Methodology","href_id":"#sec0025"},{"section_name":"3. Analysis of directional RTS and directional congestion effect","changed_name":"3. Analysis of directional RTS and directional congestion effect","href_id":"#sec0030"},{"section_name":"3.1. Directional RTS","changed_name":"3. Analysis of directional RTS and directional congestion effect","href_id":"#sec0035"},{"section_name":"3.2. Directional congestion effect","changed_name":"3. Analysis of directional RTS and directional congestion effect","href_id":"#sec0040"},{"section_name":"3.3. Policy implications","changed_name":"3. Analysis of directional RTS and directional congestion effect","href_id":"#sec0045"},{"section_name":"4. Conclusions and discussion","changed_name":"4. Conclusions and discussion","href_id":"#sec0050"},{"section_name":"Acknowledgements","changed_name":"Acknowledgements ","href_id":"#ack0005"},{"section_name":"Appendix A. Explanatory notes on input indicators","changed_name":"Appendix A. Explanatory notes on input indicators","href_id":"#sec0055"},{"section_name":"Appendix B. ","changed_name":"Appendix B.","href_id":"#sec0060"},{"section_name":"References","changed_name":"References ","href_id":"#bibl0005"}]