section_name,changed_name,href_id
Highlights,Highlights ,#abs0005
Abstract,Abstract ,#abs0010
Keywords,Keywords ,#kwd0005
1. Introduction,1. Introduction,#sec0005
2. Related research,2. Related research,#sec0010
3. Objectives,3. Objectives,#sec0015
4. Methods,4. Methods,#sec0020
4.1. Object of study: CSIC,4. Methods,#sec0025
4.2. Sources and data extraction,4. Methods,#sec0030
4.3. Disambiguation and data cleaning,4. Methods,#sec0035
4.4. Indicators,4. Methods,#sec0040
5. Results,5. Results,#sec0045
5.1. Overlapping,5. Results,#sec0050
5.2. Correlations,5. Results,#sec0055
5.3. Principal component analysis (PCA),5. Results,#sec0060
6. Discussion,6. Discussion,#sec0065
7. Conclusions,7. Conclusions,#sec0070
References,References ,#bibl0005
