[{"section_name":"Highlights","changed_name":"Highlights ","href_id":"#abs0010"},{"section_name":"Abstract","changed_name":"Abstract ","href_id":"#abs0015"},{"section_name":"Graphical abstract","changed_name":"Graphical abstract","href_id":"#abs0005"},{"section_name":"Keywords","changed_name":"Keywords ","href_id":"#kwd0005"},{"section_name":"1. Introduction","changed_name":"1. Introduction","href_id":"#sec0005"},{"section_name":"1.1. Sample and population","changed_name":"1. Introduction","href_id":"#sec0010"},{"section_name":"1.2. Logistic regression techniques and the practical significance of findings","changed_name":"1. Introduction","href_id":"#sec0015"},{"section_name":"2. Methods","changed_name":"2. Methods","href_id":"#sec0020"},{"section_name":"2.1. Description of the data set and the variables","changed_name":"2. Methods","href_id":"#sec0025"},{"section_name":"2.2. Software","changed_name":"2. Methods","href_id":"#sec0030"},{"section_name":"2.3. Analytic Strategy","changed_name":"2. Methods","href_id":"#sec0035"},{"section_name":"3. Results","changed_name":"3. Results","href_id":"#sec0040"},{"section_name":"3.1. Logistic regression models","changed_name":"3. Results","href_id":"#sec0045"},{"section_name":"3.2. Average adjusted predictions (AAPs) and average marginal effects (AMEs) for discrete independent variables","changed_name":"3. Results","href_id":"#sec0050"},{"section_name":"3.3. Average adjusted predictions (AAPs) and average marginal effects (AMEs) for continuous independent variables","changed_name":"3. Results","href_id":"#sec0055"},{"section_name":"3.4. Adjusted predictions at representative values (APRs) and marginal effects at representative values (MERs) for continuous and discrete variables together","changed_name":"3. Results","href_id":"#sec0060"},{"section_name":"4. Discussion","changed_name":"4. Discussion","href_id":"#sec0065"},{"section_name":"References","changed_name":"References ","href_id":"#bibl0005"}]