[{"section_name":"Highlights","changed_name":"Highlights ","href_id":"#abs0005"},{"section_name":"Abstract","changed_name":"Abstract ","href_id":"#abs0010"},{"section_name":"Keywords","changed_name":"Keywords ","href_id":"#kwd0005"},{"section_name":"1. Introduction","changed_name":"1. Introduction","href_id":"#sec0005"},{"section_name":"2. Background and theoretical framework","changed_name":"2. Background and theoretical framework","href_id":"#sec0010"},{"section_name":"2.1. Core periphery models","changed_name":"2. Background and theoretical framework","href_id":"#sec0015"},{"section_name":"2.2. Coreness and organizational characteristics","changed_name":"2. Background and theoretical framework","href_id":"#sec0020"},{"section_name":"2.3. Connectivity and geography","changed_name":"2. Background and theoretical framework","href_id":"#sec0025"},{"section_name":"3. Methods","changed_name":"3. Methods","href_id":"#sec0030"},{"section_name":"3.1. Sources and data","changed_name":"3. Methods","href_id":"#sec0035"},{"section_name":"3.2. Analysis","changed_name":"3. Methods","href_id":"#sec0040"},{"section_name":"4. Results","changed_name":"4. Results","href_id":"#sec0045"},{"section_name":"4.1. Descriptive statistics","changed_name":"4. Results","href_id":"#sec0050"},{"section_name":"4.2. Testing the core\u2013periphery structure","changed_name":"4. Results","href_id":"#sec0055"},{"section_name":"4.3. Determinants of coreness","changed_name":"4. Results","href_id":"#sec0060"},{"section_name":"4.4. Geography, coreness and connectivity","changed_name":"4. Results","href_id":"#sec0065"},{"section_name":"5. Discussion and conclusion","changed_name":"5. Discussion and conclusion","href_id":"#sec0070"},{"section_name":"Acknowledgements","changed_name":"Acknowledgements ","href_id":"#ack0005"},{"section_name":"References","changed_name":"References ","href_id":"#bibl0005"}]