[{"section_name":"Abstract","changed_name":"Abstract ","href_id":"#abs0005"},{"section_name":"Keywords","changed_name":"Keywords ","href_id":"#kwd0005"},{"section_name":"1. Introduction and literature review","changed_name":"1. Introduction and literature review","href_id":"#sec0005"},{"section_name":"2. Automated algorithm for analysing the omitted citations","changed_name":"2. Automated algorithm for analysing the omitted citations","href_id":"#sec0010"},{"section_name":"3. Data collection and analysis","changed_name":"3. Data collection and analysis","href_id":"#sec0015"},{"section_name":"4. Results","changed_name":"4. Results","href_id":"#sec0020"},{"section_name":"5. Discussion and final remarks","changed_name":"5. Discussion and final remarks","href_id":"#sec0025"},{"section_name":"Appendix. ","changed_name":"Appendix. ","href_id":"#sec0030"},{"section_name":"Appendix B. Supplementary data","changed_name":"Appendix B. Supplementary data","href_id":"#sec0040"},{"section_name":"References","changed_name":"References ","href_id":"#bibl0005"}]