[{"section_name":"Abstract","changed_name":"Abstract ","href_id":"#aep-abstract-id13"},{"section_name":"Highlights","changed_name":"Highlights ","href_id":"#aep-abstract-sec-id12"},{"section_name":"Highlights","changed_name":"Highlights ","href_id":"#aep-abstract-sec-id12"},{"section_name":"Keywords","changed_name":"Keywords ","href_id":"#aep-keywords-id15"},{"section_name":"1. Introduction","changed_name":"1. Introduction","href_id":"#sec0005"},{"section_name":"2. Methodology","changed_name":"2. Methodology","href_id":"#sec0010"},{"section_name":"2.1. The time-varying collaboration network","changed_name":"2. Methodology","href_id":"#sec0015"},{"section_name":"3. The affine group","changed_name":"3. The affine group","href_id":"#sec0020"},{"section_name":"4. Results and discussion","changed_name":"4. Results and discussion","href_id":"#sec0025"},{"section_name":"4.1. Probability for a new connection","changed_name":"4. Results and discussion","href_id":"#sec0030"},{"section_name":"4.2. Authors classification","changed_name":"4. Results and discussion","href_id":"#sec0035"},{"section_name":"5. Conclusions","changed_name":"5. Conclusions","href_id":"#sec0040"},{"section_name":"Acknowledgement","changed_name":"Acknowledgement ","href_id":"#ack0005"},{"section_name":"Appendix A. Community detection in complex networks","changed_name":"Appendix A. Community detection in complex networks","href_id":"#sec0050"},{"section_name":"References","changed_name":"References ","href_id":"#bibl0005"}]