section_name,changed_name,href_id
Highlights,Highlights ,#abs0005
Abstract,Abstract ,#abs0010
Keywords,Keywords ,#kwd0005
1. Introduction,1. Introduction,#sec0005
2. Measuring scientific standing: literature review,2. Measuring scientific standing: literature review,#sec0010
3. Shortcomings of current approaches,3. Shortcomings of current approaches,#sec0015
"4. Methodology: requirements, assumptions and bibliometric dataset","4. Methodology: requirements, assumptions and bibliometric dataset",#sec0020
5. Analysis at aggregate level (UDA),5. Analysis at aggregate level (UDA),#sec0025
6. Strengths and weaknesses at field level (SDS),6. Strengths and weaknesses at field level (SDS),#sec0030
7. Discussion and conclusions,7. Discussion and conclusions,#sec0035
Acknowledgments,Acknowledgments ,#ack0005
References,References ,#bibl0005
