section_name,changed_name,href_id
Highlights,Highlights ,#abs0005
Abstract,Abstract ,#abs0010
Keywords,Keywords ,#kwd0005
1. Introduction,1. Introduction,#sec0005
2. Materials and methods,2. Materials and methods,#sec0010
2.1. Data,2. Materials and methods,#sec0015
2.2. Analysis,2. Materials and methods,#sec0020
2.3. Limitations,2. Materials and methods,#sec0025
3. Results,3. Results,#sec0030
3.1. Cabell's journals,3. Results,#sec0035
3.2. Cabell's and JCR journals,3. Results,#sec0040
3.3. Open access journals,3. Results,#sec0045
4. Discussion and conclusion,4. Discussion and conclusion,#sec0050
References,References ,#bibl0005
