section_name,changed_name,href_id
Abstract,Abstract ,#aep-abstract-id15
Highlights,Highlights ,#aep-abstract-sec-id14
Highlights,Highlights ,#aep-abstract-sec-id14
Keywords,Keywords ,#aep-keywords-id17
1. Introduction,1. Introduction,#sec0005
2. Methodology,2. Methodology,#sec0010
2.1. Method,2. Methodology,#sec0015
2.2. Data,2. Methodology,#sec0020
3. Results,3. Results,#sec0025
4. Analysis and discussion,4. Analysis and discussion,#sec0030
4.1. The evolution of h-core,4. Analysis and discussion,#sec0035
4.2. The evolution of h-tail,4. Analysis and discussion,#sec0040
5. Conclusion,5. Conclusion,#sec0045
Acknowledgments,Acknowledgments ,#aep-acknowledgment-id18
References,References ,#bibl0005
