[{"section_name":"Highlights","changed_name":"Highlights ","href_id":"#abs0005"},{"section_name":"Abstract","changed_name":"Abstract ","href_id":"#abs0010"},{"section_name":"Keywords","changed_name":"Keywords ","href_id":"#kwd0005"},{"section_name":"1. Introduction","changed_name":"1. Introduction","href_id":"#sec0005"},{"section_name":"2. Literature review and hypotheses","changed_name":"2. Literature review and hypotheses","href_id":"#sec0010"},{"section_name":"2.1. Scientific collaboration","changed_name":"2. Literature review and hypotheses","href_id":"#sec0015"},{"section_name":"2.2. Relationship between researchers\u2019 communication and collaborative outputs","changed_name":"2. Literature review and hypotheses","href_id":"#sec0020"},{"section_name":"2.3. Relationship between researcher\u2019 demographic attributes and collaborative outputs","changed_name":"2. Literature review and hypotheses","href_id":"#sec0025"},{"section_name":"3. Method","changed_name":"3. Method","href_id":"#sec0030"},{"section_name":"3.1. Sample and data","changed_name":"3. Method","href_id":"#sec0035"},{"section_name":"3.2. Data collection","changed_name":"3. Method","href_id":"#sec0040"},{"section_name":"4. Results","changed_name":"4. Results","href_id":"#sec0045"},{"section_name":"4.1. Statistical and descriptive properties of networks","changed_name":"4. Results","href_id":"#sec0050"},{"section_name":"4.2. Network prediction","changed_name":"4. Results","href_id":"#sec0055"},{"section_name":"5. Discussion","changed_name":"5. Discussion","href_id":"#sec0060"},{"section_name":"6. Conclusion","changed_name":"6. Conclusion","href_id":"#sec0065"},{"section_name":"Acknowledgements","changed_name":"Acknowledgements ","href_id":"#ack0005"},{"section_name":"Appendix A. ","changed_name":"Appendix A.","href_id":"#sec0070"},{"section_name":"A.1. First page","changed_name":"Appendix A.","href_id":"#sec0075"},{"section_name":"A.2. Second page","changed_name":"Appendix A.","href_id":"#sec0080"},{"section_name":"References","changed_name":"References ","href_id":"#bibl0005"}]