section_name,changed_name,href_id
Highlights,Highlights ,#abs0005
Abstract,Abstract ,#abs0010
Keywords,Keywords ,#kwd0005
1. Introduction,1. Introduction,#sec0005
2. Background,2. Background,#sec0010
2.1. Source vs. non-source items,2. Background,#sec0015
2.2. Mapping of non-source items,2. Background,#sec0020
3. Data and methods,3. Data and methods,#sec0025
4. Results and discussion,4. Results and discussion,#sec0030
4.1. Clustering,4. Results and discussion,#sec0035
4.2. SRC and NS maps,4. Results and discussion,#sec0040
4.3. Non-source document types,4. Results and discussion,#sec0045
5. Summary,5. Summary,#sec0050
Acknowledgements,Acknowledgements ,#ack0005
References,References ,#bibl0005
