[{"section_name":"Abstract","changed_name":"Abstract ","href_id":"#aep-abstract-id9"},{"section_name":"Highlights","changed_name":"Highlights ","href_id":"#aep-abstract-sec-id8"},{"section_name":"Highlights","changed_name":"Highlights ","href_id":"#aep-abstract-sec-id8"},{"section_name":"Keywords","changed_name":"Keywords ","href_id":"#aep-keywords-id11"},{"section_name":"1. Introduction","changed_name":"1. Introduction","href_id":"#sec0005"},{"section_name":"2. Background","changed_name":"2. Background","href_id":"#sec0010"},{"section_name":"2.1. Concepts related to the knowledge network","changed_name":"2. Background","href_id":"#sec0015"},{"section_name":"2.2. Discovering research front based on citation analysis","changed_name":"2. Background","href_id":"#sec0020"},{"section_name":"2.3. Exploring emerging trends based on text mining","changed_name":"2. Background","href_id":"#sec0025"},{"section_name":"2.4. Brief summary","changed_name":"2. Background","href_id":"#sec0030"},{"section_name":"3. Research design","changed_name":"3. Research design","href_id":"#sec0035"},{"section_name":"4. Collective dynamics model","changed_name":"4. Collective dynamics model","href_id":"#sec0040"},{"section_name":"4.1. Hypotheses","changed_name":"4. Collective dynamics model","href_id":"#sec0045"},{"section_name":"4.2. Mathematics model","changed_name":"4. Collective dynamics model","href_id":"#sec0050"},{"section_name":"4.3. Qualitative interpretation of the model","changed_name":"4. Collective dynamics model","href_id":"#sec0055"},{"section_name":"4.4. Model analysis","changed_name":"4. Collective dynamics model","href_id":"#sec0060"},{"section_name":"5. Analysis and evaluation method","changed_name":"5. Analysis and evaluation method","href_id":"#sec0065"},{"section_name":"5.1. Analysis process","changed_name":"5. Analysis and evaluation method","href_id":"#sec0070"},{"section_name":"5.2. Evaluation method","changed_name":"5. Analysis and evaluation method","href_id":"#sec0075"},{"section_name":"6. Experiment based on DCN","changed_name":"6. Experiment based on DCN","href_id":"#sec0080"},{"section_name":"6.1. Statistical data","changed_name":"6. Experiment based on DCN","href_id":"#sec0085"},{"section_name":"6.2. Data processing and parameter design","changed_name":"6. Experiment based on DCN","href_id":"#sec0090"},{"section_name":"6.3. Experiment results","changed_name":"6. Experiment based on DCN","href_id":"#sec0095"},{"section_name":"7. Discussion","changed_name":"7. Discussion","href_id":"#sec0100"},{"section_name":"8. Conclusion","changed_name":"8. Conclusion","href_id":"#sec0105"},{"section_name":"Acknowledgement","changed_name":"Acknowledgement ","href_id":"#aep-acknowledgment-id12"},{"section_name":"References","changed_name":"References ","href_id":"#bibl0005"}]