[{"section_name":"Highlights","changed_name":"Highlights ","href_id":"#abs0005"},{"section_name":"Abstract","changed_name":"Abstract ","href_id":"#abs0010"},{"section_name":"Keywords","changed_name":"Keywords ","href_id":"#kwd0005"},{"section_name":"1. Introduction","changed_name":"1. Introduction","href_id":"#sec0005"},{"section_name":"2. Q-measures and betweenness centrality: definitions","changed_name":"2. Q-measures and betweenness centrality: definitions","href_id":"#sec0010"},{"section_name":"3. Relations between global Q, local Q and betweenness","changed_name":"3. Relations between global Q, local Q and betweenness","href_id":"#sec0015"},{"section_name":"4. When are the maximum possible values of Q-measures obtained?","changed_name":"4. When are the maximum possible values of Q-measures obtained?","href_id":"#sec0020"},{"section_name":"5. Conclusion","changed_name":"5. Conclusion","href_id":"#sec0025"},{"section_name":"Acknowledgement","changed_name":"Acknowledgement ","href_id":"#ack0005"},{"section_name":"Appendix A. ","changed_name":"Appendix A.","href_id":"#sec0030"},{"section_name":"References","changed_name":"References ","href_id":"#bibl0005"}]