section_name,changed_name,href_id
Highlights,Highlights ,#abs0005
Abstract,Abstract ,#abs0010
Keywords,Keywords ,#kwd0005
1. Introduction,1. Introduction,#sec0005
2. Literature review,2. Literature review,#sec0010
2.1. Collaboration networks,2. Literature review,#sec0015
2.2. The link prediction problem,2. Literature review,#sec0020
3. Methods,3. Methods,#sec0025
3.1. Link predictors,3. Methods,#sec0030
3.2. Data,3. Methods,#sec0035
4. Results,4. Results,#sec0040
4.1. Precision–recall graphs and ROC curves for the eight predictors,4. Results,#sec0045
4.2. Area under ROC (AUC) and top k evaluations,4. Results,#sec0050
4.3. Relationships between the eight predictors,4. Results,#sec0055
4.4. Collaboration recommendation,4. Results,#sec0060
5. Discussion,5. Discussion,#sec0065
5.1. Integrating prediction results,5. Discussion,#sec0070
5.2. Toward a multi-level analysis of collaboration,5. Discussion,#sec0075
5.3. Link prediction and teams of science,5. Discussion,#sec0080
5.4. Limitation,5. Discussion,#sec0085
6. Conclusion,6. Conclusion,#sec0090
References,References ,#bibl0005
