section_name,changed_name,href_id
Highlights,Highlights ,#abs0005
Abstract,Abstract ,#abs0010
Keywords,Keywords ,#kwd0005
1. Introduction,1. Introduction,#sec0005
2. Q-measures and betweenness centrality: definitions,2. Q-measures and betweenness centrality: definitions,#sec0010
"3. Relations between global Q, local Q and betweenness","3. Relations between global Q, local Q and betweenness",#sec0015
4. When are the maximum possible values of Q-measures obtained?,4. When are the maximum possible values of Q-measures obtained?,#sec0020
5. Conclusion,5. Conclusion,#sec0025
Acknowledgement,Acknowledgement ,#ack0005
Appendix A. ,Appendix A.,#sec0030
References,References ,#bibl0005
