section_name,changed_name,href_id
Highlights,Highlights ,#abs0010
Abstract,Abstract ,#abs0015
Graphical abstract,Graphical abstract,#abs0005
Keywords,Keywords ,#kwd0005
1. Introduction,1. Introduction,#sec0005
2. Background,2. Background,#sec0010
2.1. Research on altruistic missions,2. Background,#sec0015
2.2. Mapping of Information,2. Background,#sec0020
3. Data,3. Data,#sec0025
3.1. Database #1 – financial,3. Data,#sec0030
3.2. Database #2 – web addresses,3. Data,#sec0035
3.3. Database #3 – an expanded set of active domain names,3. Data,#sec0040
4. A preliminary map of altruism,4. A preliminary map of altruism,#sec0045
4.1. Map creation,4. A preliminary map of altruism,#sec0050
4.2. Preliminary map,4. A preliminary map of altruism,#sec0055
4.2.1. Database bias,4. A preliminary map of altruism,#sec0060
4.2.2. Sampling bias,4. A preliminary map of altruism,#sec0065
4.2.3. Accuracy,4. A preliminary map of altruism,#sec0070
4.2.4. Insights,4. A preliminary map of altruism,#sec0075
4.2.5. Shortcomings,4. A preliminary map of altruism,#sec0080
5. A refined map of altruism,5. A refined map of altruism,#sec0085
6. Science and altruism,6. Science and altruism,#sec0090
7. Summary and implications,7. Summary and implications,#sec0095
Acknowledgements,Acknowledgements ,#ack0005
References,References ,#bibl0005
