[{"section_name":"Highlights","changed_name":"Highlights ","href_id":"#abs0005"},{"section_name":"Abstract","changed_name":"Abstract ","href_id":"#abs0010"},{"section_name":"MSC","changed_name":"MSC ","href_id":"#kwd0005"},{"section_name":"Keywords","changed_name":"Keywords ","href_id":"#kwd0010"},{"section_name":"1. Introduction","changed_name":"1. Introduction","href_id":"#sec0005"},{"section_name":"2. The uniform random upper bound family and the Stigler-RUBM FSD","changed_name":"2. The uniform random upper bound family and the Stigler-RUBM FSD","href_id":"#sec0010"},{"section_name":"3. Other members of the URUB family and the generalized Benford law","changed_name":"3. Other members of the URUB family and the generalized Benford law","href_id":"#sec0015"},{"section_name":"3.1. The gamma URUB family","changed_name":"3. Other members of the URUB family and the generalized Benford law","href_id":"#sec0020"},{"section_name":"3.2. The Erlang URUB family","changed_name":"3. Other members of the URUB family and the generalized Benford law","href_id":"#sec0025"},{"section_name":"3.3. The Burr URUB family","changed_name":"3. Other members of the URUB family and the generalized Benford law","href_id":"#sec0030"},{"section_name":"3.4. The generalized Benford law","changed_name":"3. Other members of the URUB family and the generalized Benford law","href_id":"#sec0035"},{"section_name":"4. Application to real-world data sets: the fine structure index of Benford's law","changed_name":"4. Application to real-world data sets: the fine structure index of Benford's law","href_id":"#sec0040"},{"section_name":"Acknowledgment","changed_name":"Acknowledgment ","href_id":"#ack0005"},{"section_name":"References","changed_name":"References ","href_id":"#bibl0005"}]