section_name,changed_name,href_id
Highlights,Highlights ,#abs0010
Abstract,Abstract ,#abs0015
Graphical abstract,Graphical abstract,#abs0005
Keywords,Keywords ,#kwd0005
1. Introduction,1. Introduction,#sec0005
2. Data and methods,2. Data and methods,#sec0010
2.1. Data collecting,2. Data and methods,#sec0015
2.2. Data processing,2. Data and methods,#sec0020
3. Results,3. Results,#sec0025
3.1. The geography of total downloads,3. Results,#sec0030
3.2. World downloads in every minute: peak and plateau,3. Results,#sec0035
3.3. Country/territory downloading curves,3. Results,#sec0040
3.3.1. American continent and Australian countries,3. Results,#sec0045
3.3.2. Asian countries/territories,3. Results,#sec0050
3.3.3. European and African countries,3. Results,#sec0055
3.3.4. Special downloading phenomena,3. Results,#sec0060
4. Discussion,4. Discussion,#sec0065
Acknowledgements,Acknowledgements ,#ack0005
References,References ,#bibl0005
