[{"section_name":"Highlights","changed_name":"Highlights ","href_id":"#abs0010"},{"section_name":"Abstract","changed_name":"Abstract ","href_id":"#abs0015"},{"section_name":"Graphical abstract","changed_name":"Graphical abstract","href_id":"#abs0005"},{"section_name":"Keywords","changed_name":"Keywords ","href_id":"#kwd0005"},{"section_name":"1. Introduction","changed_name":"1. Introduction","href_id":"#sec0005"},{"section_name":"2. Methods","changed_name":"2. Methods","href_id":"#sec0010"},{"section_name":"2.1. Data set","changed_name":"2. Methods","href_id":"#sec0015"},{"section_name":"3. Variables","changed_name":"3. Variables","href_id":"#sec0020"},{"section_name":"3.1. Dependent variables","changed_name":"3. Variables","href_id":"#sec0025"},{"section_name":"3.2. Covariates","changed_name":"3. Variables","href_id":"#sec0030"},{"section_name":"4. Statistical model","changed_name":"4. Statistical model","href_id":"#sec0035"},{"section_name":"4.1. Interactive visualization","changed_name":"4. Statistical model","href_id":"#sec0040"},{"section_name":"5. Results","changed_name":"5. Results","href_id":"#sec0045"},{"section_name":"5.1. Results of the multilevel regression analysis","changed_name":"5. Results","href_id":"#sec0050"},{"section_name":"5.1.1. Overall systematic institutional differences","changed_name":"5. Results","href_id":"#sec0055"},{"section_name":"5.2. Impact of covariates","changed_name":"5. Results","href_id":"#sec0060"},{"section_name":"6. The Web Application","changed_name":"6. The Web Application","href_id":"#sec0065"},{"section_name":"7. Discussion","changed_name":"7. Discussion","href_id":"#sec0070"},{"section_name":"Acknowledgements","changed_name":"Acknowledgements ","href_id":"#ack0005"},{"section_name":"References","changed_name":"References ","href_id":"#bibl0005"}]