section_name,changed_name,href_id
Highlights,Highlights ,#abs0005
Abstract,Abstract ,#abs0010
Keywords,Keywords ,#kwd0005
1. Introduction,1. Introduction,#sec0005
2. Mathematical model with multi-parameters and its solution,2. Mathematical model with multi-parameters and its solution,#sec0010
2.1. The multi-parameter model,2. Mathematical model with multi-parameters and its solution,#sec0015
2.2. Solution: an exact algorithm with a low time complexity,2. Mathematical model with multi-parameters and its solution,#sec0020
2.3. Exemplifying,2. Mathematical model with multi-parameters and its solution,#sec0025
3. Functions of parameters,3. Functions of parameters,#sec0030
3.1. A priori knowledge: the implications of parameter α,3. Functions of parameters,#sec0035
3.2. Result robustness: the effects of parameter β,3. Functions of parameters,#sec0040
4. Application,4. Application,#sec0045
5. Conclusions and future work,5. Conclusions and future work,#sec0050
Acknowledgements,Acknowledgements ,#ack0005
Appendix 1. The proof for Lemma 1,Appendix 1. The proof for Lemma 1,#sec0060
Appendix 2. The proof for Theorem 1,Appendix 2. The proof for Theorem 1,#sec0065
"Appendix 3. (Kendall tau rank correlation coefficient, τ)","Appendix 3. (Kendall tau rank correlation coefficient, τ)",#sec0070
Appendix D. Supplementary data,Appendix D. Supplementary data,#sec0080
References,References ,#bibl0005
