section_name,changed_name,href_id
Highlights,Highlights ,#abs0005
Abstract,Abstract ,#abs0010
Keywords,Keywords ,#kwd0005
1. Introduction,1. Introduction,#sec0005
2. Methodology and data,2. Methodology and data,#sec0010
3. Basic depiction of university–industry collaboration studies,3. Basic depiction of university–industry collaboration studies,#sec0050
4. Reference analysis results,4. Reference analysis results,#sec0015
4.1. Mapping and analysis on references,4. Reference analysis results,#sec0020
4.2. Mapping and analysis on authors and journals of references,4. Reference analysis results,#sec0025
4.3. Mapping and analysis on keywords and topics of references,4. Reference analysis results,#sec0030
5. Summary of case study,5. Summary of case study,#sec0035
6. Conclusions,6. Conclusions,#sec0040
Acknowledgements,Acknowledgements ,#ack0005
References,References ,#bibl0005
