[{"section_name":"Highlights","changed_name":"Highlights ","href_id":"#abs0005"},{"section_name":"Abstract","changed_name":"Abstract ","href_id":"#abs0010"},{"section_name":"Keywords","changed_name":"Keywords ","href_id":"#kwd0005"},{"section_name":"1. Introduction","changed_name":"1. Introduction","href_id":"#sec0005"},{"section_name":"2. Performance evaluation for five articles in multidisciplinary physics","changed_name":"2. Performance evaluation for five articles in multidisciplinary physics","href_id":"#sec0010"},{"section_name":"3. Comparison with three other subject categories","changed_name":"3. Comparison with three other subject categories","href_id":"#sec0015"},{"section_name":"4. Visualization","changed_name":"4. Visualization","href_id":"#sec0020"},{"section_name":"5. Discussion","changed_name":"5. Discussion","href_id":"#sec0025"},{"section_name":"References","changed_name":"References ","href_id":"#bibl0005"}]