section_name,changed_name,href_id
Highlights,Highlights ,#abs0005
Abstract,Abstract ,#abs0010
Keywords,Keywords ,#kwd0005
1. Introduction,1. Introduction,#sec0005
2. Characteristics of the three data sources,2. Characteristics of the three data sources,#sec0010
2.1. Methods of gathering data,2. Characteristics of the three data sources,#sec0015
2.2. Types of traffic statistics,2. Characteristics of the three data sources,#sec0020
3. Literature review,3. Literature review,#sec0025
4. Methodology,4. Methodology,#sec0030
4.1. Selection of universities for the study,4. Methodology,#sec0035
4.2. Selection of companies for the study,4. Methodology,#sec0040
4.3. Collection of Web traffic data,4. Methodology,#sec0045
5. Results,5. Results,#sec0050
5.1. Data availability,5. Results,#sec0055
5.2. Web traffic as an indicator of academic and business performance,5. Results,#sec0060
5.3. Comparison of traffic data sources,5. Results,#sec0065
6. Discussion and conclusions,6. Discussion and conclusions,#sec0070
Acknowledgements,Acknowledgements ,#ack0005
Appendix A. U.S. Universities,Appendix A. U.S. Universities,#sec0075
Appendix B. Chinese universities,Appendix B. Chinese universities,#sec0080
Appendix C. U.S. Internet retailers,Appendix C. U.S. Internet retailers,#sec0085
Appendix D. Chinese E-Commerce Companies,Appendix D. Chinese E-Commerce Companies,#sec0090
References,References ,#bibl0005
