section_name,changed_name,href_id
Highlights,Highlights ,#abs0005
Abstract,Abstract ,#abs0010
Keywords,Keywords ,#kwd0005
1. Introduction,1. Introduction,#sec0005
2. Related work,2. Related work,#sec0010
2.1. Vocabulary-based methods,2. Related work,#sec0015
2.2. Semi- or unsupervised methods,2. Related work,#sec0020
2.3. Supervised methods,2. Related work,#sec0025
3. Data,3. Data,#sec0030
4. Methods,4. Methods,#sec0035
4.1. Procedures,4. Methods,#sec0040
4.2. Conditional random fields,4. Methods,#sec0045
5. Results,5. Results,#sec0050
5.1. Performance of the five methods,5. Results,#sec0055
5.2. Relationships of the five methods,5. Results,#sec0060
5.3. Visualizing the results through AUC and AUP,5. Results,#sec0065
6. Discussion and conclusion,6. Discussion and conclusion,#sec0070
Appendix A. Supplementary data,Appendix A. Supplementary data,#sec0085
References,References ,#bibl0005
