[{"section_name":"Highlights","changed_name":"Highlights ","href_id":"#abs0005"},{"section_name":"Abstract","changed_name":"Abstract ","href_id":"#abs0010"},{"section_name":"Keywords","changed_name":"Keywords ","href_id":"#kwd0005"},{"section_name":"1. Introduction","changed_name":"1. Introduction","href_id":"#sec0005"},{"section_name":"2. Basic concepts and equations for growth behavior of citations","changed_name":"2. Basic concepts and equations for growth behavior of citations","href_id":"#sec0010"},{"section_name":"3. Citation data for analysis","changed_name":"3. Citation data for analysis","href_id":"#sec0015"},{"section_name":"4. Results and discussion","changed_name":"4. Results and discussion","href_id":"#sec0020"},{"section_name":"5. Summary and conclusions","changed_name":"5. Summary and conclusions","href_id":"#sec0025"},{"section_name":"Acknowledgement","changed_name":"Acknowledgement ","href_id":"#ack0005"},{"section_name":"Appendix A. Basic concepts of overall crystallization","changed_name":"Appendix A. Basic concepts of overall crystallization","href_id":"#sec0035"},{"section_name":"References","changed_name":"References ","href_id":"#bibl0005"}]