[{"section_name":"Highlights","changed_name":"Highlights ","href_id":"#abs0005"},{"section_name":"Abstract","changed_name":"Abstract ","href_id":"#abs0010"},{"section_name":"Keywords","changed_name":"Keywords ","href_id":"#kwd0005"},{"section_name":"1. Introduction and literature review","changed_name":"1. Introduction and literature review","href_id":"#sec0005"},{"section_name":"2. Methodology","changed_name":"2. Methodology","href_id":"#sec0010"},{"section_name":"2.1. General concepts","changed_name":"2. Methodology","href_id":"#sec0015"},{"section_name":"2.2. Study at journal level","changed_name":"2. Methodology","href_id":"#sec0020"},{"section_name":"2.3. Study at the level of IEEE Societies","changed_name":"2. Methodology","href_id":"#sec0025"},{"section_name":"2.4. Normalization of the results of the original study","changed_name":"2. Methodology","href_id":"#sec0030"},{"section_name":"3. Results","changed_name":"3. Results","href_id":"#sec0035"},{"section_name":"3.1. Results of the study at journal level","changed_name":"3. Results","href_id":"#sec0040"},{"section_name":"3.2. Results of the study at level of IEEE Societies","changed_name":"3. Results","href_id":"#sec0045"},{"section_name":"3.3. Implementation of the normalization technique","changed_name":"3. Results","href_id":"#sec0050"},{"section_name":"4. Conclusions, limitations and future works","changed_name":"4. Conclusions, limitations and future works","href_id":"#sec0055"},{"section_name":"4.1. Final discussion","changed_name":"4. Conclusions, limitations and future works","href_id":"#sec0060"},{"section_name":"4.2. Limitations","changed_name":"4. Conclusions, limitations and future works","href_id":"#sec0065"},{"section_name":"4.3. Future research","changed_name":"4. Conclusions, limitations and future works","href_id":"#sec0070"},{"section_name":"Acknowledgements","changed_name":"Acknowledgements ","href_id":"#ack0005"},{"section_name":"Appendix. ","changed_name":"Appendix. ","href_id":"#sec0080"},{"section_name":"References","changed_name":"References ","href_id":"#bibl0005"}]