section_name,changed_name,href_id
Highlights,Highlights ,#abs0005
Abstract,Abstract ,#abs0010
Keywords,Keywords ,#kwd0005
1. Introduction,1. Introduction,#sec0005
2. Uncertainty in the assessment of research performance,2. Uncertainty in the assessment of research performance,#sec0010
3. The funnel plot method,3. The funnel plot method,#sec0015
4. The research performance indicator,4. The research performance indicator,#sec0020
5. A case application of the funnel plot,5. A case application of the funnel plot,#sec0025
6. Conclusions,6. Conclusions,#sec0030
Author contributions,Author contributions,#sec0090
References,References ,#bibl0005
