[{"section_name":"Highlights","changed_name":"Highlights ","href_id":"#abs0005"},{"section_name":"Abstract","changed_name":"Abstract ","href_id":"#abs0010"},{"section_name":"Keywords","changed_name":"Keywords ","href_id":"#kwd0005"},{"section_name":"1. Introduction","changed_name":"1. Introduction","href_id":"#sec0005"},{"section_name":"2. Methods","changed_name":"2. Methods","href_id":"#sec0010"},{"section_name":"2.1. Identifying journals with duplicate records in Scopus","changed_name":"2. Methods","href_id":"#sec0015"},{"section_name":"2.2. Selecting and downloading bibliographic journal records","changed_name":"2. Methods","href_id":"#sec0020"},{"section_name":"2.3. Identification and analysis of duplicate records","changed_name":"2. Methods","href_id":"#sec0025"},{"section_name":"3. Results","changed_name":"3. Results","href_id":"#sec0030"},{"section_name":"3.1. Articles published in a journal are incorrectly mapped by Scopus to this journal and to a different journal from the same publisher","changed_name":"3. Results","href_id":"#sec0035"},{"section_name":"3.2. Duplicates resulting from journal name changes","changed_name":"3. Results","href_id":"#sec0040"},{"section_name":"3.3. Duplicates due to orthographic differences in journal titles","changed_name":"3. Results","href_id":"#sec0045"},{"section_name":"3.4. Duplicates due to journal title variations","changed_name":"3. Results","href_id":"#sec0050"},{"section_name":"4. Discussion and conclusion","changed_name":"4. Discussion and conclusion","href_id":"#sec0055"},{"section_name":"References","changed_name":"References ","href_id":"#bibl0005"}]