section_name,changed_name,href_id
Highlights,Highlights ,#abs0005
Abstract,Abstract ,#abs0010
Keywords,Keywords ,#kwd0005
1. Introduction: time series in informetric investigations,1. Introduction: time series in informetric investigations,#sec0005
2. Purpose of the study,2. Purpose of the study,#sec0010
3. A first derived series,3. A first derived series,#sec0015
4. A second derived series,4. A second derived series,#sec0020
5. A practical application: three Chinese universities and their international scientific output in the social sciences,5. A practical application: three Chinese universities and their international scientific output in the social sciences,#sec0025
6. Conclusion,6. Conclusion,#sec0035
Acknowledgements,Acknowledgements ,#ack0005
References,References ,#bibl0005
