section_name,changed_name,href_id
Highlights,Highlights ,#abs0005
Abstract,Abstract ,#abs0010
Keywords,Keywords ,#kwd0005
1. Introduction,1. Introduction,#sec0005
2. Data,2. Data,#sec0010
3. Normalization approaches,3. Normalization approaches,#sec0015
4. Results,4. Results,#sec0020
4.1. Results based on the Web of Science journal subject categories,4. Results,#sec0025
"4.2. Results based on classification systems A, B, and C",4. Results,#sec0030
5. Conclusions,5. Conclusions,#sec0035
Acknowledgments,Acknowledgments ,#ack0005
Appendix A. Selection of Web of Science core journals,Appendix A. Selection of Web of Science core journals,#sec0040
Appendix B. Algorithmic construction of field classification systems,Appendix B. Algorithmic construction of field classification systems,#sec0045
Appendix C. The problem of using the same classification system both in the implementation and in the evaluation of the NCS approach,Appendix C. The problem of using the same classification system both in the implementation and in the evaluation of the NCS approach,#sec0050
Appendix D. Decomposition of citation inequality,Appendix D. Decomposition of citation inequality,#sec0055
References,References ,#bibl0005
