[{"section_name":"Highlights","changed_name":"Highlights ","href_id":"#abs0005"},{"section_name":"Abstract","changed_name":"Abstract ","href_id":"#abs0010"},{"section_name":"Keywords","changed_name":"Keywords ","href_id":"#kwd0005"},{"section_name":"1. Introduction","changed_name":"1. Introduction","href_id":"#sec0005"},{"section_name":"2. Material and methods","changed_name":"2. Material and methods","href_id":"#sec0010"},{"section_name":"2.1. Data","changed_name":"2. Material and methods","href_id":"#sec0015"},{"section_name":"2.2. Database extraction","changed_name":"2. Material and methods","href_id":"#sec0020"},{"section_name":"2.3. Database link network","changed_name":"2. Material and methods","href_id":"#sec0025"},{"section_name":"2.4. Database topical similarity","changed_name":"2. Material and methods","href_id":"#sec0030"},{"section_name":"2.5. Weighted main path algorithm","changed_name":"2. Material and methods","href_id":"#sec0035"},{"section_name":"3. Results","changed_name":"3. Results","href_id":"#sec0040"},{"section_name":"3.1. Main path analysis: Link-weighted database link network","changed_name":"3. Results","href_id":"#sec0045"},{"section_name":"3.2. Main path analysis: Similarity-weighted database link network","changed_name":"3. Results","href_id":"#sec0050"},{"section_name":"3.3. Use cases","changed_name":"3. Results","href_id":"#sec0055"},{"section_name":"3.3.1. GO and GeneBank","changed_name":"3. Results","href_id":"#sec0060"},{"section_name":"3.3.2. PlantCARE and PLACE","changed_name":"3. Results","href_id":"#sec0065"},{"section_name":"4. Discussion","changed_name":"4. Discussion","href_id":"#sec0070"},{"section_name":"5. Conclusion","changed_name":"5. Conclusion","href_id":"#sec0075"},{"section_name":"Acknowledgements","changed_name":"Acknowledgements ","href_id":"#ack0005"},{"section_name":"References","changed_name":"References ","href_id":"#bibl0005"}]