section_name,changed_name,href_id
Highlights,Highlights ,#abs0005
Abstract,Abstract ,#abs0010
Keywords,Keywords ,#kwd0005
1. Introduction,1. Introduction,#sec0005
2. Background,2. Background,#sec0010
3. Methodology,3. Methodology,#sec0015
4. Experiments and results,4. Experiments and results,#sec0020
4.1. Model of biomedical science,4. Experiments and results,#sec0025
4.2. Additional Experiments,4. Experiments and results,#sec0030
5. Model characterization,5. Model characterization,#sec0035
6. Conclusion,6. Conclusion,#sec0040
Acknowledgements,Acknowledgements ,#ack0005
References,References ,#bibl0005
