section_name,changed_name,href_id
Highlights,Highlights ,#abs0005
Abstract,Abstract ,#abs0010
Keywords,Keywords ,#kwd0005
1. Introduction,1. Introduction,#sec0005
2. Teams in science: definition and characteristics,2. Teams in science: definition and characteristics,#sec0010
3. Interdependence between teams,3. Interdependence between teams,#sec0015
4. Data and methods,4. Data and methods,#sec0020
4.1. Data,4. Data and methods,#sec0025
4.2. Measures,4. Data and methods,#sec0030
4.2.1. Dependent variables,4. Data and methods,#sec0035
4.2.2. Independent variables,4. Data and methods,#sec0040
4.2.3. Control variables,4. Data and methods,#sec0045
5. Results,5. Results,#sec0050
5.1. Fluidness of coauthor teams,5. Results,#sec0055
5.2. Interdependence between coauthor teams,5. Results,#sec0060
5.3. Alternative explanations,5. Results,#sec0065
5.4. Robustness and limitations,5. Results,#sec0070
6. Discussion,6. Discussion,#sec0075
Acknowledgements,Acknowledgements ,#ack0005
References,References ,#bibl0005
