[{"section_name":"Highlights","changed_name":"Highlights ","href_id":"#abs0005"},{"section_name":"Abstract","changed_name":"Abstract ","href_id":"#abs0010"},{"section_name":"Keywords","changed_name":"Keywords ","href_id":"#kwd0005"},{"section_name":"1. Introduction","changed_name":"1. Introduction","href_id":"#sec0005"},{"section_name":"2. The influence of author experience and author skills on citation count","changed_name":"2. The influence of author experience and author skills on citation count","href_id":"#sec0010"},{"section_name":"3. Other factors associated with citation counts","changed_name":"3. Other factors associated with citation counts","href_id":"#sec0015"},{"section_name":"3.1. Authors\u2019 characteristics beyond experience and skills","changed_name":"3. Other factors associated with citation counts","href_id":"#sec0020"},{"section_name":"3.2. Article characteristics","changed_name":"3. Other factors associated with citation counts","href_id":"#sec0025"},{"section_name":"3.3. Journal characteristics","changed_name":"3. Other factors associated with citation counts","href_id":"#sec0030"},{"section_name":"4. Method","changed_name":"4. Method","href_id":"#sec0035"},{"section_name":"4.1. The data","changed_name":"4. Method","href_id":"#sec0040"},{"section_name":"4.2. Statistical procedure","changed_name":"4. Method","href_id":"#sec0045"},{"section_name":"4.3. Model specification","changed_name":"4. Method","href_id":"#sec0050"},{"section_name":"5. Estimation results","changed_name":"5. Estimation results","href_id":"#sec0055"},{"section_name":"6. Concluding remarks","changed_name":"6. Concluding remarks","href_id":"#sec0060"},{"section_name":"Acknowledgements","changed_name":"Acknowledgements ","href_id":"#ack0005"},{"section_name":"References","changed_name":"References ","href_id":"#bibl0005"}]