[{"section_name":"Abstract","changed_name":"Abstract ","href_id":"#aep-abstract-id16"},{"section_name":"Highlights","changed_name":"Highlights ","href_id":"#aep-abstract-sec-id15"},{"section_name":"Highlights","changed_name":"Highlights ","href_id":"#aep-abstract-sec-id15"},{"section_name":"Keywords","changed_name":"Keywords ","href_id":"#aep-keywords-id18"},{"section_name":"1. Introduction","changed_name":"1. Introduction","href_id":"#sec0005"},{"section_name":"2. Data source and description of the database","changed_name":"2. Data source and description of the database","href_id":"#sec0010"},{"section_name":"2.1. Data source and processing","changed_name":"2. Data source and description of the database","href_id":"#sec0015"},{"section_name":"2.2. General description of the database","changed_name":"2. Data source and description of the database","href_id":"#sec0020"},{"section_name":"3. Methodology for mapping academic publishers: information gain","changed_name":"3. Methodology for mapping academic publishers: information gain","href_id":"#sec0025"},{"section_name":"4. Results","changed_name":"4. Results","href_id":"#sec0030"},{"section_name":"4.1. Histograms and calculation of information gain","changed_name":"4. Results","href_id":"#sec0035"},{"section_name":"4.2. Comparing publishers information gain using heliocentric clockwise maps","changed_name":"4. Results","href_id":"#sec0040"},{"section_name":"5. Discussion","changed_name":"5. Discussion","href_id":"#sec0045"},{"section_name":"6. Conclusions","changed_name":"6. Conclusions","href_id":"#sec0050"},{"section_name":"Acknowledgments","changed_name":"Acknowledgments ","href_id":"#aep-acknowledgment-id19"},{"section_name":"Appendix A. Supplementary data","changed_name":"Appendix A. Supplementary data","href_id":"#sec0060"},{"section_name":"Appendix B. Basic axiomatic characterization of a measure of information gain. ","changed_name":"Appendix B. Basic axiomatic characterization of a measure of information gain.","href_id":"#sec0065"},{"section_name":"References","changed_name":"References ","href_id":"#bibl0005"}]