[{"section_name":"Abstract","changed_name":"Abstract ","href_id":"#aep-abstract-id8"},{"section_name":"Highlights","changed_name":"Highlights ","href_id":"#aep-abstract-sec-id7"},{"section_name":"Highlights","changed_name":"Highlights ","href_id":"#aep-abstract-sec-id7"},{"section_name":"Keywords","changed_name":"Keywords ","href_id":"#aep-keywords-id10"},{"section_name":"1. Introduction","changed_name":"1. Introduction","href_id":"#sec0005"},{"section_name":"2. Literature","changed_name":"2. Literature","href_id":"#sec0010"},{"section_name":"3. Data","changed_name":"3. Data","href_id":"#sec0015"},{"section_name":"4. Methods","changed_name":"4. Methods","href_id":"#sec0020"},{"section_name":"5. Results","changed_name":"5. Results","href_id":"#sec0025"},{"section_name":"6. Discussion","changed_name":"6. Discussion","href_id":"#sec0030"},{"section_name":"7. Conclusion","changed_name":"7. Conclusion","href_id":"#sec0035"},{"section_name":"References","changed_name":"References ","href_id":"#bibl0005"}]