[{"section_name":"Abstract","changed_name":"Abstract ","href_id":"#aep-abstract-id5"},{"section_name":"Highlights","changed_name":"Highlights ","href_id":"#aep-abstract-sec-id4"},{"section_name":"Highlights","changed_name":"Highlights ","href_id":"#aep-abstract-sec-id4"},{"section_name":"Keywords","changed_name":"Keywords ","href_id":"#aep-keywords-id7"},{"section_name":"1. Introduction","changed_name":"1. Introduction","href_id":"#sec0005"},{"section_name":"2. Successful papers","changed_name":"2. Successful papers","href_id":"#sec0010"},{"section_name":"3. Indicators not covered in the family tree","changed_name":"3. Indicators not covered in the family tree","href_id":"#sec0015"},{"section_name":"4. Further research","changed_name":"4. Further research","href_id":"#sec0020"},{"section_name":"References","changed_name":"References ","href_id":"#bibl0005"}]