[{"section_name":"Abstract","changed_name":"Abstract ","href_id":"#aep-abstract-id10"},{"section_name":"Highlights","changed_name":"Highlights ","href_id":"#aep-abstract-sec-id9"},{"section_name":"Highlights","changed_name":"Highlights ","href_id":"#aep-abstract-sec-id9"},{"section_name":"Keywords","changed_name":"Keywords ","href_id":"#aep-keywords-id12"},{"section_name":"1. Introduction","changed_name":"1. Introduction","href_id":"#sec0005"},{"section_name":"2. Original SNIP indicator","changed_name":"2. Original SNIP indicator","href_id":"#sec0010"},{"section_name":"3. Revised SNIP indicator","changed_name":"3. Revised SNIP indicator","href_id":"#sec0015"},{"section_name":"4. Selection of citing journals","changed_name":"4. Selection of citing journals","href_id":"#sec0020"},{"section_name":"5. Empirical analysis","changed_name":"5. Empirical analysis","href_id":"#sec0025"},{"section_name":"5.1. Citing journals","changed_name":"5. Empirical analysis","href_id":"#sec0030"},{"section_name":"5.2. Selected results","changed_name":"5. Empirical analysis","href_id":"#sec0035"},{"section_name":"5.3. Comparison with the original SNIP indicator","changed_name":"5. Empirical analysis","href_id":"#sec0040"},{"section_name":"6. Conclusions","changed_name":"6. Conclusions","href_id":"#sec0045"},{"section_name":"Acknowledgments","changed_name":"Acknowledgments ","href_id":"#aep-acknowledgment-id13"},{"section_name":"Appendix A. Some properties of the revised SNIP indicator","changed_name":"Appendix A. Some properties of the revised SNIP indicator","href_id":"#sec0050"},{"section_name":"Appendix B. Source normalization in a formal mathematical framework","changed_name":"Appendix B. Source normalization in a formal mathematical framework","href_id":"#sec0055"},{"section_name":"References","changed_name":"References ","href_id":"#bibl0005"}]