section_name,changed_name,href_id
Highlights,Highlights ,#abs0005
Abstract,Abstract ,#abs0010
Keywords,Keywords ,#kwd0005
1. Introduction,1. Introduction,#sec0005
2. Related work,2. Related work,#sec0010
2.1. Trend analysis with various resources,2. Related work,#sec0015
2.2. Temporal analysis using topic modeling,2. Related work,#sec0020
3. LDA-based time gap analysis method,3. LDA-based time gap analysis method,#sec0025
3.1. Overview and data collection,3. LDA-based time gap analysis method,#sec0030
3.1.1. Overview,3. LDA-based time gap analysis method,#sec0035
3.1.2. Data collection,3. LDA-based time gap analysis method,#sec0040
3.2. LDA topic modeling,3. LDA-based time gap analysis method,#sec0045
3.2.1. Latent Dirichlet Allocation,3. LDA-based time gap analysis method,#sec0050
3.2.2. Word extraction,3. LDA-based time gap analysis method,#sec0055
3.2.3. Generating time slices with LDA,3. LDA-based time gap analysis method,#sec0060
3.3. Method of the time gap analysis,3. LDA-based time gap analysis method,#sec0065
3.3.1. Measuring topic similarity,3. LDA-based time gap analysis method,#sec0070
3.3.2. Optimizing and estimating the time gap,3. LDA-based time gap analysis method,#sec0075
4. Experiments for the time gap analysis,4. Experiments for the time gap analysis,#sec0080
4.1. Interpretation of the time gap phenomenon,4. Experiments for the time gap analysis,#sec0085
4.2. Time gap analysis between two resources,4. Experiments for the time gap analysis,#sec0090
4.3. Optimizing the time gaps between multiple resources,4. Experiments for the time gap analysis,#sec0095
5. Evaluation methods for the temporal analysis,5. Evaluation methods for the temporal analysis,#sec0100
5.1. Statistical evaluation based on power-law exponent,5. Evaluation methods for the temporal analysis,#sec0105
5.2. Evaluation based on the content analysis,5. Evaluation methods for the temporal analysis,#sec0110
6. Conclusion,6. Conclusion,#sec0115
Acknowledgements,Acknowledgements ,#ack0005
References,References ,#bibl0005
