[{"section_name":"Abstract","changed_name":"Abstract ","href_id":"#aep-abstract-id13"},{"section_name":"Highlights","changed_name":"Highlights ","href_id":"#aep-abstract-sec-id12"},{"section_name":"Highlights","changed_name":"Highlights ","href_id":"#aep-abstract-sec-id12"},{"section_name":"Keywords","changed_name":"Keywords ","href_id":"#aep-keywords-id15"},{"section_name":"1. Introduction","changed_name":"1. Introduction","href_id":"#sec0005"},{"section_name":"2. Methodology","changed_name":"2. Methodology","href_id":"#sec0010"},{"section_name":"3. Data","changed_name":"3. Data","href_id":"#sec0015"},{"section_name":"4. Results","changed_name":"4. Results","href_id":"#sec0020"},{"section_name":"5. Analysis and discussion","changed_name":"5. Analysis and discussion","href_id":"#sec0025"},{"section_name":"5.1. Caveat","changed_name":"5. Analysis and discussion","href_id":"#sec0030"},{"section_name":"6. Conclusion","changed_name":"6. Conclusion","href_id":"#sec0035"},{"section_name":"6.1. Suggestions for further research: time dependence of the exponent \u03b1 and its relation on our investigations","changed_name":"6. Conclusion","href_id":"#sec0040"},{"section_name":"Acknowledgements","changed_name":"Acknowledgements ","href_id":"#aep-acknowledgment-id16"},{"section_name":"Appendix A. Original data","changed_name":"Appendix A. Original data","href_id":"#sec0045"},{"section_name":"Appendix B. Burrell's data (1992) on \u201cregression\u201d","changed_name":"Appendix B. Burrell's data (1992) on \u201cregression\u201d","href_id":"#sec0050"},{"section_name":"Appendix C. Czerwon's (1995) data on a bibliography about the quantum hall effect and molecular dynamics","changed_name":"Appendix C. Czerwon's (1995) data on a bibliography about the quantum hall effect and molecular dynamics","href_id":"#sec0055"},{"section_name":"References","changed_name":"References ","href_id":"#bibl0005"}]