section_name,changed_name,href_id
Highlights,Highlights ,#abs0005
Abstract,Abstract ,#abs0010
Keywords,Keywords ,#kwd0005
1. Introduction,1. Introduction,#sec0005
2. Context,2. Context,#sec0010
3. Author types in articles,3. Author types in articles,#sec0015
4. Task-force estimation,4. Task-force estimation,#sec0020
4.1. Case studies,4. Task-force estimation,#sec0025
5. Final remarks,5. Final remarks,#sec0030
Acknowledgments,Acknowledgments ,#ack0005
References,References ,#bibl0005
