section_name,changed_name,href_id
Abstract,Abstract ,#aep-abstract-id10
Highlights,Highlights ,#aep-abstract-sec-id9
Highlights,Highlights ,#aep-abstract-sec-id9
Keywords,Keywords ,#aep-keywords-id12
1. Introduction,1. Introduction,#sec0005
2. Original SNIP indicator,2. Original SNIP indicator,#sec0010
3. Revised SNIP indicator,3. Revised SNIP indicator,#sec0015
4. Selection of citing journals,4. Selection of citing journals,#sec0020
5. Empirical analysis,5. Empirical analysis,#sec0025
5.1. Citing journals,5. Empirical analysis,#sec0030
5.2. Selected results,5. Empirical analysis,#sec0035
5.3. Comparison with the original SNIP indicator,5. Empirical analysis,#sec0040
6. Conclusions,6. Conclusions,#sec0045
Acknowledgments,Acknowledgments ,#aep-acknowledgment-id13
Appendix A. Some properties of the revised SNIP indicator,Appendix A. Some properties of the revised SNIP indicator,#sec0050
Appendix B. Source normalization in a formal mathematical framework,Appendix B. Source normalization in a formal mathematical framework,#sec0055
References,References ,#bibl0005
