section_name,changed_name,href_id
Highlights,Highlights ,#abs0010
Abstract,Abstract ,#abs0015
Graphical abstract,Graphical abstract,#abs0005
Keywords,Keywords ,#kwd0005
1. Introduction,1. Introduction,#sec0005
2. Methods and materials,2. Methods and materials,#sec0010
2.1. Data,2. Methods and materials,#sec0015
2.2. Methods,2. Methods and materials,#sec0020
3. Results,3. Results,#sec0025
3.1. Cores of integration,3. Results,#sec0030
3.2. High energy and particle physics,3. Results,#sec0035
3.3. Advanced manufacturing technology,3. Results,#sec0040
4. Conclusions,4. Conclusions,#sec0045
5. Discussion,5. Discussion,#sec0050
Acknowledgement,Acknowledgement ,#ack0005
References,References ,#bibl0005
