[{"section_name":"Highlights","changed_name":"Highlights ","href_id":"#abs0005"},{"section_name":"Abstract","changed_name":"Abstract ","href_id":"#abs0010"},{"section_name":"Keywords","changed_name":"Keywords ","href_id":"#kwd0005"},{"section_name":"1. Introduction","changed_name":"1. Introduction","href_id":"#sec0005"},{"section_name":"2. Materials and methods","changed_name":"2. Materials and methods","href_id":"#sec0010"},{"section_name":"2.1. Data","changed_name":"2. Materials and methods","href_id":"#sec0015"},{"section_name":"2.2. Analysis","changed_name":"2. Materials and methods","href_id":"#sec0020"},{"section_name":"2.3. Limitations","changed_name":"2. Materials and methods","href_id":"#sec0025"},{"section_name":"3. Results","changed_name":"3. Results","href_id":"#sec0030"},{"section_name":"3.1. Cabell's journals","changed_name":"3. Results","href_id":"#sec0035"},{"section_name":"3.2. Cabell's and JCR journals","changed_name":"3. Results","href_id":"#sec0040"},{"section_name":"3.3. Open access journals","changed_name":"3. Results","href_id":"#sec0045"},{"section_name":"4. Discussion and conclusion","changed_name":"4. Discussion and conclusion","href_id":"#sec0050"},{"section_name":"References","changed_name":"References ","href_id":"#bibl0005"}]