section_name,changed_name,href_id
Highlights,Highlights ,#abs0005
Abstract,Abstract ,#abs0010
Keywords,Keywords ,#kwd0005
1. Introduction,1. Introduction,#sec0005
1.1. PubMed compared to other databases,1. Introduction,#sec0010
2. Methods,2. Methods,#sec0015
2.1. Data retrieval,2. Methods,#sec0020
2.2. PubMed's publication types,2. Methods,#sec0025
2.3. Newer and older journals,2. Methods,#sec0030
2.4. Electronic and print journals,2. Methods,#sec0035
2.5. Open or subscription access,2. Methods,#sec0040
2.6. Funding,2. Methods,#sec0045
2.7. Affiliations,2. Methods,#sec0050
2.8. Language,2. Methods,#sec0055
3. Results,3. Results,#sec0060
"3.1. New vs older journals, start publication year (Table 1)",3. Results,#sec0065
3.2. Publication types,3. Results,#sec0070
3.3. Searching with and without “journal article[pt]” and/or MeSH terms (Table 3),3. Results,#sec0075
"3.4. Electronic or print journals titles (Fig. 5, Table 4)",3. Results,#sec0080
"3.5. Open or subscription access journal articles (Fig. 6, Table 5)",3. Results,#sec0085
3.6. Funding,3. Results,#sec0090
3.7. Country (affiliation),3. Results,#sec0095
"3.8. Language (Fig. 10, Table 9)",3. Results,#sec0100
"3.9. Home country of publisher (Fig. 12, Table 10)",3. Results,#sec0105
4. Discussion,4. Discussion,#sec0110
4.1. Implication of findings,4. Discussion,#sec0115
4.2. Quality or quantity?,4. Discussion,#sec0120
4.3. Similar works,4. Discussion,#sec0125
5. Conclusion,5. Conclusion,#sec0130
Conflict of interest statement,Conflict of interest statement,#sec0135
Funding,Funding ,#sec0140
Appendix A. Supplementary data,Appendix A. Supplementary data,#sec0155
References,References ,#bibl0005
