section_name,changed_name,href_id
Highlights,Highlights ,#abs0005
Abstract,Abstract ,#abs0010
Keywords,Keywords ,#kwd0005
1. Introduction,1. Introduction,#sec0005
2. Overview of previous research on Mendeley as an altmetric data source,2. Overview of previous research on Mendeley as an altmetric data source,#sec0010
3. Methods,3. Methods,#sec0015
3.1. Peer ratings provided by F1000,3. Methods,#sec0020
3.2. Generation of the data set,3. Methods,#sec0025
3.3. Statistical procedure and software used,3. Methods,#sec0030
3.4. The distribution and selection of the tags in the data set,3. Methods,#sec0035
3.5. Research questions,3. Methods,#sec0040
4. Results,4. Results,#sec0045
4.1. Number of Mendeley counts for the user groups,4. Results,#sec0050
4.2. Results of the regression models,4. Results,#sec0055
5. Discussion,5. Discussion,#sec0060
6. Conclusions,6. Conclusions,#sec0065
Acknowledgements,Acknowledgements ,#ack0005
Appendix A. Supplementary data,Appendix A. Supplementary data,#sec0080
References,References ,#bibl0005
