section_name,changed_name,href_id
Highlights,Highlights ,#abs0005
Abstract,Abstract ,#abs0010
Keywords,Keywords ,#kwd0005
1. Introduction,1. Introduction,#sec0005
2. Methodology,2. Methodology,#sec0010
2.1. Data,2. Methodology,#sec0015
2.2. Statistical procedures and software,2. Methodology,#sec0020
3. Results,3. Results,#sec0025
3.1. Descriptive statistics,3. Results,#sec0030
3.2. Results of the regression analysis,3. Results,#sec0035
4. Discussion and conclusions,4. Discussion and conclusions,#sec0040
5. Recommendations for future studies,5. Recommendations for future studies,#sec0045
Acknowledgements,Acknowledgements ,#ack0005
References,References ,#bibl0005
