[{"section_name":"Highlights","changed_name":"Highlights ","href_id":"#abst0005"},{"section_name":"Highlights","changed_name":"Highlights ","href_id":"#abst0005"},{"section_name":"Abstract","changed_name":"Abstract ","href_id":"#abs0010"},{"section_name":"Keywords","changed_name":"Keywords ","href_id":"#kwd0005"},{"section_name":"1. Introduction","changed_name":"1. Introduction","href_id":"#sec0005"},{"section_name":"2. Methodology","changed_name":"2. Methodology","href_id":"#sec0010"},{"section_name":"2.1. Selection of relevant literature","changed_name":"2. Methodology","href_id":"#sec0015"},{"section_name":"2.2. Article dataset formation","changed_name":"2. Methodology","href_id":"#sec0020"},{"section_name":"2.3. Data mining","changed_name":"2. Methodology","href_id":"#sec0025"},{"section_name":"2.3.1. Article clustering","changed_name":"2. Methodology","href_id":"#sec0030"},{"section_name":"2.3.2. Keyword frequency and journal distributions","changed_name":"2. Methodology","href_id":"#sec0035"},{"section_name":"2.4. Interpretation","changed_name":"2. Methodology","href_id":"#sec0040"},{"section_name":"2.5. Comparison with other scientometric methods","changed_name":"2. Methodology","href_id":"#sec0045"},{"section_name":"3. Adaptation for the case study","changed_name":"3. Adaptation for the case study","href_id":"#sec0050"},{"section_name":"3.1. Selection of relevant literature","changed_name":"3. Adaptation for the case study","href_id":"#sec0055"},{"section_name":"3.2. Article dataset formation","changed_name":"3. Adaptation for the case study","href_id":"#sec0060"},{"section_name":"3.3. Data mining","changed_name":"3. Adaptation for the case study","href_id":"#sec0065"},{"section_name":"4. Results of the case study","changed_name":"4. Results of the case study","href_id":"#sec0070"},{"section_name":"4.1. Keyword frequency analysis","changed_name":"4. Results of the case study","href_id":"#sec0075"},{"section_name":"4.2. Structural view using clustering","changed_name":"4. Results of the case study","href_id":"#sec0080"},{"section_name":"4.3. Journal distribution","changed_name":"4. Results of the case study","href_id":"#sec0085"},{"section_name":"4.4. Discussion","changed_name":"4. Results of the case study","href_id":"#sec0090"},{"section_name":"4.5. Benefits and limitations","changed_name":"4. Results of the case study","href_id":"#sec0095"},{"section_name":"5. Conclusion","changed_name":"5. Conclusion","href_id":"#sec0100"},{"section_name":"Acknowledgements","changed_name":"Acknowledgements ","href_id":"#ack0005"},{"section_name":"References","changed_name":"References ","href_id":"#bibl0005"}]