[{"section_name":"Abstract","changed_name":"Abstract ","href_id":"#abs0005"},{"section_name":"Keywords","changed_name":"Keywords ","href_id":"#kwd0005"},{"section_name":"1. Introduction","changed_name":"1. Introduction","href_id":"#sec0005"},{"section_name":"2. Partner importance model","changed_name":"2. Partner importance model","href_id":"#sec0010"},{"section_name":"2.1. Hubs and authorities","changed_name":"2. Partner importance model","href_id":"#sec0015"},{"section_name":"2.2. Contextual partner importance","changed_name":"2. Partner importance model","href_id":"#sec0020"},{"section_name":"2.3. Personalization metrics","changed_name":"2. Partner importance model","href_id":"#sec0025"},{"section_name":"2.3.1. Illustrative example","changed_name":"2. Partner importance model","href_id":"#sec0030"},{"section_name":"3. Results and discussion","changed_name":"3. Results and discussion","href_id":"#sec0035"},{"section_name":"4. Conclusions","changed_name":"4. Conclusions","href_id":"#sec0040"},{"section_name":"References","changed_name":"References ","href_id":"#bibl0005"}]