section_name,changed_name,href_id
Highlights,Highlights ,#abs0005
Abstract,Abstract ,#abs0010
MSC,MSC ,#kwd0005
Keywords,Keywords ,#kwd0010
1. Introduction,1. Introduction,#sec0005
2. The uniform random upper bound family and the Stigler-RUBM FSD,2. The uniform random upper bound family and the Stigler-RUBM FSD,#sec0010
3. Other members of the URUB family and the generalized Benford law,3. Other members of the URUB family and the generalized Benford law,#sec0015
3.1. The gamma URUB family,3. Other members of the URUB family and the generalized Benford law,#sec0020
3.2. The Erlang URUB family,3. Other members of the URUB family and the generalized Benford law,#sec0025
3.3. The Burr URUB family,3. Other members of the URUB family and the generalized Benford law,#sec0030
3.4. The generalized Benford law,3. Other members of the URUB family and the generalized Benford law,#sec0035
4. Application to real-world data sets: the fine structure index of Benford's law,4. Application to real-world data sets: the fine structure index of Benford's law,#sec0040
Acknowledgment,Acknowledgment ,#ack0005
References,References ,#bibl0005
