section_name,changed_name,href_id
Highlights,Highlights ,#abst0005
Highlights,Highlights ,#abst0005
Abstract,Abstract ,#abs0010
Keywords,Keywords ,#kwd0005
1. Introduction,1. Introduction,#sec0005
2. L-Sequence,2. L-Sequence,#sec0010
2.1. Definition of L-Sequence,2. L-Sequence,#sec0015
2.2. Graphical illustration of L-Sequence,2. L-Sequence,#sec0020
2.3. Application of L-Sequence,2. L-Sequence,#sec0025
3. Empirical study,3. Empirical study,#sec0030
3.1. Comparison of L∝ to h and g index,3. Empirical study,#sec0035
3.2. Applicable to different evaluation objective,3. Empirical study,#sec0040
3.3. Investigation of developing trend for research discipline,3. Empirical study,#sec0045
4. Summary,4. Summary,#sec0050
References,References ,#bibl0005
