section_name,changed_name,href_id
Highlights,Highlights ,#abs0005
Abstract,Abstract ,#abs0010
Keywords,Keywords ,#kwd0005
1. Introduction,1. Introduction,#sec0005
2. Previous research,2. Previous research,#sec0010
3. Methods,3. Methods,#sec0015
4. Results,4. Results,#sec0020
4.1. Does AI overestimate 5IF for science-related journals?,4. Results,#sec0025
4.2. The independent effect of science-related status,4. Results,#sec0030
5. Conclusion,5. Conclusion,#sec0035
Acknowledgements,Acknowledgements ,#ack0005
Research Data,Research Data,#ec-research-data
References,References ,#bibl0005
