[{"section_name":"Abstract","changed_name":"Abstract ","href_id":"#aep-abstract-id14"},{"section_name":"Keywords","changed_name":"Keywords ","href_id":"#aep-keywords-id16"},{"section_name":"1. Introduction","changed_name":"1. Introduction","href_id":"#sec0005"},{"section_name":"2. Related work","changed_name":"2. Related work","href_id":"#sec0010"},{"section_name":"2.1. Scientific collaboration","changed_name":"2. Related work","href_id":"#sec0015"},{"section_name":"2.2. Subgraph detection","changed_name":"2. Related work","href_id":"#sec0020"},{"section_name":"2.3. Topic modeling","changed_name":"2. Related work","href_id":"#sec0025"},{"section_name":"2.4. Result diversification","changed_name":"2. Related work","href_id":"#sec0030"},{"section_name":"3. Methods","changed_name":"3. Methods","href_id":"#sec0035"},{"section_name":"3.1. Topic modeling","changed_name":"3. Methods","href_id":"#sec0040"},{"section_name":"3.2. Construction of diversity subgraph","changed_name":"3. Methods","href_id":"#sec0045"},{"section_name":"3.2.1. Diversity optimization for connected subgraph problem","changed_name":"3. Methods","href_id":"#sec0050"},{"section_name":"3.2.2. Diversity optimization for constraint-based connected subgraph problem","changed_name":"3. Methods","href_id":"#sec0055"},{"section_name":"3.3. Datasets for demonstration","changed_name":"3. Methods","href_id":"#sec0060"},{"section_name":"4. Results","changed_name":"4. Results","href_id":"#sec0065"},{"section_name":"4.1. Diversity Subgraph Extraction (DSE) algorithm","changed_name":"4. Results","href_id":"#sec0070"},{"section_name":"4.2. Constraint-based Diversity Subgraph Extraction (CDSE) algorithm","changed_name":"4. Results","href_id":"#sec0075"},{"section_name":"5. Discussion","changed_name":"5. Discussion","href_id":"#sec0080"},{"section_name":"5.1. Evaluation","changed_name":"5. Discussion","href_id":"#sec0085"},{"section_name":"5.2. Limitations","changed_name":"5. Discussion","href_id":"#sec0090"},{"section_name":"6. Conclusion","changed_name":"6. Conclusion","href_id":"#sec0095"},{"section_name":"Acknowledgments","changed_name":"Acknowledgments ","href_id":"#aep-acknowledgment-id17"},{"section_name":"References","changed_name":"References ","href_id":"#bibl0005"}]