section_name,changed_name,href_id
Abstract,Abstract ,#abs0005
Keywords,Keywords ,#kwd0005
1. Introduction,1. Introduction,#sec0005
"2. Data, model, and method","2. Data, model, and method",#sec0010
2.1. Data,"2. Data, model, and method",#sec0015
2.2. Model,"2. Data, model, and method",#sec0020
2.3. Method,"2. Data, model, and method",#sec0025
3. Results,3. Results,#sec0030
3.1. Regularities in time-dependent distribution of the percentages of never-cited papers in six sample journals,3. Results,#sec0035
3.2. How great an influence the length of papers has on whether they will be cited or not,3. Results,#sec0040
4. Conclusions,4. Conclusions,#sec0045
Acknowledgment,Acknowledgment ,#ack0005
References,References ,#bibl0005
