section_name,changed_name,href_id
Highlights,Highlights ,#abs0005
Abstract,Abstract ,#abs0010
Keywords,Keywords ,#kwd0005
1. Introduction,1. Introduction,#sec0005
2. A reminder of basic theory results,2. A reminder of basic theory results,#sec0010
3. The exponential informetric process and the effort amount,3. The exponential informetric process and the effort amount,#sec0015
3.1. General definition of an EIP,3. The exponential informetric process and the effort amount,#sec0020
3.2. Examples,3. The exponential informetric process and the effort amount,#sec0025
3.2.1. Exponential case,3. The exponential informetric process and the effort amount,#sec0030
3.2.2. Inverse power case,3. The exponential informetric process and the effort amount,#sec0035
3.2.3. Application: calculating the amount of effort needed to produce words in a text,3. The exponential informetric process and the effort amount,#sec0050
3.2.4. Discussion on the effort function,3. The exponential informetric process and the effort amount,#sec0055
4. The necessary and sufficient condition for the existence of an exponential informetric process,4. The necessary and sufficient condition for the existence of an exponential informetric process,#sec0060
4.1. Comment,4. The necessary and sufficient condition for the existence of an exponential informetric process,#sec0065
4.1.1. N is finite,4. The necessary and sufficient condition for the existence of an exponential informetric process,#sec0070
4.1.2. N is infinite,4. The necessary and sufficient condition for the existence of an exponential informetric process,#sec0075
4.2. Discussion,4. The necessary and sufficient condition for the existence of an exponential informetric process,#sec0080
5. Examples of processes,5. Examples of processes,#sec0085
5.1. Exponential process,5. Examples of processes,#sec0090
5.1.1. N is finite,5. Examples of processes,#sec0095
5.1.2. Numerical example No. 1,5. Examples of processes,#sec0100
5.1.3. N is infinite,5. Examples of processes,#sec0105
5.1.4. Discussion,5. Examples of processes,#sec0110
5.2. Inverse power process,5. Examples of processes,#sec0115
5.2.1. N is finite,5. Examples of processes,#sec0120
5.2.2. Numerical example No. 2,5. Examples of processes,#sec0125
5.2.3. Numerical example No. 3,5. Examples of processes,#sec0130
5.2.4. N is infinite,5. Examples of processes,#sec0135
5.2.5. Discussion,5. Examples of processes,#sec0140
5.2.6. Discussion: limits and contributions,5. Examples of processes,#sec0145
6. Conclusion,6. Conclusion,#sec0150
References,References ,#bibl0005
