section_name,changed_name,href_id
Abstract,Abstract ,#aep-abstract-id9
Highlights,Highlights ,#aep-abstract-sec-id8
Highlights,Highlights ,#aep-abstract-sec-id8
Keywords,Keywords ,#aep-keywords-id11
1. Introduction,1. Introduction,#sec0005
2. Related works,2. Related works,#sec0010
3. Materials and methods,3. Materials and methods,#sec0015
3.1. Normalized Similarity Index,3. Materials and methods,#sec0020
3.2. Overview of the tool,3. Materials and methods,#sec0025
3.3. Citation networks,3. Materials and methods,#sec0030
3.4. Validation,3. Materials and methods,#sec0035
4. Results,4. Results,#sec0040
4.1. Performance of the similarity measures,4. Results,#sec0045
5. Discussion,5. Discussion,#sec0050
6. Conclusions,6. Conclusions,#sec0055
Acknowledgments,Acknowledgments ,#aep-acknowledgment-id12
Appendix A. Supplementary data,Appendix A. Supplementary data,#sec0065
References,References ,#bibl0005
