section_name,changed_name,href_id
Abstract,Abstract ,#aep-abstract-id13
Highlights,Highlights ,#aep-abstract-sec-id12
Highlights,Highlights ,#aep-abstract-sec-id12
Keywords,Keywords ,#aep-keywords-id15
1. Introduction,1. Introduction,#sec0005
2. Methodology,2. Methodology,#sec0010
3. Data,3. Data,#sec0015
4. Results,4. Results,#sec0020
5. Analysis and discussion,5. Analysis and discussion,#sec0025
5.1. Caveat,5. Analysis and discussion,#sec0030
6. Conclusion,6. Conclusion,#sec0035
6.1. Suggestions for further research: time dependence of the exponent α and its relation on our investigations,6. Conclusion,#sec0040
Acknowledgements,Acknowledgements ,#aep-acknowledgment-id16
Appendix A. Original data,Appendix A. Original data,#sec0045
Appendix B. Burrell's data (1992) on “regression”,Appendix B. Burrell's data (1992) on “regression”,#sec0050
Appendix C. Czerwon's (1995) data on a bibliography about the quantum hall effect and molecular dynamics,Appendix C. Czerwon's (1995) data on a bibliography about the quantum hall effect and molecular dynamics,#sec0055
References,References ,#bibl0005
