[{"section_name":"Highlights","changed_name":"Highlights ","href_id":"#abst0005"},{"section_name":"Highlights","changed_name":"Highlights ","href_id":"#abst0005"},{"section_name":"Abstract","changed_name":"Abstract ","href_id":"#abs0010"},{"section_name":"Keywords","changed_name":"Keywords ","href_id":"#kwd0005"},{"section_name":"1. Introduction","changed_name":"1. Introduction","href_id":"#sec0005"},{"section_name":"2. Methods and materials","changed_name":"2. Methods and materials","href_id":"#sec0010"},{"section_name":"2.1. Data","changed_name":"2. Methods and materials","href_id":"#sec0015"},{"section_name":"2.2. Mathematical model","changed_name":"2. Methods and materials","href_id":"#sec0020"},{"section_name":"2.3. Parameter estimation","changed_name":"2. Methods and materials","href_id":"#sec0025"},{"section_name":"2.4. Implementation","changed_name":"2. Methods and materials","href_id":"#sec0030"},{"section_name":"3. Calculation and results","changed_name":"3. Calculation and results","href_id":"#sec0035"},{"section_name":"4. Discussion and conclusion","changed_name":"4. Discussion and conclusion","href_id":"#sec0040"},{"section_name":"Acknowledgements","changed_name":"Acknowledgements ","href_id":"#ack0005"},{"section_name":"References","changed_name":"References ","href_id":"#bibl0005"}]