section_name,changed_name,href_id
Abstract,Abstract ,#aep-abstract-id7
Highlights,Highlights ,#aep-abstract-sec-id6
Highlights,Highlights ,#aep-abstract-sec-id6
Keywords,Keywords ,#aep-keywords-id9
1. Introduction,1. Introduction,#sec0005
2. Theoretical framework,2. Theoretical framework,#sec0010
3. Methodology,3. Methodology,#sec0015
4. Results,4. Results,#sec0020
5. Discussion and conclusions,5. Discussion and conclusions,#sec0025
Acknowledgements,Acknowledgements ,#aep-acknowledgment-id10
References,References ,#bibl0005
