[{"section_name":"Highlights","changed_name":"Highlights ","href_id":"#abs0005"},{"section_name":"Abstract","changed_name":"Abstract ","href_id":"#abs0010"},{"section_name":"Keywords","changed_name":"Keywords ","href_id":"#kwd0005"},{"section_name":"1. Introduction","changed_name":"1. Introduction","href_id":"#sec0005"},{"section_name":"2. The normalization of the impact factor using the citation potential in the journal topic","changed_name":"2. The normalization of the impact factor using the citation potential in the journal topic","href_id":"#sec0010"},{"section_name":"2.1. The journal impact factor","changed_name":"2. The normalization of the impact factor using the citation potential in the journal topic","href_id":"#sec0015"},{"section_name":"2.2. The citation potential of a database","changed_name":"2. The normalization of the impact factor using the citation potential in the journal topic","href_id":"#sec0020"},{"section_name":"2.3. The citation potential in the journal topic","changed_name":"2. The normalization of the impact factor using the citation potential in the journal topic","href_id":"#sec0025"},{"section_name":"2.4. The topic normalized impact factor","changed_name":"2. The normalization of the impact factor using the citation potential in the journal topic","href_id":"#sec0030"},{"section_name":"3. Methods and materials","changed_name":"3. Methods and materials","href_id":"#sec0035"},{"section_name":"4. Results and discussion","changed_name":"4. Results and discussion","href_id":"#sec0040"},{"section_name":"5. Conclusions","changed_name":"5. Conclusions","href_id":"#sec0045"},{"section_name":"References","changed_name":"References ","href_id":"#bibl0005"}]