section_name,changed_name,href_id
Abstract,Abstract ,#aep-abstract-id17
Highlights,Highlights ,#aep-abstract-sec-id16
Highlights,Highlights ,#aep-abstract-sec-id16
Keywords,Keywords ,#aep-keywords-id19
1. Introduction,1. Introduction,#sec0005
2. Methods,2. Methods,#sec0010
2.1. Data,2. Methods,#sec0015
2.2. Citation flow vs. knowledge flow,2. Methods,#sec0020
2.3. Scientific disciplines: dimensions and characteristics,2. Methods,#sec0025
3. Results,3. Results,#sec0030
3.1. The acceleration of science (Scientific Trading Impact and Dynamics),3. Results,#sec0035
3.2. Exporters and importers,3. Results,#sec0040
3.2.1. Knowledge flow and knowledge surplus,3. Results,#sec0045
3.2.2. Science hubs,3. Results,#sec0050
3.3. Discipline Self-dependence,3. Results,#sec0055
4. Discussion,4. Discussion,#sec0060
4.1. Interrelationship of the scientific trading dimensions,4. Discussion,#sec0065
4.2. Applying the scientific trading dimensions to a variety of fields,4. Discussion,#sec0070
4.3. Characteristics of the sciences and the social sciences,4. Discussion,#sec0075
5. Conclusion,5. Conclusion,#sec0080
Acknowledgement,Acknowledgement ,#aep-acknowledgment-id20
Appendix A. Supplementary data,Appendix A. Supplementary data,#sec0090
References,References ,#bibl0005
