section_name,changed_name,href_id
Highlights,Highlights ,#abst0010
Highlights,Highlights ,#abst0010
Abstract,Abstract ,#abs0015
Graphical abstract,Graphical abstract,#abst0005
Graphical abstract,Graphical abstract,#abst0005
Keywords,Keywords ,#kwd0005
1. Introduction,1. Introduction,#sec0005
2. Background: accounting for coauthorship in publication counting,2. Background: accounting for coauthorship in publication counting,#sec0010
2.1. Inflated publication counting,2. Background: accounting for coauthorship in publication counting,#sec0015
2.2. Fractional publication counting,2. Background: accounting for coauthorship in publication counting,#sec0020
2.3. Harmonic estimates of actual publication credit,2. Background: accounting for coauthorship in publication counting,#sec0025
2.4. Top-down versus bottom-up allocation of publication credit,2. Background: accounting for coauthorship in publication counting,#sec0030
3. Material and methods,3. Material and methods,#sec0035
3.1. Conventional publication counts and the prevalence of international collaboration 1973–2013,3. Material and methods,#sec0040
3.1.1. Doubling time,3. Material and methods,#sec0045
3.2. Top-level publications 2012–2013,3. Material and methods,#sec0050
3.2.1. Harmonic credit,3. Material and methods,#sec0055
3.2.2. Additional byline information,3. Material and methods,#sec0060
3.2.3. Fractional and inflated credit,3. Material and methods,#sec0065
3.2.4. Lorenz/Leimkuhler curves and Gini coefficients,3. Material and methods,#sec0070
4. Results and discussion,4. Results and discussion,#sec0075
4.1. Delineating the publication gap,4. Results and discussion,#sec0080
4.1.1. Conventional inflated publication count,4. Results and discussion,#sec0085
4.1.2. International collaboration,4. Results and discussion,#sec0090
4.1.3. From gap to overlap,4. Results and discussion,#sec0095
4.2. A top-level close-up,4. Results and discussion,#sec0100
4.2.1. Publication credit,4. Results and discussion,#sec0105
4.2.2. Contributory inequality,4. Results and discussion,#sec0110
4.2.3. Output gap,4. Results and discussion,#sec0115
5. Conclusions,5. Conclusions,#sec0120
Acknowledgements,Acknowledgements ,#ack0005
References,References ,#bibl0005
