[{"section_name":"Abstract","changed_name":"Abstract ","href_id":"#aep-abstract-id7"},{"section_name":"Keywords","changed_name":"Keywords ","href_id":"#aep-keywords-id9"},{"section_name":"1. Introduction","changed_name":"1. Introduction","href_id":"#sec0005"},{"section_name":"2. The first example","changed_name":"2. The first example","href_id":"#sec0010"},{"section_name":"3. Further examples","changed_name":"3. Further examples","href_id":"#sec0015"},{"section_name":"4. Conclusions","changed_name":"4. Conclusions","href_id":"#sec0020"},{"section_name":"References","changed_name":"References ","href_id":"#bibl0005"}]