[{"section_name":"Highlights","changed_name":"Highlights ","href_id":"#abs0005"},{"section_name":"Abstract","changed_name":"Abstract ","href_id":"#abs0010"},{"section_name":"Abbreviation","changed_name":"Abbreviation ","href_id":"#kwd0005"},{"section_name":"Keywords","changed_name":"Keywords ","href_id":"#kwd0010"},{"section_name":"1. Introduction","changed_name":"1. Introduction","href_id":"#sec0005"},{"section_name":"2. Methods","changed_name":"2. Methods","href_id":"#sec0010"},{"section_name":"2.1. The measuring framework","changed_name":"2. Methods","href_id":"#sec0015"},{"section_name":"2.2. Normalization procedures","changed_name":"2. Methods","href_id":"#sec0020"},{"section_name":"3. Data","changed_name":"3. Data","href_id":"#sec0025"},{"section_name":"3.1. The dataset","changed_name":"3. Data","href_id":"#sec0030"},{"section_name":"3.2. Descriptive statistics within each year","changed_name":"3. Data","href_id":"#sec0035"},{"section_name":"4. Empirical results","changed_name":"4. Empirical results","href_id":"#sec0040"},{"section_name":"4.1. The importance of the IDCP term over the 1980\u20132004 period","changed_name":"4. Empirical results","href_id":"#sec0045"},{"section_name":"4.2. The relative performance of alternative normalization procedures","changed_name":"4. Empirical results","href_id":"#sec0050"},{"section_name":"5. Discussion and conclusions","changed_name":"5. Discussion and conclusions","href_id":"#sec0055"},{"section_name":"Acknowledgement","changed_name":"Acknowledgement ","href_id":"#ack0005"},{"section_name":"References","changed_name":"References ","href_id":"#bibl0005"}]