section_name,changed_name,href_id
Abstract,Abstract ,#aep-abstract-id11
Highlights,Highlights ,#aep-abstract-sec-id10
Highlights,Highlights ,#aep-abstract-sec-id10
Keywords,Keywords ,#aep-keywords-id13
1. Introduction,1. Introduction,#sec0005
2. The Italian higher education system,2. The Italian higher education system,#sec0010
3. Productivity rankings at individual and university levels: methodology and dataset,3. Productivity rankings at individual and university levels: methodology and dataset,#sec0015
4. Results and analysis,4. Results and analysis,#sec0020
4.1. Descriptive analysis,4. Results and analysis,#sec0025
4.2. Relationship between university productivity and the concentrations of top and unproductive researchers,4. Results and analysis,#sec0030
5. Concluding remarks,5. Concluding remarks,#sec0035
References,References ,#bibl0005
