section_name,changed_name,href_id
Highlights,Highlights ,#abs0005
Abstract,Abstract ,#abs0010
Keywords,Keywords ,#kwd0005
1. Introduction,1. Introduction,#sec0005
2. Basic concepts and equations for growth behavior of citations,2. Basic concepts and equations for growth behavior of citations,#sec0010
3. Citation data for analysis,3. Citation data for analysis,#sec0015
4. Results and discussion,4. Results and discussion,#sec0020
5. Summary and conclusions,5. Summary and conclusions,#sec0025
Acknowledgement,Acknowledgement ,#ack0005
Appendix A. Basic concepts of overall crystallization,Appendix A. Basic concepts of overall crystallization,#sec0035
References,References ,#bibl0005
