section_name,changed_name,href_id
Highlights,Highlights ,#abs0005
Abstract,Abstract ,#abs0010
Keywords,Keywords ,#kwd0005
1. Introduction,1. Introduction,#sec0005
2. Methods,2. Methods,#sec0010
2.1. Different percentile-based approaches for normalizing citation counts,2. Methods,#sec0015
2.2. P100: a new citation-rank approach,2. Methods,#sec0020
2.3. Dataset used for the empirical comparison of the different percentile-based approaches and P100,2. Methods,#sec0025
3. Results,3. Results,#sec0030
3.1. The comparison of the citation impact distributions,3. Results,#sec0035
3.2. Analysis of the citation impacts of all papers from 1980 in subsequent years,3. Results,#sec0040
"3.3. Analysis of fictitious research units (scientists, research groups, or institutions)",3. Results,#sec0045
4. Discussion,4. Discussion,#sec0050
5. Conclusions,5. Conclusions,#sec0055
Acknowledgements,Acknowledgements ,#ack0005
References,References ,#bibl0005
