[{"section_name":"Highlights","changed_name":"Highlights ","href_id":"#abs0005"},{"section_name":"Abstract","changed_name":"Abstract ","href_id":"#abs0010"},{"section_name":"Keywords","changed_name":"Keywords ","href_id":"#kwd0005"},{"section_name":"1. Introduction","changed_name":"1. Introduction","href_id":"#sec0005"},{"section_name":"2. Literature review","changed_name":"2. Literature review","href_id":"#sec0010"},{"section_name":"2.1. Journal impact factor (JIF)","changed_name":"2. Literature review","href_id":"#sec0015"},{"section_name":"2.2. Science\u2013technology interaction","changed_name":"2. Literature review","href_id":"#sec0020"},{"section_name":"3. Methodology","changed_name":"3. Methodology","href_id":"#sec0025"},{"section_name":"3.1. Data collection","changed_name":"3. Methodology","href_id":"#sec0030"},{"section_name":"3.2. Measures: TIF and aggregate TIF","changed_name":"3. Methodology","href_id":"#sec0035"},{"section_name":"4. Result","changed_name":"4. Result","href_id":"#sec0040"},{"section_name":"4.1. Top ten journals on TIF5 and JIF5","changed_name":"4. Result","href_id":"#sec0045"},{"section_name":"4.2. Comparison among TIF5, TIF10, and JIF5 in Electrical & Electronic Engineering, Research & Experimental Medicine, and Organic Chemistry","changed_name":"4. Result","href_id":"#sec0050"},{"section_name":"5. Discussion","changed_name":"5. Discussion","href_id":"#sec0055"},{"section_name":"6. Conclusion","changed_name":"6. Conclusion","href_id":"#sec0060"},{"section_name":"References","changed_name":"References ","href_id":"#bibl0005"}]