section_name,changed_name,href_id
Highlights,Highlights ,#abs0005
Abstract,Abstract ,#abs0010
Keywords,Keywords ,#kwd0005
1. Introduction,1. Introduction,#sec0005
2. Methods,2. Methods,#sec0010
2.1. Data and bibliometric indicators,2. Methods,#sec0015
2.2. Canonical Biplot,2. Methods,#sec0020
2.3. Effect sizes,2. Methods,#sec0025
3. Results,3. Results,#sec0030
3.1. Biplot analysis,3. Results,#sec0035
3.2. Effect sizes results,3. Results,#sec0040
4. Discussion and conclusions,4. Discussion and conclusions,#sec0045
Acknowledgements,Acknowledgements ,#ack0005
References,References ,#bibl0005
