[{"section_name":"Highlights","changed_name":"Highlights ","href_id":"#abst0005"},{"section_name":"Highlights","changed_name":"Highlights ","href_id":"#abst0005"},{"section_name":"Abstract","changed_name":"Abstract ","href_id":"#abs0010"},{"section_name":"MSC","changed_name":"MSC ","href_id":"#kwd0005"},{"section_name":"Keywords","changed_name":"Keywords ","href_id":"#kwd0010"},{"section_name":"1. Introduction","changed_name":"1. Introduction","href_id":"#sec0005"},{"section_name":"2. Why yet another index?","changed_name":"2. Why yet another index?","href_id":"#sec0010"},{"section_name":"3. Data analyzed","changed_name":"3. Data analyzed","href_id":"#sec0015"},{"section_name":"4. Empirical results","changed_name":"4. Empirical results","href_id":"#sec0020"},{"section_name":"4.1. Accounting for highly-cited papers by rescaling the h-index","changed_name":"4. Empirical results","href_id":"#sec0025"},{"section_name":"4.2. Accounting for the entire rank-citation profile c(r)","changed_name":"4. Empirical results","href_id":"#sec0030"},{"section_name":"4.3. Testing the rank-stability of h, g, and Z","changed_name":"4. Empirical results","href_id":"#sec0035"},{"section_name":"4.4. Discussion","changed_name":"4. Empirical results","href_id":"#sec0040"},{"section_name":"5. Conclusions","changed_name":"5. Conclusions","href_id":"#sec0045"},{"section_name":"Acknowledgments","changed_name":"Acknowledgments ","href_id":"#ack0005"},{"section_name":"References","changed_name":"References ","href_id":"#bibl0005"}]