section_name,changed_name,href_id
Abstract,Abstract ,#aep-abstract-id10
Highlights,Highlights ,#aep-abstract-sec-id9
Highlights,Highlights ,#aep-abstract-sec-id9
Keywords,Keywords ,#aep-keywords-id12
1. Introduction,1. Introduction,#sec0005
2. Related research,2. Related research,#sec0010
3. Objectives,3. Objectives,#sec0015
4. Methods,4. Methods,#sec0020
4.1. Data extraction and processing,4. Methods,#sec0025
4.2. Network analysis,4. Methods,#sec0030
4.3. Statistics,4. Methods,#sec0035
5. Results,5. Results,#sec0040
5.1. Country level,5. Results,#sec0045
5.2. Institutional level,5. Results,#sec0050
6. Discussion,6. Discussion,#sec0055
7. Conclusions,7. Conclusions,#sec0060
Acknowledgements,Acknowledgements ,#aep-acknowledgment-id13
References,References ,#bibl0005
