[{"section_name":"Abstract","changed_name":"Abstract ","href_id":"#aep-abstract-id4"},{"section_name":"Highlights","changed_name":"Highlights ","href_id":"#aep-abstract-sec-id3"},{"section_name":"Highlights","changed_name":"Highlights ","href_id":"#aep-abstract-sec-id3"},{"section_name":"Keywords","changed_name":"Keywords ","href_id":"#aep-keywords-id6"},{"section_name":"1. Introduction","changed_name":"1. Introduction","href_id":"#sec0005"},{"section_name":"2. Study of the functional relation between \u03bc and U","changed_name":"2. Study of the functional relation between \u03bc and U","href_id":"#sec0010"},{"section_name":"3. Universal and \u201csemi-universal\u201d laws in informetrics","changed_name":"3. Universal and \u201csemi-universal\u201d laws in informetrics","href_id":"#sec0015"},{"section_name":"4. Concluding remarks","changed_name":"4. Concluding remarks","href_id":"#sec0020"},{"section_name":"Acknowledgement","changed_name":"Acknowledgement ","href_id":"#aep-acknowledgment-id7"},{"section_name":"References","changed_name":"References ","href_id":"#bibl0005"}]