section_name,changed_name,href_id
Highlights,Highlights ,#abs0010
Abstract,Abstract ,#abs0015
Graphical abstract,Graphical abstract,#abs0005
Keywords,Keywords ,#kwd0005
1. Introduction,1. Introduction,#sec0005
2. Research motivation and objectives,2. Research motivation and objectives,#sec0010
3. Data and methodology,3. Data and methodology,#sec0015
3.1. Data,3. Data and methodology,#sec0020
3.2. Analytical models,3. Data and methodology,#sec0025
3.2.1. Model 1: The common collaboration proxy,3. Data and methodology,#sec0030
3.2.2. Model 2: Researchers’ position in collaboration network,3. Data and methodology,#sec0035
3.3. Independent variables,3. Data and methodology,#sec0040
3.4. Method,3. Data and methodology,#sec0045
4. Results,4. Results,#sec0050
4.1. Descriptive analysis,4. Results,#sec0055
4.2. Statistical analysis,4. Results,#sec0060
4.2.1. Average number of authors per paper (Model 1),4. Results,#sec0065
4.2.2. Network structure variables,4. Results,#sec0070
5. Conclusion,5. Conclusion,#sec0075
6. Limitations and future work,6. Limitations and future work,#sec0080
Appendix A. Correlation matrices,Appendix A. Correlation matrices,#sec0090
References,References ,#bibl0005
