section_name,changed_name,href_id
Highlights,Highlights ,#abst0005
Highlights,Highlights ,#abst0005
Abstract,Abstract ,#abs0010
Keywords,Keywords ,#kwd0005
1. Introduction,1. Introduction,#sec0005
2. Exposing the problem with h: a simple scaling argument,2. Exposing the problem with h: a simple scaling argument,#sec0010
3. Dimensional analysis to the rescue: completing the definition for h,3. Dimensional analysis to the rescue: completing the definition for h,#sec0015
4. Discussion,4. Discussion,#sec0020
Acknowledgments,Acknowledgments ,#ack0005
References,References ,#bibl0005
