[{"section_name":"Highlights","changed_name":"Highlights ","href_id":"#abs0005"},{"section_name":"Abstract","changed_name":"Abstract ","href_id":"#abs0010"},{"section_name":"Keywords","changed_name":"Keywords ","href_id":"#kwd0005"},{"section_name":"1. Introduction","changed_name":"1. Introduction","href_id":"#sec0005"},{"section_name":"2. Methods and data","changed_name":"2. Methods and data","href_id":"#sec0010"},{"section_name":"2.1. Data sample accessing and preprocessing","changed_name":"2. Methods and data","href_id":"#sec0015"},{"section_name":"2.2. Select core, prolific and highly cited authors","changed_name":"2. Methods and data","href_id":"#sec0020"},{"section_name":"2.3. Form and analyze citations matrix","changed_name":"2. Methods and data","href_id":"#sec0025"},{"section_name":"2.4. Factor analysis and visualizing citation networks","changed_name":"2. Methods and data","href_id":"#sec0030"},{"section_name":"3. Result and discussion","changed_name":"3. Result and discussion","href_id":"#sec0035"},{"section_name":"3.1. Direct citation analysis on prolific authors","changed_name":"3. Result and discussion","href_id":"#sec0040"},{"section_name":"3.2. Direct citation analysis on prolific authors and highly cited authors","changed_name":"3. Result and discussion","href_id":"#sec0045"},{"section_name":"3.3. Discipline structure was determined based on direct citation analysis of core authors","changed_name":"3. Result and discussion","href_id":"#sec0050"},{"section_name":"4. Conclusion","changed_name":"4. Conclusion","href_id":"#sec0055"},{"section_name":"Acknowledgments","changed_name":"Acknowledgments ","href_id":"#ack0005"},{"section_name":"References","changed_name":"References ","href_id":"#bibl0005"}]