section_name,changed_name,href_id
Highlights,Highlights ,#abs0010
Abstract,Abstract ,#abs0015
Graphical abstract,Graphical abstract,#abs0005
Keywords,Keywords ,#kwd0005
1. Introduction,1. Introduction,#sec0005
2. Citation distributions and statistical tests,2. Citation distributions and statistical tests,#sec0010
3. Research question,3. Research question,#sec0015
4. Methods,4. Methods,#sec0020
5. Results,5. Results,#sec0025
6. Discussion and conclusions,6. Discussion and conclusions,#sec0030
References,References ,#bibl0005
