[{"section_name":"Abstract","changed_name":"Abstract ","href_id":"#aep-abstract-id7"},{"section_name":"Highlights","changed_name":"Highlights ","href_id":"#aep-abstract-sec-id6"},{"section_name":"Highlights","changed_name":"Highlights ","href_id":"#aep-abstract-sec-id6"},{"section_name":"Keywords","changed_name":"Keywords ","href_id":"#aep-keywords-id9"},{"section_name":"1. Introduction","changed_name":"1. Introduction","href_id":"#sec0005"},{"section_name":"2. Hypotheses","changed_name":"2. Hypotheses","href_id":"#sec0010"},{"section_name":"3. Data","changed_name":"3. Data","href_id":"#sec0015"},{"section_name":"3.1. Selection of China as the context","changed_name":"3. Data","href_id":"#sec0020"},{"section_name":"3.2. Selection of nanotechnology as the focus field","changed_name":"3. Data","href_id":"#sec0025"},{"section_name":"3.3. Selection of Chinese knowledge moderators","changed_name":"3. Data","href_id":"#sec0030"},{"section_name":"3.4. Variables","changed_name":"3. Data","href_id":"#sec0035"},{"section_name":"3.4.1. Dependent variable","changed_name":"3. Data","href_id":"#sec0040"},{"section_name":"3.4.2. Explanatory variables","changed_name":"3. Data","href_id":"#sec0055"},{"section_name":"3.4.3. Control variables","changed_name":"3. Data","href_id":"#sec0075"},{"section_name":"4. Models and estimation results","changed_name":"4. Models and estimation results","href_id":"#sec0100"},{"section_name":"4.1. Journal impact factor","changed_name":"4. Models and estimation results","href_id":"#sec0105"},{"section_name":"4.1.1. Full dataset","changed_name":"4. Models and estimation results","href_id":"#sec0110"},{"section_name":"4.2. Longitudinal publication data of CKMAs","changed_name":"4. Models and estimation results","href_id":"#sec0115"},{"section_name":"4.2.1. Fixed effects or random effects","changed_name":"4. Models and estimation results","href_id":"#sec0120"},{"section_name":"4.3. Paper citations","changed_name":"4. Models and estimation results","href_id":"#sec0125"},{"section_name":"4.3.1. Full dataset","changed_name":"4. Models and estimation results","href_id":"#sec0130"},{"section_name":"4.3.2. Longitudinal dataset","changed_name":"4. Models and estimation results","href_id":"#sec0135"},{"section_name":"5. Discussion","changed_name":"5. Discussion","href_id":"#sec0140"},{"section_name":"Acknowledgments","changed_name":"Acknowledgments ","href_id":"#aep-acknowledgment-id10"},{"section_name":"References","changed_name":"References ","href_id":"#bibl0005"}]