[{"section_name":"Abstract","changed_name":"Abstract ","href_id":"#aep-abstract-id8"},{"section_name":"Highlights","changed_name":"Highlights ","href_id":"#aep-abstract-sec-id7"},{"section_name":"Highlights","changed_name":"Highlights ","href_id":"#aep-abstract-sec-id7"},{"section_name":"JEL classification","changed_name":"JEL classification","href_id":"#aep-keywords-id10"},{"section_name":"Key words","changed_name":"Key words","href_id":"#aep-keywords-id11"},{"section_name":"1. Introduction","changed_name":"1. Introduction","href_id":"#sec0005"},{"section_name":"2. Method","changed_name":"2. Method","href_id":"#sec0010"},{"section_name":"3. Data","changed_name":"3. Data","href_id":"#sec0015"},{"section_name":"4. Results","changed_name":"4. Results","href_id":"#sec0020"},{"section_name":"5. Discussion and conclusion","changed_name":"5. Discussion and conclusion","href_id":"#sec0025"},{"section_name":"Acknowledgements","changed_name":"Acknowledgements ","href_id":"#aep-acknowledgment-id12"},{"section_name":"Appendix A. Supplementary data","changed_name":"Appendix A. Supplementary data","href_id":"#sec0035"},{"section_name":"References","changed_name":"References ","href_id":"#bibl0005"}]