section_name,changed_name,href_id
Abstract,Abstract ,#aep-abstract-id8
Highlights,Highlights ,#aep-abstract-sec-id7
Highlights,Highlights ,#aep-abstract-sec-id7
Keywords,Keywords ,#aep-keywords-id10
1. Introduction,1. Introduction,#sec0005
2. Validation of publication volume as proxy for funding levels,2. Validation of publication volume as proxy for funding levels,#sec0010
2.1. Methods,2. Validation of publication volume as proxy for funding levels,#sec0015
2.2. Results,2. Validation of publication volume as proxy for funding levels,#sec0020
3. Funding priorities in medical research,3. Funding priorities in medical research,#sec0025
3.1. Methods,3. Funding priorities in medical research,#sec0030
3.2. Results,3. Funding priorities in medical research,#sec0035
4. Discussion,4. Discussion,#sec0040
Appendix A. Supplementary data,Appendix A. Supplementary data,#sec0050
References,References ,#bibl0005
