section_name,changed_name,href_id
Highlights,Highlights ,#abs0005
Abstract,Abstract ,#abs0010
Keywords,Keywords ,#kwd0005
1. Introduction,1. Introduction,#sec0005
2. The influence of author experience and author skills on citation count,2. The influence of author experience and author skills on citation count,#sec0010
3. Other factors associated with citation counts,3. Other factors associated with citation counts,#sec0015
3.1. Authors’ characteristics beyond experience and skills,3. Other factors associated with citation counts,#sec0020
3.2. Article characteristics,3. Other factors associated with citation counts,#sec0025
3.3. Journal characteristics,3. Other factors associated with citation counts,#sec0030
4. Method,4. Method,#sec0035
4.1. The data,4. Method,#sec0040
4.2. Statistical procedure,4. Method,#sec0045
4.3. Model specification,4. Method,#sec0050
5. Estimation results,5. Estimation results,#sec0055
6. Concluding remarks,6. Concluding remarks,#sec0060
Acknowledgements,Acknowledgements ,#ack0005
References,References ,#bibl0005
