section_name,changed_name,href_id
Highlights,Highlights ,#abs0005
Abstract,Abstract ,#abs0010
Keywords,Keywords ,#kwd0005
1. Introduction,1. Introduction,#sec0005
2. Literature review,2. Literature review,#sec0010
3. Methods: data collection and analysis procedures,3. Methods: data collection and analysis procedures,#sec0015
3.1. Social network analysis and the co-authorship network,3. Methods: data collection and analysis procedures,#sec0020
3.2. Data collection,3. Methods: data collection and analysis procedures,#sec0025
3.3. Analysis methods and indicators,3. Methods: data collection and analysis procedures,#sec0030
4. Results,4. Results,#sec0035
4.1. RQ 1 – international co-authorship network,4. Results,#sec0040
4.1.1. Degree and betweenness centrality,4. Results,#sec0045
4.1.2. Structural holes,4. Results,#sec0050
4.2. RQ 2 – semantic network analysis,4. Results,#sec0055
4.2.1. Semantic structure of paper titles,4. Results,#sec0060
5. Discussion and conclusions,5. Discussion and conclusions,#sec0065
Acknowledgements,Acknowledgements ,#ack0005
References,References ,#bibl0005
Vitae,Vitae ,#vt0005
