[{"section_name":"Abstract","changed_name":"Abstract ","href_id":"#aep-abstract-id5"},{"section_name":"Highlights","changed_name":"Highlights ","href_id":"#aep-abstract-sec-id4"},{"section_name":"Highlights","changed_name":"Highlights ","href_id":"#aep-abstract-sec-id4"},{"section_name":"Keywords","changed_name":"Keywords ","href_id":"#aep-keywords-id7"},{"section_name":"1. Introduction and purpose of the study","changed_name":"1. Introduction and purpose of the study","href_id":"#sec0005"},{"section_name":"2. Methodology and results","changed_name":"2. Methodology and results","href_id":"#sec0010"},{"section_name":"3. Implications and conclusions","changed_name":"3. Implications and conclusions","href_id":"#sec0015"},{"section_name":"Appendix. Journal titles (listed alphabetically)","changed_name":"Appendix. Journal titles (listed alphabetically)","href_id":"#sec0020"},{"section_name":"References","changed_name":"References ","href_id":"#bibl0005"}]