[{"section_name":"Highlights","changed_name":"Highlights ","href_id":"#abs0005"},{"section_name":"Abstract","changed_name":"Abstract ","href_id":"#abs0010"},{"section_name":"Keywords","changed_name":"Keywords ","href_id":"#kwd0005"},{"section_name":"1. Introduction","changed_name":"1. Introduction","href_id":"#sec0005"},{"section_name":"2. Methods and materials","changed_name":"2. Methods and materials","href_id":"#sec0010"},{"section_name":"3. Results","changed_name":"3. Results","href_id":"#sec0015"},{"section_name":"3.1. Comparison: EU28, China, and USA","changed_name":"3. Results","href_id":"#sec0020"},{"section_name":"3.2. Decomposition of the EU28","changed_name":"3. Results","href_id":"#sec0025"},{"section_name":"3.3. Co-authorship networks within the EU28 in relation to China and the USA","changed_name":"3. Results","href_id":"#sec0030"},{"section_name":"4. Conclusions and discussion","changed_name":"4. Conclusions and discussion","href_id":"#sec0035"},{"section_name":"Acknowledgement","changed_name":"Acknowledgement ","href_id":"#ack0005"},{"section_name":"References","changed_name":"References ","href_id":"#bibl0005"}]