[{"section_name":"Highlights","changed_name":"Highlights ","href_id":"#abs0005"},{"section_name":"Abstract","changed_name":"Abstract ","href_id":"#abs0010"},{"section_name":"Keywords","changed_name":"Keywords ","href_id":"#kwd0005"},{"section_name":"1. Introduction","changed_name":"1. Introduction","href_id":"#sec0005"},{"section_name":"2. Methodological issues","changed_name":"2. Methodological issues","href_id":"#sec0010"},{"section_name":"3. Productivity as the number of articles per person","changed_name":"3. Productivity as the number of articles per person","href_id":"#sec0015"},{"section_name":"3.1. The size and the mean of productivity distributions","changed_name":"3. Productivity as the number of articles per person","href_id":"#sec0020"},{"section_name":"3.2. The skewness of productivity distributions","changed_name":"3. Productivity as the number of articles per person","href_id":"#sec0025"},{"section_name":"3.3. Successful authors","changed_name":"3. Productivity as the number of articles per person","href_id":"#sec0030"},{"section_name":"4. Productivity as the mean citation per article per person","changed_name":"4. Productivity as the mean citation per article per person","href_id":"#sec0035"},{"section_name":"4.1. Characteristics of productivity distributions","changed_name":"4. Productivity as the mean citation per article per person","href_id":"#sec0040"},{"section_name":"4.2. Successful authors","changed_name":"4. Productivity as the mean citation per article per person","href_id":"#sec0045"},{"section_name":"5. Some extensions of this study","changed_name":"5. Some extensions of this study","href_id":"#sec0050"},{"section_name":"6. Summary and further research","changed_name":"6. Summary and further research","href_id":"#sec0055"},{"section_name":"Acknowledgements","changed_name":"Acknowledgements ","href_id":"#ack0005"},{"section_name":"Appendix. ","changed_name":"Appendix. ","href_id":"#sec0075"},{"section_name":"Appendix B. Supplementary data","changed_name":"Appendix B. Supplementary data","href_id":"#sec0070"},{"section_name":"References","changed_name":"References ","href_id":"#bibl0005"}]