section_name,changed_name,href_id
Abstract,Abstract ,#abs0010
Graphical abstract,Graphical abstract,#abs0005
Keywords,Keywords ,#kwd0005
1. Introduction,1. Introduction,#sec0005
2. Materials and methods,2. Materials and methods,#sec0010
2.1. Empirical data,2. Materials and methods,#sec0015
2.2. Authorship quantification,2. Materials and methods,#sec0020
2.3. Rank correlation,2. Materials and methods,#sec0025
3. Results,3. Results,#sec0030
3.1. Effect of equalizing and inflationary bias on credit scores,3. Results,#sec0035
3.2. Bias-induced rank displacement,3. Results,#sec0040
4. Discussion,4. Discussion,#sec0045
Acknowledgements,Acknowledgements ,#ack0005
References,References ,#bibl0005
