[{"section_name":"Highlights","changed_name":"Highlights ","href_id":"#abst0005"},{"section_name":"Highlights","changed_name":"Highlights ","href_id":"#abst0005"},{"section_name":"Abstract","changed_name":"Abstract ","href_id":"#abs0010"},{"section_name":"Keywords","changed_name":"Keywords ","href_id":"#kwd0005"},{"section_name":"1. Introduction","changed_name":"1. Introduction","href_id":"#sec0005"},{"section_name":"2. Setting the framework","changed_name":"2. Setting the framework","href_id":"#sec0010"},{"section_name":"3. Method","changed_name":"3. Method","href_id":"#sec0015"},{"section_name":"3.1. A quantitative measure to evaluate similarity within and between S&T systems","changed_name":"3. Method","href_id":"#sec0020"},{"section_name":"3.2. Investigating the dynamics of research systems","changed_name":"3. Method","href_id":"#sec0025"},{"section_name":"4. Data","changed_name":"4. Data","href_id":"#sec0030"},{"section_name":"5. Results","changed_name":"5. Results","href_id":"#sec0035"},{"section_name":"5.1. Stock of scientific production","changed_name":"5. Results","href_id":"#sec0040"},{"section_name":"5.2. Evolution of scientific production over time","changed_name":"5. Results","href_id":"#sec0045"},{"section_name":"6. Conclusions","changed_name":"6. Conclusions","href_id":"#sec0050"},{"section_name":"Acknowledgments","changed_name":"Acknowledgments ","href_id":"#ack0005"},{"section_name":"Appendix A. Technical note on spin glasses","changed_name":"Appendix A. Technical note on spin glasses","href_id":"#sec0055"},{"section_name":"Appendix B. Countries, disciplines and detailed results","changed_name":"Appendix B. Countries, disciplines and detailed results","href_id":"#sec0060"},{"section_name":"References","changed_name":"References ","href_id":"#bibl0005"}]