[{"section_name":"Highlights","changed_name":"Highlights ","href_id":"#abs0005"},{"section_name":"Abstract","changed_name":"Abstract ","href_id":"#abs0010"},{"section_name":"Keywords","changed_name":"Keywords ","href_id":"#kwd0005"},{"section_name":"1. Introduction","changed_name":"1. Introduction","href_id":"#sec0005"},{"section_name":"2. Data, methods and indicators","changed_name":"2. Data, methods and indicators","href_id":"#sec0010"},{"section_name":"2.1. Selecting subject fields and journals","changed_name":"2. Data, methods and indicators","href_id":"#sec0015"},{"section_name":"2.2. Indicators applied","changed_name":"2. Data, methods and indicators","href_id":"#sec0020"},{"section_name":"2.3. Examples for calculating the PRP-index for articles","changed_name":"2. Data, methods and indicators","href_id":"#sec0025"},{"section_name":"2.4. Example for calculating the PRP(j,F) index for journals","changed_name":"2. Data, methods and indicators","href_id":"#sec0030"},{"section_name":"3. Results","changed_name":"3. Results","href_id":"#sec0035"},{"section_name":"3.1. Comparison of the impact indices studied","changed_name":"3. Results","href_id":"#sec0040"},{"section_name":"3.2. Joint rank of the journals studied","changed_name":"3. Results","href_id":"#sec0045"},{"section_name":"3.3. Correlations between the ranks by the indicators","changed_name":"3. Results","href_id":"#sec0050"},{"section_name":"3.4. Cross-field comparison of the indices","changed_name":"3. Results","href_id":"#sec0055"},{"section_name":"4. Conclusion","changed_name":"4. Conclusion","href_id":"#sec0060"},{"section_name":"Appendix A. Supplementary data","changed_name":"Appendix A. Supplementary data","href_id":"#sec0075"},{"section_name":"References","changed_name":"References ","href_id":"#bibl0005"}]