[{"section_name":"Highlights","changed_name":"Highlights ","href_id":"#abs0005"},{"section_name":"Abstract","changed_name":"Abstract ","href_id":"#abs0010"},{"section_name":"Keywords","changed_name":"Keywords ","href_id":"#kwd0005"},{"section_name":"1. Introduction","changed_name":"1. Introduction","href_id":"#sec0005"},{"section_name":"2. Characteristics of the different classification systems","changed_name":"2. Characteristics of the different classification systems","href_id":"#sec0010"},{"section_name":"2.1. Building the twelve WVE classification systems","changed_name":"2. Characteristics of the different classification systems","href_id":"#sec0015"},{"section_name":"2.2. The joint variation of cluster size and cluster mean citation in the different classification systems","changed_name":"2. Characteristics of the different classification systems","href_id":"#sec0020"},{"section_name":"2.3. The skewness of science in the different classification systems","changed_name":"2. Characteristics of the different classification systems","href_id":"#sec0025"},{"section_name":"2.4. Cluster homogeneity in the different classification systems","changed_name":"2. Characteristics of the different classification systems","href_id":"#sec0030"},{"section_name":"2.5. Recommended granularity levels within the WVE sequence","changed_name":"2. Characteristics of the different classification systems","href_id":"#sec0035"},{"section_name":"3. The citation impact of universities under different classification systems according to the MNCS indicator","changed_name":"3. The citation impact of universities under different classification systems according to the MNCS indicator","href_id":"#sec0040"},{"section_name":"3.1. Variation under different classification systems","changed_name":"3. The citation impact of universities under different classification systems according to the MNCS indicator","href_id":"#sec0045"},{"section_name":"3.2. Comparison between selected classification systems","changed_name":"3. The citation impact of universities under different classification systems according to the MNCS indicator","href_id":"#sec0050"},{"section_name":"4. The citation impact of universities under different classification systems according to the PPtop\u00a010% indicator","changed_name":"4. The citation impact of universities under different classification systems according to the PPtop 10% indicator","href_id":"#sec0055"},{"section_name":"5. Summary, discussion, and extensions","changed_name":"5. Summary, discussion, and extensions","href_id":"#sec0060"},{"section_name":"5.1. Summary and conclusions","changed_name":"5. Summary, discussion, and extensions","href_id":"#sec0065"},{"section_name":"5.2. Discussion","changed_name":"5. Summary, discussion, and extensions","href_id":"#sec0070"},{"section_name":"5.3. Extensions","changed_name":"5. Summary, discussion, and extensions","href_id":"#sec0075"},{"section_name":"Acknowledgements","changed_name":"Acknowledgements ","href_id":"#ack0005"},{"section_name":"References","changed_name":"References ","href_id":"#bibl0005"}]