section_name,changed_name,href_id
Highlights,Highlights ,#abs0005
Abstract,Abstract ,#abs0010
Keywords,Keywords ,#kwd0005
1. Introduction,1. Introduction,#sec0005
2. The fixed citation time window,2. The fixed citation time window,#sec0010
2.1. The 2-year and 5-year citation time windows,2. The fixed citation time window,#sec0015
2.2. The 3-year citation time window,2. The fixed citation time window,#sec0020
2.3. The complete citation time window,2. The fixed citation time window,#sec0025
3. The variable citation time window,3. The variable citation time window,#sec0030
4. Methods and materials,4. Methods and materials,#sec0035
5. Results and discussion,5. Results and discussion,#sec0040
5.1. A sample of 24 journals in eight JCR categories,5. Results and discussion,#sec0045
5.2. A sample of 618 journals in eight JCR categories,5. Results and discussion,#sec0050
6. Conclusions,6. Conclusions,#sec0055
References,References ,#bibl0005
