section_name,changed_name,href_id
Highlights,Highlights ,#abs0005
Abstract,Abstract ,#abs0010
Keywords,Keywords ,#kwd0005
1. Introduction,1. Introduction,#sec0005
2. The framework,2. The framework,#sec0010
3. The simple model and its consequences,3. The simple model and its consequences,#sec0015
4. The van Leeuwen and Moed findings,4. The van Leeuwen and Moed findings,#sec0020
5. On “success breeds success” and the Hsu-Huang argument,5. On “success breeds success” and the Hsu-Huang argument,#sec0025
6. Concluding remarks,6. Concluding remarks,#sec0030
Acknowledgements,Acknowledgements ,#ack0005
References,References ,#bibl0005
