section_name,changed_name,href_id
Highlights,Highlights ,#abs0005
Abstract,Abstract ,#abs0010
Keywords,Keywords ,#kwd0005
1. Introduction,1. Introduction,#sec0005
2. Methodology,2. Methodology,#sec0010
2.1. Assessment methods – logistic growth function,2. Methodology,#sec0015
2.2. Assessment methods – RSII,2. Methodology,#sec0020
2.3. Data collection,2. Methodology,#sec0025
3. Results and analysis,3. Results and analysis,#sec0030
3.1. The production patterns of publications and patents,3. Results and analysis,#sec0035
3.2. Science-based technological patents,3. Results and analysis,#sec0040
4. Conclusions,4. Conclusions,#sec0045
Acknowledgements,Acknowledgements ,#ack0005
References,References ,#bibl0005
