section_name,changed_name,href_id
Abstract,Abstract ,#aep-abstract-id6
Highlights,Highlights ,#aep-abstract-sec-id5
Highlights,Highlights ,#aep-abstract-sec-id5
Keywords,Keywords ,#aep-keywords-id8
1. Introduction,1. Introduction,#sec0005
2. Scientific collaboration and its determinants,2. Scientific collaboration and its determinants,#sec0010
"3. Methodology, dataset and indicators","3. Methodology, dataset and indicators",#sec0015
3.1. Methodology,"3. Methodology, dataset and indicators",#sec0020
3.2. Data sources and field of observation,"3. Methodology, dataset and indicators",#sec0025
3.3. Indicators and methods,"3. Methodology, dataset and indicators",#sec0030
4. Results and discussion,4. Results and discussion,#sec0035
"4.1. Propensity to collaborate in different forms, in the various disciplines",4. Results and discussion,#sec0040
4.2. The propensity to collaborate in the different forms for the various fields of physics,4. Results and discussion,#sec0045
4.3. Correlation between propensities to collaborate in different forms,4. Results and discussion,#sec0050
"5. Main differences between propensity to collaborate, observed for individual scientists, and incidence of collaboration based on publications","5. Main differences between propensity to collaborate, observed for individual scientists, and incidence of collaboration based on publications",#sec0055
6. Conclusions,6. Conclusions,#sec0060
Appendix A. Supplementary data,Appendix A. Supplementary data,#sec0070
References,References ,#bibl0005
