[{"section_name":"Abstract","changed_name":"Abstract ","href_id":"#aep-abstract-id11"},{"section_name":"Highlights","changed_name":"Highlights ","href_id":"#aep-abstract-sec-id10"},{"section_name":"Highlights","changed_name":"Highlights ","href_id":"#aep-abstract-sec-id10"},{"section_name":"Keywords","changed_name":"Keywords ","href_id":"#aep-keywords-id13"},{"section_name":"1. Introduction","changed_name":"1. Introduction","href_id":"#sec0005"},{"section_name":"2. Law of Lotka","changed_name":"2. Law of Lotka","href_id":"#sec0010"},{"section_name":"3. The s-index in Lotkaian systems","changed_name":"3. The s-index in Lotkaian systems","href_id":"#sec0015"},{"section_name":"3.1. The relation between the h-index and the s-index","changed_name":"3. The s-index in Lotkaian systems","href_id":"#sec0020"},{"section_name":"3.2. Sensitivity analysis of the model","changed_name":"3. The s-index in Lotkaian systems","href_id":"#sec0025"},{"section_name":"4. Multi-field model","changed_name":"4. Multi-field model","href_id":"#sec0030"},{"section_name":"5. Conclusions","changed_name":"5. Conclusions","href_id":"#sec0035"},{"section_name":"References","changed_name":"References ","href_id":"#bibl0005"}]