[{"section_name":"Highlights","changed_name":"Highlights ","href_id":"#abs0005"},{"section_name":"Abstract","changed_name":"Abstract ","href_id":"#abs0010"},{"section_name":"Keywords","changed_name":"Keywords ","href_id":"#kwd0005"},{"section_name":"1. Introduction","changed_name":"1. Introduction","href_id":"#sec0005"},{"section_name":"2. Literature review and research questions","changed_name":"2. Literature review and research questions","href_id":"#sec0010"},{"section_name":"3. Research methods","changed_name":"3. Research methods","href_id":"#sec0015"},{"section_name":"3.1. Assortative mixing variables","changed_name":"3. Research methods","href_id":"#sec0020"},{"section_name":"3.2. Preferential attachment variables","changed_name":"3. Research methods","href_id":"#sec0025"},{"section_name":"3.3. Triadic closure variables","changed_name":"3. Research methods","href_id":"#sec0030"},{"section_name":"3.4. Analytical design","changed_name":"3. Research methods","href_id":"#sec0035"},{"section_name":"4. Analytical findings","changed_name":"4. Analytical findings","href_id":"#sec0040"},{"section_name":"4.1. Topological evolution of journal citation networks in Internet research","changed_name":"4. Analytical findings","href_id":"#sec0045"},{"section_name":"4.2. ERGM analytical results","changed_name":"4. Analytical findings","href_id":"#sec0050"},{"section_name":"5. Discussion and conclusions","changed_name":"5. Discussion and conclusions","href_id":"#sec0055"},{"section_name":"Appendix A. Supplementary data","changed_name":"Appendix A. Supplementary data","href_id":"#sec0065"},{"section_name":"References","changed_name":"References ","href_id":"#bibl0005"}]