section_name,changed_name,href_id
Highlights,Highlights ,#abs0005
Abstract,Abstract ,#abs0010
Keywords,Keywords ,#kwd0005
1. Introduction and background,1. Introduction and background,#sec0005
2. Method,2. Method,#sec0010
2.1. Selection of test schemes,2. Method,#sec0015
2.2. Handling equal contributors,2. Method,#sec0020
2.3. Empirical data for validation,2. Method,#sec0025
2.4. Measurement,2. Method,#sec0030
3. Result,3. Result,#sec0035
4. Conclusion and discussion,4. Conclusion and discussion,#sec0040
Acknowledgement,Acknowledgement ,#ack0005
References,References ,#bibl0005
