section_name,changed_name,href_id
Abstract,Abstract ,#aep-abstract-id16
Highlights,Highlights ,#aep-abstract-sec-id15
Highlights,Highlights ,#aep-abstract-sec-id15
Keywords,Keywords ,#aep-keywords-id18
1. Introduction,1. Introduction,#sec0005
2. Methods,2. Methods,#sec0010
2.1. The productivity indicator FSS,2. Methods,#sec0015
2.2. Potential scaling factors for standardizing individual productivity,2. Methods,#sec0020
2.3. Dataset,2. Methods,#sec0025
3. Results and analysis,3. Results and analysis,#sec0030
3.1. Distribution of individual productivity,3. Results and analysis,#sec0035
3.2. Analysis of standardized distributions,3. Results and analysis,#sec0040
3.3. Analysis of extreme values,3. Results and analysis,#sec0045
3.3.1. Analysis of top scientists,3. Results and analysis,#sec0050
3.3.2. Analysis of outliers,3. Results and analysis,#sec0055
4. Conclusions,4. Conclusions,#sec0060
References,References ,#bibl0005
