section_name,changed_name,href_id
Highlights,Highlights ,#abs0005
Abstract,Abstract ,#abs0010
Keywords,Keywords ,#kwd0005
1. Introduction,1. Introduction,#sec0005
2. Data and methods,2. Data and methods,#sec0010
2.1. Receiver operating characteristics (ROC) analysis,2. Data and methods,#sec0015
2.2. Precision–recall analysis,2. Data and methods,#sec0020
3. Results,3. Results,#sec0025
"3.1. Correspondence of RIP, SNIP and SJR2 with source categories",3. Results,#sec0030
"3.2. Predictive power of RIP, SNIP and SJR2",3. Results,#sec0035
4. Discussion and conclusions,4. Discussion and conclusions,#sec0040
Appendix. ,Appendix. ,#sec0045
References,References ,#bibl0005
