section_name,changed_name,href_id
Highlights,Highlights ,#abs0005
Abstract,Abstract ,#abs0010
Keywords,Keywords ,#kwd0005
1. Introduction,1. Introduction,#sec0005
2. Normalization of citation impact,2. Normalization of citation impact,#sec0010
2.1. Cited-side normalization of citation impact,2. Normalization of citation impact,#sec0015
2.2. Citing-side normalization of citation impact – the weighting of individual citations,2. Normalization of citation impact,#sec0020
3. Methods,3. Methods,#sec0025
3.1. Peer ratings provided by F1000,3. Methods,#sec0030
3.2. Formation of the data set to which bibliometric data and altmetrics are attached,3. Methods,#sec0035
3.3. Statistical procedures and software used,3. Methods,#sec0040
4. Results,4. Results,#sec0045
4.1. Mean citation rates,4. Results,#sec0050
4.2. Correlation,4. Results,#sec0055
4.3. Regression model,4. Results,#sec0060
5. Discussion,5. Discussion,#sec0065
Acknowledgements,Acknowledgements ,#ack0005
References,References ,#bibl0005
