section_name,changed_name,href_id
Abstract,Abstract ,#aep-abstract-id14
Graphical abstract,Graphical abstract,#aep-abstract-sec-id11
Graphical abstract,Graphical abstract,#aep-abstract-sec-id11
Highlights,Graphical abstract,#aep-abstract-sec-id13
Keywords,Keywords ,#aep-keywords-id16
1. Introduction,1. Introduction,#sec0005
2. Journal citation networks,2. Journal citation networks,#sec0010
3. Methodology,3. Methodology,#sec0015
3.1. Entropy as a measurement of interdisciplinarity,3. Methodology,#sec0020
3.2. Network measurements,3. Methodology,#sec0025
3.3. Network visualization,3. Methodology,#sec0030
4. Results,4. Results,#sec0035
5. Conclusions,5. Conclusions,#sec0040
Acknowledgements,Acknowledgements ,#ack0005
Appendix B. Supplementary Data,Appendix B. Supplementary Data,#sec0050
References,References ,#bibl0005
