[{"section_name":"Highlights","changed_name":"Highlights ","href_id":"#abs0005"},{"section_name":"Abstract","changed_name":"Abstract ","href_id":"#abs0010"},{"section_name":"Keywords","changed_name":"Keywords ","href_id":"#kwd0005"},{"section_name":"1. Introduction","changed_name":"1. Introduction","href_id":"#sec0005"},{"section_name":"2. Basic concepts of Langmuir-type function","changed_name":"2. Basic concepts of Langmuir-type function","href_id":"#sec0010"},{"section_name":"3. Bibliometric data and their analysis","changed_name":"3. Bibliometric data and their analysis","href_id":"#sec0015"},{"section_name":"4. Citation distribution of professors of different disciplines","changed_name":"4. Citation distribution of professors of different disciplines","href_id":"#sec0020"},{"section_name":"5. Relationship between Langmuir constant K, number Nc of cited papers and effectiveness parameter \u03b1","changed_name":"5. Relationship between Langmuir constant K, number Nc of cited papers and effectiveness parameter \u03b1","href_id":"#sec0025"},{"section_name":"6. Nonuniformity in citation distributions","changed_name":"6. Nonuniformity in citation distributions","href_id":"#sec0030"},{"section_name":"7. Summary and conclusions","changed_name":"7. Summary and conclusions","href_id":"#sec0035"},{"section_name":"Acknowledgement","changed_name":"Acknowledgement ","href_id":"#ack0005"},{"section_name":"References","changed_name":"References ","href_id":"#bibl0005"}]