section_name,changed_name,href_id
Highlights,Highlights ,#abs0005
Abstract,Abstract ,#abs0010
Keywords,Keywords ,#kwd0005
1. Introduction,1. Introduction,#sec0005
2. Material and method,2. Material and method,#sec0010
2.1. VABB-SHW book data,2. Material and method,#sec0015
2.2. The barycenter method,2. Material and method,#sec0020
3. Results and discussion,3. Results and discussion,#sec0025
3.1. 12 disciplines,3. Results and discussion,#sec0030
3.2. Three publication types,3. Results and discussion,#sec0035
4. Conclusion,4. Conclusion,#sec0040
Acknowledgements,Acknowledgements ,#ack0005
Appendix A. Supplementary data,Appendix A. Supplementary data,#sec0050
References,References ,#bibl0005
