section_name,changed_name,href_id
Highlights,Highlights ,#abs0005
Abstract,Abstract ,#abs0010
Keywords,Keywords ,#kwd0005
1. Introduction,1. Introduction,#sec0005
2. Research questions,2. Research questions,#sec0010
3. Methods,3. Methods,#sec0015
3.1. Social network measures,3. Methods,#sec0020
3.1.1. Centrality measures,3. Methods,#sec0025
3.1.2. Measures of cohesion,3. Methods,#sec0030
3.2. Measures of research performance,3. Methods,#sec0035
4. Results,4. Results,#sec0040
4.1. Network structure,4. Results,#sec0045
4.2. Relationship between performance indicators and the position of authors in networks,4. Results,#sec0050
5. Discussion,5. Discussion,#sec0055
Acknowledgements,Acknowledgements ,#ack0005
References,References ,#bibl0005
