[{"section_name":"Highlights","changed_name":"Highlights ","href_id":"#abs0005"},{"section_name":"Abstract","changed_name":"Abstract ","href_id":"#abs0010"},{"section_name":"Keywords","changed_name":"Keywords ","href_id":"#kwd0005"},{"section_name":"1. Introduction","changed_name":"1. Introduction","href_id":"#sec0005"},{"section_name":"2. Literature review","changed_name":"2. Literature review","href_id":"#sec0010"},{"section_name":"3. Dataset and indicators","changed_name":"3. Dataset and indicators","href_id":"#sec0015"},{"section_name":"4. Analysis at subject category level","changed_name":"4. Analysis at subject category level","href_id":"#sec0020"},{"section_name":"5. Analyses at macro-area and general levels","changed_name":"5. Analyses at macro-area and general levels","href_id":"#sec0025"},{"section_name":"6. Influence of the document type","changed_name":"6. Influence of the document type","href_id":"#sec0030"},{"section_name":"7. An inter-temporal analysis","changed_name":"7. An inter-temporal analysis","href_id":"#sec0035"},{"section_name":"8. Conclusions","changed_name":"8. Conclusions","href_id":"#sec0040"},{"section_name":"Appendix A. List of subject categories (SC)","changed_name":"Appendix A. List of subject categories (SC)","href_id":"#sec0050"},{"section_name":"References","changed_name":"References ","href_id":"#bibl0005"}]