section_name,changed_name,href_id
Highlights,Highlights ,#abs0005
Abstract,Abstract ,#abs0010
Keywords,Keywords ,#kwd0005
1. Introduction,1. Introduction,#sec0005
2. Methods,2. Methods,#sec0010
3. Results,3. Results,#sec0015
3.1. Regression fit for the percentiles of publications,3. Results,#sec0020
3.2. Complex samples (cluster samples),3. Results,#sec0025
3.3. Counterfactual concept of causality,3. Results,#sec0030
4. Discussion,4. Discussion,#sec0035
5. Conclusions,5. Conclusions,#sec0040
References,References ,#bibl0005
