[{"section_name":"Highlights","changed_name":"Highlights ","href_id":"#abs0010"},{"section_name":"Abstract","changed_name":"Abstract ","href_id":"#abs0015"},{"section_name":"Graphical abstract","changed_name":"Graphical abstract","href_id":"#abs0005"},{"section_name":"Keywords","changed_name":"Keywords ","href_id":"#kwd0005"},{"section_name":"1. Introduction","changed_name":"1. Introduction","href_id":"#sec0005"},{"section_name":"2. Research motivation and objectives","changed_name":"2. Research motivation and objectives","href_id":"#sec0010"},{"section_name":"3. Data and methodology","changed_name":"3. Data and methodology","href_id":"#sec0015"},{"section_name":"3.1. Data","changed_name":"3. Data and methodology","href_id":"#sec0020"},{"section_name":"3.2. Analytical models","changed_name":"3. Data and methodology","href_id":"#sec0025"},{"section_name":"3.2.1. Model 1: The common collaboration proxy","changed_name":"3. Data and methodology","href_id":"#sec0030"},{"section_name":"3.2.2. Model 2: Researchers\u2019 position in collaboration network","changed_name":"3. Data and methodology","href_id":"#sec0035"},{"section_name":"3.3. Independent variables","changed_name":"3. Data and methodology","href_id":"#sec0040"},{"section_name":"3.4. Method","changed_name":"3. Data and methodology","href_id":"#sec0045"},{"section_name":"4. Results","changed_name":"4. Results","href_id":"#sec0050"},{"section_name":"4.1. Descriptive analysis","changed_name":"4. Results","href_id":"#sec0055"},{"section_name":"4.2. Statistical analysis","changed_name":"4. Results","href_id":"#sec0060"},{"section_name":"4.2.1. Average number of authors per paper (Model 1)","changed_name":"4. Results","href_id":"#sec0065"},{"section_name":"4.2.2. Network structure variables","changed_name":"4. Results","href_id":"#sec0070"},{"section_name":"5. Conclusion","changed_name":"5. Conclusion","href_id":"#sec0075"},{"section_name":"6. Limitations and future work","changed_name":"6. Limitations and future work","href_id":"#sec0080"},{"section_name":"Appendix A. Correlation matrices","changed_name":"Appendix A. Correlation matrices","href_id":"#sec0090"},{"section_name":"References","changed_name":"References ","href_id":"#bibl0005"}]