section_name,changed_name,href_id
Highlights,Highlights ,#abs0005
Abstract,Abstract ,#abs0010
Keywords,Keywords ,#kwd0005
1. Introduction,1. Introduction,#sec0005
2. Related works,2. Related works,#sec0010
2.1. Author co-citation analysis,2. Related works,#sec0015
2.2. Citation content analysis,2. Related works,#sec0020
2.3. Citation proximity analysis (CPA),2. Related works,#sec0025
3. Methodology,3. Methodology,#sec0030
3.1. Data collection,3. Methodology,#sec0035
3.2. Extending the traditional procedure,3. Methodology,#sec0040
4. Results and discussion,4. Results and discussion,#sec0045
4.1. Basic statistics,4. Results and discussion,#sec0050
4.2. Factor analysis,4. Results and discussion,#sec0055
4.3. Network analysis,4. Results and discussion,#sec0060
4.3.1. Author co-citation network structure,4. Results and discussion,#sec0065
4.3.2. Network map with the list of top 100 authors,4. Results and discussion,#sec0070
5. Conclusion,5. Conclusion,#sec0075
Acknowledgments,Acknowledgments ,#ack0005
References,References ,#bibl0005
