section_name,changed_name,href_id
Highlights,Highlights ,#abs0005
Abstract,Abstract ,#abs0010
Keywords,Keywords ,#kwd0005
1. Introduction,1. Introduction,#sec0005
2. Methods and data,2. Methods and data,#sec0010
2.1. Data sample accessing and preprocessing,2. Methods and data,#sec0015
"2.2. Select core, prolific and highly cited authors",2. Methods and data,#sec0020
2.3. Form and analyze citations matrix,2. Methods and data,#sec0025
2.4. Factor analysis and visualizing citation networks,2. Methods and data,#sec0030
3. Result and discussion,3. Result and discussion,#sec0035
3.1. Direct citation analysis on prolific authors,3. Result and discussion,#sec0040
3.2. Direct citation analysis on prolific authors and highly cited authors,3. Result and discussion,#sec0045
3.3. Discipline structure was determined based on direct citation analysis of core authors,3. Result and discussion,#sec0050
4. Conclusion,4. Conclusion,#sec0055
Acknowledgments,Acknowledgments ,#ack0005
References,References ,#bibl0005
