section_name,changed_name,href_id
Highlights,Highlights ,#abs0010
Abstract,Abstract ,#abs0015
Graphical abstract,Graphical abstract,#abs0005
Keywords,Keywords ,#kwd0005
1. Introduction,1. Introduction,#sec0005
2. Methods,2. Methods,#sec0010
2.1. Data set,2. Methods,#sec0015
3. Variables,3. Variables,#sec0020
3.1. Dependent variables,3. Variables,#sec0025
3.2. Covariates,3. Variables,#sec0030
4. Statistical model,4. Statistical model,#sec0035
4.1. Interactive visualization,4. Statistical model,#sec0040
5. Results,5. Results,#sec0045
5.1. Results of the multilevel regression analysis,5. Results,#sec0050
5.1.1. Overall systematic institutional differences,5. Results,#sec0055
5.2. Impact of covariates,5. Results,#sec0060
6. The Web Application,6. The Web Application,#sec0065
7. Discussion,7. Discussion,#sec0070
Acknowledgements,Acknowledgements ,#ack0005
References,References ,#bibl0005
