[{"section_name":"Abstract","changed_name":"Abstract ","href_id":"#abs0005"},{"section_name":"Keywords","changed_name":"Keywords ","href_id":"#kwd0005"},{"section_name":"1. Introduction","changed_name":"1. Introduction","href_id":"#sec0005"},{"section_name":"2. Related work","changed_name":"2. Related work","href_id":"#sec0010"},{"section_name":"2.1. Supervised learning approaches","changed_name":"2. Related work","href_id":"#sec0015"},{"section_name":"2.2. Unsupervised learning approaches","changed_name":"2. Related work","href_id":"#sec0020"},{"section_name":"3. Building and corpus","changed_name":"3. Building and corpus","href_id":"#sec0025"},{"section_name":"3.1. Step 1: Author name collection from PubMed","changed_name":"3. Building and corpus","href_id":"#sec0030"},{"section_name":"3.2. Step 2: Data cleaning for identifying author name groups","changed_name":"3. Building and corpus","href_id":"#sec0035"},{"section_name":"3.3. Step 3: Iterative, manual correction for corpus construction","changed_name":"3. Building and corpus","href_id":"#sec0040"},{"section_name":"3.3.1. Primary disambiguation process","changed_name":"3. Building and corpus","href_id":"#sec0045"},{"section_name":"3.3.2. Secondary disambiguation process","changed_name":"3. Building and corpus","href_id":"#sec0050"},{"section_name":"3.3.3. Third disambiguation process","changed_name":"3. Building and corpus","href_id":"#sec0055"},{"section_name":"4. The quality and the limitations of the training set","changed_name":"4. The quality and the limitations of the training set","href_id":"#sec0060"},{"section_name":"5. Experiments","changed_name":"5. Experiments","href_id":"#sec0065"},{"section_name":"5.1. Classifier","changed_name":"5. Experiments","href_id":"#sec0070"},{"section_name":"5.2. Publication feature selection","changed_name":"5. Experiments","href_id":"#sec0075"},{"section_name":"5.3. Evaluation measure","changed_name":"5. Experiments","href_id":"#sec0080"},{"section_name":"5.4. Prediction model for author name disambiguation","changed_name":"5. Experiments","href_id":"#sec0085"},{"section_name":"5.4.1. Baseline model","changed_name":"5. Experiments","href_id":"#sec0090"},{"section_name":"5.4.2. Hybrid edit distance model","changed_name":"5. Experiments","href_id":"#sec0095"},{"section_name":"5.4.3. NER-based model","changed_name":"5. Experiments","href_id":"#sec0100"},{"section_name":"6. Results","changed_name":"6. Results","href_id":"#sec0105"},{"section_name":"6.1. Baseline and hybrid edit distance model","changed_name":"6. Results","href_id":"#sec0110"},{"section_name":"6.2. NER-based model","changed_name":"6. Results","href_id":"#sec0115"},{"section_name":"6.3. The impact of feature sets on the performance","changed_name":"6. Results","href_id":"#sec0120"},{"section_name":"7. Conclusion","changed_name":"7. Conclusion","href_id":"#sec0125"},{"section_name":"Acknowledgements","changed_name":"Acknowledgements ","href_id":"#ack0005"},{"section_name":"Appendix A. An example of an idenfied author Miller, M from constructed author name data set","changed_name":"Appendix A. An example of an idenfied author Miller, M from constructed author name data set","href_id":"#sec0135"},{"section_name":"References","changed_name":"References ","href_id":"#bibl0005"}]