section_name,changed_name,href_id
Highlights,Highlights ,#abs0005
Abstract,Abstract ,#abs0010
Keywords,Keywords ,#kwd0005
1. Introduction,1. Introduction,#sec0005
2. Literature overview,2. Literature overview,#sec0010
3. Methodology,3. Methodology,#sec0015
4. Description and analysis of results,4. Description and analysis of results,#sec0020
5. Conclusions and future research directions,5. Conclusions and future research directions,#sec0025
Acknowledgements,Acknowledgements ,#ack0005
References,References ,#bibl0005
