[{"section_name":"Highlights","changed_name":"Highlights ","href_id":"#abst0005"},{"section_name":"Highlights","changed_name":"Highlights ","href_id":"#abst0005"},{"section_name":"Abstract","changed_name":"Abstract ","href_id":"#abs0010"},{"section_name":"Keywords","changed_name":"Keywords ","href_id":"#kwd0005"},{"section_name":"1. Introduction","changed_name":"1. Introduction","href_id":"#sec0005"},{"section_name":"2. Metrics","changed_name":"2. Metrics","href_id":"#sec0010"},{"section_name":"3. Hierarchical methods","changed_name":"3. Hierarchical methods","href_id":"#sec0015"},{"section_name":"4. Empirical analysis","changed_name":"4. Empirical analysis","href_id":"#sec0020"},{"section_name":"4.1. Analysis of a Scopus data set","changed_name":"4. Empirical analysis","href_id":"#sec0025"},{"section_name":"4.2. Analysis of a Stack Exchange site","changed_name":"4. Empirical analysis","href_id":"#sec0030"},{"section_name":"5. Conclusions","changed_name":"5. Conclusions","href_id":"#sec0035"},{"section_name":"Acknowledgments","changed_name":"Acknowledgments ","href_id":"#ack0005"},{"section_name":"References","changed_name":"References ","href_id":"#bibl0005"}]