[{"section_name":"Highlights","changed_name":"Highlights ","href_id":"#abs0005"},{"section_name":"Abstract","changed_name":"Abstract ","href_id":"#abs0010"},{"section_name":"Keywords","changed_name":"Keywords ","href_id":"#kwd0005"},{"section_name":"1. Introduction","changed_name":"1. Introduction","href_id":"#sec0005"},{"section_name":"2. The ego in an undirected, unweighted network","changed_name":"2. The ego in an undirected, unweighted network","href_id":"#sec0010"},{"section_name":"2.1. A binary measure","changed_name":"2. The ego in an undirected, unweighted network","href_id":"#sec0015"},{"section_name":"2.2. Degree centrality (Wasserman & Faust, 1994)","changed_name":"2. The ego in an undirected, unweighted network","href_id":"#sec0020"},{"section_name":"2.3. The lobby index","changed_name":"2. The ego in an undirected, unweighted network","href_id":"#sec0025"},{"section_name":"2.4. The second-order lobby index","changed_name":"2. The ego in an undirected, unweighted network","href_id":"#sec0030"},{"section_name":"3. The ego in an undirected, weighted network","changed_name":"3. The ego in an undirected, weighted network","href_id":"#sec0035"},{"section_name":"3.1. Node strength","changed_name":"3. The ego in an undirected, weighted network","href_id":"#sec0040"},{"section_name":"3.2. A node's h-degree","changed_name":"3. The ego in an undirected, weighted network","href_id":"#sec0045"},{"section_name":"3.3. The w-lobby index (Zhao et al., 2011)","changed_name":"3. The ego in an undirected, weighted network","href_id":"#sec0050"},{"section_name":"3.4. The link-weighted degree of a node (Abbasi, 2013)","changed_name":"3. The ego in an undirected, weighted network","href_id":"#sec0055"},{"section_name":"3.5. Abbasi's Hw-degree","changed_name":"3. The ego in an undirected, weighted network","href_id":"#sec0060"},{"section_name":"3.6. The link-weighted strength of a node","changed_name":"3. The ego in an undirected, weighted network","href_id":"#sec0065"},{"section_name":"3.7. The Hw-strength","changed_name":"3. The ego in an undirected, weighted network","href_id":"#sec0070"},{"section_name":"4. Zipf lists","changed_name":"4. Zipf lists","href_id":"#sec0075"},{"section_name":"4.1. The lobby index","changed_name":"4. Zipf lists","href_id":"#sec0080"},{"section_name":"4.2. The w-lobby index","changed_name":"4. Zipf lists","href_id":"#sec0085"},{"section_name":"4.3. Abbasi's Hw-degree","changed_name":"4. Zipf lists","href_id":"#sec0090"},{"section_name":"4.4. The hw-strength","changed_name":"4. Zipf lists","href_id":"#sec0095"},{"section_name":"4.5. The h-degree","changed_name":"4. Zipf lists","href_id":"#sec0100"},{"section_name":"4.6. The lobby index as an h-degree","changed_name":"4. Zipf lists","href_id":"#sec0105"},{"section_name":"5. Indicators in directed networks","changed_name":"5. Indicators in directed networks","href_id":"#sec0110"},{"section_name":"6. The standard h-index as a network indicator","changed_name":"6. The standard h-index as a network indicator","href_id":"#sec0115"},{"section_name":"7. Conclusion","changed_name":"7. Conclusion","href_id":"#sec0120"},{"section_name":"Acknowledgements","changed_name":"Acknowledgements ","href_id":"#ack0005"},{"section_name":"References","changed_name":"References ","href_id":"#bibl0005"}]