section_name,changed_name,href_id
Highlights,Highlights ,#abst0005
Highlights,Highlights ,#abst0005
Abstract,Abstract ,#abs0010
Keywords,Keywords ,#kwd0005
1. Activity Index,1. Activity Index,#sec0005
2. Relative Specialization Index,2. Relative Specialization Index,#sec0010
3. Maximum values of AI and RSI,3. Maximum values of AI and RSI,#sec0015
4. Standardization of AI,4. Standardization of AI,#sec0020
5. Example,5. Example,#sec0025
6. Conclusion,6. Conclusion,#sec0030
References,References ,#bibl0005
