[{"section_name":"Abstract","changed_name":"Abstract ","href_id":"#aep-abstract-id6"},{"section_name":"Keywords","changed_name":"Keywords ","href_id":"#aep-keywords-id8"},{"section_name":"1. Introduction","changed_name":"1. Introduction","href_id":"#sec0005"},{"section_name":"2. The arbitrariness of the g-index","changed_name":"2. The arbitrariness of the g-index","href_id":"#sec0010"},{"section_name":"3. Selecting one of the generalized g-indices","changed_name":"3. Selecting one of the generalized g-indices","href_id":"#sec0015"},{"section_name":"4. Conclusion","changed_name":"4. Conclusion","href_id":"#sec0020"},{"section_name":"References","changed_name":"References ","href_id":"#bibl0005"}]