section_name,changed_name,href_id
Highlights,Highlights ,#abs0005
Abstract,Abstract ,#abs0010
Keywords,Keywords ,#kwd0005
1. Introduction,1. Introduction,#sec0005
2. Literature review,2. Literature review,#sec0010
3. Dataset and indicators,3. Dataset and indicators,#sec0015
4. Analysis at subject category level,4. Analysis at subject category level,#sec0020
5. Analyses at macro-area and general levels,5. Analyses at macro-area and general levels,#sec0025
6. Influence of the document type,6. Influence of the document type,#sec0030
7. An inter-temporal analysis,7. An inter-temporal analysis,#sec0035
8. Conclusions,8. Conclusions,#sec0040
Appendix A. List of subject categories (SC),Appendix A. List of subject categories (SC),#sec0050
References,References ,#bibl0005
