section_name,changed_name,href_id
Highlights,Highlights ,#abs0010
Abstract,Abstract ,#abs0015
Graphical abstract,Graphical abstract,#abs0005
Keywords,Keywords ,#kwd0005
1. Introduction,1. Introduction,#sec0005
1.1. First version of counting co-author pairs leading to power laws,1. Introduction,#sec0010
1.2. Second version of counting co-author pairs leading to 3-D graphs,1. Introduction,#sec0015
1.3. Validity of the mathematical model of Social Gestalts and reliability of the empirical studies,1. Introduction,#sec0020
2. Theoretical approach of the mathematical model of Social Gestalts,2. Theoretical approach of the mathematical model of Social Gestalts,#sec0025
2.1. Fundamental findings in psychology/sociology and physics used as basis for the development of the intensity function of interpersonal attraction to describe the Social Gestalts,2. Theoretical approach of the mathematical model of Social Gestalts,#sec0030
2.2. Interpersonal attraction (psychology/sociology),2. Theoretical approach of the mathematical model of Social Gestalts,#sec0035
2.3. Complementarities (physics),2. Theoretical approach of the mathematical model of Social Gestalts,#sec0040
2.4. Intensity function of interpersonal attraction based on fundamental findings in psychology/sociology and physics,2. Theoretical approach of the mathematical model of Social Gestalts,#sec0045
2.5. Intensity function of interpersonal attraction: special model for the distribution of co-author pairs’ frequencies,2. Theoretical approach of the mathematical model of Social Gestalts,#sec0050
3. Methods (partly presented in previous studies of Social Gestalts),3. Methods (partly presented in previous studies of Social Gestalts),#sec0055
3.1. Remarks,3. Methods (partly presented in previous studies of Social Gestalts),#sec0060
"3.2. Method of counting co-author pairs, based on social network analysis (SNA)",3. Methods (partly presented in previous studies of Social Gestalts),#sec0065
3.3. Logarithmic binning procedure,3. Methods (partly presented in previous studies of Social Gestalts),#sec0070
3.4. Method of visualizing the 3-D collaboration patterns (PWQ is used as an example),3. Methods (partly presented in previous studies of Social Gestalts),#sec0075
3.4.1. Remarks,3. Methods (partly presented in previous studies of Social Gestalts),#sec0080
3.4.2. Visualizing empirical patterns (distributions of co-author pairs’ frequencies),3. Methods (partly presented in previous studies of Social Gestalts),#sec0085
3.4.3. Visualizing the theoretical pattern and overlay of empirical and theoretical patterns into a single frame,3. Methods (partly presented in previous studies of Social Gestalts),#sec0090
Method of Visualizing Theoretical Patterns and Overlay,3. Methods (partly presented in previous studies of Social Gestalts),#sec0095
Standardization of theoretical patterns for pattern comparison,3. Methods (partly presented in previous studies of Social Gestalts),#sec0100
Appendix A. Supplementary data,Appendix A. Supplementary data,#sec0115
References,References ,#bibl0005
