section_name,changed_name,href_id
Highlights,Highlights ,#abs0005
Abstract,Abstract ,#abs0010
Keywords,Keywords ,#kwd0005
1. Introduction,1. Introduction,#sec0005
2. Literature review,2. Literature review,#sec0010
2.1. Journal impact factor (JIF),2. Literature review,#sec0015
2.2. Science–technology interaction,2. Literature review,#sec0020
3. Methodology,3. Methodology,#sec0025
3.1. Data collection,3. Methodology,#sec0030
3.2. Measures: TIF and aggregate TIF,3. Methodology,#sec0035
4. Result,4. Result,#sec0040
4.1. Top ten journals on TIF5 and JIF5,4. Result,#sec0045
"4.2. Comparison among TIF5, TIF10, and JIF5 in Electrical & Electronic Engineering, Research & Experimental Medicine, and Organic Chemistry",4. Result,#sec0050
5. Discussion,5. Discussion,#sec0055
6. Conclusion,6. Conclusion,#sec0060
References,References ,#bibl0005
