[{"section_name":"Highlights","changed_name":"Highlights ","href_id":"#abs0005"},{"section_name":"Abstract","changed_name":"Abstract ","href_id":"#abs0010"},{"section_name":"Keywords","changed_name":"Keywords ","href_id":"#kwd0005"},{"section_name":"1. Introduction","changed_name":"1. Introduction","href_id":"#sec0005"},{"section_name":"2. Methods","changed_name":"2. Methods","href_id":"#sec0010"},{"section_name":"3. Results","changed_name":"3. Results","href_id":"#sec0015"},{"section_name":"3.1. Regression fit for the percentiles of publications","changed_name":"3. Results","href_id":"#sec0020"},{"section_name":"3.2. Complex samples (cluster samples)","changed_name":"3. Results","href_id":"#sec0025"},{"section_name":"3.3. Counterfactual concept of causality","changed_name":"3. Results","href_id":"#sec0030"},{"section_name":"4. Discussion","changed_name":"4. Discussion","href_id":"#sec0035"},{"section_name":"5. Conclusions","changed_name":"5. Conclusions","href_id":"#sec0040"},{"section_name":"References","changed_name":"References ","href_id":"#bibl0005"}]