section_name,changed_name,href_id
Highlights,Highlights ,#abs0010
Abstract,Abstract ,#abs0015
Graphical abstract,Graphical abstract,#abs0005
Keywords,Keywords ,#kwd0005
1. Introduction,1. Introduction,#sec0005
1.1. Sample and population,1. Introduction,#sec0010
1.2. Logistic regression techniques and the practical significance of findings,1. Introduction,#sec0015
2. Methods,2. Methods,#sec0020
2.1. Description of the data set and the variables,2. Methods,#sec0025
2.2. Software,2. Methods,#sec0030
2.3. Analytic Strategy,2. Methods,#sec0035
3. Results,3. Results,#sec0040
3.1. Logistic regression models,3. Results,#sec0045
3.2. Average adjusted predictions (AAPs) and average marginal effects (AMEs) for discrete independent variables,3. Results,#sec0050
3.3. Average adjusted predictions (AAPs) and average marginal effects (AMEs) for continuous independent variables,3. Results,#sec0055
3.4. Adjusted predictions at representative values (APRs) and marginal effects at representative values (MERs) for continuous and discrete variables together,3. Results,#sec0060
4. Discussion,4. Discussion,#sec0065
References,References ,#bibl0005
