section_name,changed_name,href_id
Highlights,Highlights ,#abs0005
Abstract,Abstract ,#abs0010
Keywords,Keywords ,#kwd0005
1. Introduction,1. Introduction,#sec0005
2. Literature review,2. Literature review,#sec0010
3. Methodology,3. Methodology,#sec0015
3.1. Definitions,3. Methodology,#sec0020
3.2. Gini coefficient,3. Methodology,#sec0025
3.3. Gs index,3. Methodology,#sec0030
3.4. Data,3. Methodology,#sec0035
4. Results,4. Results,#sec0040
4.1. Gs index of heartbeat spectrum,4. Results,#sec0045
4.2. Length and strength of heartbeat spectrum,4. Results,#sec0050
4.3. Comparison of heartbeat spectra in different disciplines,4. Results,#sec0055
5. Discussion and conclusions,5. Discussion and conclusions,#sec0060
Acknowledgements,Acknowledgements ,#ack0005
References,References ,#bibl0005
