section_name,changed_name,href_id
Highlights,Highlights ,#abs0010
Abstract,Abstract ,#abs0015
Graphical abstract,Graphical abstract,#abs0005
Keywords,Keywords ,#kwd0005
1. Introduction,1. Introduction,#sec0005
2. Data collection and processing,2. Data collection and processing,#sec0010
3. Citation distributions across sections,3. Citation distributions across sections,#sec0015
3.1. The structure of a scientific article,3. Citation distributions across sections,#sec0020
3.2. The distribution of citations across sections,3. Citation distributions across sections,#sec0025
4. The distribution of citation locations,4. The distribution of citation locations,#sec0030
4.1. Example 1: The distribution of citations in four-section articles,4. The distribution of citation locations,#sec0035
4.2. Example 2: The distribution of citations to Hirsch (2005),4. The distribution of citation locations,#sec0040
5. Discussions and conclusions,5. Discussions and conclusions,#sec0045
Acknowledgement,Acknowledgement ,#ack0005
References,References ,#bibl0005
