[{"section_name":"Highlights","changed_name":"Highlights ","href_id":"#abs0005"},{"section_name":"Abstract","changed_name":"Abstract ","href_id":"#abs0010"},{"section_name":"Keywords","changed_name":"Keywords ","href_id":"#kwd0005"},{"section_name":"1. Introduction and related work","changed_name":"1. Introduction and related work","href_id":"#sec0005"},{"section_name":"1.1. Differences between the present work and previous studies","changed_name":"1. Introduction and related work","href_id":"#sec0010"},{"section_name":"2. Used data","changed_name":"2. Used data","href_id":"#sec0015"},{"section_name":"2.1. ISI Web of Science collection and citation networks","changed_name":"2. Used data","href_id":"#sec0020"},{"section_name":"2.2. Used lists of award-winning authors","changed_name":"2. Used data","href_id":"#sec0025"},{"section_name":"3. Author ranking methodologies","changed_name":"3. Author ranking methodologies","href_id":"#sec0030"},{"section_name":"3.1. Author network analyses","changed_name":"3. Author ranking methodologies","href_id":"#sec0035"},{"section_name":"3.2. Distributions of publication values to their authors","changed_name":"3. Author ranking methodologies","href_id":"#sec0040"},{"section_name":"3.3. Experiments with author ranking methods based on publication network evaluation","changed_name":"3. Author ranking methodologies","href_id":"#sec0045"},{"section_name":"3.4. Journal citation network evaluations","changed_name":"3. Author ranking methodologies","href_id":"#sec0050"},{"section_name":"4. Results and discussion","changed_name":"4. Results and discussion","href_id":"#sec0055"},{"section_name":"4.1. Discussion of the results of author network experiments","changed_name":"4. Results and discussion","href_id":"#sec0060"},{"section_name":"4.2. Discussion of author ranking methods based on publication network evaluation","changed_name":"4. Results and discussion","href_id":"#sec0065"},{"section_name":"4.3. The best authors from the best of our evaluation methods","changed_name":"4. Results and discussion","href_id":"#sec0070"},{"section_name":"4.4. Prediction of awarded authors","changed_name":"4. Results and discussion","href_id":"#sec0075"},{"section_name":"4.5. Can our PageRank methods outperform the citation count?","changed_name":"4. Results and discussion","href_id":"#sec0080"},{"section_name":"5. Conclusion","changed_name":"5. Conclusion","href_id":"#sec0085"},{"section_name":"Acknowledgement","changed_name":"Acknowledgement ","href_id":"#ack0005"},{"section_name":"Appendix. ","changed_name":"Appendix. ","href_id":"#sec0086"},{"section_name":"References","changed_name":"References ","href_id":"#bibl0005"}]