[{"section_name":"Highlights","changed_name":"Highlights ","href_id":"#abs0005"},{"section_name":"Abstract","changed_name":"Abstract ","href_id":"#abs0010"},{"section_name":"Keywords","changed_name":"Keywords ","href_id":"#kwd0005"},{"section_name":"1. Introduction","changed_name":"1. Introduction","href_id":"#sec0005"},{"section_name":"2. Literature review","changed_name":"2. Literature review","href_id":"#sec0010"},{"section_name":"2.1. Network-based approaches","changed_name":"2. Literature review","href_id":"#sec0015"},{"section_name":"2.2. Topic modeling approaches","changed_name":"2. Literature review","href_id":"#sec0020"},{"section_name":"3. Methods","changed_name":"3. Methods","href_id":"#sec0025"},{"section_name":"3.1. Identifying topics","changed_name":"3. Methods","href_id":"#sec0030"},{"section_name":"3.2. Dynamic topic characteristics","changed_name":"3. Methods","href_id":"#sec0035"},{"section_name":"3.3. Data set","changed_name":"3. Methods","href_id":"#sec0040"},{"section_name":"4. Results","changed_name":"4. Results","href_id":"#sec0045"},{"section_name":"4.1. Topics in library and information science","changed_name":"4. Results","href_id":"#sec0050"},{"section_name":"4.2. Topic continuity and popularity","changed_name":"4. Results","href_id":"#sec0055"},{"section_name":"5. Discussion","changed_name":"5. Discussion","href_id":"#sec0060"},{"section_name":"5.1. Comparison with related studies","changed_name":"5. Discussion","href_id":"#sec0065"},{"section_name":"5.2. Limitations","changed_name":"5. Discussion","href_id":"#sec0070"},{"section_name":"6. Conclusion","changed_name":"6. Conclusion","href_id":"#sec0075"},{"section_name":"References","changed_name":"References ","href_id":"#bibl0005"}]