section_name,changed_name,href_id
Abstract,Abstract ,#aep-abstract-id11
Highlights,Highlights ,#aep-abstract-sec-id10
Highlights,Highlights ,#aep-abstract-sec-id10
Keywords,Keywords ,#aep-keywords-id13
1. Introduction,1. Introduction,#sec0005
2. Axiomatic method,2. Axiomatic method,#sec0010
3. Human subjects,3. Human subjects,#sec0015
4. Data processing,4. Data processing,#sec0020
5. Results and discussions,5. Results and discussions,#sec0025
6. Conclusions,6. Conclusions,#sec0030
Competing interests,Competing interests,#sec0035
Acknowledgments,Acknowledgments ,#aep-acknowledgment-id14
References,References ,#bibl0005
