section_name,changed_name,href_id
Highlights,Highlights ,#abs0005
Abstract,Abstract ,#abs0010
Keywords,Keywords ,#kwd0005
1. Introduction,1. Introduction,#sec0005
2. Literature review,2. Literature review,#sec0010
3. Data source and methodological framework,3. Data source and methodological framework,#sec0015
3.1. Analytical framework,3. Data source and methodological framework,#sec0020
3.2. Panel econometric model,3. Data source and methodological framework,#sec0025
3.3. Panel unit root tests,3. Data source and methodological framework,#sec0030
3.4. Panel cointegration tests,3. Data source and methodological framework,#sec0035
3.5. Panel long-run relationship,3. Data source and methodological framework,#sec0040
4. Results,4. Results,#sec0045
5. Conclusion,5. Conclusion,#sec0050
Acknowledgements,Acknowledgements ,#ack0005
References,References ,#bibl0005
