[{"section_name":"Highlights","changed_name":"Highlights ","href_id":"#abs0005"},{"section_name":"Abstract","changed_name":"Abstract ","href_id":"#abs0010"},{"section_name":"Keywords","changed_name":"Keywords ","href_id":"#kwd0005"},{"section_name":"1. Introduction","changed_name":"1. Introduction","href_id":"#sec0005"},{"section_name":"2. Background","changed_name":"2. Background","href_id":"#sec0010"},{"section_name":"3. Methodology","changed_name":"3. Methodology","href_id":"#sec0015"},{"section_name":"4. Experiments and results","changed_name":"4. Experiments and results","href_id":"#sec0020"},{"section_name":"4.1. Model of biomedical science","changed_name":"4. Experiments and results","href_id":"#sec0025"},{"section_name":"4.2. Additional Experiments","changed_name":"4. Experiments and results","href_id":"#sec0030"},{"section_name":"5. Model characterization","changed_name":"5. Model characterization","href_id":"#sec0035"},{"section_name":"6. Conclusion","changed_name":"6. Conclusion","href_id":"#sec0040"},{"section_name":"Acknowledgements","changed_name":"Acknowledgements ","href_id":"#ack0005"},{"section_name":"References","changed_name":"References ","href_id":"#bibl0005"}]