[{"section_name":"Highlights","changed_name":"Highlights ","href_id":"#abst0005"},{"section_name":"Highlights","changed_name":"Highlights ","href_id":"#abst0005"},{"section_name":"Abstract","changed_name":"Abstract ","href_id":"#abs0010"},{"section_name":"Keywords","changed_name":"Keywords ","href_id":"#kwd0005"},{"section_name":"1. Activity Index","changed_name":"1. Activity Index","href_id":"#sec0005"},{"section_name":"2. Relative Specialization Index","changed_name":"2. Relative Specialization Index","href_id":"#sec0010"},{"section_name":"3. Maximum values of AI and RSI","changed_name":"3. Maximum values of AI and RSI","href_id":"#sec0015"},{"section_name":"4. Standardization of AI","changed_name":"4. Standardization of AI","href_id":"#sec0020"},{"section_name":"5. Example","changed_name":"5. Example","href_id":"#sec0025"},{"section_name":"6. Conclusion","changed_name":"6. Conclusion","href_id":"#sec0030"},{"section_name":"References","changed_name":"References ","href_id":"#bibl0005"}]