[{"section_name":"Highlights","changed_name":"Highlights ","href_id":"#abs0005"},{"section_name":"Abstract","changed_name":"Abstract ","href_id":"#abs0010"},{"section_name":"Keywords","changed_name":"Keywords ","href_id":"#kwd0005"},{"section_name":"1. Introduction","changed_name":"1. Introduction","href_id":"#sec0005"},{"section_name":"2. Literature review","changed_name":"2. Literature review","href_id":"#sec0010"},{"section_name":"2.1. Mendeley reader counts","changed_name":"2. Literature review","href_id":"#sec0015"},{"section_name":"3. Research questions","changed_name":"3. Research questions","href_id":"#sec0020"},{"section_name":"4. Data and methods","changed_name":"4. Data and methods","href_id":"#sec0025"},{"section_name":"4.1. Data","changed_name":"4. Data and methods","href_id":"#sec0030"},{"section_name":"4.2. Field and year normalised citation and readership indicators","changed_name":"4. Data and methods","href_id":"#sec0035"},{"section_name":"4.3. Field and year normalised, national bias corrected readership indicator","changed_name":"4. Data and methods","href_id":"#sec0040"},{"section_name":"5. Results","changed_name":"5. Results","href_id":"#sec0045"},{"section_name":"6. Discussion","changed_name":"6. Discussion","href_id":"#sec0050"},{"section_name":"7. Conclusions","changed_name":"7. Conclusions","href_id":"#sec0055"},{"section_name":"Acknowledgement","changed_name":"Acknowledgement ","href_id":"#ack0005"},{"section_name":"References","changed_name":"References ","href_id":"#bibl0005"}]