section_name,changed_name,href_id
Highlights,Highlights ,#abst0005
Highlights,Highlights ,#abst0005
Abstract,Abstract ,#abs0010
Keywords,Keywords ,#kwd0005
1. Introduction,1. Introduction,#sec0005
2. Setting the framework,2. Setting the framework,#sec0010
3. Method,3. Method,#sec0015
3.1. A quantitative measure to evaluate similarity within and between S&T systems,3. Method,#sec0020
3.2. Investigating the dynamics of research systems,3. Method,#sec0025
4. Data,4. Data,#sec0030
5. Results,5. Results,#sec0035
5.1. Stock of scientific production,5. Results,#sec0040
5.2. Evolution of scientific production over time,5. Results,#sec0045
6. Conclusions,6. Conclusions,#sec0050
Acknowledgments,Acknowledgments ,#ack0005
Appendix A. Technical note on spin glasses,Appendix A. Technical note on spin glasses,#sec0055
"Appendix B. Countries, disciplines and detailed results","Appendix B. Countries, disciplines and detailed results",#sec0060
References,References ,#bibl0005
