section_name,changed_name,href_id
Highlights,Highlights ,#abs0005
Abstract,Abstract ,#abs0010
Keywords,Keywords ,#kwd0005
1. Introduction,1. Introduction,#sec0005
2. Data and methods,2. Data and methods,#sec0010
2.1. Handbooks,2. Data and methods,#sec0015
2.2. Journal articles,2. Data and methods,#sec0020
2.3. Processing of text,2. Data and methods,#sec0025
2.4. Measuring similarity based on text,2. Data and methods,#sec0030
3. Results,3. Results,#sec0035
3.1. Similarity of handbooks – the great divide,3. Results,#sec0040
3.2. Hierarchical clustering of handbook chapters,3. Results,#sec0045
3.3. Differences in approach between qualitative and quantitative STS,3. Results,#sec0050
3.4. Top topics – differences and similarities between the genres,3. Results,#sec0055
3.5. Trending topics,3. Results,#sec0060
3.6. The knowledge base and its usage in different genres in STS,3. Results,#sec0065
3.7. The role of handbooks in knowledge production,3. Results,#sec0070
4. Discussion and conclusions,4. Discussion and conclusions,#sec0075
Acknowledgments,Acknowledgments ,#ack0005
References,References ,#bibl0005
