section_name,changed_name,href_id
Abstract,Abstract ,#aep-abstract-id11
Highlights,Highlights ,#aep-abstract-sec-id10
Highlights,Highlights ,#aep-abstract-sec-id10
Keywords,Keywords ,#aep-keywords-id13
1. Introduction,1. Introduction,#sec0005
2. Law of Lotka,2. Law of Lotka,#sec0010
3. The s-index in Lotkaian systems,3. The s-index in Lotkaian systems,#sec0015
3.1. The relation between the h-index and the s-index,3. The s-index in Lotkaian systems,#sec0020
3.2. Sensitivity analysis of the model,3. The s-index in Lotkaian systems,#sec0025
4. Multi-field model,4. Multi-field model,#sec0030
5. Conclusions,5. Conclusions,#sec0035
References,References ,#bibl0005
