section_name,changed_name,href_id
Highlights,Highlights ,#abs0005
Abstract,Abstract ,#abs0010
Keywords,Keywords ,#kwd0005
1. Introduction,1. Introduction,#sec0005
2. The empirical approach,2. The empirical approach,#sec0010
3. The probabilistic citation distribution,3. The probabilistic citation distribution,#sec0015
4. The simple geometric model,4. The simple geometric model,#sec0020
5. Application of the simple geometric model,5. Application of the simple geometric model,#sec0025
6. The h-index profile,6. The h-index profile,#sec0030
7. Concluding remarks,7. Concluding remarks,#sec0035
References,References ,#bibl0005
