[{"section_name":"Highlights","changed_name":"Highlights ","href_id":"#abs0005"},{"section_name":"Abstract","changed_name":"Abstract ","href_id":"#abs0010"},{"section_name":"Keywords","changed_name":"Keywords ","href_id":"#kwd0005"},{"section_name":"1. Introduction","changed_name":"1. Introduction","href_id":"#sec0005"},{"section_name":"2. Literature review","changed_name":"2. Literature review","href_id":"#sec0010"},{"section_name":"2.1. Rule-based information extraction","changed_name":"2. Literature review","href_id":"#sec0015"},{"section_name":"2.2. Impact evaluations of digital outputs","changed_name":"2. Literature review","href_id":"#sec0020"},{"section_name":"3. Methods","changed_name":"3. Methods","href_id":"#sec0025"},{"section_name":"3.1. Data","changed_name":"3. Methods","href_id":"#sec0030"},{"section_name":"3.2. Software entity extraction","changed_name":"3. Methods","href_id":"#sec0035"},{"section_name":"3.3. Software use and citation analysis","changed_name":"3. Methods","href_id":"#sec0040"},{"section_name":"4. Experiments","changed_name":"4. Experiments","href_id":"#sec0045"},{"section_name":"4.1. Baselines","changed_name":"4. Experiments","href_id":"#sec0050"},{"section_name":"4.2. Evaluation metrics","changed_name":"4. Experiments","href_id":"#sec0055"},{"section_name":"4.3. Evaluation results of software entity extractions","changed_name":"4. Experiments","href_id":"#sec0060"},{"section_name":"5. Impact of software on science","changed_name":"5. Impact of software on science","href_id":"#sec0065"},{"section_name":"6. Conclusions and future work","changed_name":"6. Conclusions and future work","href_id":"#sec0070"},{"section_name":"Acknowledgements","changed_name":"Acknowledgements ","href_id":"#ack0005"},{"section_name":"References","changed_name":"References ","href_id":"#bibl0005"}]