section_name,changed_name,href_id
Highlights,Highlights ,#abs0005
Abstract,Abstract ,#abs0010
Keywords,Keywords ,#kwd0005
1. Introduction,1. Introduction,#sec0005
2. Data and methods,2. Data and methods,#sec0010
2.1. Dataset,2. Data and methods,#sec0015
2.2. Measuring research performance,2. Data and methods,#sec0020
2.2.1. University performance based on individual productivity,2. Data and methods,#sec0025
2.2.2. University performance based on SDS productivity,2. Data and methods,#sec0030
3. Results,3. Results,#sec0035
3.1. Comparing university productivity at the SDS level,3. Results,#sec0040
3.2. Comparing university productivity at the UDA level,3. Results,#sec0045
3.3. Comparing university performance by the new crown indicator,3. Results,#sec0050
4. Conclusions,4. Conclusions,#sec0055
References,References ,#bibl0005
