[{"section_name":"Highlights","changed_name":"Highlights ","href_id":"#abs0005"},{"section_name":"Abstract","changed_name":"Abstract ","href_id":"#abs0010"},{"section_name":"Keywords","changed_name":"Keywords ","href_id":"#kwd0005"},{"section_name":"1. Introduction","changed_name":"1. Introduction","href_id":"#sec0005"},{"section_name":"2. Related work","changed_name":"2. Related work","href_id":"#sec0010"},{"section_name":"2.1. Trend analysis with various resources","changed_name":"2. Related work","href_id":"#sec0015"},{"section_name":"2.2. Temporal analysis using topic modeling","changed_name":"2. Related work","href_id":"#sec0020"},{"section_name":"3. LDA-based time gap analysis method","changed_name":"3. LDA-based time gap analysis method","href_id":"#sec0025"},{"section_name":"3.1. Overview and data collection","changed_name":"3. LDA-based time gap analysis method","href_id":"#sec0030"},{"section_name":"3.1.1. Overview","changed_name":"3. LDA-based time gap analysis method","href_id":"#sec0035"},{"section_name":"3.1.2. Data collection","changed_name":"3. LDA-based time gap analysis method","href_id":"#sec0040"},{"section_name":"3.2. LDA topic modeling","changed_name":"3. LDA-based time gap analysis method","href_id":"#sec0045"},{"section_name":"3.2.1. Latent Dirichlet Allocation","changed_name":"3. LDA-based time gap analysis method","href_id":"#sec0050"},{"section_name":"3.2.2. Word extraction","changed_name":"3. LDA-based time gap analysis method","href_id":"#sec0055"},{"section_name":"3.2.3. Generating time slices with LDA","changed_name":"3. LDA-based time gap analysis method","href_id":"#sec0060"},{"section_name":"3.3. Method of the time gap analysis","changed_name":"3. LDA-based time gap analysis method","href_id":"#sec0065"},{"section_name":"3.3.1. Measuring topic similarity","changed_name":"3. LDA-based time gap analysis method","href_id":"#sec0070"},{"section_name":"3.3.2. Optimizing and estimating the time gap","changed_name":"3. LDA-based time gap analysis method","href_id":"#sec0075"},{"section_name":"4. Experiments for the time gap analysis","changed_name":"4. Experiments for the time gap analysis","href_id":"#sec0080"},{"section_name":"4.1. Interpretation of the time gap phenomenon","changed_name":"4. Experiments for the time gap analysis","href_id":"#sec0085"},{"section_name":"4.2. Time gap analysis between two resources","changed_name":"4. Experiments for the time gap analysis","href_id":"#sec0090"},{"section_name":"4.3. Optimizing the time gaps between multiple resources","changed_name":"4. Experiments for the time gap analysis","href_id":"#sec0095"},{"section_name":"5. Evaluation methods for the temporal analysis","changed_name":"5. Evaluation methods for the temporal analysis","href_id":"#sec0100"},{"section_name":"5.1. Statistical evaluation based on power-law exponent","changed_name":"5. Evaluation methods for the temporal analysis","href_id":"#sec0105"},{"section_name":"5.2. Evaluation based on the content analysis","changed_name":"5. Evaluation methods for the temporal analysis","href_id":"#sec0110"},{"section_name":"6. Conclusion","changed_name":"6. Conclusion","href_id":"#sec0115"},{"section_name":"Acknowledgements","changed_name":"Acknowledgements ","href_id":"#ack0005"},{"section_name":"References","changed_name":"References ","href_id":"#bibl0005"}]