section_name,changed_name,href_id
Abstract,Abstract ,#aep-abstract-id8
Highlights,Highlights ,#aep-abstract-sec-id7
Highlights,Highlights ,#aep-abstract-sec-id7
Keywords,Keywords ,#aep-keywords-id10
1. Introduction,1. Introduction,#sec0005
2. Basic statistics,2. Basic statistics,#sec0010
3. Hype? Do journals benefit?,3. Hype? Do journals benefit?,#sec0015
3.1. Journal of Informetrics (JOI),3. Hype? Do journals benefit?,#sec0020
3.2. Scientometrics,3. Hype? Do journals benefit?,#sec0025
3.3. Journal of the American Society for Information Science and Technology (JASIST),3. Hype? Do journals benefit?,#sec0030
3.4. Test of hypothesis: Mann–Whitney–Wilcoxon,3. Hype? Do journals benefit?,#sec0035
4. Hype? Do authors benefit?,4. Hype? Do authors benefit?,#sec0040
4.1. Other indications of the unusual behavior of H- and h-type articles,4. Hype? Do authors benefit?,#sec0045
5. Discussion,5. Discussion,#sec0050
6. Conclusion,6. Conclusion,#sec0055
Acknowledgements,Acknowledgements ,#aep-acknowledgment-id11
References,References ,#bibl0005
