section_name,changed_name,href_id
Highlights,Highlights ,#abs0005
Abstract,Abstract ,#abs0010
Keywords,Keywords ,#kwd0005
1. Introduction,1. Introduction,#sec0005
2. Literature review,2. Literature review,#sec0010
2.1. The citation impact of collaboration,2. Literature review,#sec0015
2.2. Types of collaboration,2. Literature review,#sec0020
2.3. Books,2. Literature review,#sec0025
3. Research questions,3. Research questions,#sec0030
4. Data and methods,4. Data and methods,#sec0035
5. Results,5. Results,#sec0040
6. Discussion and limitations,6. Discussion and limitations,#sec0045
7. Conclusions,7. Conclusions,#sec0050
References,References ,#bibl0005
