[{"section_name":"Highlights","changed_name":"Highlights ","href_id":"#abs0005"},{"section_name":"Abstract","changed_name":"Abstract ","href_id":"#abs0010"},{"section_name":"Keywords","changed_name":"Keywords ","href_id":"#kwd0005"},{"section_name":"1. Introduction","changed_name":"1. Introduction","href_id":"#sec0005"},{"section_name":"2. Methods","changed_name":"2. Methods","href_id":"#sec0010"},{"section_name":"2.1. Peer ratings provided by F1000","changed_name":"2. Methods","href_id":"#sec0015"},{"section_name":"2.2. Formation of the dataset, to which bibliometric data and altmetrics are attached","changed_name":"2. Methods","href_id":"#sec0020"},{"section_name":"2.3. Statistical procedure and software used","changed_name":"2. Methods","href_id":"#sec0025"},{"section_name":"3. Results","changed_name":"3. Results","href_id":"#sec0030"},{"section_name":"3.1. The distribution and selection of the tags in the dataset","changed_name":"3. Results","href_id":"#sec0035"},{"section_name":"3.2. How do the counts differ for differently tagged papers?","changed_name":"3. Results","href_id":"#sec0040"},{"section_name":"3.3. Is normalization of impact necessary for altmetric counts, as with citation counts?","changed_name":"3. Results","href_id":"#sec0045"},{"section_name":"4. Discussion","changed_name":"4. Discussion","href_id":"#sec0050"},{"section_name":"5. Conclusions","changed_name":"5. Conclusions","href_id":"#sec0055"},{"section_name":"Acknowledgements","changed_name":"Acknowledgements ","href_id":"#ack0005"},{"section_name":"References","changed_name":"References ","href_id":"#bibl0005"}]