[{"section_name":"Highlights","changed_name":"Highlights ","href_id":"#abs0005"},{"section_name":"Abstract","changed_name":"Abstract ","href_id":"#abs0010"},{"section_name":"Keywords","changed_name":"Keywords ","href_id":"#kwd0005"},{"section_name":"1. Introduction","changed_name":"1. Introduction","href_id":"#sec0005"},{"section_name":"2. Literature review","changed_name":"2. Literature review","href_id":"#sec0010"},{"section_name":"2.1. Research collaboration","changed_name":"2. Literature review","href_id":"#sec0015"},{"section_name":"2.2. Journal impact","changed_name":"2. Literature review","href_id":"#sec0020"},{"section_name":"2.3. Reference impact","changed_name":"2. Literature review","href_id":"#sec0025"},{"section_name":"2.4. Abstract readability","changed_name":"2. Literature review","href_id":"#sec0030"},{"section_name":"2.5. Size factors","changed_name":"2. Literature review","href_id":"#sec0035"},{"section_name":"3. Research questions","changed_name":"3. Research questions","href_id":"#sec0040"},{"section_name":"4. Data and methods","changed_name":"4. Data and methods","href_id":"#sec0045"},{"section_name":"4.1. Dependent and independent variables","changed_name":"4. Data and methods","href_id":"#sec0050"},{"section_name":"4.2. Statistical procedures","changed_name":"4. Data and methods","href_id":"#sec0055"},{"section_name":"5. Results","changed_name":"5. Results","href_id":"#sec0060"},{"section_name":"5.1. Journal impact","changed_name":"5. Results","href_id":"#sec0065"},{"section_name":"5.2. The number of references and their impact","changed_name":"5. Results","href_id":"#sec0070"},{"section_name":"5.3. Research collaboration","changed_name":"5. Results","href_id":"#sec0075"},{"section_name":"5.4. Abstract readability","changed_name":"5. Results","href_id":"#sec0080"},{"section_name":"5.5. Article size attributes","changed_name":"5. Results","href_id":"#sec0085"},{"section_name":"5.6. Spearman correlation results","changed_name":"5. Results","href_id":"#sec0090"},{"section_name":"6. Discussion","changed_name":"6. Discussion","href_id":"#sec0095"},{"section_name":"6.1. Journal impact","changed_name":"6. Discussion","href_id":"#sec0100"},{"section_name":"6.2. The impact and the number of references","changed_name":"6. Discussion","href_id":"#sec0105"},{"section_name":"6.3. Research collaboration","changed_name":"6. Discussion","href_id":"#sec0110"},{"section_name":"6.4. Abstract readability","changed_name":"6. Discussion","href_id":"#sec0115"},{"section_name":"6.5. Abstract length","changed_name":"6. Discussion","href_id":"#sec0120"},{"section_name":"6.6. Number of keywords","changed_name":"6. Discussion","href_id":"#sec0125"},{"section_name":"6.7. Title length","changed_name":"6. Discussion","href_id":"#sec0130"},{"section_name":"6.8. Paper length","changed_name":"6. Discussion","href_id":"#sec0135"},{"section_name":"7. Conclusion","changed_name":"7. Conclusion","href_id":"#sec0140"},{"section_name":"Acknowledgements","changed_name":"Acknowledgements ","href_id":"#ack0005"},{"section_name":"References","changed_name":"References ","href_id":"#bibl0005"}]