section_name,changed_name,href_id
Highlights,Highlights ,#abs0005
Abstract,Abstract ,#abs0010
Keywords,Keywords ,#kwd0005
1. Introduction,1. Introduction,#sec0005
2. Theoretical background and hypotheses,2. Theoretical background and hypotheses,#sec0010
2.1. Assembly of interdisciplinary teams,2. Theoretical background and hypotheses,#sec0015
2.1.1. Gender,2. Theoretical background and hypotheses,#sec0020
2.1.2. Tenure,2. Theoretical background and hypotheses,#sec0025
2.1.3. Institution tier and H-index,2. Theoretical background and hypotheses,#sec0030
2.1.4. Co-authorship relation,2. Theoretical background and hypotheses,#sec0035
2.1.5. Citation relation,2. Theoretical background and hypotheses,#sec0040
2.2. Success of interdisciplinary scientific teams,2. Theoretical background and hypotheses,#sec0045
2.2.1. Co-authorship relation,2. Theoretical background and hypotheses,#sec0050
2.2.2. Citation relation,2. Theoretical background and hypotheses,#sec0055
3. Data and methodology,3. Data and methodology,#sec0060
3.1. Context,3. Data and methodology,#sec0065
3.2. Data and sample,3. Data and methodology,#sec0070
3.2.1. Dependent variables,3. Data and methodology,#sec0075
3.2.2. Independent variables,3. Data and methodology,#sec0080
3.3. Analysis: Exponential Random Graph Models (p*/ERGM),3. Data and methodology,#sec0085
4. Results,4. Results,#sec0090
5. Discussion and conclusion,5. Discussion and conclusion,#sec0095
5.1. Limitations,5. Discussion and conclusion,#sec0100
5.2. Effect of researchers’ attributes,5. Discussion and conclusion,#sec0105
5.3. Effect of researchers’ network structures and prior relations,5. Discussion and conclusion,#sec0110
Acknowledgments,Acknowledgments ,#ack0005
References,References ,#bibl0005
