section_name,changed_name,href_id
Highlights,Highlights ,#abs0005
Abstract,Abstract ,#abs0010
Keywords,Keywords ,#kwd0005
1. Introduction,1. Introduction,#sec0005
2. Performance evaluation for five articles in multidisciplinary physics,2. Performance evaluation for five articles in multidisciplinary physics,#sec0010
3. Comparison with three other subject categories,3. Comparison with three other subject categories,#sec0015
4. Visualization,4. Visualization,#sec0020
5. Discussion,5. Discussion,#sec0025
References,References ,#bibl0005
