section_name,changed_name,href_id
Highlights,Highlights ,#abs0005
Abstract,Abstract ,#abs0010
Keywords,Keywords ,#kwd0005
1. Introduction,1. Introduction,#sec0005
2. Literature review,2. Literature review,#sec0010
2.1. Journal self-citations and journal impact factor,2. Literature review,#sec0015
2.2. Journal coercive self-citation,2. Literature review,#sec0020
2.3. Identification of journals involved with coercive self-citation,2. Literature review,#sec0025
3. Methods,3. Methods,#sec0030
3.1. Establishing a feature space for describing journal self-citation behavior,3. Methods,#sec0035
3.2. Construction of the sample set,3. Methods,#sec0055
3.3. Feature selection using a hybrid algorithm based on ReliefF and GA-Wrapper,3. Methods,#sec0060
3.4. Classification based on logistic regression with a ridge estimator,3. Methods,#sec0065
4. Results and discussion,4. Results and discussion,#sec0070
4.1. Optimal feature subset and classification accuracy,4. Results and discussion,#sec0075
4.2. Classification results using the test samples,4. Results and discussion,#sec0080
4.3. Classification results for test journals,4. Results and discussion,#sec0085
5. Conclusion,5. Conclusion,#sec0090
Acknowledgments,Acknowledgments ,#ack0005
Appendix A. Supplementary data,Appendix A. Supplementary data,#sec0100
References,References ,#bibl0005
