section_name,changed_name,href_id
Highlights,Highlights ,#abs0005
Abstract,Abstract ,#abs0010
Keywords,Keywords ,#kwd0005
1. Introduction,1. Introduction,#sec0005
"2. Linear, lognormal, and count regression models","2. Linear, lognormal, and count regression models",#sec0010
2.1. Linear regression,"2. Linear, lognormal, and count regression models",#sec0015
2.2. Lognormal regression model,"2. Linear, lognormal, and count regression models",#sec0020
2.3. Count regression models,"2. Linear, lognormal, and count regression models",#sec0025
2.3.1. Poisson regression model,"2. Linear, lognormal, and count regression models",#sec0030
2.3.2. Negative binomial regression model,"2. Linear, lognormal, and count regression models",#sec0035
2.3.3. Generalized Poisson regression model,"2. Linear, lognormal, and count regression models",#sec0040
2.4. Modified count data regression models,"2. Linear, lognormal, and count regression models",#sec0045
2.4.1. Zero-inflated count regression models,"2. Linear, lognormal, and count regression models",#sec0050
2.4.2. Zero-truncated count models,"2. Linear, lognormal, and count regression models",#sec0055
2.4.3. Hurdle regression models,"2. Linear, lognormal, and count regression models",#sec0060
2.5. Estimation and goodness-of-fit statistics,"2. Linear, lognormal, and count regression models",#sec0065
2.6. Model comparisons,"2. Linear, lognormal, and count regression models",#sec0070
3. Methodology,3. Methodology,#sec0075
3.1. Data collection,3. Methodology,#sec0080
3.2. Data analysis,3. Methodology,#sec0085
4. Results,4. Results,#sec0090
4.1. Model estimation and goodness of fit,4. Results,#sec0095
4.1.1. Google patent dataset,4. Results,#sec0100
4.1.2. Information research dataset,4. Results,#sec0105
4.1.3. Knowledge management dataset,4. Results,#sec0110
4.1.4. Canadian universities dataset,4. Results,#sec0115
4.2. Model validation,4. Results,#sec0120
5. Discussion,5. Discussion,#sec0125
6. Conclusions,6. Conclusions,#sec0130
Acknowledgements,Acknowledgements ,#ack0005
Appendix A. Descriptive statistics for the Google patent dataset (n = 560),Appendix A. Descriptive statistics for the Google patent dataset (n = 560),#sec0140
Appendix B. Descriptive statistics for the information research dataset (n = 144),Appendix B. Descriptive statistics for the information research dataset (n = 144),#sec0145
Appendix C. Descriptive statistics for the knowledge management dataset (n = 1337),Appendix C. Descriptive statistics for the knowledge management dataset (n = 1337),#sec0150
Appendix D. Descriptive statistics for the Canadian universities dataset (n = 44),Appendix D. Descriptive statistics for the Canadian universities dataset (n = 44),#sec0155
References,References ,#bibl0005
