[{"section_name":"Highlights","changed_name":"Highlights ","href_id":"#abs0005"},{"section_name":"Abstract","changed_name":"Abstract ","href_id":"#abs0010"},{"section_name":"Keywords","changed_name":"Keywords ","href_id":"#kwd0005"},{"section_name":"1. Introduction","changed_name":"1. Introduction","href_id":"#sec0005"},{"section_name":"2. Background","changed_name":"2. Background","href_id":"#sec0010"},{"section_name":"2.1. The case of systems biology","changed_name":"2. Background","href_id":"#sec0015"},{"section_name":"2.2. Timeframe for analysis","changed_name":"2. Background","href_id":"#sec0020"},{"section_name":"2.3. Subject categories as unit of analysis","changed_name":"2. Background","href_id":"#sec0025"},{"section_name":"3. Data & methods","changed_name":"3. Data & methods","href_id":"#sec0030"},{"section_name":"3.1. Descriptive statistics","changed_name":"3. Data & methods","href_id":"#sec0035"},{"section_name":"3.2. Bipartite network analysis","changed_name":"3. Data & methods","href_id":"#sec0040"},{"section_name":"3.3. Subject category co-occurrence analysis","changed_name":"3. Data & methods","href_id":"#sec0045"},{"section_name":"4. Results interpretation","changed_name":"4. Results interpretation","href_id":"#sec0050"},{"section_name":"4.1. Bipartite network analysis results interpretation","changed_name":"4. Results interpretation","href_id":"#sec0055"},{"section_name":"4.2. Subject category co-occurrence analysis results interpretation","changed_name":"4. Results interpretation","href_id":"#sec0060"},{"section_name":"5. Discussion & conclusion","changed_name":"5. Discussion & conclusion","href_id":"#sec0065"},{"section_name":"Acknowledgements","changed_name":"Acknowledgements ","href_id":"#ack0005"},{"section_name":"Appendix A. Supplementary data","changed_name":"Appendix A. Supplementary data","href_id":"#sec0075"},{"section_name":"References","changed_name":"References ","href_id":"#bibl0005"}]