[{"section_name":"Highlights","changed_name":"Highlights ","href_id":"#abs0005"},{"section_name":"Abstract","changed_name":"Abstract ","href_id":"#abs0010"},{"section_name":"Keywords","changed_name":"Keywords ","href_id":"#kwd0005"},{"section_name":"1. Introduction","changed_name":"1. Introduction","href_id":"#sec0005"},{"section_name":"2. Literature review","changed_name":"2. Literature review","href_id":"#sec0010"},{"section_name":"2.1. Research collaboration","changed_name":"2. Literature review","href_id":"#sec0015"},{"section_name":"2.2. Research impact","changed_name":"2. Literature review","href_id":"#sec0020"},{"section_name":"2.3. Collaboration geographical diversity","changed_name":"2. Literature review","href_id":"#sec0025"},{"section_name":"3. Data and methods","changed_name":"3. Data and methods","href_id":"#sec0030"},{"section_name":"3.1. Sample data and methodology","changed_name":"3. Data and methods","href_id":"#sec0035"},{"section_name":"3.2. Measures","changed_name":"3. Data and methods","href_id":"#sec0040"},{"section_name":"3.2.1. Research impact indicator","changed_name":"3. Data and methods","href_id":"#sec0045"},{"section_name":"3.2.2. Geographical (physical proximity) collaboration indicators","changed_name":"3. Data and methods","href_id":"#sec0050"},{"section_name":"3.3. Research model","changed_name":"3. Data and methods","href_id":"#sec0055"},{"section_name":"4. Results","changed_name":"4. Results","href_id":"#sec0060"},{"section_name":"4.1. Journals\u2019 publications productivity and impact statistics","changed_name":"4. Results","href_id":"#sec0065"},{"section_name":"4.2. Publications type's impact statistics","changed_name":"4. Results","href_id":"#sec0070"},{"section_name":"4.3. Publications impact statistics over time","changed_name":"4. Results","href_id":"#sec0075"},{"section_name":"4.4. Publications\u2019 collaborations statistics","changed_name":"4. Results","href_id":"#sec0080"},{"section_name":"4.5. Correlation","changed_name":"4. Results","href_id":"#sec0085"},{"section_name":"5. Conclusion and discussion","changed_name":"5. Conclusion and discussion","href_id":"#sec0090"},{"section_name":"References","changed_name":"References ","href_id":"#bibl0005"}]