section_name,changed_name,href_id
Highlights,Highlights ,#abs0005
Abstract,Abstract ,#abs0010
MSC,MSC ,#kwd0005
JEL classification,JEL classification,#kwd0010
Keywords,Keywords ,#kwd0015
1. Introduction,1. Introduction,#sec0005
2. Journals included and variables selected,2. Journals included and variables selected,#sec0010
3. Model and set of data used,3. Model and set of data used,#sec0015
4. Estimated model: Interpretation of the results,4. Estimated model: Interpretation of the results,#sec0020
5. Conclusions,5. Conclusions,#sec0025
References,References ,#bibl0005
