section_name,changed_name,href_id
Abstract,Abstract ,#aep-abstract-id14
Keywords,Keywords ,#aep-keywords-id16
1. Introduction,1. Introduction,#sec0005
2. Related work,2. Related work,#sec0010
2.1. Scientific collaboration,2. Related work,#sec0015
2.2. Subgraph detection,2. Related work,#sec0020
2.3. Topic modeling,2. Related work,#sec0025
2.4. Result diversification,2. Related work,#sec0030
3. Methods,3. Methods,#sec0035
3.1. Topic modeling,3. Methods,#sec0040
3.2. Construction of diversity subgraph,3. Methods,#sec0045
3.2.1. Diversity optimization for connected subgraph problem,3. Methods,#sec0050
3.2.2. Diversity optimization for constraint-based connected subgraph problem,3. Methods,#sec0055
3.3. Datasets for demonstration,3. Methods,#sec0060
4. Results,4. Results,#sec0065
4.1. Diversity Subgraph Extraction (DSE) algorithm,4. Results,#sec0070
4.2. Constraint-based Diversity Subgraph Extraction (CDSE) algorithm,4. Results,#sec0075
5. Discussion,5. Discussion,#sec0080
5.1. Evaluation,5. Discussion,#sec0085
5.2. Limitations,5. Discussion,#sec0090
6. Conclusion,6. Conclusion,#sec0095
Acknowledgments,Acknowledgments ,#aep-acknowledgment-id17
References,References ,#bibl0005
