[{"section_name":"Highlights","changed_name":"Highlights ","href_id":"#abs0005"},{"section_name":"Abstract","changed_name":"Abstract ","href_id":"#abs0010"},{"section_name":"Keywords","changed_name":"Keywords ","href_id":"#kwd0005"},{"section_name":"1. Introduction","changed_name":"1. Introduction","href_id":"#sec0005"},{"section_name":"2. Methods","changed_name":"2. Methods","href_id":"#sec0010"},{"section_name":"2.1. Features of the two simple author name disambiguation methods and the introduction of the hybrid method","changed_name":"2. Methods","href_id":"#sec0015"},{"section_name":"2.2. Evaluation and comparison of name-based author disambiguation methods","changed_name":"2. Methods","href_id":"#sec0020"},{"section_name":"2.2.1. Empirical datasets to be simulated","changed_name":"2. Methods","href_id":"#sec0025"},{"section_name":"2.2.2. Simulation","changed_name":"2. Methods","href_id":"#sec0030"},{"section_name":"3. Results: evaluation of disambiguation methods","changed_name":"3. Results: evaluation of disambiguation methods","href_id":"#sec0035"},{"section_name":"4. Conclusions and recommendations for use","changed_name":"4. Conclusions and recommendations for use","href_id":"#sec0040"},{"section_name":"Acknowledgments","changed_name":"Acknowledgments ","href_id":"#ack0005"},{"section_name":"References","changed_name":"References ","href_id":"#bibl0005"}]