[{"section_name":"Highlights","changed_name":"Highlights ","href_id":"#abs0010"},{"section_name":"Abstract","changed_name":"Abstract ","href_id":"#abs0015"},{"section_name":"Graphical abstract","changed_name":"Graphical abstract","href_id":"#abs0005"},{"section_name":"Keywords","changed_name":"Keywords ","href_id":"#kwd0005"},{"section_name":"1. Introduction","changed_name":"1. Introduction","href_id":"#sec0005"},{"section_name":"2. Methods and materials","changed_name":"2. Methods and materials","href_id":"#sec0010"},{"section_name":"2.1. Data","changed_name":"2. Methods and materials","href_id":"#sec0015"},{"section_name":"2.2. Methods","changed_name":"2. Methods and materials","href_id":"#sec0020"},{"section_name":"3. Results","changed_name":"3. Results","href_id":"#sec0025"},{"section_name":"3.1. Cores of integration","changed_name":"3. Results","href_id":"#sec0030"},{"section_name":"3.2. High energy and particle physics","changed_name":"3. Results","href_id":"#sec0035"},{"section_name":"3.3. Advanced manufacturing technology","changed_name":"3. Results","href_id":"#sec0040"},{"section_name":"4. Conclusions","changed_name":"4. Conclusions","href_id":"#sec0045"},{"section_name":"5. Discussion","changed_name":"5. Discussion","href_id":"#sec0050"},{"section_name":"Acknowledgement","changed_name":"Acknowledgement ","href_id":"#ack0005"},{"section_name":"References","changed_name":"References ","href_id":"#bibl0005"}]