[{"section_name":"Highlights","changed_name":"Highlights ","href_id":"#abst0005"},{"section_name":"Highlights","changed_name":"Highlights ","href_id":"#abst0005"},{"section_name":"Abstract","changed_name":"Abstract ","href_id":"#abs0010"},{"section_name":"Keywords","changed_name":"Keywords ","href_id":"#kwd0005"},{"section_name":"1. Introduction","changed_name":"1. Introduction","href_id":"#sec0005"},{"section_name":"2. Definitions and preliminaries","changed_name":"2. Definitions and preliminaries","href_id":"#sec0010"},{"section_name":"3. The axioms of Chambers and Miller","changed_name":"3. The axioms of Chambers and Miller","href_id":"#sec0015"},{"section_name":"4. Three combinatorial characterizations","changed_name":"4. Three combinatorial characterizations","href_id":"#sec0020"},{"section_name":"4.1. Homo-min alone","changed_name":"4. Three combinatorial characterizations","href_id":"#sec0025"},{"section_name":"4.2. Homo-max alone","changed_name":"4. Three combinatorial characterizations","href_id":"#sec0030"},{"section_name":"4.3. Homo-min and Homo-max together","changed_name":"4. Three combinatorial characterizations","href_id":"#sec0035"},{"section_name":"5. Step-based indices and staircase indices","changed_name":"5. Step-based indices and staircase indices","href_id":"#sec0040"},{"section_name":"6. An axiomatic characterization","changed_name":"6. An axiomatic characterization","href_id":"#sec0045"},{"section_name":"6.1. Proof of the axiomatization theorem","changed_name":"6. An axiomatic characterization","href_id":"#sec0050"},{"section_name":"6.2. Proof of the tightness theorem","changed_name":"6. An axiomatic characterization","href_id":"#sec0055"},{"section_name":"Acknowledgements","changed_name":"Acknowledgements ","href_id":"#ack0005"},{"section_name":"References","changed_name":"References ","href_id":"#bibl0005"}]