[{"section_name":"Abstract","changed_name":"Abstract ","href_id":"#aep-abstract-id13"},{"section_name":"Highlights","changed_name":"Highlights ","href_id":"#aep-abstract-sec-id12"},{"section_name":"Highlights","changed_name":"Highlights ","href_id":"#aep-abstract-sec-id12"},{"section_name":"Keywords","changed_name":"Keywords ","href_id":"#aep-keywords-id15"},{"section_name":"1. Introduction","changed_name":"1. Introduction","href_id":"#sec0005"},{"section_name":"2. Failure of conventional definitions and measures when order restrictions exist","changed_name":"2. Failure of conventional definitions and measures when order restrictions exist","href_id":"#sec0010"},{"section_name":"3. An alternative definition of stochastic independence under order restrictions","changed_name":"3. An alternative definition of stochastic independence under order restrictions","href_id":"#sec0015"},{"section_name":"4. A significance test for the null hypothesis H0:\u03c1XY*=0","changed_name":"4. A significance test for the null hypothesis H0:\u03c1XY*=0","href_id":"#sec0020"},{"section_name":"5. Empirical illustration","changed_name":"5. Empirical illustration","href_id":"#sec0025"},{"section_name":"6. Conclusion","changed_name":"6. Conclusion","href_id":"#sec0030"},{"section_name":"Appendix A. Triangular and two-sided power distributions","changed_name":"Appendix A. Triangular and two-sided power distributions","href_id":"#sec0035"},{"section_name":"Appendix B. Distribution of rxy by application of the delta method","changed_name":"Appendix B. Distribution of rxy by application of the delta method","href_id":"#sec0040"},{"section_name":"References","changed_name":"References ","href_id":"#bibl0005"}]