section_name,changed_name,href_id
Highlights,Highlights ,#abs0005
Abstract,Abstract ,#abs0010
Keywords,Keywords ,#kwd0005
1. Introduction,1. Introduction,#sec0005
2. Basic concepts of Langmuir-type function,2. Basic concepts of Langmuir-type function,#sec0010
3. Bibliometric data and their analysis,3. Bibliometric data and their analysis,#sec0015
4. Citation distribution of professors of different disciplines,4. Citation distribution of professors of different disciplines,#sec0020
"5. Relationship between Langmuir constant K, number Nc of cited papers and effectiveness parameter α","5. Relationship between Langmuir constant K, number Nc of cited papers and effectiveness parameter α",#sec0025
6. Nonuniformity in citation distributions,6. Nonuniformity in citation distributions,#sec0030
7. Summary and conclusions,7. Summary and conclusions,#sec0035
Acknowledgement,Acknowledgement ,#ack0005
References,References ,#bibl0005
