[{"section_name":"Highlights","changed_name":"Highlights ","href_id":"#abst0010"},{"section_name":"Highlights","changed_name":"Highlights ","href_id":"#abst0010"},{"section_name":"Abstract","changed_name":"Abstract ","href_id":"#abs0015"},{"section_name":"Graphical abstract","changed_name":"Graphical abstract","href_id":"#abst0005"},{"section_name":"Graphical abstract","changed_name":"Graphical abstract","href_id":"#abst0005"},{"section_name":"Keywords","changed_name":"Keywords ","href_id":"#kwd0005"},{"section_name":"1. Introduction","changed_name":"1. Introduction","href_id":"#sec0005"},{"section_name":"2. Background: accounting for coauthorship in publication counting","changed_name":"2. Background: accounting for coauthorship in publication counting","href_id":"#sec0010"},{"section_name":"2.1. Inflated publication counting","changed_name":"2. Background: accounting for coauthorship in publication counting","href_id":"#sec0015"},{"section_name":"2.2. Fractional publication counting","changed_name":"2. Background: accounting for coauthorship in publication counting","href_id":"#sec0020"},{"section_name":"2.3. Harmonic estimates of actual publication credit","changed_name":"2. Background: accounting for coauthorship in publication counting","href_id":"#sec0025"},{"section_name":"2.4. Top-down versus bottom-up allocation of publication credit","changed_name":"2. Background: accounting for coauthorship in publication counting","href_id":"#sec0030"},{"section_name":"3. Material and methods","changed_name":"3. Material and methods","href_id":"#sec0035"},{"section_name":"3.1. Conventional publication counts and the prevalence of international collaboration 1973\u20132013","changed_name":"3. Material and methods","href_id":"#sec0040"},{"section_name":"3.1.1. Doubling time","changed_name":"3. Material and methods","href_id":"#sec0045"},{"section_name":"3.2. Top-level publications 2012\u20132013","changed_name":"3. Material and methods","href_id":"#sec0050"},{"section_name":"3.2.1. Harmonic credit","changed_name":"3. Material and methods","href_id":"#sec0055"},{"section_name":"3.2.2. Additional byline information","changed_name":"3. Material and methods","href_id":"#sec0060"},{"section_name":"3.2.3. Fractional and inflated credit","changed_name":"3. Material and methods","href_id":"#sec0065"},{"section_name":"3.2.4. Lorenz\/Leimkuhler curves and Gini coefficients","changed_name":"3. Material and methods","href_id":"#sec0070"},{"section_name":"4. Results and discussion","changed_name":"4. Results and discussion","href_id":"#sec0075"},{"section_name":"4.1. Delineating the publication gap","changed_name":"4. Results and discussion","href_id":"#sec0080"},{"section_name":"4.1.1. Conventional inflated publication count","changed_name":"4. Results and discussion","href_id":"#sec0085"},{"section_name":"4.1.2. International collaboration","changed_name":"4. Results and discussion","href_id":"#sec0090"},{"section_name":"4.1.3. From gap to overlap","changed_name":"4. Results and discussion","href_id":"#sec0095"},{"section_name":"4.2. A top-level close-up","changed_name":"4. Results and discussion","href_id":"#sec0100"},{"section_name":"4.2.1. Publication credit","changed_name":"4. Results and discussion","href_id":"#sec0105"},{"section_name":"4.2.2. Contributory inequality","changed_name":"4. Results and discussion","href_id":"#sec0110"},{"section_name":"4.2.3. Output gap","changed_name":"4. Results and discussion","href_id":"#sec0115"},{"section_name":"5. Conclusions","changed_name":"5. Conclusions","href_id":"#sec0120"},{"section_name":"Acknowledgements","changed_name":"Acknowledgements ","href_id":"#ack0005"},{"section_name":"References","changed_name":"References ","href_id":"#bibl0005"}]