section_name,changed_name,href_id
Highlights,Highlights ,#abs0010
Abstract,Abstract ,#abs0015
Graphical abstract,Graphical abstract,#abs0005
Keywords,Keywords ,#kwd0005
1. Introduction and hypotheses,1. Introduction and hypotheses,#sec0005
2. Data,2. Data,#sec0010
2.1. Data used by Kretschmer et al. (2012),2. Data,#sec0015
2.2. New Turkish data collected by Ozel et al. (2014),2. Data,#sec0020
3. Results,3. Results,#sec0025
3.1. Frequencies of co-author pairs in dependence on the productivities of the co-authors,3. Results,#sec0030
3.2. Results of the log-linear regression analysis,3. Results,#sec0035
3.3. Comparison of standardized theoretical 3-D patterns obtained from the results of the regression analysis,3. Results,#sec0050
3.4. Overlay of empirical distribution and theoretical pattern into a single frame,3. Results,#sec0055
4. Summary and suggestions for future studies,4. Summary and suggestions for future studies,#sec0060
Acknowledgements,Acknowledgements ,#ack0005
References,References ,#bibl0005
