[{"section_name":"Abstract","changed_name":"Abstract ","href_id":"#aep-abstract-id7"},{"section_name":"Highlights","changed_name":"Highlights ","href_id":"#aep-abstract-sec-id6"},{"section_name":"Highlights","changed_name":"Highlights ","href_id":"#aep-abstract-sec-id6"},{"section_name":"Keywords","changed_name":"Keywords ","href_id":"#aep-keywords-id9"},{"section_name":"1. Introduction","changed_name":"1. Introduction","href_id":"#sec0005"},{"section_name":"2. Theoretical framework","changed_name":"2. Theoretical framework","href_id":"#sec0010"},{"section_name":"3. Methodology","changed_name":"3. Methodology","href_id":"#sec0015"},{"section_name":"4. Results","changed_name":"4. Results","href_id":"#sec0020"},{"section_name":"5. Discussion and conclusions","changed_name":"5. Discussion and conclusions","href_id":"#sec0025"},{"section_name":"Acknowledgements","changed_name":"Acknowledgements ","href_id":"#aep-acknowledgment-id10"},{"section_name":"References","changed_name":"References ","href_id":"#bibl0005"}]