[{"section_name":"Abstract","changed_name":"Abstract ","href_id":"#abs0010"},{"section_name":"Graphical abstract","changed_name":"Graphical abstract","href_id":"#abs0005"},{"section_name":"Keywords","changed_name":"Keywords ","href_id":"#kwd0005"},{"section_name":"1. Introduction","changed_name":"1. Introduction","href_id":"#sec0005"},{"section_name":"2. Materials and methods","changed_name":"2. Materials and methods","href_id":"#sec0010"},{"section_name":"2.1. Empirical data","changed_name":"2. Materials and methods","href_id":"#sec0015"},{"section_name":"2.2. Authorship quantification","changed_name":"2. Materials and methods","href_id":"#sec0020"},{"section_name":"2.3. Rank correlation","changed_name":"2. Materials and methods","href_id":"#sec0025"},{"section_name":"3. Results","changed_name":"3. Results","href_id":"#sec0030"},{"section_name":"3.1. Effect of equalizing and inflationary bias on credit scores","changed_name":"3. Results","href_id":"#sec0035"},{"section_name":"3.2. Bias-induced rank displacement","changed_name":"3. Results","href_id":"#sec0040"},{"section_name":"4. Discussion","changed_name":"4. Discussion","href_id":"#sec0045"},{"section_name":"Acknowledgements","changed_name":"Acknowledgements ","href_id":"#ack0005"},{"section_name":"References","changed_name":"References ","href_id":"#bibl0005"}]