section_name,changed_name,href_id
Highlights,Highlights ,#abs0005
Abstract,Abstract ,#abs0010
Keywords,Keywords ,#kwd0005
1. Introduction and review,1. Introduction and review,#sec0005
2. International Collaboration Map and analysis,2. International Collaboration Map and analysis,#sec0010
2.1. Data source,2. International Collaboration Map and analysis,#sec0015
2.2. International Collaboration Map,2. International Collaboration Map and analysis,#sec0020
3. International Collaboration Activity Index,3. International Collaboration Activity Index,#sec0025
4. Data and analysis,4. Data and analysis,#sec0030
4.1. Correlation analysis of each indicator,4. Data and analysis,#sec0035
4.2. K-means clustering analysis of 84 countries or regions,4. Data and analysis,#sec0040
5. Discussions and conclusions,5. Discussions and conclusions,#sec0045
Acknowledgements,Acknowledgements ,#ack0005
Appendix. Cluster membership and ICAI value,Appendix. Cluster membership and ICAI value,#sec0055
References,References ,#bibl0005
