[{"section_name":"Highlights","changed_name":"Highlights ","href_id":"#abs0005"},{"section_name":"Abstract","changed_name":"Abstract ","href_id":"#abs0010"},{"section_name":"Keywords","changed_name":"Keywords ","href_id":"#kwd0005"},{"section_name":"1. Introduction","changed_name":"1. Introduction","href_id":"#sec0005"},{"section_name":"2. The framework","changed_name":"2. The framework","href_id":"#sec0010"},{"section_name":"3. The simple model and its consequences","changed_name":"3. The simple model and its consequences","href_id":"#sec0015"},{"section_name":"4. The van Leeuwen and Moed findings","changed_name":"4. The van Leeuwen and Moed findings","href_id":"#sec0020"},{"section_name":"5. On \u201csuccess breeds success\u201d and the Hsu-Huang argument","changed_name":"5. On \u201csuccess breeds success\u201d and the Hsu-Huang argument","href_id":"#sec0025"},{"section_name":"6. Concluding remarks","changed_name":"6. Concluding remarks","href_id":"#sec0030"},{"section_name":"Acknowledgements","changed_name":"Acknowledgements ","href_id":"#ack0005"},{"section_name":"References","changed_name":"References ","href_id":"#bibl0005"}]