[{"section_name":"Abstract","changed_name":"Abstract ","href_id":"#aep-abstract-id17"},{"section_name":"Highlights","changed_name":"Highlights ","href_id":"#aep-abstract-sec-id16"},{"section_name":"Highlights","changed_name":"Highlights ","href_id":"#aep-abstract-sec-id16"},{"section_name":"Keywords","changed_name":"Keywords ","href_id":"#aep-keywords-id19"},{"section_name":"1. Introduction","changed_name":"1. Introduction","href_id":"#sec0005"},{"section_name":"2. Methods","changed_name":"2. Methods","href_id":"#sec0010"},{"section_name":"2.1. Data","changed_name":"2. Methods","href_id":"#sec0015"},{"section_name":"2.2. Citation flow vs. knowledge flow","changed_name":"2. Methods","href_id":"#sec0020"},{"section_name":"2.3. Scientific disciplines: dimensions and characteristics","changed_name":"2. Methods","href_id":"#sec0025"},{"section_name":"3. Results","changed_name":"3. Results","href_id":"#sec0030"},{"section_name":"3.1. The acceleration of science (Scientific Trading Impact and Dynamics)","changed_name":"3. Results","href_id":"#sec0035"},{"section_name":"3.2. Exporters and importers","changed_name":"3. Results","href_id":"#sec0040"},{"section_name":"3.2.1. Knowledge flow and knowledge surplus","changed_name":"3. Results","href_id":"#sec0045"},{"section_name":"3.2.2. Science hubs","changed_name":"3. Results","href_id":"#sec0050"},{"section_name":"3.3. Discipline Self-dependence","changed_name":"3. Results","href_id":"#sec0055"},{"section_name":"4. Discussion","changed_name":"4. Discussion","href_id":"#sec0060"},{"section_name":"4.1. Interrelationship of the scientific trading dimensions","changed_name":"4. Discussion","href_id":"#sec0065"},{"section_name":"4.2. Applying the scientific trading dimensions to a variety of fields","changed_name":"4. Discussion","href_id":"#sec0070"},{"section_name":"4.3. Characteristics of the sciences and the social sciences","changed_name":"4. Discussion","href_id":"#sec0075"},{"section_name":"5. Conclusion","changed_name":"5. Conclusion","href_id":"#sec0080"},{"section_name":"Acknowledgement","changed_name":"Acknowledgement ","href_id":"#aep-acknowledgment-id20"},{"section_name":"Appendix A. Supplementary data","changed_name":"Appendix A. Supplementary data","href_id":"#sec0090"},{"section_name":"References","changed_name":"References ","href_id":"#bibl0005"}]