[{"section_name":"Highlights","changed_name":"Highlights ","href_id":"#abs0005"},{"section_name":"Abstract","changed_name":"Abstract ","href_id":"#abs0010"},{"section_name":"Keywords","changed_name":"Keywords ","href_id":"#kwd0005"},{"section_name":"1. Introduction","changed_name":"1. Introduction","href_id":"#sec0005"},{"section_name":"2. Methodology","changed_name":"2. Methodology","href_id":"#sec0010"},{"section_name":"2.1. Assessment methods \u2013 logistic growth function","changed_name":"2. Methodology","href_id":"#sec0015"},{"section_name":"2.2. Assessment methods \u2013 RSII","changed_name":"2. Methodology","href_id":"#sec0020"},{"section_name":"2.3. Data collection","changed_name":"2. Methodology","href_id":"#sec0025"},{"section_name":"3. Results and analysis","changed_name":"3. Results and analysis","href_id":"#sec0030"},{"section_name":"3.1. The production patterns of publications and patents","changed_name":"3. Results and analysis","href_id":"#sec0035"},{"section_name":"3.2. Science-based technological patents","changed_name":"3. Results and analysis","href_id":"#sec0040"},{"section_name":"4. Conclusions","changed_name":"4. Conclusions","href_id":"#sec0045"},{"section_name":"Acknowledgements","changed_name":"Acknowledgements ","href_id":"#ack0005"},{"section_name":"References","changed_name":"References ","href_id":"#bibl0005"}]