section_name,changed_name,href_id
Abstract,Abstract ,#aep-abstract-id9
Highlights,Highlights ,#aep-abstract-sec-id8
Highlights,Highlights ,#aep-abstract-sec-id8
Keywords,Keywords ,#aep-keywords-id11
1. Using reference sets,1. Using reference sets,#sec0005
2. The calculation of percentiles,2. The calculation of percentiles,#sec0010
3. Assigning percentiles to percentile rank classes,3. Assigning percentiles to percentile rank classes,#sec0015
4. Rules for and problems with assigning publications to percentile rank classes,4. Rules for and problems with assigning publications to percentile rank classes,#sec0020
5. Discussion,5. Discussion,#sec0025
Acknowledgements,Acknowledgements ,#aep-acknowledgment-id12
References,References ,#bibl0005
