section_name,changed_name,href_id
Highlights,Highlights ,#abs0005
Abstract,Abstract ,#abs0010
Keywords,Keywords ,#kwd0005
1. Introduction,1. Introduction,#sec0005
2. Data,2. Data,#sec0010
3. Methods,3. Methods,#sec0015
3.1. Subject category similarity matrix and maps,3. Methods,#sec0020
3.2. Overlay maps,3. Methods,#sec0025
3.3. Barycenter and distance calculation,3. Methods,#sec0030
4. Results,4. Results,#sec0035
4.1. Barycenter distances,4. Results,#sec0040
4.2. Case studies of University of Antwerp research assessments,4. Results,#sec0045
4.2.1. Chemistry assessment,4. Results,#sec0050
4.2.2. Physics assessment,4. Results,#sec0070
5. Conclusion,5. Conclusion,#sec0090
Acknowledgments,Acknowledgments ,#ack0005
Appendix A. Supplementary data,Appendix A. Supplementary data,#sec0100
References,References ,#bibl0005
