section_name,changed_name,href_id
Highlights,Highlights ,#abst0005
Highlights,Highlights ,#abst0005
Abstract,Abstract ,#abs0010
Keywords,Keywords ,#kwd0005
1. Introduction,1. Introduction,#sec0005
2. Material and methods,2. Material and methods,#sec0010
2.1. Data description,2. Material and methods,#sec0015
2.2. Data fitting and F-statistics,2. Material and methods,#sec0020
3. Results and discussions,3. Results and discussions,#sec0025
3.1. Evolution of the number of citations,3. Results and discussions,#sec0030
3.2. Evolution of the time to peak,3. Results and discussions,#sec0035
3.3. Functional form of citation decay,3. Results and discussions,#sec0040
3.4. Ultradiffusion and decay in attention,3. Results and discussions,#sec0045
3.5. Evolution of the decay exponent,3. Results and discussions,#sec0050
3.6. Exponential increase in number of publications,3. Results and discussions,#sec0055
3.7. Half-life,3. Results and discussions,#sec0060
3.8. Rescaling time,3. Results and discussions,#sec0065
4. Conclusions,4. Conclusions,#sec0070
Author contributions,Author contributions,#sec0075
Acknowledgements,Acknowledgements ,#ack0005
Appendix A. Description of the categories,Appendix A. Description of the categories,#sec0080
Appendix B. Evolution of the number of citations for other decile,Appendix B. Evolution of the number of citations for other decile,#sec0085
Appendix C. Evolution of half-life for different values of σ and alternative definition of half-life,Appendix C. Evolution of half-life for different values of σ and alternative definition of half-life,#sec0090
References,References ,#bibl0005
