section_name,changed_name,href_id
Abstract,Abstract ,#aep-abstract-id9
Highlights,Highlights ,#aep-abstract-sec-id8
Highlights,Highlights ,#aep-abstract-sec-id8
Keywords,Keywords ,#aep-keywords-id11
1. Introduction,1. Introduction,#sec0005
2. Background,2. Background,#sec0010
2.1. Concepts related to the knowledge network,2. Background,#sec0015
2.2. Discovering research front based on citation analysis,2. Background,#sec0020
2.3. Exploring emerging trends based on text mining,2. Background,#sec0025
2.4. Brief summary,2. Background,#sec0030
3. Research design,3. Research design,#sec0035
4. Collective dynamics model,4. Collective dynamics model,#sec0040
4.1. Hypotheses,4. Collective dynamics model,#sec0045
4.2. Mathematics model,4. Collective dynamics model,#sec0050
4.3. Qualitative interpretation of the model,4. Collective dynamics model,#sec0055
4.4. Model analysis,4. Collective dynamics model,#sec0060
5. Analysis and evaluation method,5. Analysis and evaluation method,#sec0065
5.1. Analysis process,5. Analysis and evaluation method,#sec0070
5.2. Evaluation method,5. Analysis and evaluation method,#sec0075
6. Experiment based on DCN,6. Experiment based on DCN,#sec0080
6.1. Statistical data,6. Experiment based on DCN,#sec0085
6.2. Data processing and parameter design,6. Experiment based on DCN,#sec0090
6.3. Experiment results,6. Experiment based on DCN,#sec0095
7. Discussion,7. Discussion,#sec0100
8. Conclusion,8. Conclusion,#sec0105
Acknowledgement,Acknowledgement ,#aep-acknowledgment-id12
References,References ,#bibl0005
