[{"section_name":"Highlights","changed_name":"Highlights ","href_id":"#abs0005"},{"section_name":"Abstract","changed_name":"Abstract ","href_id":"#abs0010"},{"section_name":"Keywords","changed_name":"Keywords ","href_id":"#kwd0005"},{"section_name":"1. Introduction","changed_name":"1. Introduction","href_id":"#sec0005"},{"section_name":"2. Data and methods","changed_name":"2. Data and methods","href_id":"#sec0010"},{"section_name":"2.1. Receiver operating characteristics (ROC) analysis","changed_name":"2. Data and methods","href_id":"#sec0015"},{"section_name":"2.2. Precision\u2013recall analysis","changed_name":"2. Data and methods","href_id":"#sec0020"},{"section_name":"3. Results","changed_name":"3. Results","href_id":"#sec0025"},{"section_name":"3.1. Correspondence of RIP, SNIP and SJR2 with source categories","changed_name":"3. Results","href_id":"#sec0030"},{"section_name":"3.2. Predictive power of RIP, SNIP and SJR2","changed_name":"3. Results","href_id":"#sec0035"},{"section_name":"4. Discussion and conclusions","changed_name":"4. Discussion and conclusions","href_id":"#sec0040"},{"section_name":"Appendix. ","changed_name":"Appendix. ","href_id":"#sec0045"},{"section_name":"References","changed_name":"References ","href_id":"#bibl0005"}]