section_name,changed_name,href_id
Highlights,Highlights ,#abs0005
Abstract,Abstract ,#abs0010
Keywords,Keywords ,#kwd0005
1. Introduction,1. Introduction,#sec0005
2. Assessment of single paper,2. Assessment of single paper,#sec0010
2.1. By affiliation,2. Assessment of single paper,#sec0015
2.2. By discipline,2. Assessment of single paper,#sec0020
2.3. Combined categories,2. Assessment of single paper,#sec0025
3. Assessment of scientists/institutions,3. Assessment of scientists/institutions,#sec0030
4. Hierarchical approach,4. Hierarchical approach,#sec0035
4.1. By affiliation,4. Hierarchical approach,#sec0040
4.2. By discipline,4. Hierarchical approach,#sec0045
5. Further research,5. Further research,#sec0050
References,References ,#bibl0005
