section_name,changed_name,href_id
Highlights,Highlights ,#abs0005
Abstract,Abstract ,#abs0010
Keywords,Keywords ,#kwd0005
1. Introduction,1. Introduction,#sec0005
2. Background and theoretical framework,2. Background and theoretical framework,#sec0010
2.1. Core periphery models,2. Background and theoretical framework,#sec0015
2.2. Coreness and organizational characteristics,2. Background and theoretical framework,#sec0020
2.3. Connectivity and geography,2. Background and theoretical framework,#sec0025
3. Methods,3. Methods,#sec0030
3.1. Sources and data,3. Methods,#sec0035
3.2. Analysis,3. Methods,#sec0040
4. Results,4. Results,#sec0045
4.1. Descriptive statistics,4. Results,#sec0050
4.2. Testing the core–periphery structure,4. Results,#sec0055
4.3. Determinants of coreness,4. Results,#sec0060
"4.4. Geography, coreness and connectivity",4. Results,#sec0065
5. Discussion and conclusion,5. Discussion and conclusion,#sec0070
Acknowledgements,Acknowledgements ,#ack0005
References,References ,#bibl0005
