section_name,changed_name,href_id
Abstract,Abstract ,#abs0005
Keywords,Keywords ,#kwd0005
1. Introduction,1. Introduction,#sec0005
2. Economies of scale and specialization in higher education,2. Economies of scale and specialization in higher education,#sec0010
2.1. General introduction,2. Economies of scale and specialization in higher education,#sec0015
2.2. Research questions,2. Economies of scale and specialization in higher education,#sec0020
2.2.1. Are larger universities more efficient?,2. Economies of scale and specialization in higher education,#sec0025
2.2.2. Are specialised universities more efficient?,2. Economies of scale and specialization in higher education,#sec0030
2.3. Generalizability and policy relevance of results,2. Economies of scale and specialization in higher education,#sec0035
3. Data,3. Data,#sec0040
3.1. Description of datasets,3. Data,#sec0045
3.2. Data integration,3. Data,#sec0050
3.3. Variables,3. Data,#sec0055
4. Production models of European universities,4. Production models of European universities,#sec0060
5. Method: a flexible approach based on directional distances,5. Method: a flexible approach based on directional distances,#sec0065
5.1. Second stage regression: impact of scale and specialization on efficiency,5. Method: a flexible approach based on directional distances,#sec0070
5.2. Testing the significance of scale and specialization,5. Method: a flexible approach based on directional distances,#sec0075
5.3. Analyzing the gaps,5. Method: a flexible approach based on directional distances,#sec0080
6. Results,6. Results,#sec0085
6.1. Impact of scale and specialization on efficiency,6. Results,#sec0090
6.2. Efficiency results and analysis of gaps,6. Results,#sec0095
7. Conclusions,7. Conclusions,#sec0100
Acknowledgments,Acknowledgments ,#ack0005
Appendix A. Technical details on factorial analysis and gaps calculation,Appendix A. Technical details on factorial analysis and gaps calculation,#sec0105
References,References ,#bibl0005
