[{"section_name":"Highlights","changed_name":"Highlights ","href_id":"#abs0005"},{"section_name":"Abstract","changed_name":"Abstract ","href_id":"#abs0010"},{"section_name":"Keywords","changed_name":"Keywords ","href_id":"#kwd0005"},{"section_name":"1. Introduction","changed_name":"1. Introduction","href_id":"#sec0005"},{"section_name":"1.1. Previous research","changed_name":"1. Introduction","href_id":"#sec0010"},{"section_name":"1.1.1. Development of open access","changed_name":"1. Introduction","href_id":"#sec0015"},{"section_name":"1.1.2. Open access and citation averages","changed_name":"1. Introduction","href_id":"#sec0020"},{"section_name":"1.2. Study aims","changed_name":"1. Introduction","href_id":"#sec0025"},{"section_name":"2. Dataset and methodology","changed_name":"2. Dataset and methodology","href_id":"#sec0030"},{"section_name":"3. Results","changed_name":"3. Results","href_id":"#sec0035"},{"section_name":"4. Discussion","changed_name":"4. Discussion","href_id":"#sec0040"},{"section_name":"5. Conclusions","changed_name":"5. Conclusions","href_id":"#sec0045"},{"section_name":"Appendix I. Assumptions for determining \u201cborn\u201d versus \u201cconverted\u201d and date of conversion","changed_name":"Appendix I. Assumptions for determining \u201cborn\u201d versus \u201cconverted\u201d and date of conversion","href_id":"#sec0055"},{"section_name":"References","changed_name":"References ","href_id":"#bibl0005"}]