[{"section_name":"Highlights","changed_name":"Highlights ","href_id":"#abs0005"},{"section_name":"Abstract","changed_name":"Abstract ","href_id":"#abs0010"},{"section_name":"Keywords","changed_name":"Keywords ","href_id":"#kwd0005"},{"section_name":"1. Introduction","changed_name":"1. Introduction","href_id":"#sec0005"},{"section_name":"2. Research questions","changed_name":"2. Research questions","href_id":"#sec0010"},{"section_name":"3. Methods","changed_name":"3. Methods","href_id":"#sec0015"},{"section_name":"3.1. Social network measures","changed_name":"3. Methods","href_id":"#sec0020"},{"section_name":"3.1.1. Centrality measures","changed_name":"3. Methods","href_id":"#sec0025"},{"section_name":"3.1.2. Measures of cohesion","changed_name":"3. Methods","href_id":"#sec0030"},{"section_name":"3.2. Measures of research performance","changed_name":"3. Methods","href_id":"#sec0035"},{"section_name":"4. Results","changed_name":"4. Results","href_id":"#sec0040"},{"section_name":"4.1. Network structure","changed_name":"4. Results","href_id":"#sec0045"},{"section_name":"4.2. Relationship between performance indicators and the position of authors in networks","changed_name":"4. Results","href_id":"#sec0050"},{"section_name":"5. Discussion","changed_name":"5. Discussion","href_id":"#sec0055"},{"section_name":"Acknowledgements","changed_name":"Acknowledgements ","href_id":"#ack0005"},{"section_name":"References","changed_name":"References ","href_id":"#bibl0005"}]