[{"section_name":"Highlights","changed_name":"Highlights ","href_id":"#abs0005"},{"section_name":"Abstract","changed_name":"Abstract ","href_id":"#abs0010"},{"section_name":"Keywords","changed_name":"Keywords ","href_id":"#kwd0005"},{"section_name":"1. Introduction","changed_name":"1. Introduction","href_id":"#sec0005"},{"section_name":"2. Uncertainty in the assessment of research performance","changed_name":"2. Uncertainty in the assessment of research performance","href_id":"#sec0010"},{"section_name":"3. The funnel plot method","changed_name":"3. The funnel plot method","href_id":"#sec0015"},{"section_name":"4. The research performance indicator","changed_name":"4. The research performance indicator","href_id":"#sec0020"},{"section_name":"5. A case application of the funnel plot","changed_name":"5. A case application of the funnel plot","href_id":"#sec0025"},{"section_name":"6. Conclusions","changed_name":"6. Conclusions","href_id":"#sec0030"},{"section_name":"Author contributions","changed_name":"Author contributions","href_id":"#sec0090"},{"section_name":"References","changed_name":"References ","href_id":"#bibl0005"}]