[{"section_name":"Highlights","changed_name":"Highlights ","href_id":"#abs0005"},{"section_name":"Abstract","changed_name":"Abstract ","href_id":"#abs0010"},{"section_name":"Keywords","changed_name":"Keywords ","href_id":"#kwd0005"},{"section_name":"1. Introduction","changed_name":"1. Introduction","href_id":"#sec0005"},{"section_name":"2. Characteristics of the three data sources","changed_name":"2. Characteristics of the three data sources","href_id":"#sec0010"},{"section_name":"2.1. Methods of gathering data","changed_name":"2. Characteristics of the three data sources","href_id":"#sec0015"},{"section_name":"2.2. Types of traffic statistics","changed_name":"2. Characteristics of the three data sources","href_id":"#sec0020"},{"section_name":"3. Literature review","changed_name":"3. Literature review","href_id":"#sec0025"},{"section_name":"4. Methodology","changed_name":"4. Methodology","href_id":"#sec0030"},{"section_name":"4.1. Selection of universities for the study","changed_name":"4. Methodology","href_id":"#sec0035"},{"section_name":"4.2. Selection of companies for the study","changed_name":"4. Methodology","href_id":"#sec0040"},{"section_name":"4.3. Collection of Web traffic data","changed_name":"4. Methodology","href_id":"#sec0045"},{"section_name":"5. Results","changed_name":"5. Results","href_id":"#sec0050"},{"section_name":"5.1. Data availability","changed_name":"5. Results","href_id":"#sec0055"},{"section_name":"5.2. Web traffic as an indicator of academic and business performance","changed_name":"5. Results","href_id":"#sec0060"},{"section_name":"5.3. Comparison of traffic data sources","changed_name":"5. Results","href_id":"#sec0065"},{"section_name":"6. Discussion and conclusions","changed_name":"6. Discussion and conclusions","href_id":"#sec0070"},{"section_name":"Acknowledgements","changed_name":"Acknowledgements ","href_id":"#ack0005"},{"section_name":"Appendix A. U.S. Universities","changed_name":"Appendix A. U.S. Universities","href_id":"#sec0075"},{"section_name":"Appendix B. Chinese universities","changed_name":"Appendix B. Chinese universities","href_id":"#sec0080"},{"section_name":"Appendix C. U.S. Internet retailers","changed_name":"Appendix C. U.S. Internet retailers","href_id":"#sec0085"},{"section_name":"Appendix D. Chinese E-Commerce Companies","changed_name":"Appendix D. Chinese E-Commerce Companies","href_id":"#sec0090"},{"section_name":"References","changed_name":"References ","href_id":"#bibl0005"}]