section_name,changed_name,href_id
Highlights,Highlights ,#abs0005
Abstract,Abstract ,#abs0010
Abbreviation,Abbreviation ,#kwd0005
Keywords,Keywords ,#kwd0010
1. Introduction,1. Introduction,#sec0005
2. The effect on citation inequality of differences in citation practices across scientific disciplines,2. The effect on citation inequality of differences in citation practices across scientific disciplines,#sec0010
2.1. A measurement framework,2. The effect on citation inequality of differences in citation practices across scientific disciplines,#sec0015
2.2. Classification systems,2. The effect on citation inequality of differences in citation practices across scientific disciplines,#sec0020
3. The evaluation of normalization procedures in terms of a given classification system,3. The evaluation of normalization procedures in terms of a given classification system,#sec0025
3.1. Normalization procedures,3. The evaluation of normalization procedures in terms of a given classification system,#sec0030
3.2. The graphical method,3. The evaluation of normalization procedures in terms of a given classification system,#sec0035
3.3. The numerical method,3. The evaluation of normalization procedures in terms of a given classification system,#sec0040
4. The evaluation of normalization procedures using different classification systems,4. The evaluation of normalization procedures using different classification systems,#sec0045
4.1. The first double test,4. The evaluation of normalization procedures using different classification systems,#sec0050
4.2. The second double test,4. The evaluation of normalization procedures using different classification systems,#sec0055
5. Discussion,5. Discussion,#sec0060
6. Conclusions,6. Conclusions,#sec0065
Acknowledgements,Acknowledgements ,#ack0005
Appendix. ,Appendix. ,#sec0075
References,References ,#bibl0005
