section_name,changed_name,href_id
Highlights,Highlights ,#abs0005
Abstract,Abstract ,#abs0010
Keywords,Keywords ,#kwd0005
1. Introduction,1. Introduction,#sec0005
2. Literature review,2. Literature review,#sec0010
3. Methods,3. Methods,#sec0015
3.1. Analyses,3. Methods,#sec0020
3.1.1. General trends,3. Methods,#sec0025
3.1.2. Concentration of research output,3. Methods,#sec0030
3.1.3. Coauthorship analysis,3. Methods,#sec0045
3.1.4. Research foci,3. Methods,#sec0060
3.1.5. Funding analyses,3. Methods,#sec0075
4. Discussion,4. Discussion,#sec0080
Acknowledgments,Acknowledgments ,#ack0005
References,References ,#bibl0005
