[{"section_name":"Highlights","changed_name":"Highlights ","href_id":"#abs0005"},{"section_name":"Abstract","changed_name":"Abstract ","href_id":"#abs0010"},{"section_name":"Keywords","changed_name":"Keywords ","href_id":"#kwd0005"},{"section_name":"1. Introduction","changed_name":"1. Introduction","href_id":"#sec0005"},{"section_name":"2. Data and methods","changed_name":"2. Data and methods","href_id":"#sec0015"},{"section_name":"3. Rankings of universities in each field","changed_name":"3. Rankings of universities in each field","href_id":"#sec0020"},{"section_name":"4. Rankings of universities in each discipline","changed_name":"4. Rankings of universities in each discipline","href_id":"#sec0025"},{"section_name":"5. Conclusions","changed_name":"5. Conclusions","href_id":"#sec0030"},{"section_name":"References","changed_name":"References ","href_id":"#bibl0005"}]