section_name,changed_name,href_id
Highlights,Highlights ,#abs0005
Abstract,Abstract ,#abs0010
Keywords,Keywords ,#kwd0005
1. Introduction,1. Introduction,#sec0005
2. Data and methodology,2. Data and methodology,#sec0010
3. Results,3. Results,#sec0015
3.1. China contributed the most articles and citations to Chinese-English bilingual journals,3. Results,#sec0020
3.2. Chinese-language articles are not biased in citations,3. Results,#sec0025
3.3. Comparisons of language bias in citations in between Scopus and WoS,3. Results,#sec0030
4. Conclusions and discussions,4. Conclusions and discussions,#sec0035
Acknowledgements,Acknowledgements ,#ack0005
References,References ,#bibl0005
