[{"section_name":"Abstract","changed_name":"Abstract ","href_id":"#aep-abstract-id5"},{"section_name":"Highlights","changed_name":"Highlights ","href_id":"#aep-abstract-sec-id4"},{"section_name":"Highlights","changed_name":"Highlights ","href_id":"#aep-abstract-sec-id4"},{"section_name":"Keywords","changed_name":"Keywords ","href_id":"#aep-keywords-id7"},{"section_name":"1. Introduction","changed_name":"1. Introduction","href_id":"#sec0005"},{"section_name":"2. Possible increase of the indices by increasing the number of publications with unity while keeping the number of citations as constant","changed_name":"2. Possible increase of the indices by increasing the number of publications with unity while keeping the number of citations as constant","href_id":"#sec0010"},{"section_name":"2.1. \u03c0-Index","changed_name":"2. Possible increase of the indices by increasing the number of publications with unity while keeping the number of citations as constant","href_id":"#sec0015"},{"section_name":"2.2. CDS-index","changed_name":"2. Possible increase of the indices by increasing the number of publications with unity while keeping the number of citations as constant","href_id":"#sec0020"},{"section_name":"2.3. Journal Paper Citedness (JPC)","changed_name":"2. Possible increase of the indices by increasing the number of publications with unity while keeping the number of citations as constant","href_id":"#sec0025"},{"section_name":"2.4. Hirsch index (h-index) and Hirsch-type indices","changed_name":"2. Possible increase of the indices by increasing the number of publications with unity while keeping the number of citations as constant","href_id":"#sec0030"},{"section_name":"3. Possible increase of the impact indices by obtaining more citations while keeping the number of papers as constant","changed_name":"3. Possible increase of the impact indices by obtaining more citations while keeping the number of papers as constant","href_id":"#sec0035"},{"section_name":"3.1. \u03c0-Index","changed_name":"3. Possible increase of the impact indices by obtaining more citations while keeping the number of papers as constant","href_id":"#sec0040"},{"section_name":"3.2. CDS-index","changed_name":"3. Possible increase of the impact indices by obtaining more citations while keeping the number of papers as constant","href_id":"#sec0045"},{"section_name":"3.3. Hirsch index (h-index)","changed_name":"3. Possible increase of the impact indices by obtaining more citations while keeping the number of papers as constant","href_id":"#sec0050"},{"section_name":"3.4. A-Index","changed_name":"3. Possible increase of the impact indices by obtaining more citations while keeping the number of papers as constant","href_id":"#sec0055"},{"section_name":"3.5. R-Index","changed_name":"3. Possible increase of the impact indices by obtaining more citations while keeping the number of papers as constant","href_id":"#sec0060"},{"section_name":"3.6. Journal Paper Citedness (JPC)","changed_name":"3. Possible increase of the impact indices by obtaining more citations while keeping the number of papers as constant","href_id":"#sec0065"},{"section_name":"4. The effect of successive citations on the indicators studied","changed_name":"4. The effect of successive citations on the indicators studied","href_id":"#sec0070"},{"section_name":"5. Conclusions","changed_name":"5. Conclusions","href_id":"#sec0075"},{"section_name":"References","changed_name":"References ","href_id":"#bibl0005"}]