[{"section_name":"Highlights","changed_name":"Highlights ","href_id":"#abs0005"},{"section_name":"Abstract","changed_name":"Abstract ","href_id":"#abs0010"},{"section_name":"Keywords","changed_name":"Keywords ","href_id":"#kwd0005"},{"section_name":"1. Introduction","changed_name":"1. Introduction","href_id":"#sec0005"},{"section_name":"2. Literature review","changed_name":"2. Literature review","href_id":"#sec0010"},{"section_name":"2.1. Journal self-citations and journal impact factor","changed_name":"2. Literature review","href_id":"#sec0015"},{"section_name":"2.2. Journal coercive self-citation","changed_name":"2. Literature review","href_id":"#sec0020"},{"section_name":"2.3. Identification of journals involved with coercive self-citation","changed_name":"2. Literature review","href_id":"#sec0025"},{"section_name":"3. Methods","changed_name":"3. Methods","href_id":"#sec0030"},{"section_name":"3.1. Establishing a feature space for describing journal self-citation behavior","changed_name":"3. Methods","href_id":"#sec0035"},{"section_name":"3.2. Construction of the sample set","changed_name":"3. Methods","href_id":"#sec0055"},{"section_name":"3.3. Feature selection using a hybrid algorithm based on ReliefF and GA-Wrapper","changed_name":"3. Methods","href_id":"#sec0060"},{"section_name":"3.4. Classification based on logistic regression with a ridge estimator","changed_name":"3. Methods","href_id":"#sec0065"},{"section_name":"4. Results and discussion","changed_name":"4. Results and discussion","href_id":"#sec0070"},{"section_name":"4.1. Optimal feature subset and classification accuracy","changed_name":"4. Results and discussion","href_id":"#sec0075"},{"section_name":"4.2. Classification results using the test samples","changed_name":"4. Results and discussion","href_id":"#sec0080"},{"section_name":"4.3. Classification results for test journals","changed_name":"4. Results and discussion","href_id":"#sec0085"},{"section_name":"5. Conclusion","changed_name":"5. Conclusion","href_id":"#sec0090"},{"section_name":"Acknowledgments","changed_name":"Acknowledgments ","href_id":"#ack0005"},{"section_name":"Appendix A. Supplementary data","changed_name":"Appendix A. Supplementary data","href_id":"#sec0100"},{"section_name":"References","changed_name":"References ","href_id":"#bibl0005"}]