[{"section_name":"Highlights","changed_name":"Highlights ","href_id":"#abs0005"},{"section_name":"Abstract","changed_name":"Abstract ","href_id":"#abs0010"},{"section_name":"MSC","changed_name":"MSC ","href_id":"#kwd0005"},{"section_name":"JEL classification","changed_name":"JEL classification","href_id":"#kwd0010"},{"section_name":"Keywords","changed_name":"Keywords ","href_id":"#kwd0015"},{"section_name":"1. Introduction","changed_name":"1. Introduction","href_id":"#sec0005"},{"section_name":"2. Journals included and variables selected","changed_name":"2. Journals included and variables selected","href_id":"#sec0010"},{"section_name":"3. Model and set of data used","changed_name":"3. Model and set of data used","href_id":"#sec0015"},{"section_name":"4. Estimated model: Interpretation of the results","changed_name":"4. Estimated model: Interpretation of the results","href_id":"#sec0020"},{"section_name":"5. Conclusions","changed_name":"5. Conclusions","href_id":"#sec0025"},{"section_name":"References","changed_name":"References ","href_id":"#bibl0005"}]