[{"section_name":"Highlights","changed_name":"Highlights ","href_id":"#abst0005"},{"section_name":"Highlights","changed_name":"Highlights ","href_id":"#abst0005"},{"section_name":"Abstract","changed_name":"Abstract ","href_id":"#abs0010"},{"section_name":"Keywords","changed_name":"Keywords ","href_id":"#kwd0005"},{"section_name":"1. Introduction","changed_name":"1. Introduction","href_id":"#sec0005"},{"section_name":"2. Exposing the problem with h: a simple scaling argument","changed_name":"2. Exposing the problem with h: a simple scaling argument","href_id":"#sec0010"},{"section_name":"3. Dimensional analysis to the rescue: completing the definition for h","changed_name":"3. Dimensional analysis to the rescue: completing the definition for h","href_id":"#sec0015"},{"section_name":"4. Discussion","changed_name":"4. Discussion","href_id":"#sec0020"},{"section_name":"Acknowledgments","changed_name":"Acknowledgments ","href_id":"#ack0005"},{"section_name":"References","changed_name":"References ","href_id":"#bibl0005"}]