section_name,changed_name,href_id
Highlights,Highlights ,#abs0005
Abstract,Abstract ,#abs0010
Keywords,Keywords ,#kwd0005
1. Introduction,1. Introduction,#sec0005
2. Literature review,2. Literature review,#sec0010
2.1. Research collaboration,2. Literature review,#sec0015
2.2. Journal impact,2. Literature review,#sec0020
2.3. Reference impact,2. Literature review,#sec0025
2.4. Abstract readability,2. Literature review,#sec0030
2.5. Size factors,2. Literature review,#sec0035
3. Research questions,3. Research questions,#sec0040
4. Data and methods,4. Data and methods,#sec0045
4.1. Dependent and independent variables,4. Data and methods,#sec0050
4.2. Statistical procedures,4. Data and methods,#sec0055
5. Results,5. Results,#sec0060
5.1. Journal impact,5. Results,#sec0065
5.2. The number of references and their impact,5. Results,#sec0070
5.3. Research collaboration,5. Results,#sec0075
5.4. Abstract readability,5. Results,#sec0080
5.5. Article size attributes,5. Results,#sec0085
5.6. Spearman correlation results,5. Results,#sec0090
6. Discussion,6. Discussion,#sec0095
6.1. Journal impact,6. Discussion,#sec0100
6.2. The impact and the number of references,6. Discussion,#sec0105
6.3. Research collaboration,6. Discussion,#sec0110
6.4. Abstract readability,6. Discussion,#sec0115
6.5. Abstract length,6. Discussion,#sec0120
6.6. Number of keywords,6. Discussion,#sec0125
6.7. Title length,6. Discussion,#sec0130
6.8. Paper length,6. Discussion,#sec0135
7. Conclusion,7. Conclusion,#sec0140
Acknowledgements,Acknowledgements ,#ack0005
References,References ,#bibl0005
