section_name,changed_name,href_id
Abstract,Abstract ,#aep-abstract-id16
Highlights,Highlights ,#aep-abstract-sec-id15
Highlights,Highlights ,#aep-abstract-sec-id15
Keywords,Keywords ,#aep-keywords-id18
1. Introduction,1. Introduction,#sec0005
2. Data source and description of the database,2. Data source and description of the database,#sec0010
2.1. Data source and processing,2. Data source and description of the database,#sec0015
2.2. General description of the database,2. Data source and description of the database,#sec0020
3. Methodology for mapping academic publishers: information gain,3. Methodology for mapping academic publishers: information gain,#sec0025
4. Results,4. Results,#sec0030
4.1. Histograms and calculation of information gain,4. Results,#sec0035
4.2. Comparing publishers information gain using heliocentric clockwise maps,4. Results,#sec0040
5. Discussion,5. Discussion,#sec0045
6. Conclusions,6. Conclusions,#sec0050
Acknowledgments,Acknowledgments ,#aep-acknowledgment-id19
Appendix A. Supplementary data,Appendix A. Supplementary data,#sec0060
Appendix B. Basic axiomatic characterization of a measure of information gain. ,Appendix B. Basic axiomatic characterization of a measure of information gain.,#sec0065
References,References ,#bibl0005
