[{"section_name":"Abstract","changed_name":"Abstract ","href_id":"#aep-abstract-id8"},{"section_name":"Highlights","changed_name":"Highlights ","href_id":"#aep-abstract-sec-id7"},{"section_name":"Highlights","changed_name":"Highlights ","href_id":"#aep-abstract-sec-id7"},{"section_name":"Keywords","changed_name":"Keywords ","href_id":"#aep-keywords-id10"},{"section_name":"1. Introduction","changed_name":"1. Introduction","href_id":"#sec0005"},{"section_name":"1.1. Core-ideas","changed_name":"1. Introduction","href_id":"#sec0010"},{"section_name":"2. Model","changed_name":"2. Model","href_id":"#sec0015"},{"section_name":"2.1. The citation process as a conditioned random variable","changed_name":"2. Model","href_id":"#sec0020"},{"section_name":"2.2. The conjugated family citation-quality","changed_name":"2. Model","href_id":"#sec0025"},{"section_name":"2.3. Principles for the impact calculation","changed_name":"2. Model","href_id":"#sec0030"},{"section_name":"3. A credibility formula of net impact","changed_name":"3. A credibility formula of net impact","href_id":"#sec0035"},{"section_name":"4. The Poisson\u2013Gamma choice","changed_name":"4. The Poisson\u2013Gamma choice","href_id":"#sec0040"},{"section_name":"5. An application to a scientific field","changed_name":"5. An application to a scientific field","href_id":"#sec0045"},{"section_name":"6. Concluding remarks","changed_name":"6. Concluding remarks","href_id":"#sec0050"},{"section_name":"Acknowledgements","changed_name":"Acknowledgements ","href_id":"#ack0005"},{"section_name":"References","changed_name":"References ","href_id":"#bibl0005"}]