section_name,changed_name,href_id
Highlights,Highlights ,#abs0005
Abstract,Abstract ,#abs0010
Keywords,Keywords ,#kwd0005
1. Introduction,1. Introduction,#sec0005
2. Related literature and research questions,2. Related literature and research questions,#sec0010
3. Data and methods,3. Data and methods,#sec0015
4. Results,4. Results,#sec0020
4.1. Variation in alphabetization over time (Question 1),4. Results,#sec0025
4.2. First author skewing (Question 2),4. Results,#sec0030
5. Discussion,5. Discussion,#sec0035
6. Conclusions,6. Conclusions,#sec0040
Acknowledgements,Acknowledgements ,#ack0005
References,References ,#bibl0005
