[{"section_name":"Abstract","changed_name":"Abstract ","href_id":"#aep-abstract-id11"},{"section_name":"Highlights","changed_name":"Highlights ","href_id":"#aep-abstract-sec-id10"},{"section_name":"Highlights","changed_name":"Highlights ","href_id":"#aep-abstract-sec-id10"},{"section_name":"Keywords","changed_name":"Keywords ","href_id":"#aep-keywords-id13"},{"section_name":"1. Introduction","changed_name":"1. Introduction","href_id":"#sec0005"},{"section_name":"2. Methodology","changed_name":"2. Methodology","href_id":"#sec0010"},{"section_name":"2.1. Data collection","changed_name":"2. Methodology","href_id":"#sec0015"},{"section_name":"2.2. Structure and indicators","changed_name":"2. Methodology","href_id":"#sec0020"},{"section_name":"3. Results and discussion","changed_name":"3. Results and discussion","href_id":"#sec0025"},{"section_name":"3.1. Comparison of China and G7","changed_name":"3. Results and discussion","href_id":"#sec0030"},{"section_name":"3.2. Characteristics of annual publications","changed_name":"3. Results and discussion","href_id":"#sec0035"},{"section_name":"3.3. Web of Science categories","changed_name":"3. Results and discussion","href_id":"#sec0040"},{"section_name":"3.4. Research emphases and trends","changed_name":"3. Results and discussion","href_id":"#sec0045"},{"section_name":"3.5. Characteristics of top articles","changed_name":"3. Results and discussion","href_id":"#sec0050"},{"section_name":"3.6. Institutional and individual contributors","changed_name":"3. Results and discussion","href_id":"#sec0055"},{"section_name":"4. Discussion and conclusions","changed_name":"4. Discussion and conclusions","href_id":"#sec0060"},{"section_name":"References","changed_name":"References ","href_id":"#bibl0005"}]