[{"section_name":"Abstract","changed_name":"Abstract ","href_id":"#aep-abstract-id14"},{"section_name":"Graphical abstract","changed_name":"Graphical abstract","href_id":"#aep-abstract-sec-id11"},{"section_name":"Graphical abstract","changed_name":"Graphical abstract","href_id":"#aep-abstract-sec-id11"},{"section_name":"Highlights","changed_name":"Graphical abstract","href_id":"#aep-abstract-sec-id13"},{"section_name":"Keywords","changed_name":"Keywords ","href_id":"#aep-keywords-id16"},{"section_name":"1. Introduction","changed_name":"1. Introduction","href_id":"#sec0005"},{"section_name":"2. Journal citation networks","changed_name":"2. Journal citation networks","href_id":"#sec0010"},{"section_name":"3. Methodology","changed_name":"3. Methodology","href_id":"#sec0015"},{"section_name":"3.1. Entropy as a measurement of interdisciplinarity","changed_name":"3. Methodology","href_id":"#sec0020"},{"section_name":"3.2. Network measurements","changed_name":"3. Methodology","href_id":"#sec0025"},{"section_name":"3.3. Network visualization","changed_name":"3. Methodology","href_id":"#sec0030"},{"section_name":"4. Results","changed_name":"4. Results","href_id":"#sec0035"},{"section_name":"5. Conclusions","changed_name":"5. Conclusions","href_id":"#sec0040"},{"section_name":"Acknowledgements","changed_name":"Acknowledgements ","href_id":"#ack0005"},{"section_name":"Appendix B. Supplementary Data","changed_name":"Appendix B. Supplementary Data","href_id":"#sec0050"},{"section_name":"References","changed_name":"References ","href_id":"#bibl0005"}]