[{"section_name":"Highlights","changed_name":"Highlights ","href_id":"#abs0005"},{"section_name":"Abstract","changed_name":"Abstract ","href_id":"#abs0010"},{"section_name":"Keywords","changed_name":"Keywords ","href_id":"#kwd0005"},{"section_name":"1. Introduction","changed_name":"1. Introduction","href_id":"#sec0005"},{"section_name":"1.1. Stability of journal rankings","changed_name":"1. Introduction","href_id":"#sec0010"},{"section_name":"1.2. Purpose of the study","changed_name":"1. Introduction","href_id":"#sec0015"},{"section_name":"2. The (mis)use of citation-based journal rankings","changed_name":"2. The (mis)use of citation-based journal rankings","href_id":"#sec0020"},{"section_name":"3. Data and method","changed_name":"3. Data and method","href_id":"#sec0025"},{"section_name":"3.1. Data sources and journal rankings","changed_name":"3. Data and method","href_id":"#sec0030"},{"section_name":"3.2. Stability indicator","changed_name":"3. Data and method","href_id":"#sec0035"},{"section_name":"3.3. Other methodological issues","changed_name":"3. Data and method","href_id":"#sec0040"},{"section_name":"4. Results and discussion","changed_name":"4. Results and discussion","href_id":"#sec0045"},{"section_name":"4.1. Temporal ranking stability","changed_name":"4. Results and discussion","href_id":"#sec0050"},{"section_name":"4.2. Cross-discipline ranking stability","changed_name":"4. Results and discussion","href_id":"#sec0055"},{"section_name":"4.3. Cross-indicator ranking stability","changed_name":"4. Results and discussion","href_id":"#sec0060"},{"section_name":"5. Limitations of the study","changed_name":"5. Limitations of the study","href_id":"#sec0065"},{"section_name":"6. Conclusions","changed_name":"6. Conclusions","href_id":"#sec0070"},{"section_name":"References","changed_name":"References ","href_id":"#bibl0005"}]