[{"section_name":"Highlights","changed_name":"Highlights ","href_id":"#abs0005"},{"section_name":"Abstract","changed_name":"Abstract ","href_id":"#abs0010"},{"section_name":"Keywords","changed_name":"Keywords ","href_id":"#kwd0005"},{"section_name":"1. Introduction and background","changed_name":"1. Introduction and background","href_id":"#sec0005"},{"section_name":"2. Method","changed_name":"2. Method","href_id":"#sec0010"},{"section_name":"2.1. Selection of test schemes","changed_name":"2. Method","href_id":"#sec0015"},{"section_name":"2.2. Handling equal contributors","changed_name":"2. Method","href_id":"#sec0020"},{"section_name":"2.3. Empirical data for validation","changed_name":"2. Method","href_id":"#sec0025"},{"section_name":"2.4. Measurement","changed_name":"2. Method","href_id":"#sec0030"},{"section_name":"3. Result","changed_name":"3. Result","href_id":"#sec0035"},{"section_name":"4. Conclusion and discussion","changed_name":"4. Conclusion and discussion","href_id":"#sec0040"},{"section_name":"Acknowledgement","changed_name":"Acknowledgement ","href_id":"#ack0005"},{"section_name":"References","changed_name":"References ","href_id":"#bibl0005"}]