section_name,changed_name,href_id
Highlights,Highlights ,#abs0005
Abstract,Abstract ,#abs0010
Keywords,Keywords ,#kwd0005
1. Introduction,1. Introduction,#sec0005
2. Material and methods,2. Material and methods,#sec0010
2.1. Data,2. Material and methods,#sec0015
2.2. Database extraction,2. Material and methods,#sec0020
2.3. Database link network,2. Material and methods,#sec0025
2.4. Database topical similarity,2. Material and methods,#sec0030
2.5. Weighted main path algorithm,2. Material and methods,#sec0035
3. Results,3. Results,#sec0040
3.1. Main path analysis: Link-weighted database link network,3. Results,#sec0045
3.2. Main path analysis: Similarity-weighted database link network,3. Results,#sec0050
3.3. Use cases,3. Results,#sec0055
3.3.1. GO and GeneBank,3. Results,#sec0060
3.3.2. PlantCARE and PLACE,3. Results,#sec0065
4. Discussion,4. Discussion,#sec0070
5. Conclusion,5. Conclusion,#sec0075
Acknowledgements,Acknowledgements ,#ack0005
References,References ,#bibl0005
