section_name,changed_name,href_id
Abstract,Abstract ,#aep-abstract-id5
Highlights,Highlights ,#aep-abstract-sec-id4
Highlights,Highlights ,#aep-abstract-sec-id4
Keywords,Keywords ,#aep-keywords-id7
1. Introduction,1. Introduction,#sec0005
2. Possible increase of the indices by increasing the number of publications with unity while keeping the number of citations as constant,2. Possible increase of the indices by increasing the number of publications with unity while keeping the number of citations as constant,#sec0010
2.1. π-Index,2. Possible increase of the indices by increasing the number of publications with unity while keeping the number of citations as constant,#sec0015
2.2. CDS-index,2. Possible increase of the indices by increasing the number of publications with unity while keeping the number of citations as constant,#sec0020
2.3. Journal Paper Citedness (JPC),2. Possible increase of the indices by increasing the number of publications with unity while keeping the number of citations as constant,#sec0025
2.4. Hirsch index (h-index) and Hirsch-type indices,2. Possible increase of the indices by increasing the number of publications with unity while keeping the number of citations as constant,#sec0030
3. Possible increase of the impact indices by obtaining more citations while keeping the number of papers as constant,3. Possible increase of the impact indices by obtaining more citations while keeping the number of papers as constant,#sec0035
3.1. π-Index,3. Possible increase of the impact indices by obtaining more citations while keeping the number of papers as constant,#sec0040
3.2. CDS-index,3. Possible increase of the impact indices by obtaining more citations while keeping the number of papers as constant,#sec0045
3.3. Hirsch index (h-index),3. Possible increase of the impact indices by obtaining more citations while keeping the number of papers as constant,#sec0050
3.4. A-Index,3. Possible increase of the impact indices by obtaining more citations while keeping the number of papers as constant,#sec0055
3.5. R-Index,3. Possible increase of the impact indices by obtaining more citations while keeping the number of papers as constant,#sec0060
3.6. Journal Paper Citedness (JPC),3. Possible increase of the impact indices by obtaining more citations while keeping the number of papers as constant,#sec0065
4. The effect of successive citations on the indicators studied,4. The effect of successive citations on the indicators studied,#sec0070
5. Conclusions,5. Conclusions,#sec0075
References,References ,#bibl0005
