section_name,changed_name,href_id
Highlights,Highlights ,#abs0005
Abstract,Abstract ,#abs0010
Keywords,Keywords ,#kwd0005
1. Introduction,1. Introduction,#sec0005
2. Literature review,2. Literature review,#sec0010
2.1. Mendeley reader counts,2. Literature review,#sec0015
3. Research questions,3. Research questions,#sec0020
4. Data and methods,4. Data and methods,#sec0025
4.1. Data,4. Data and methods,#sec0030
4.2. Field and year normalised citation and readership indicators,4. Data and methods,#sec0035
"4.3. Field and year normalised, national bias corrected readership indicator",4. Data and methods,#sec0040
5. Results,5. Results,#sec0045
6. Discussion,6. Discussion,#sec0050
7. Conclusions,7. Conclusions,#sec0055
Acknowledgement,Acknowledgement ,#ack0005
References,References ,#bibl0005
