[{"section_name":"Abstract","changed_name":"Abstract ","href_id":"#aep-abstract-id10"},{"section_name":"Highlights","changed_name":"Highlights ","href_id":"#aep-abstract-sec-id9"},{"section_name":"Highlights","changed_name":"Highlights ","href_id":"#aep-abstract-sec-id9"},{"section_name":"Keywords","changed_name":"Keywords ","href_id":"#aep-keywords-id12"},{"section_name":"1. Introduction","changed_name":"1. Introduction","href_id":"#sec0005"},{"section_name":"2. Related research","changed_name":"2. Related research","href_id":"#sec0010"},{"section_name":"3. Objectives","changed_name":"3. Objectives","href_id":"#sec0015"},{"section_name":"4. Methods","changed_name":"4. Methods","href_id":"#sec0020"},{"section_name":"4.1. Data extraction and processing","changed_name":"4. Methods","href_id":"#sec0025"},{"section_name":"4.2. Network analysis","changed_name":"4. Methods","href_id":"#sec0030"},{"section_name":"4.3. Statistics","changed_name":"4. Methods","href_id":"#sec0035"},{"section_name":"5. Results","changed_name":"5. Results","href_id":"#sec0040"},{"section_name":"5.1. Country level","changed_name":"5. Results","href_id":"#sec0045"},{"section_name":"5.2. Institutional level","changed_name":"5. Results","href_id":"#sec0050"},{"section_name":"6. Discussion","changed_name":"6. Discussion","href_id":"#sec0055"},{"section_name":"7. Conclusions","changed_name":"7. Conclusions","href_id":"#sec0060"},{"section_name":"Acknowledgements","changed_name":"Acknowledgements ","href_id":"#aep-acknowledgment-id13"},{"section_name":"References","changed_name":"References ","href_id":"#bibl0005"}]