section_name,changed_name,href_id
Abstract,Abstract ,#aep-abstract-id10
Highlights,Highlights ,#aep-abstract-sec-id9
Highlights,Highlights ,#aep-abstract-sec-id9
Keywords,Keywords ,#aep-keywords-id12
1. Introduction,1. Introduction,#sec0005
2. Methodology,2. Methodology,#sec0010
2.1. Measuring research productivity,2. Methodology,#sec0015
2.2. Indicators,2. Methodology,#sec0020
2.3. Dataset,2. Methodology,#sec0025
3. Results,3. Results,#sec0030
3.1. Correlation analysis,3. Results,#sec0035
3.2. Analysis of changes in position under ranking lists for different indicators of impact,3. Results,#sec0040
3.3. Analysis of changes in position under ranking lists for different indicators of output,3. Results,#sec0045
3.4. Analysis of changes in position for above-median and top 10% of scientists,3. Results,#sec0050
3.5. Conclusions,3. Results,#sec0055
Appendix A. ,Appendix A.,#sec0060
References,References ,#bibl0005
