[{"section_name":"Highlights","changed_name":"Highlights ","href_id":"#abs0005"},{"section_name":"Abstract","changed_name":"Abstract ","href_id":"#abs0010"},{"section_name":"Keywords","changed_name":"Keywords ","href_id":"#kwd0005"},{"section_name":"1. Introduction","changed_name":"1. Introduction","href_id":"#sec0005"},{"section_name":"2. Data and methodology","changed_name":"2. Data and methodology","href_id":"#sec0010"},{"section_name":"3. Results","changed_name":"3. Results","href_id":"#sec0015"},{"section_name":"3.1. China contributed the most articles and citations to Chinese-English bilingual journals","changed_name":"3. Results","href_id":"#sec0020"},{"section_name":"3.2. Chinese-language articles are not biased in citations","changed_name":"3. Results","href_id":"#sec0025"},{"section_name":"3.3. Comparisons of language bias in citations in between Scopus and WoS","changed_name":"3. Results","href_id":"#sec0030"},{"section_name":"4. Conclusions and discussions","changed_name":"4. Conclusions and discussions","href_id":"#sec0035"},{"section_name":"Acknowledgements","changed_name":"Acknowledgements ","href_id":"#ack0005"},{"section_name":"References","changed_name":"References ","href_id":"#bibl0005"}]