[{"section_name":"Abstract","changed_name":"Abstract ","href_id":"#abs0005"},{"section_name":"Keywords","changed_name":"Keywords ","href_id":"#kwd0005"},{"section_name":"1. Introduction","changed_name":"1. Introduction","href_id":"#sec0005"},{"section_name":"2. Data, model, and method","changed_name":"2. Data, model, and method","href_id":"#sec0010"},{"section_name":"2.1. Data","changed_name":"2. Data, model, and method","href_id":"#sec0015"},{"section_name":"2.2. Model","changed_name":"2. Data, model, and method","href_id":"#sec0020"},{"section_name":"2.3. Method","changed_name":"2. Data, model, and method","href_id":"#sec0025"},{"section_name":"3. Results","changed_name":"3. Results","href_id":"#sec0030"},{"section_name":"3.1. Regularities in time-dependent distribution of the percentages of never-cited papers in six sample journals","changed_name":"3. Results","href_id":"#sec0035"},{"section_name":"3.2. How great an influence the length of papers has on whether they will be cited or not","changed_name":"3. Results","href_id":"#sec0040"},{"section_name":"4. Conclusions","changed_name":"4. Conclusions","href_id":"#sec0045"},{"section_name":"Acknowledgment","changed_name":"Acknowledgment ","href_id":"#ack0005"},{"section_name":"References","changed_name":"References ","href_id":"#bibl0005"}]