section_name,changed_name,href_id
Highlights,Highlights ,#abs0005
Abstract,Abstract ,#abs0010
Keywords,Keywords ,#kwd0005
1. Introduction,1. Introduction,#sec0005
2. Related research,2. Related research,#sec0010
2.1. The analysis of topical research of institutions,2. Related research,#sec0015
2.2. Information visualization techniques,2. Related research,#sec0020
2.3. Self-Organizing Map,2. Related research,#sec0025
3. Data and methods,3. Data and methods,#sec0030
3.1. Selection of the Chinese and American LIS institutions,3. Data and methods,#sec0035
3.2. Selection of the data source,3. Data and methods,#sec0040
3.3. Data collection,3. Data and methods,#sec0045
3.4. Definition of the SOM input matrix,3. Data and methods,#sec0050
3.5. Definition of Compound Component Plane,3. Data and methods,#sec0055
3.6. Analysis method,3. Data and methods,#sec0060
4. Results analysis and discussion,4. Results analysis and discussion,#sec0065
4.1. Analysis of the research similarities among the American and Chinese LIS institutions,4. Results analysis and discussion,#sec0070
4.2. Analysis of potential domestic and international collaboration institutions,4. Results analysis and discussion,#sec0075
4.3. Analysis of the main research fields of the institution clusters,4. Results analysis and discussion,#sec0080
4.4. Identification of the salient/distinguished feature research fields of the American and Chinese LIS institutions,4. Results analysis and discussion,#sec0085
4.5. Determination of main contributing institutions to salient research fields,4. Results analysis and discussion,#sec0090
5. Conclusion,5. Conclusion,#sec0095
Acknowledgements,Acknowledgements ,#ack0005
Appendix A. ,Appendix A.,#sec0105
References,References ,#bibl0005
