section_name,changed_name,href_id
Highlights,Highlights ,#abs0005
Abstract,Abstract ,#abs0010
Keywords,Keywords ,#kwd0005
1. Introduction,1. Introduction,#sec0005
2. Literature review and hypotheses,2. Literature review and hypotheses,#sec0010
2.1. Researchers’ communication and collaborative output networks,2. Literature review and hypotheses,#sec0015
2.2. A solution to collect researchers’ multiple collaborative output networks as well as their communication network,2. Literature review and hypotheses,#sec0020
2.3. A performance measure of researchers: h-index,2. Literature review and hypotheses,#sec0025
2.4. Social network metrics,2. Literature review and hypotheses,#sec0030
3. Method,3. Method,#sec0035
3.1. Sample and questionnaire,3. Method,#sec0040
3.2. Data collection,3. Method,#sec0045
3.3. Constructing social network data matrixes,3. Method,#sec0050
3.4. Constructing datasets for statistical models,3. Method,#sec0055
3.5. Statistical models,3. Method,#sec0060
4. Results,4. Results,#sec0065
5. Discussion,5. Discussion,#sec0070
Acknowledgments,Acknowledgments ,#ack0005
Appendices. ,Appendices. ,#app1
References,References ,#bibl0005
