section_name,changed_name,href_id
Highlights,Highlights ,#abs0005
Abstract,Abstract ,#abs0010
Keywords,Keywords ,#kwd0005
1. Introduction,1. Introduction,#sec0005
2. Research questions,2. Research questions,#sec0010
3. Methods,3. Methods,#sec0015
4. Results,4. Results,#sec0020
4.1. Parameter estimate precision,4. Results,#sec0025
4.1.1. Hooked power law parameter estimates,4. Results,#sec0030
4.1.2. Lognormal parameter estimates,4. Results,#sec0035
5. Conclusions,5. Conclusions,#sec0040
Appendix A. The hooked power law for citations,Appendix A. The hooked power law for citations,#sec0045
Appendix B. Fitting truncated distributions,Appendix B. Fitting truncated distributions,#sec0050
Appendix C. Poor estimates of alpha from truncated power laws,Appendix C. Poor estimates of alpha from truncated power laws,#sec0055
References,References ,#bibl0005
