[{"section_name":"Abstract","changed_name":"Abstract ","href_id":"#abs0005"},{"section_name":"Keywords","changed_name":"Keywords ","href_id":"#kwd0005"},{"section_name":"1. Introduction","changed_name":"1. Introduction","href_id":"#sec0005"},{"section_name":"2. Data used","changed_name":"2. Data used","href_id":"#sec0010"},{"section_name":"3. Types of citation networks","changed_name":"3. Types of citation networks","href_id":"#sec0015"},{"section_name":"4. Evaluation of the networks and experiments","changed_name":"4. Evaluation of the networks and experiments","href_id":"#sec0020"},{"section_name":"5. Discussion","changed_name":"5. Discussion","href_id":"#sec0025"},{"section_name":"6. Concluding remarks","changed_name":"6. Concluding remarks","href_id":"#sec0030"},{"section_name":"Acknowledgments","changed_name":"Acknowledgments ","href_id":"#ack0005"},{"section_name":"References","changed_name":"References ","href_id":"#bibl0005"}]