[{"section_name":"Highlights","changed_name":"Highlights ","href_id":"#abs0005"},{"section_name":"Abstract","changed_name":"Abstract ","href_id":"#abs0010"},{"section_name":"Purpose","changed_name":"Abstract ","href_id":"#abst0010"},{"section_name":"Sample","changed_name":"Abstract ","href_id":"#abst0015"},{"section_name":"Method","changed_name":"Abstract ","href_id":"#abst0020"},{"section_name":"Contribute","changed_name":"Abstract ","href_id":"#abst0025"},{"section_name":"Findings","changed_name":"Abstract ","href_id":"#abst0030"},{"section_name":"Keywords","changed_name":"Keywords ","href_id":"#kwd0005"},{"section_name":"1. Introduction","changed_name":"1. Introduction","href_id":"#sec0005"},{"section_name":"2. Background","changed_name":"2. Background","href_id":"#sec0010"},{"section_name":"3. Material and method","changed_name":"3. Material and method","href_id":"#sec0015"},{"section_name":"4. Variables","changed_name":"4. Variables","href_id":"#sec0020"},{"section_name":"4.1. Dependent variable","changed_name":"4. Variables","href_id":"#sec0025"},{"section_name":"4.1.1. Ranking","changed_name":"4. Variables","href_id":"#sec0030"},{"section_name":"4.2. Independent variables","changed_name":"4. Variables","href_id":"#sec0035"},{"section_name":"4.2.1. Language","changed_name":"4. Variables","href_id":"#sec0040"},{"section_name":"4.2.2. Country","changed_name":"4. Variables","href_id":"#sec0045"},{"section_name":"4.2.3. Type of publishers","changed_name":"4. Variables","href_id":"#sec0050"},{"section_name":"4.2.4. Publication fee","changed_name":"4. Variables","href_id":"#sec0055"},{"section_name":"4.2.5. Subject area","changed_name":"4. Variables","href_id":"#sec0060"},{"section_name":"5. Results and discussion","changed_name":"5. Results and discussion","href_id":"#sec0065"},{"section_name":"6. Conclusions","changed_name":"6. Conclusions","href_id":"#sec0070"},{"section_name":"Acknowledgements","changed_name":"Acknowledgements ","href_id":"#ack1005"},{"section_name":"References","changed_name":"References ","href_id":"#bibl0005"}]