section_name,changed_name,href_id
Highlights,Highlights ,#abs0005
Abstract,Abstract ,#abs0010
Keywords,Keywords ,#kwd0005
1. Introduction,1. Introduction,#sec0005
2. Data,2. Data,#sec0010
3. Methods,3. Methods,#sec0015
4. Analyses and results,4. Analyses and results,#sec0020
4.1. Time series of the uncited-paper/total-paper ratio,4. Analyses and results,#sec0025
4.2. Comparison of four bibliometric indicators for cited and uncited papers,4. Analyses and results,#sec0030
4.3. Cited authors with uncited paper(s) and uncited authors,4. Analyses and results,#sec0035
4.4. Productive and highly cited authors also publish uncited papers,4. Analyses and results,#sec0040
4.5. Uncited topics and partially uncited topics: A keyword analysis,4. Analyses and results,#sec0045
5. Discussion and conclusions,5. Discussion and conclusions,#sec0050
Acknowledgments,Acknowledgments ,#ack0005
References,References ,#bibl0005
