section_name,changed_name,href_id
Highlights,Highlights ,#abs0005
Abstract,Abstract ,#abs0010
Keywords,Keywords ,#kwd0005
1. Introduction,1. Introduction,#sec0005
2. Method,2. Method,#sec0010
2.1. Data source,2. Method,#sec0015
2.2. Method: bootstrap,2. Method,#sec0020
2.2.1. Bootstrap method 1,2. Method,#sec0025
2.2.2. Bootstrap method 2,2. Method,#sec0030
2.3. Data analysis,2. Method,#sec0035
3. Results and discussion,3. Results and discussion,#sec0040
3.1. Variability of pˆY,3. Results and discussion,#sec0045
3.2. Variability of p¯Y,3. Results and discussion,#sec0050
3.3. Combining pˆY and p¯Y,3. Results and discussion,#sec0055
4. Implications and limitations of this study,4. Implications and limitations of this study,#sec0060
5. Conclusion,5. Conclusion,#sec0065
Acknowledgements,Acknowledgements ,#ack0005
Appendix A. Journals and years of publication in DoRISE.,Appendix A. Journals and years of publication in DoRISE.,#sec0070
Appendix B. Descriptive statistics for the journals in DoRISE.,Appendix B. Descriptive statistics for the journals in DoRISE.,#sec0075
Appendix C. Overall reliability for measuring the journal impact factor in DoRISE,Appendix C. Overall reliability for measuring the journal impact factor in DoRISE,#sec0080
References,References ,#bibl0005
