section_name,changed_name,href_id
Highlights,Highlights ,#abs0005
Abstract,Abstract ,#abs0010
Keywords,Keywords ,#kwd0005
1. Introduction,1. Introduction,#sec0005
2. Related work,2. Related work,#sec0010
2.1. Ontology-based approach,2. Related work,#sec0015
2.2. Network-based approach,2. Related work,#sec0020
3. Methods,3. Methods,#sec0025
3.1. Data preprocessing,3. Methods,#sec0030
3.2. Entity and relation extraction,3. Methods,#sec0035
3.2.1. Entity extraction,3. Methods,#sec0040
3.2.2. Relation extraction,3. Methods,#sec0045
3.3. Semantic relatedness,3. Methods,#sec0050
3.4. Path analysis and inference,3. Methods,#sec0055
3.5. Performance comparison,3. Methods,#sec0060
4. Results,4. Results,#sec0065
4.1. Fish oils–Raynaud's disease (FO–RD),4. Results,#sec0070
4.1.1. Performance comparison in FO–RD,4. Results,#sec0075
4.1.2. Path analysis,4. Results,#sec0080
4.1.3. Indirect new hypothesis inference analysis in FO–RD,4. Results,#sec0085
4.2. Magnesium deficiency–migraine headache (MD–MH),4. Results,#sec0100
4.2.1. Performance comparison in MD–MH,4. Results,#sec0105
4.2.2. Path analysis,4. Results,#sec0110
4.2.3. Indirect new hypothesis inference analysis in MD–MH,4. Results,#sec0115
4.3. Visualization of the FO–RD and the MD–MH networks,4. Results,#sec0135
4.3.1. Visualization of the FO–RD network,4. Results,#sec0140
4.3.2. Visualization of the MD–MH network,4. Results,#sec0145
5. Conclusions,5. Conclusions,#sec0150
Acknowledgements,Acknowledgements ,#ack0005
References,References ,#bibl0005
