[{"section_name":"Abstract","changed_name":"Abstract ","href_id":"#abs0005"},{"section_name":"Keywords","changed_name":"Keywords ","href_id":"#kwd0005"},{"section_name":"1. Introduction","changed_name":"1. Introduction","href_id":"#sec0005"},{"section_name":"2. Socializing the h-index","changed_name":"2. Socializing the h-index","href_id":"#sec0010"},{"section_name":"2.1. Definition and properties","changed_name":"2. Socializing the h-index","href_id":"#sec0015"},{"section_name":"2.2. Simulation","changed_name":"2. Socializing the h-index","href_id":"#sec0020"},{"section_name":"3. Data analysis","changed_name":"3. Data analysis","href_id":"#sec0025"},{"section_name":"4. Conclusions","changed_name":"4. Conclusions","href_id":"#sec0030"},{"section_name":"References","changed_name":"References ","href_id":"#bibl0005"}]