section_name,changed_name,href_id
Highlights,Highlights ,#abs0005
Abstract,Abstract ,#abs0010
Keywords,Keywords ,#kwd0005
1. Introduction,1. Introduction,#sec0005
2. The role of citations in science,2. The role of citations in science,#sec0010
3. Unpacking the Matthew effect in citations,3. Unpacking the Matthew effect in citations,#sec0015
3.1. Networking,3. Unpacking the Matthew effect in citations,#sec0020
3.2. Prestige,3. Unpacking the Matthew effect in citations,#sec0025
3.3. Appropriateness,3. Unpacking the Matthew effect in citations,#sec0030
4. Data and methods,4. Data and methods,#sec0035
4.1. Data,4. Data and methods,#sec0040
4.2. Model and measures,4. Data and methods,#sec0045
4.2.1. Networking,4. Data and methods,#sec0050
4.2.2. Prestige,4. Data and methods,#sec0055
4.2.3. Appropriateness,4. Data and methods,#sec0060
5. Results,5. Results,#sec0065
6. Discussion,6. Discussion,#sec0070
Acknowledgements,Acknowledgements ,#ack0005
Appendix. ,Appendix. ,#sec0075
Alternative model specifications,Appendix. ,#sec0080
References,References ,#bibl0005
