section_name,changed_name,href_id
Highlights,Highlights ,#abst0005
Highlights,Highlights ,#abst0005
Abstract,Abstract ,#abs0010
Keywords,Keywords ,#kwd0005
1. Introduction,1. Introduction,#sec0005
2. The Italian National Scientific Qualification,2. The Italian National Scientific Qualification,#sec0010
2.1. Overview,2. The Italian National Scientific Qualification,#sec0015
2.2. Quantitative indicators,2. The Italian National Scientific Qualification,#sec0020
2.3. Medians,2. The Italian National Scientific Qualification,#sec0025
2.4. Discussion,2. The Italian National Scientific Qualification,#sec0030
3. General overview,3. General overview,#sec0035
4. Medians,4. Medians,#sec0040
4.1. Distributions,4. Medians,#sec0045
4.2. Correlations between medians,4. Medians,#sec0050
4.3. Pareto dominance analysis,4. Medians,#sec0055
5. Analysis of the quantitative indicators of applicants,5. Analysis of the quantitative indicators of applicants,#sec0060
5.1. Correlation between quantitative indicators,5. Analysis of the quantitative indicators of applicants,#sec0065
5.2. Conditional qualification probabilities,5. Analysis of the quantitative indicators of applicants,#sec0070
5.3. Minimum values of the indicators for qualified applicants,5. Analysis of the quantitative indicators of applicants,#sec0075
5.4. Pareto dominance analysis,5. Analysis of the quantitative indicators of applicants,#sec0080
6. Conclusions,6. Conclusions,#sec0085
Appendix A. Notation,Appendix A. Notation,#sec0090
Appendix B. List of scientific disciplines,Appendix B. List of scientific disciplines,#sec0095
Appendix C. Basic statistics,Appendix C. Basic statistics,#sec0100
Appendix D. Medians,Appendix D. Medians,#sec0105
References,References ,#bibl0005
