[{"section_name":"Highlights","changed_name":"Highlights ","href_id":"#abs0005"},{"section_name":"Abstract","changed_name":"Abstract ","href_id":"#abs0010"},{"section_name":"Keywords","changed_name":"Keywords ","href_id":"#kwd0005"},{"section_name":"1. Introduction and background","changed_name":"1. Introduction and background","href_id":"#sec0005"},{"section_name":"2. Methodology","changed_name":"2. Methodology","href_id":"#sec0010"},{"section_name":"2.1. Data","changed_name":"2. Methodology","href_id":"#sec0015"},{"section_name":"2.2. Measurements","changed_name":"2. Methodology","href_id":"#sec0020"},{"section_name":"3. Analysis","changed_name":"3. Analysis","href_id":"#sec0025"},{"section_name":"3.1. Number of unique authors","changed_name":"3. Analysis","href_id":"#sec0030"},{"section_name":"3.2. Number of edges","changed_name":"3. Analysis","href_id":"#sec0035"},{"section_name":"3.3. Degree","changed_name":"3. Analysis","href_id":"#sec0040"},{"section_name":"3.4. Components","changed_name":"3. Analysis","href_id":"#sec0045"},{"section_name":"3.5. Distance and clustering coefficient","changed_name":"3. Analysis","href_id":"#sec0050"},{"section_name":"4. Conclusion and discussion","changed_name":"4. Conclusion and discussion","href_id":"#sec0055"},{"section_name":"Acknowledgments","changed_name":"Acknowledgments ","href_id":"#ack0005"},{"section_name":"References","changed_name":"References ","href_id":"#bibl0005"}]