[{"section_name":"Abstract","changed_name":"Abstract ","href_id":"#aep-abstract-id17"},{"section_name":"Highlights","changed_name":"Highlights ","href_id":"#aep-abstract-sec-id16"},{"section_name":"Highlights","changed_name":"Highlights ","href_id":"#aep-abstract-sec-id16"},{"section_name":"JEL classification","changed_name":"JEL classification","href_id":"#aep-keywords-id19"},{"section_name":"Keywords","changed_name":"Keywords ","href_id":"#aep-keywords-id20"},{"section_name":"1. Introduction","changed_name":"1. Introduction","href_id":"#sec0005"},{"section_name":"2. Archetypal analysis","changed_name":"2. Archetypal analysis","href_id":"#sec0010"},{"section_name":"2.1. Methodology","changed_name":"2. Archetypal analysis","href_id":"#sec0015"},{"section_name":"2.2. An illustrative example","changed_name":"2. Archetypal analysis","href_id":"#sec0020"},{"section_name":"2.3. Relation to other data-mining techniques","changed_name":"2. Archetypal analysis","href_id":"#sec0025"},{"section_name":"3. A case study for economists","changed_name":"3. A case study for economists","href_id":"#sec0030"},{"section_name":"3.1. The data set","changed_name":"3. A case study for economists","href_id":"#sec0035"},{"section_name":"3.2. Full sample results","changed_name":"3. A case study for economists","href_id":"#sec0040"},{"section_name":"3.3. Results for the top economists","changed_name":"3. A case study for economists","href_id":"#sec0045"},{"section_name":"4. Summary","changed_name":"4. Summary","href_id":"#sec0050"},{"section_name":"References","changed_name":"References ","href_id":"#bibl0005"}]