[{"section_name":"Highlights","changed_name":"Highlights ","href_id":"#abs0005"},{"section_name":"Abstract","changed_name":"Abstract ","href_id":"#abs0010"},{"section_name":"Keywords","changed_name":"Keywords ","href_id":"#kwd0005"},{"section_name":"1. Introduction","changed_name":"1. Introduction","href_id":"#sec0005"},{"section_name":"2. The empirical approach","changed_name":"2. The empirical approach","href_id":"#sec0010"},{"section_name":"3. The probabilistic citation distribution","changed_name":"3. The probabilistic citation distribution","href_id":"#sec0015"},{"section_name":"4. The simple geometric model","changed_name":"4. The simple geometric model","href_id":"#sec0020"},{"section_name":"5. Application of the simple geometric model","changed_name":"5. Application of the simple geometric model","href_id":"#sec0025"},{"section_name":"6. The h-index profile","changed_name":"6. The h-index profile","href_id":"#sec0030"},{"section_name":"7. Concluding remarks","changed_name":"7. Concluding remarks","href_id":"#sec0035"},{"section_name":"References","changed_name":"References ","href_id":"#bibl0005"}]