[{"section_name":"Highlights","changed_name":"Highlights ","href_id":"#abs0010"},{"section_name":"Abstract","changed_name":"Abstract ","href_id":"#abs0015"},{"section_name":"Graphical abstract","changed_name":"Graphical abstract","href_id":"#abs0005"},{"section_name":"Keywords","changed_name":"Keywords ","href_id":"#kwd0005"},{"section_name":"1. Introduction","changed_name":"1. Introduction","href_id":"#sec0005"},{"section_name":"2. Data and methods","changed_name":"2. Data and methods","href_id":"#sec0010"},{"section_name":"2.1. Data collecting","changed_name":"2. Data and methods","href_id":"#sec0015"},{"section_name":"2.2. Data processing","changed_name":"2. Data and methods","href_id":"#sec0020"},{"section_name":"3. Results","changed_name":"3. Results","href_id":"#sec0025"},{"section_name":"3.1. The geography of total downloads","changed_name":"3. Results","href_id":"#sec0030"},{"section_name":"3.2. World downloads in every minute: peak and plateau","changed_name":"3. Results","href_id":"#sec0035"},{"section_name":"3.3. Country\/territory downloading curves","changed_name":"3. Results","href_id":"#sec0040"},{"section_name":"3.3.1. American continent and Australian countries","changed_name":"3. Results","href_id":"#sec0045"},{"section_name":"3.3.2. Asian countries\/territories","changed_name":"3. Results","href_id":"#sec0050"},{"section_name":"3.3.3. European and African countries","changed_name":"3. Results","href_id":"#sec0055"},{"section_name":"3.3.4. Special downloading phenomena","changed_name":"3. Results","href_id":"#sec0060"},{"section_name":"4. Discussion","changed_name":"4. Discussion","href_id":"#sec0065"},{"section_name":"Acknowledgements","changed_name":"Acknowledgements ","href_id":"#ack0005"},{"section_name":"References","changed_name":"References ","href_id":"#bibl0005"}]