section_name,changed_name,href_id
Highlights,Highlights ,#abs0010
Abstract,Abstract ,#abs0015
Graphical abstract,Graphical abstract,#abs0005
Keywords,Keywords ,#kwd0005
1. Introduction and related work,1. Introduction and related work,#sec0005
2. Methods,2. Methods,#sec0010
3. Data,3. Data,#sec0015
4. Results and discussion,4. Results and discussion,#sec0020
5. Conclusions and future work,5. Conclusions and future work,#sec0025
Acknowledgements,Acknowledgements ,#ack0005
Appendix A. ,Appendix A.,#sec0030
References,References ,#bibl0005
