section_name,changed_name,href_id
Highlights,Highlights ,#abs0005
Abstract,Abstract ,#abs0010
Keywords,Keywords ,#kwd0005
1. Introduction,1. Introduction,#sec0005
2. Literature review,2. Literature review,#sec0010
2.1. Rule-based information extraction,2. Literature review,#sec0015
2.2. Impact evaluations of digital outputs,2. Literature review,#sec0020
3. Methods,3. Methods,#sec0025
3.1. Data,3. Methods,#sec0030
3.2. Software entity extraction,3. Methods,#sec0035
3.3. Software use and citation analysis,3. Methods,#sec0040
4. Experiments,4. Experiments,#sec0045
4.1. Baselines,4. Experiments,#sec0050
4.2. Evaluation metrics,4. Experiments,#sec0055
4.3. Evaluation results of software entity extractions,4. Experiments,#sec0060
5. Impact of software on science,5. Impact of software on science,#sec0065
6. Conclusions and future work,6. Conclusions and future work,#sec0070
Acknowledgements,Acknowledgements ,#ack0005
References,References ,#bibl0005
