[{"section_name":"Highlights","changed_name":"Highlights ","href_id":"#abs0005"},{"section_name":"Abstract","changed_name":"Abstract ","href_id":"#abs0010"},{"section_name":"Keywords","changed_name":"Keywords ","href_id":"#kwd0005"},{"section_name":"1. Introduction","changed_name":"1. Introduction","href_id":"#sec0005"},{"section_name":"2. Scientific impact vs. citations","changed_name":"2. Scientific impact vs. citations","href_id":"#sec0010"},{"section_name":"3. More need not always be better","changed_name":"3. More need not always be better","href_id":"#sec0015"},{"section_name":"4. An improved counting approach","changed_name":"4. An improved counting approach","href_id":"#sec0020"},{"section_name":"5. Discussion and conclusion","changed_name":"5. Discussion and conclusion","href_id":"#sec0025"},{"section_name":"Acknowledgements","changed_name":"Acknowledgements ","href_id":"#ack0005"},{"section_name":"References","changed_name":"References ","href_id":"#bibl0005"}]