[{"section_name":"Abstract","changed_name":"Abstract ","href_id":"#aep-abstract-id11"},{"section_name":"Highlights","changed_name":"Highlights ","href_id":"#aep-abstract-sec-id10"},{"section_name":"Highlights","changed_name":"Highlights ","href_id":"#aep-abstract-sec-id10"},{"section_name":"Keywords","changed_name":"Keywords ","href_id":"#aep-keywords-id13"},{"section_name":"1. Introduction","changed_name":"1. Introduction","href_id":"#sec0005"},{"section_name":"2. Mathematical functions","changed_name":"2. Mathematical functions","href_id":"#sec0010"},{"section_name":"3. Citation data of selected authors","changed_name":"3. Citation data of selected authors","href_id":"#sec0015"},{"section_name":"4. Results and discussion","changed_name":"4. Results and discussion","href_id":"#sec0020"},{"section_name":"4.1. Analysis of citation distribution data","changed_name":"4. Results and discussion","href_id":"#sec0025"},{"section_name":"4.2. Comments on Eq. (5) and significance of parameter K","changed_name":"4. Results and discussion","href_id":"#sec0030"},{"section_name":"5. Summary and conclusions","changed_name":"5. Summary and conclusions","href_id":"#sec0035"},{"section_name":"Acknowledgements","changed_name":"Acknowledgements ","href_id":"#aep-acknowledgment-id14"},{"section_name":"Appendix A. Adsorption processes and crystal growth","changed_name":"Appendix A. Adsorption processes and crystal growth","href_id":"#sec0040"},{"section_name":"Appendix B. Derivation of Eqs. (3)\u2013(5) based on adsorption processes","changed_name":"Appendix B. Derivation of Eqs. (3)\u2013(5) based on adsorption processes","href_id":"#sec0045"},{"section_name":"Appendix C. Derivation of binomial relation (4)","changed_name":"Appendix C. Derivation of binomial relation (4)","href_id":"#sec0050"},{"section_name":"References","changed_name":"References ","href_id":"#bibl0005"}]