section_name,changed_name,href_id
Highlights,Highlights ,#abs0005
Abstract,Abstract ,#abs0010
Keywords,Keywords ,#kwd0005
1. Introduction,1. Introduction,#sec0005
2. Methodology,2. Methodology,#sec0010
2.1. Dataset,2. Methodology,#sec0015
2.2. Measuring research productivity,2. Methodology,#sec0020
3. Ranking of territories by research productivity for each field,3. Ranking of territories by research productivity for each field,#sec0025
3.1. Analysis at the regional level,3. Ranking of territories by research productivity for each field,#sec0030
3.2. Analysis at the provincial level,3. Ranking of territories by research productivity for each field,#sec0035
4. Ranking the scientific fields of a given territory by research productivity,4. Ranking the scientific fields of a given territory by research productivity,#sec0040
4.1. Analysis at the regional level,4. Ranking the scientific fields of a given territory by research productivity,#sec0045
4.2. Analysis at the provincial level,4. Ranking the scientific fields of a given territory by research productivity,#sec0050
5. Conclusions,5. Conclusions,#sec0055
References,References ,#bibl0005
