[{"section_name":"Abstract","changed_name":"Abstract ","href_id":"#abs0005"},{"section_name":"Keywords","changed_name":"Keywords ","href_id":"#kwd0005"},{"section_name":"1. Introduction","changed_name":"1. Introduction","href_id":"#sec0005"},{"section_name":"2. Impact functions","changed_name":"2. Impact functions","href_id":"#sec0010"},{"section_name":"2.1. (Weak) dominance relation","changed_name":"2. Impact functions","href_id":"#sec0015"},{"section_name":"2.2. Illustration","changed_name":"2. Impact functions","href_id":"#sec0020"},{"section_name":"2.3. Weak dominance and impact functions","changed_name":"2. Impact functions","href_id":"#sec0025"},{"section_name":"3. Does there exist a fair impact function?","changed_name":"3. Does there exist a fair impact function?","href_id":"#sec0030"},{"section_name":"3.1. Fairness and \u22b4","changed_name":"3. Does there exist a fair impact function?","href_id":"#sec0035"},{"section_name":"3.2. Properties of impact functions","changed_name":"3. Does there exist a fair impact function?","href_id":"#sec0040"},{"section_name":"3.3. \u201cReasonable\u201d impact functions","changed_name":"3. Does there exist a fair impact function?","href_id":"#sec0045"},{"section_name":"4. Can the scientific assessment process be manipulated?","changed_name":"4. Can the scientific assessment process be manipulated?","href_id":"#sec0050"},{"section_name":"4.1. A case study: the generalized h-index and Price medalists","changed_name":"4. Can the scientific assessment process be manipulated?","href_id":"#sec0055"},{"section_name":"5. Discussion and conclusions","changed_name":"5. Discussion and conclusions","href_id":"#sec0060"},{"section_name":"Acknowledgments","changed_name":"Acknowledgments ","href_id":"#ack0005"},{"section_name":"References","changed_name":"References ","href_id":"#bibl0005"}]