section_name,changed_name,href_id
Abstract,Abstract ,#aep-abstract-id11
Highlights,Highlights ,#aep-abstract-sec-id10
Highlights,Highlights ,#aep-abstract-sec-id10
Keywords,Keywords ,#aep-keywords-id13
1. Introduction,1. Introduction,#sec0005
2. Mathematical functions,2. Mathematical functions,#sec0010
3. Citation data of selected authors,3. Citation data of selected authors,#sec0015
4. Results and discussion,4. Results and discussion,#sec0020
4.1. Analysis of citation distribution data,4. Results and discussion,#sec0025
4.2. Comments on Eq. (5) and significance of parameter K,4. Results and discussion,#sec0030
5. Summary and conclusions,5. Summary and conclusions,#sec0035
Acknowledgements,Acknowledgements ,#aep-acknowledgment-id14
Appendix A. Adsorption processes and crystal growth,Appendix A. Adsorption processes and crystal growth,#sec0040
Appendix B. Derivation of Eqs. (3)–(5) based on adsorption processes,Appendix B. Derivation of Eqs. (3)–(5) based on adsorption processes,#sec0045
Appendix C. Derivation of binomial relation (4),Appendix C. Derivation of binomial relation (4),#sec0050
References,References ,#bibl0005
