section_name,changed_name,href_id
Abstract,Abstract ,#abs0005
Keywords,Keywords ,#kwd0005
1. Introduction,1. Introduction,#sec0005
2. Notation and setting,2. Notation and setting,#sec0010
2.1. Setting,2. Notation and setting,#sec0015
2.2. Definitions,2. Notation and setting,#sec0020
3. Number of highly cited papers,3. Number of highly cited papers,#sec0025
3.1. Setting,3. Number of highly cited papers,#sec0030
3.2. Conditions,3. Number of highly cited papers,#sec0035
3.3. Results,3. Number of highly cited papers,#sec0040
3.4. Independence of conditions,3. Number of highly cited papers,#sec0045
4. Number of papers,4. Number of papers,#sec0050
4.1. Setting,4. Number of papers,#sec0055
4.2. Conditions,4. Number of papers,#sec0060
4.3. Results,4. Number of papers,#sec0065
4.4. Independence of conditions,4. Number of papers,#sec0070
4.5. Remarks,4. Number of papers,#sec0075
5. Number of citations of highly cited papers,5. Number of citations of highly cited papers,#sec0080
5.1. Setting,5. Number of citations of highly cited papers,#sec0085
5.2. Conditions,5. Number of citations of highly cited papers,#sec0090
5.3. Results,5. Number of citations of highly cited papers,#sec0095
5.4. Independence of conditions,5. Number of citations of highly cited papers,#sec0100
6. Number of citations exceeding a threshold,6. Number of citations exceeding a threshold,#sec0105
6.1. Setting,6. Number of citations exceeding a threshold,#sec0110
6.2. Conditions,6. Number of citations exceeding a threshold,#sec0115
6.3. Results,6. Number of citations exceeding a threshold,#sec0120
6.4. Independence of conditions,6. Number of citations exceeding a threshold,#sec0125
7. Number of citations,7. Number of citations,#sec0130
7.1. Setting,7. Number of citations,#sec0135
7.2. Conditions,7. Number of citations,#sec0140
7.3. Results,7. Number of citations,#sec0145
7.4. Independence of conditions,7. Number of citations,#sec0150
7.5. Remarks,7. Number of citations,#sec0155
8. Maximum number of citations,8. Maximum number of citations,#sec0160
8.1. Setting,8. Maximum number of citations,#sec0165
8.2. Conditions,8. Maximum number of citations,#sec0170
8.3. Results,8. Maximum number of citations,#sec0175
8.4. Independence of conditions,8. Maximum number of citations,#sec0180
9. Hirsch index (h-index),9. Hirsch index (h-index),#sec0185
9.1. Additional notation,9. Hirsch index (h-index),#sec0190
9.2. Setting,9. Hirsch index (h-index),#sec0195
9.3. Conditions,9. Hirsch index (h-index),#sec0200
9.4. Results,9. Hirsch index (h-index),#sec0205
9.5. Independence of conditions,9. Hirsch index (h-index),#sec0210
10. Egghe index (g-index),10. Egghe index (g-index),#sec0215
10.1. Additional notation,10. Egghe index (g-index),#sec0220
10.2. Setting,10. Egghe index (g-index),#sec0225
10.3. Conditions,10. Egghe index (g-index),#sec0230
10.4. Results,10. Egghe index (g-index),#sec0235
10.5. Independence of conditions,10. Egghe index (g-index),#sec0240
11. Remarks,11. Remarks,#sec0245
11.1. Independence and monotonicity,11. Remarks,#sec0250
11.2. Weak independence and monotonicity,11. Remarks,#sec0255
12. Conclusion,12. Conclusion,#sec0260
12.1. Classic and “modern” rankings and indices,12. Conclusion,#sec0265
12.2. Limitations and directions for future research,12. Conclusion,#sec0270
References,References ,#bibl0005
