section_name,changed_name,href_id
Highlights,Highlights ,#abs0005
Abstract,Abstract ,#abs0010
Keywords,Keywords ,#kwd0005
1. Introduction,1. Introduction,#sec0005
2. Methods,2. Methods,#sec0010
2.1. Peer ratings provided by F1000,2. Methods,#sec0015
"2.2. Formation of the dataset, to which bibliometric data and altmetrics are attached",2. Methods,#sec0020
2.3. Statistical procedure and software used,2. Methods,#sec0025
3. Results,3. Results,#sec0030
3.1. The distribution and selection of the tags in the dataset,3. Results,#sec0035
3.2. How do the counts differ for differently tagged papers?,3. Results,#sec0040
"3.3. Is normalization of impact necessary for altmetric counts, as with citation counts?",3. Results,#sec0045
4. Discussion,4. Discussion,#sec0050
5. Conclusions,5. Conclusions,#sec0055
Acknowledgements,Acknowledgements ,#ack0005
References,References ,#bibl0005
