[{"section_name":"Highlights","changed_name":"Highlights ","href_id":"#abs0010"},{"section_name":"Abstract","changed_name":"Abstract ","href_id":"#abs0015"},{"section_name":"Graphical abstract","changed_name":"Graphical abstract","href_id":"#abs0005"},{"section_name":"Keywords","changed_name":"Keywords ","href_id":"#kwd0005"},{"section_name":"1. Introduction","changed_name":"1. Introduction","href_id":"#sec0005"},{"section_name":"2. Citation distributions and statistical tests","changed_name":"2. Citation distributions and statistical tests","href_id":"#sec0010"},{"section_name":"3. Research question","changed_name":"3. Research question","href_id":"#sec0015"},{"section_name":"4. Methods","changed_name":"4. Methods","href_id":"#sec0020"},{"section_name":"5. Results","changed_name":"5. Results","href_id":"#sec0025"},{"section_name":"6. Discussion and conclusions","changed_name":"6. Discussion and conclusions","href_id":"#sec0030"},{"section_name":"References","changed_name":"References ","href_id":"#bibl0005"}]