[{"section_name":"Highlights","changed_name":"Highlights ","href_id":"#abs0005"},{"section_name":"Abstract","changed_name":"Abstract ","href_id":"#abs0010"},{"section_name":"Keywords","changed_name":"Keywords ","href_id":"#kwd0005"},{"section_name":"1. Introduction","changed_name":"1. Introduction","href_id":"#sec0005"},{"section_name":"2. A reminder of basic theory results","changed_name":"2. A reminder of basic theory results","href_id":"#sec0010"},{"section_name":"3. The exponential informetric process and the effort amount","changed_name":"3. The exponential informetric process and the effort amount","href_id":"#sec0015"},{"section_name":"3.1. General definition of an EIP","changed_name":"3. The exponential informetric process and the effort amount","href_id":"#sec0020"},{"section_name":"3.2. Examples","changed_name":"3. The exponential informetric process and the effort amount","href_id":"#sec0025"},{"section_name":"3.2.1. Exponential case","changed_name":"3. The exponential informetric process and the effort amount","href_id":"#sec0030"},{"section_name":"3.2.2. Inverse power case","changed_name":"3. The exponential informetric process and the effort amount","href_id":"#sec0035"},{"section_name":"3.2.3. Application: calculating the amount of effort needed to produce words in a text","changed_name":"3. The exponential informetric process and the effort amount","href_id":"#sec0050"},{"section_name":"3.2.4. Discussion on the effort function","changed_name":"3. The exponential informetric process and the effort amount","href_id":"#sec0055"},{"section_name":"4. The necessary and sufficient condition for the existence of an exponential informetric process","changed_name":"4. The necessary and sufficient condition for the existence of an exponential informetric process","href_id":"#sec0060"},{"section_name":"4.1. Comment","changed_name":"4. The necessary and sufficient condition for the existence of an exponential informetric process","href_id":"#sec0065"},{"section_name":"4.1.1. N is finite","changed_name":"4. The necessary and sufficient condition for the existence of an exponential informetric process","href_id":"#sec0070"},{"section_name":"4.1.2. N is infinite","changed_name":"4. The necessary and sufficient condition for the existence of an exponential informetric process","href_id":"#sec0075"},{"section_name":"4.2. Discussion","changed_name":"4. The necessary and sufficient condition for the existence of an exponential informetric process","href_id":"#sec0080"},{"section_name":"5. Examples of processes","changed_name":"5. Examples of processes","href_id":"#sec0085"},{"section_name":"5.1. Exponential process","changed_name":"5. Examples of processes","href_id":"#sec0090"},{"section_name":"5.1.1. N is finite","changed_name":"5. Examples of processes","href_id":"#sec0095"},{"section_name":"5.1.2. Numerical example No. 1","changed_name":"5. Examples of processes","href_id":"#sec0100"},{"section_name":"5.1.3. N is infinite","changed_name":"5. Examples of processes","href_id":"#sec0105"},{"section_name":"5.1.4. Discussion","changed_name":"5. Examples of processes","href_id":"#sec0110"},{"section_name":"5.2. Inverse power process","changed_name":"5. Examples of processes","href_id":"#sec0115"},{"section_name":"5.2.1. N is finite","changed_name":"5. Examples of processes","href_id":"#sec0120"},{"section_name":"5.2.2. Numerical example No. 2","changed_name":"5. Examples of processes","href_id":"#sec0125"},{"section_name":"5.2.3. Numerical example No. 3","changed_name":"5. Examples of processes","href_id":"#sec0130"},{"section_name":"5.2.4. N is infinite","changed_name":"5. Examples of processes","href_id":"#sec0135"},{"section_name":"5.2.5. Discussion","changed_name":"5. Examples of processes","href_id":"#sec0140"},{"section_name":"5.2.6. Discussion: limits and contributions","changed_name":"5. Examples of processes","href_id":"#sec0145"},{"section_name":"6. Conclusion","changed_name":"6. Conclusion","href_id":"#sec0150"},{"section_name":"References","changed_name":"References ","href_id":"#bibl0005"}]