[{"section_name":"Highlights","changed_name":"Highlights ","href_id":"#abst0005"},{"section_name":"Highlights","changed_name":"Highlights ","href_id":"#abst0005"},{"section_name":"Abstract","changed_name":"Abstract ","href_id":"#abs0010"},{"section_name":"Keywords","changed_name":"Keywords ","href_id":"#kwd0005"},{"section_name":"1. Introduction","changed_name":"1. Introduction","href_id":"#sec0005"},{"section_name":"2. Related work","changed_name":"2. Related work","href_id":"#sec0010"},{"section_name":"3. Dataset","changed_name":"3. Dataset","href_id":"#sec0015"},{"section_name":"4. Diversity measures","changed_name":"4. Diversity measures","href_id":"#sec0020"},{"section_name":"5. Experimental results","changed_name":"5. Experimental results","href_id":"#sec0025"},{"section_name":"5.1. Statistical analysis of authors\u2019 careers","changed_name":"5. Experimental results","href_id":"#sec0030"},{"section_name":"5.2. Diversity of author's scientific career","changed_name":"5. Experimental results","href_id":"#sec0035"},{"section_name":"5.3. Correlation between plain and window entropies","changed_name":"5. Experimental results","href_id":"#sec0040"},{"section_name":"6. Stochastic model","changed_name":"6. Stochastic model","href_id":"#sec0045"},{"section_name":"6.1. Evaluation of the dynamical model","changed_name":"6. Stochastic model","href_id":"#sec0050"},{"section_name":"7. Conclusions","changed_name":"7. Conclusions","href_id":"#sec0055"},{"section_name":"Acknowledgment","changed_name":"Acknowledgment ","href_id":"#ack0005"},{"section_name":"References","changed_name":"References ","href_id":"#bibl0005"}]