[{"section_name":"Highlights","changed_name":"Highlights ","href_id":"#abs0005"},{"section_name":"Abstract","changed_name":"Abstract ","href_id":"#abs0010"},{"section_name":"Keywords","changed_name":"Keywords ","href_id":"#kwd0005"},{"section_name":"1. Introduction","changed_name":"1. Introduction","href_id":"#sec0005"},{"section_name":"2. Literature review and hypotheses","changed_name":"2. Literature review and hypotheses","href_id":"#sec0010"},{"section_name":"2.1. Researchers\u2019 communication and collaborative output networks","changed_name":"2. Literature review and hypotheses","href_id":"#sec0015"},{"section_name":"2.2. A solution to collect researchers\u2019 multiple collaborative output networks as well as their communication network","changed_name":"2. Literature review and hypotheses","href_id":"#sec0020"},{"section_name":"2.3. A performance measure of researchers: h-index","changed_name":"2. Literature review and hypotheses","href_id":"#sec0025"},{"section_name":"2.4. Social network metrics","changed_name":"2. Literature review and hypotheses","href_id":"#sec0030"},{"section_name":"3. Method","changed_name":"3. Method","href_id":"#sec0035"},{"section_name":"3.1. Sample and questionnaire","changed_name":"3. Method","href_id":"#sec0040"},{"section_name":"3.2. Data collection","changed_name":"3. Method","href_id":"#sec0045"},{"section_name":"3.3. Constructing social network data matrixes","changed_name":"3. Method","href_id":"#sec0050"},{"section_name":"3.4. Constructing datasets for statistical models","changed_name":"3. Method","href_id":"#sec0055"},{"section_name":"3.5. Statistical models","changed_name":"3. Method","href_id":"#sec0060"},{"section_name":"4. Results","changed_name":"4. Results","href_id":"#sec0065"},{"section_name":"5. Discussion","changed_name":"5. Discussion","href_id":"#sec0070"},{"section_name":"Acknowledgments","changed_name":"Acknowledgments ","href_id":"#ack0005"},{"section_name":"Appendices. ","changed_name":"Appendices. ","href_id":"#app1"},{"section_name":"References","changed_name":"References ","href_id":"#bibl0005"}]