[{"section_name":"Highlights","changed_name":"Highlights ","href_id":"#abs0005"},{"section_name":"Abstract","changed_name":"Abstract ","href_id":"#abs0010"},{"section_name":"Keywords","changed_name":"Keywords ","href_id":"#kwd0005"},{"section_name":"1. Introduction","changed_name":"1. Introduction","href_id":"#sec0005"},{"section_name":"2. Assessment of single paper","changed_name":"2. Assessment of single paper","href_id":"#sec0010"},{"section_name":"2.1. By affiliation","changed_name":"2. Assessment of single paper","href_id":"#sec0015"},{"section_name":"2.2. By discipline","changed_name":"2. Assessment of single paper","href_id":"#sec0020"},{"section_name":"2.3. Combined categories","changed_name":"2. Assessment of single paper","href_id":"#sec0025"},{"section_name":"3. Assessment of scientists\/institutions","changed_name":"3. Assessment of scientists\/institutions","href_id":"#sec0030"},{"section_name":"4. Hierarchical approach","changed_name":"4. Hierarchical approach","href_id":"#sec0035"},{"section_name":"4.1. By affiliation","changed_name":"4. Hierarchical approach","href_id":"#sec0040"},{"section_name":"4.2. By discipline","changed_name":"4. Hierarchical approach","href_id":"#sec0045"},{"section_name":"5. Further research","changed_name":"5. Further research","href_id":"#sec0050"},{"section_name":"References","changed_name":"References ","href_id":"#bibl0005"}]