section_name,changed_name,href_id
Highlights,Highlights ,#abs0005
Abstract,Abstract ,#abs0010
Keywords,Keywords ,#kwd0005
1. Introduction,1. Introduction,#sec0005
2. Counting methods for university rankings,2. Counting methods for university rankings,#sec0010
3. Methodology,3. Methodology,#sec0015
3.1. The study subjects,3. Methodology,#sec0020
3.2. Data processing,3. Methodology,#sec0025
4. University rank changes,4. University rank changes,#sec0030
4.1. Paper counts,4. University rank changes,#sec0035
4.2. Citation counts,4. University rank changes,#sec0040
4.3. Correlation and differences of the rankings resulted from different counting methods,4. University rank changes,#sec0045
4.4. Counting inflation,4. University rank changes,#sec0050
5. Conclusion,5. Conclusion,#sec0055
References,References ,#bibl0005
