[{"section_name":"Highlights","changed_name":"Highlights ","href_id":"#abst0005"},{"section_name":"Highlights","changed_name":"Highlights ","href_id":"#abst0005"},{"section_name":"Abstract","changed_name":"Abstract ","href_id":"#abs0010"},{"section_name":"Keywords","changed_name":"Keywords ","href_id":"#kwd0005"},{"section_name":"1. Introduction","changed_name":"1. Introduction","href_id":"#sec0005"},{"section_name":"2. Model","changed_name":"2. Model","href_id":"#sec0010"},{"section_name":"3. Axioms","changed_name":"3. Axioms","href_id":"#sec0015"},{"section_name":"4. Axiomatization and independence of axioms","changed_name":"4. Axiomatization and independence of axioms","href_id":"#sec0020"},{"section_name":"5. Remarks","changed_name":"5. Remarks","href_id":"#sec0025"},{"section_name":"Acknowledgements","changed_name":"Acknowledgements ","href_id":"#ack0005"},{"section_name":"References","changed_name":"References ","href_id":"#bibl0005"}]