[{"section_name":"Highlights","changed_name":"Highlights ","href_id":"#abs0005"},{"section_name":"Abstract","changed_name":"Abstract ","href_id":"#abs0010"},{"section_name":"Keywords","changed_name":"Keywords ","href_id":"#kwd0005"},{"section_name":"1. Introduction","changed_name":"1. Introduction","href_id":"#sec0005"},{"section_name":"2. Mathematical model with multi-parameters and its solution","changed_name":"2. Mathematical model with multi-parameters and its solution","href_id":"#sec0010"},{"section_name":"2.1. The multi-parameter model","changed_name":"2. Mathematical model with multi-parameters and its solution","href_id":"#sec0015"},{"section_name":"2.2. Solution: an exact algorithm with a low time complexity","changed_name":"2. Mathematical model with multi-parameters and its solution","href_id":"#sec0020"},{"section_name":"2.3. Exemplifying","changed_name":"2. Mathematical model with multi-parameters and its solution","href_id":"#sec0025"},{"section_name":"3. Functions of parameters","changed_name":"3. Functions of parameters","href_id":"#sec0030"},{"section_name":"3.1. A priori knowledge: the implications of parameter \u03b1","changed_name":"3. Functions of parameters","href_id":"#sec0035"},{"section_name":"3.2. Result robustness: the effects of parameter \u03b2","changed_name":"3. Functions of parameters","href_id":"#sec0040"},{"section_name":"4. Application","changed_name":"4. Application","href_id":"#sec0045"},{"section_name":"5. Conclusions and future work","changed_name":"5. Conclusions and future work","href_id":"#sec0050"},{"section_name":"Acknowledgements","changed_name":"Acknowledgements ","href_id":"#ack0005"},{"section_name":"Appendix 1. The proof for Lemma 1","changed_name":"Appendix 1. The proof for Lemma 1","href_id":"#sec0060"},{"section_name":"Appendix 2. The proof for Theorem 1","changed_name":"Appendix 2. The proof for Theorem 1","href_id":"#sec0065"},{"section_name":"Appendix 3. (Kendall tau rank correlation coefficient, \u03c4)","changed_name":"Appendix 3. (Kendall tau rank correlation coefficient, \u03c4)","href_id":"#sec0070"},{"section_name":"Appendix D. Supplementary data","changed_name":"Appendix D. Supplementary data","href_id":"#sec0080"},{"section_name":"References","changed_name":"References ","href_id":"#bibl0005"}]