[{"section_name":"Highlights","changed_name":"Highlights ","href_id":"#abs0005"},{"section_name":"Abstract","changed_name":"Abstract ","href_id":"#abs0010"},{"section_name":"Abbreviation","changed_name":"Abbreviation ","href_id":"#kwd0005"},{"section_name":"Keywords","changed_name":"Keywords ","href_id":"#kwd0010"},{"section_name":"1. Introduction","changed_name":"1. Introduction","href_id":"#sec0005"},{"section_name":"2. The effect on citation inequality of differences in citation practices across scientific disciplines","changed_name":"2. The effect on citation inequality of differences in citation practices across scientific disciplines","href_id":"#sec0010"},{"section_name":"2.1. A measurement framework","changed_name":"2. The effect on citation inequality of differences in citation practices across scientific disciplines","href_id":"#sec0015"},{"section_name":"2.2. Classification systems","changed_name":"2. The effect on citation inequality of differences in citation practices across scientific disciplines","href_id":"#sec0020"},{"section_name":"3. The evaluation of normalization procedures in terms of a given classification system","changed_name":"3. The evaluation of normalization procedures in terms of a given classification system","href_id":"#sec0025"},{"section_name":"3.1. Normalization procedures","changed_name":"3. The evaluation of normalization procedures in terms of a given classification system","href_id":"#sec0030"},{"section_name":"3.2. The graphical method","changed_name":"3. The evaluation of normalization procedures in terms of a given classification system","href_id":"#sec0035"},{"section_name":"3.3. The numerical method","changed_name":"3. The evaluation of normalization procedures in terms of a given classification system","href_id":"#sec0040"},{"section_name":"4. The evaluation of normalization procedures using different classification systems","changed_name":"4. The evaluation of normalization procedures using different classification systems","href_id":"#sec0045"},{"section_name":"4.1. The first double test","changed_name":"4. The evaluation of normalization procedures using different classification systems","href_id":"#sec0050"},{"section_name":"4.2. The second double test","changed_name":"4. The evaluation of normalization procedures using different classification systems","href_id":"#sec0055"},{"section_name":"5. Discussion","changed_name":"5. Discussion","href_id":"#sec0060"},{"section_name":"6. Conclusions","changed_name":"6. Conclusions","href_id":"#sec0065"},{"section_name":"Acknowledgements","changed_name":"Acknowledgements ","href_id":"#ack0005"},{"section_name":"Appendix. ","changed_name":"Appendix. ","href_id":"#sec0075"},{"section_name":"References","changed_name":"References ","href_id":"#bibl0005"}]