section_name,changed_name,href_id
Abstract,Abstract ,#aep-abstract-id11
Highlights,Highlights ,#aep-abstract-sec-id10
Highlights,Highlights ,#aep-abstract-sec-id10
Keywords,Keywords ,#aep-keywords-id13
1. Introduction,1. Introduction,#sec0005
2. Evaluations of forestry journals,2. Evaluations of forestry journals,#sec0010
3. Data,3. Data,#sec0015
4. Efficiency analysis of forestry journals,4. Efficiency analysis of forestry journals,#sec0020
4.1. Inputs and outputs of the study,4. Efficiency analysis of forestry journals,#sec0025
4.2. Methodology,4. Efficiency analysis of forestry journals,#sec0030
4.2.1. Implementing DEA analysis,4. Efficiency analysis of forestry journals,#sec0035
4.2.2. The Bootstrap algorithm,4. Efficiency analysis of forestry journals,#sec0040
4.2.3. CRS vs VRS,4. Efficiency analysis of forestry journals,#sec0045
4.3. Results,4. Efficiency analysis of forestry journals,#sec0050
4.3.1. Descriptive statistics of inputs and outputs,4. Efficiency analysis of forestry journals,#sec0055
4.3.2. 1st stage analysis,4. Efficiency analysis of forestry journals,#sec0060
4.3.3. 2nd Stage analysis,4. Efficiency analysis of forestry journals,#sec0065
"4.3.4. Suggestions for increasing the eigenfactor score, the h-index and the IF",4. Efficiency analysis of forestry journals,#sec0070
4.3.5. Comparing the proposed and current rankings of journals,4. Efficiency analysis of forestry journals,#sec0075
5. Conclusions and further suggestions,5. Conclusions and further suggestions,#sec0080
Appendix A. Definition of the indices,Appendix A. Definition of the indices,#sec0090
References,References ,#bibl0005
