section_name,changed_name,href_id
Highlights,Highlights ,#abs0005
Abstract,Abstract ,#abs0010
Keywords,Keywords ,#kwd0005
1. Introduction,1. Introduction,#sec0005
2. Conceptual framework,2. Conceptual framework,#sec0010
2.1. Concept clusters,2. Conceptual framework,#sec0015
3. Previous work,3. Previous work,#sec0020
4. Method,4. Method,#sec0025
4.1. Data collection,4. Method,#sec0030
4.2. Publication similarity and concept clusters,4. Method,#sec0035
4.3. Patent clustering,4. Method,#sec0040
4.4. Visualising patents and publications,4. Method,#sec0045
5. Proof of concept,5. Proof of concept,#sec0050
5.1. Case selection,5. Proof of concept,#sec0055
5.2. Data summary,5. Proof of concept,#sec0060
5.2.1. Mapping the links of the scientific background of the patent corpus to the scientific output of the inventor,5. Proof of concept,#sec0065
5.2.2. Mapping contributions of the inventor's research collaborations in the patent and publication data.,5. Proof of concept,#sec0070
5.2.3. Mapping the inventor's level of adaptive knowledge use (absorptive capacity) necessary for the development of a technology,5. Proof of concept,#sec0075
6. Summary and conclusion,6. Summary and conclusion,#sec0080
Acknowledgements,Acknowledgements ,#ack0005
References,References ,#bibl0005
