[{"section_name":"Highlights","changed_name":"Highlights ","href_id":"#abs0005"},{"section_name":"Abstract","changed_name":"Abstract ","href_id":"#abs0010"},{"section_name":"Keywords","changed_name":"Keywords ","href_id":"#kwd0005"},{"section_name":"1. Introduction","changed_name":"1. Introduction","href_id":"#sec0005"},{"section_name":"2. Measuring scientific standing: literature review","changed_name":"2. Measuring scientific standing: literature review","href_id":"#sec0010"},{"section_name":"3. Shortcomings of current approaches","changed_name":"3. Shortcomings of current approaches","href_id":"#sec0015"},{"section_name":"4. Methodology: requirements, assumptions and bibliometric dataset","changed_name":"4. Methodology: requirements, assumptions and bibliometric dataset","href_id":"#sec0020"},{"section_name":"5. Analysis at aggregate level (UDA)","changed_name":"5. Analysis at aggregate level (UDA)","href_id":"#sec0025"},{"section_name":"6. Strengths and weaknesses at field level (SDS)","changed_name":"6. Strengths and weaknesses at field level (SDS)","href_id":"#sec0030"},{"section_name":"7. Discussion and conclusions","changed_name":"7. Discussion and conclusions","href_id":"#sec0035"},{"section_name":"Acknowledgments","changed_name":"Acknowledgments ","href_id":"#ack0005"},{"section_name":"References","changed_name":"References ","href_id":"#bibl0005"}]