section_name,changed_name,href_id
Abstract,Abstract ,#abs0005
Keywords,Keywords ,#kwd0005
1. Introduction,1. Introduction,#sec0005
2. Data used,2. Data used,#sec0010
3. Types of citation networks,3. Types of citation networks,#sec0015
4. Evaluation of the networks and experiments,4. Evaluation of the networks and experiments,#sec0020
5. Discussion,5. Discussion,#sec0025
6. Concluding remarks,6. Concluding remarks,#sec0030
Acknowledgments,Acknowledgments ,#ack0005
References,References ,#bibl0005
