section_name,changed_name,href_id
Abstract,Abstract ,#aep-abstract-id4
Highlights,Highlights ,#aep-abstract-sec-id3
Highlights,Highlights ,#aep-abstract-sec-id3
Keywords,Keywords ,#aep-keywords-id6
1. Introduction,1. Introduction,#sec0005
2. Study of the functional relation between μ and U,2. Study of the functional relation between μ and U,#sec0010
3. Universal and “semi-universal” laws in informetrics,3. Universal and “semi-universal” laws in informetrics,#sec0015
4. Concluding remarks,4. Concluding remarks,#sec0020
Acknowledgement,Acknowledgement ,#aep-acknowledgment-id7
References,References ,#bibl0005
