[{"section_name":"Highlights","changed_name":"Highlights ","href_id":"#abs0005"},{"section_name":"Abstract","changed_name":"Abstract ","href_id":"#abs0010"},{"section_name":"Keywords","changed_name":"Keywords ","href_id":"#kwd0005"},{"section_name":"1. Introduction","changed_name":"1. Introduction","href_id":"#sec0005"},{"section_name":"2. Method","changed_name":"2. Method","href_id":"#sec0010"},{"section_name":"2.1. Data source","changed_name":"2. Method","href_id":"#sec0015"},{"section_name":"2.2. Method: bootstrap","changed_name":"2. Method","href_id":"#sec0020"},{"section_name":"2.2.1. Bootstrap method 1","changed_name":"2. Method","href_id":"#sec0025"},{"section_name":"2.2.2. Bootstrap method 2","changed_name":"2. Method","href_id":"#sec0030"},{"section_name":"2.3. Data analysis","changed_name":"2. Method","href_id":"#sec0035"},{"section_name":"3. Results and discussion","changed_name":"3. Results and discussion","href_id":"#sec0040"},{"section_name":"3.1. Variability of p\u02c6Y","changed_name":"3. Results and discussion","href_id":"#sec0045"},{"section_name":"3.2. Variability of p\u00afY","changed_name":"3. Results and discussion","href_id":"#sec0050"},{"section_name":"3.3. Combining p\u02c6Y and p\u00afY","changed_name":"3. Results and discussion","href_id":"#sec0055"},{"section_name":"4. Implications and limitations of this study","changed_name":"4. Implications and limitations of this study","href_id":"#sec0060"},{"section_name":"5. Conclusion","changed_name":"5. Conclusion","href_id":"#sec0065"},{"section_name":"Acknowledgements","changed_name":"Acknowledgements ","href_id":"#ack0005"},{"section_name":"Appendix A. Journals and years of publication in DoRISE.","changed_name":"Appendix A. Journals and years of publication in DoRISE.","href_id":"#sec0070"},{"section_name":"Appendix B. Descriptive statistics for the journals in DoRISE.","changed_name":"Appendix B. Descriptive statistics for the journals in DoRISE.","href_id":"#sec0075"},{"section_name":"Appendix C. Overall reliability for measuring the journal impact factor in DoRISE","changed_name":"Appendix C. Overall reliability for measuring the journal impact factor in DoRISE","href_id":"#sec0080"},{"section_name":"References","changed_name":"References ","href_id":"#bibl0005"}]