section_name,changed_name,href_id
Highlights,Highlights ,#abs0005
Abstract,Abstract ,#abs0010
Keywords,Keywords ,#kwd0005
1. Introduction,1. Introduction,#sec0005
2. Literature review,2. Literature review,#sec0010
2.1. Network-based approaches,2. Literature review,#sec0015
2.2. Topic modeling approaches,2. Literature review,#sec0020
3. Methods,3. Methods,#sec0025
3.1. Identifying topics,3. Methods,#sec0030
3.2. Dynamic topic characteristics,3. Methods,#sec0035
3.3. Data set,3. Methods,#sec0040
4. Results,4. Results,#sec0045
4.1. Topics in library and information science,4. Results,#sec0050
4.2. Topic continuity and popularity,4. Results,#sec0055
5. Discussion,5. Discussion,#sec0060
5.1. Comparison with related studies,5. Discussion,#sec0065
5.2. Limitations,5. Discussion,#sec0070
6. Conclusion,6. Conclusion,#sec0075
References,References ,#bibl0005
