section_name,changed_name,href_id
Abstract,Abstract ,#aep-abstract-id5
Highlights,Highlights ,#aep-abstract-sec-id4
Highlights,Highlights ,#aep-abstract-sec-id4
Keywords,Keywords ,#aep-keywords-id7
1. Introduction and purpose of the study,1. Introduction and purpose of the study,#sec0005
2. Methodology and results,2. Methodology and results,#sec0010
3. Implications and conclusions,3. Implications and conclusions,#sec0015
Appendix. Journal titles (listed alphabetically),Appendix. Journal titles (listed alphabetically),#sec0020
References,References ,#bibl0005
