[{"section_name":"Highlights","changed_name":"Highlights ","href_id":"#abs0005"},{"section_name":"Abstract","changed_name":"Abstract ","href_id":"#abs0010"},{"section_name":"Keywords","changed_name":"Keywords ","href_id":"#kwd0005"},{"section_name":"1. Introduction","changed_name":"1. Introduction","href_id":"#sec0005"},{"section_name":"2. Data","changed_name":"2. Data","href_id":"#sec0010"},{"section_name":"3. Methods","changed_name":"3. Methods","href_id":"#sec0015"},{"section_name":"3.1. Subject category similarity matrix and maps","changed_name":"3. Methods","href_id":"#sec0020"},{"section_name":"3.2. Overlay maps","changed_name":"3. Methods","href_id":"#sec0025"},{"section_name":"3.3. Barycenter and distance calculation","changed_name":"3. Methods","href_id":"#sec0030"},{"section_name":"4. Results","changed_name":"4. Results","href_id":"#sec0035"},{"section_name":"4.1. Barycenter distances","changed_name":"4. Results","href_id":"#sec0040"},{"section_name":"4.2. Case studies of University of Antwerp research assessments","changed_name":"4. Results","href_id":"#sec0045"},{"section_name":"4.2.1. Chemistry assessment","changed_name":"4. Results","href_id":"#sec0050"},{"section_name":"4.2.2. Physics assessment","changed_name":"4. Results","href_id":"#sec0070"},{"section_name":"5. Conclusion","changed_name":"5. Conclusion","href_id":"#sec0090"},{"section_name":"Acknowledgments","changed_name":"Acknowledgments ","href_id":"#ack0005"},{"section_name":"Appendix A. Supplementary data","changed_name":"Appendix A. Supplementary data","href_id":"#sec0100"},{"section_name":"References","changed_name":"References ","href_id":"#bibl0005"}]