section_name,changed_name,href_id
Abstract,Abstract ,#aep-abstract-id13
Highlights,Highlights ,#aep-abstract-sec-id12
Highlights,Highlights ,#aep-abstract-sec-id12
Keywords,Keywords ,#aep-keywords-id15
1. Introduction,1. Introduction,#sec0005
2. Methodology,2. Methodology,#sec0010
2.1. The time-varying collaboration network,2. Methodology,#sec0015
3. The affine group,3. The affine group,#sec0020
4. Results and discussion,4. Results and discussion,#sec0025
4.1. Probability for a new connection,4. Results and discussion,#sec0030
4.2. Authors classification,4. Results and discussion,#sec0035
5. Conclusions,5. Conclusions,#sec0040
Acknowledgement,Acknowledgement ,#ack0005
Appendix A. Community detection in complex networks,Appendix A. Community detection in complex networks,#sec0050
References,References ,#bibl0005
