[{"section_name":"Abstract","changed_name":"Abstract ","href_id":"#aep-abstract-id6"},{"section_name":"Highlights","changed_name":"Highlights ","href_id":"#aep-abstract-sec-id5"},{"section_name":"Highlights","changed_name":"Highlights ","href_id":"#aep-abstract-sec-id5"},{"section_name":"Keywords","changed_name":"Keywords ","href_id":"#aep-keywords-id8"},{"section_name":"1. Introduction","changed_name":"1. Introduction","href_id":"#sec0005"},{"section_name":"2. Scientific collaboration and its determinants","changed_name":"2. Scientific collaboration and its determinants","href_id":"#sec0010"},{"section_name":"3. Methodology, dataset and indicators","changed_name":"3. Methodology, dataset and indicators","href_id":"#sec0015"},{"section_name":"3.1. Methodology","changed_name":"3. Methodology, dataset and indicators","href_id":"#sec0020"},{"section_name":"3.2. Data sources and field of observation","changed_name":"3. Methodology, dataset and indicators","href_id":"#sec0025"},{"section_name":"3.3. Indicators and methods","changed_name":"3. Methodology, dataset and indicators","href_id":"#sec0030"},{"section_name":"4. Results and discussion","changed_name":"4. Results and discussion","href_id":"#sec0035"},{"section_name":"4.1. Propensity to collaborate in different forms, in the various disciplines","changed_name":"4. Results and discussion","href_id":"#sec0040"},{"section_name":"4.2. The propensity to collaborate in the different forms for the various fields of physics","changed_name":"4. Results and discussion","href_id":"#sec0045"},{"section_name":"4.3. Correlation between propensities to collaborate in different forms","changed_name":"4. Results and discussion","href_id":"#sec0050"},{"section_name":"5. Main differences between propensity to collaborate, observed for individual scientists, and incidence of collaboration based on publications","changed_name":"5. Main differences between propensity to collaborate, observed for individual scientists, and incidence of collaboration based on publications","href_id":"#sec0055"},{"section_name":"6. Conclusions","changed_name":"6. Conclusions","href_id":"#sec0060"},{"section_name":"Appendix A. Supplementary data","changed_name":"Appendix A. Supplementary data","href_id":"#sec0070"},{"section_name":"References","changed_name":"References ","href_id":"#bibl0005"}]