[{"section_name":"Abstract","changed_name":"Abstract ","href_id":"#aep-abstract-id8"},{"section_name":"Highlights","changed_name":"Highlights ","href_id":"#aep-abstract-sec-id7"},{"section_name":"Highlights","changed_name":"Highlights ","href_id":"#aep-abstract-sec-id7"},{"section_name":"Keywords","changed_name":"Keywords ","href_id":"#aep-keywords-id10"},{"section_name":"1. Introduction","changed_name":"1. Introduction","href_id":"#sec0005"},{"section_name":"2. Validation of publication volume as proxy for funding levels","changed_name":"2. Validation of publication volume as proxy for funding levels","href_id":"#sec0010"},{"section_name":"2.1. Methods","changed_name":"2. Validation of publication volume as proxy for funding levels","href_id":"#sec0015"},{"section_name":"2.2. Results","changed_name":"2. Validation of publication volume as proxy for funding levels","href_id":"#sec0020"},{"section_name":"3. Funding priorities in medical research","changed_name":"3. Funding priorities in medical research","href_id":"#sec0025"},{"section_name":"3.1. Methods","changed_name":"3. Funding priorities in medical research","href_id":"#sec0030"},{"section_name":"3.2. Results","changed_name":"3. Funding priorities in medical research","href_id":"#sec0035"},{"section_name":"4. Discussion","changed_name":"4. Discussion","href_id":"#sec0040"},{"section_name":"Appendix A. Supplementary data","changed_name":"Appendix A. Supplementary data","href_id":"#sec0050"},{"section_name":"References","changed_name":"References ","href_id":"#bibl0005"}]