[{"section_name":"Abstract","changed_name":"Abstract ","href_id":"#aep-abstract-id9"},{"section_name":"Highlights","changed_name":"Highlights ","href_id":"#aep-abstract-sec-id8"},{"section_name":"Highlights","changed_name":"Highlights ","href_id":"#aep-abstract-sec-id8"},{"section_name":"Keywords","changed_name":"Keywords ","href_id":"#aep-keywords-id11"},{"section_name":"1. Introduction","changed_name":"1. Introduction","href_id":"#sec0005"},{"section_name":"2. Methodologies","changed_name":"2. Methodologies","href_id":"#sec0010"},{"section_name":"2.1. Most visible publications","changed_name":"2. Methodologies","href_id":"#sec0015"},{"section_name":"2.2. Contribution to the MVPs","changed_name":"2. Methodologies","href_id":"#sec0020"},{"section_name":"2.3. Multiple affiliations and zero ratios","changed_name":"2. Methodologies","href_id":"#sec0025"},{"section_name":"3. Research data","changed_name":"3. Research data","href_id":"#sec0030"},{"section_name":"4. Single-field production evaluation","changed_name":"4. Single-field production evaluation","href_id":"#sec0035"},{"section_name":"5. Cross-field production evaluation","changed_name":"5. Cross-field production evaluation","href_id":"#sec0040"},{"section_name":"6. Discussion and conclusion","changed_name":"6. Discussion and conclusion","href_id":"#sec0045"},{"section_name":"References","changed_name":"References ","href_id":"#bibl0005"}]