section_name,changed_name,href_id
Highlights,Highlights ,#abs0005
Abstract,Abstract ,#abs0010
Keywords,Keywords ,#kwd0005
1. Introduction,1. Introduction,#sec0005
2. Literature review,2. Literature review,#sec0010
2.1. Interdisciplinarity evolution and variation,2. Literature review,#sec0015
2.2. Impact of IDR,2. Literature review,#sec0020
3. Data and methods,3. Data and methods,#sec0025
3.1. Data Set,3. Data and methods,#sec0030
3.2. Discipline classification and definitions,3. Data and methods,#sec0035
3.3. Percentiles and percentile rank classes,3. Data and methods,#sec0040
3.4. Interdisciplinary distribution indicator,3. Data and methods,#sec0045
3.5. Interdisciplinarity change score,3. Data and methods,#sec0050
4. Results,4. Results,#sec0055
4.1. Interdisciplinarity and scientific impact at the level of disciplines,4. Results,#sec0060
4.2. Interdisciplinarity and scientific impact at the level of specialties,4. Results,#sec0065
4.3. Interdisciplinarity classes and scientific impact: A closer look at physics,4. Results,#sec0070
5. Discussion and conclusion,5. Discussion and conclusion,#sec0075
Author contributions,Author contributions,#sec0090
Acknowledgments,Acknowledgments ,#ack0005
Appendix A. ,Appendix A.,#sec0085
References,References ,#bibl0005
