[{"section_name":"Highlights","changed_name":"Highlights ","href_id":"#abs0005"},{"section_name":"Abstract","changed_name":"Abstract ","href_id":"#abs0010"},{"section_name":"Keywords","changed_name":"Keywords ","href_id":"#kwd0005"},{"section_name":"1. Introduction","changed_name":"1. Introduction","href_id":"#sec0005"},{"section_name":"2. Literature review","changed_name":"2. Literature review","href_id":"#sec0010"},{"section_name":"2.1. Investigating science & technology interaction by cross citation analysis","changed_name":"2. Literature review","href_id":"#sec0015"},{"section_name":"2.2. Fuel cells","changed_name":"2. Literature review","href_id":"#sec0020"},{"section_name":"3. Methodology","changed_name":"3. Methodology","href_id":"#sec0025"},{"section_name":"3.1. Databases","changed_name":"3. Methodology","href_id":"#sec0030"},{"section_name":"3.2. Indicators","changed_name":"3. Methodology","href_id":"#sec0035"},{"section_name":"3.2.1. Science linkage (SL)","changed_name":"3. Methodology","href_id":"#sec0040"},{"section_name":"3.2.2. Technology linkage (TL)","changed_name":"3. Methodology","href_id":"#sec0045"},{"section_name":"3.2.3. Technology cycle time","changed_name":"3. Methodology","href_id":"#sec0050"},{"section_name":"3.2.4. Science cycle time","changed_name":"3. Methodology","href_id":"#sec0055"},{"section_name":"3.3. Hypothesis","changed_name":"3. Methodology","href_id":"#sec0060"},{"section_name":"3.4. Limitations","changed_name":"3. Methodology","href_id":"#sec0065"},{"section_name":"4. Results and discussion","changed_name":"4. Results and discussion","href_id":"#sec0070"},{"section_name":"4.1. Analysis of papers citing patents","changed_name":"4. Results and discussion","href_id":"#sec0075"},{"section_name":"4.1.1. Number of papers citing patents and technology linkage","changed_name":"4. Results and discussion","href_id":"#sec0080"},{"section_name":"4.1.2. Time lag between citing papers and cited patents","changed_name":"4. Results and discussion","href_id":"#sec0085"},{"section_name":"4.1.3. The technology cycle time and science cycle time of papers","changed_name":"4. Results and discussion","href_id":"#sec0090"},{"section_name":"4.1.4. Analysis of highly cited patents","changed_name":"4. Results and discussion","href_id":"#sec0095"},{"section_name":"4.2. Analysis of patents citing papers","changed_name":"4. Results and discussion","href_id":"#sec0100"},{"section_name":"4.2.1. Number of cited papers and science linkage","changed_name":"4. Results and discussion","href_id":"#sec0105"},{"section_name":"4.2.2. Time lag between citing patents and cited papers","changed_name":"4. Results and discussion","href_id":"#sec0110"},{"section_name":"4.2.3. The science cycle time and technology cycle time of patents","changed_name":"4. Results and discussion","href_id":"#sec0115"},{"section_name":"4.3. Discussion","changed_name":"4. Results and discussion","href_id":"#sec0120"},{"section_name":"5. Conclusion","changed_name":"5. Conclusion","href_id":"#sec0125"},{"section_name":"References","changed_name":"References ","href_id":"#bibl0005"}]