[{"section_name":"Abstract","changed_name":"Abstract ","href_id":"#aep-abstract-id19"},{"section_name":"Highlights","changed_name":"Highlights ","href_id":"#aep-abstract-sec-id18"},{"section_name":"Highlights","changed_name":"Highlights ","href_id":"#aep-abstract-sec-id18"},{"section_name":"Keywords","changed_name":"Keywords ","href_id":"#aep-keywords-id21"},{"section_name":"1. Introduction","changed_name":"1. Introduction","href_id":"#sec0005"},{"section_name":"2. Methodology","changed_name":"2. Methodology","href_id":"#sec0010"},{"section_name":"2.1. The c-index","changed_name":"2. Methodology","href_id":"#sec0015"},{"section_name":"2.2. Derivative indexes of c-index and their characteristics","changed_name":"2. Methodology","href_id":"#sec0020"},{"section_name":"3. A case study","changed_name":"3. A case study","href_id":"#sec0025"},{"section_name":"3.1. Data","changed_name":"3. A case study","href_id":"#sec0030"},{"section_name":"3.2. Results","changed_name":"3. A case study","href_id":"#sec0035"},{"section_name":"3.2.1. Network 1","changed_name":"3. A case study","href_id":"#sec0040"},{"section_name":"3.2.2. Network 2","changed_name":"3. A case study","href_id":"#sec0045"},{"section_name":"4. Conclusions","changed_name":"4. Conclusions","href_id":"#sec0050"},{"section_name":"Acknowledgements","changed_name":"Acknowledgements ","href_id":"#aep-acknowledgment-id22"},{"section_name":"References","changed_name":"References ","href_id":"#bibl0005"}]