[{"section_name":"Highlights","changed_name":"Highlights ","href_id":"#abst0005"},{"section_name":"Highlights","changed_name":"Highlights ","href_id":"#abst0005"},{"section_name":"Abstract","changed_name":"Abstract ","href_id":"#abs0010"},{"section_name":"Keywords","changed_name":"Keywords ","href_id":"#kwd0005"},{"section_name":"1. Introduction","changed_name":"1. Introduction","href_id":"#sec0005"},{"section_name":"2. Material and methods","changed_name":"2. Material and methods","href_id":"#sec0010"},{"section_name":"2.1. Data description","changed_name":"2. Material and methods","href_id":"#sec0015"},{"section_name":"2.2. Data fitting and F-statistics","changed_name":"2. Material and methods","href_id":"#sec0020"},{"section_name":"3. Results and discussions","changed_name":"3. Results and discussions","href_id":"#sec0025"},{"section_name":"3.1. Evolution of the number of citations","changed_name":"3. Results and discussions","href_id":"#sec0030"},{"section_name":"3.2. Evolution of the time to peak","changed_name":"3. Results and discussions","href_id":"#sec0035"},{"section_name":"3.3. Functional form of citation decay","changed_name":"3. Results and discussions","href_id":"#sec0040"},{"section_name":"3.4. Ultradiffusion and decay in attention","changed_name":"3. Results and discussions","href_id":"#sec0045"},{"section_name":"3.5. Evolution of the decay exponent","changed_name":"3. Results and discussions","href_id":"#sec0050"},{"section_name":"3.6. Exponential increase in number of publications","changed_name":"3. Results and discussions","href_id":"#sec0055"},{"section_name":"3.7. Half-life","changed_name":"3. Results and discussions","href_id":"#sec0060"},{"section_name":"3.8. Rescaling time","changed_name":"3. Results and discussions","href_id":"#sec0065"},{"section_name":"4. Conclusions","changed_name":"4. Conclusions","href_id":"#sec0070"},{"section_name":"Author contributions","changed_name":"Author contributions","href_id":"#sec0075"},{"section_name":"Acknowledgements","changed_name":"Acknowledgements ","href_id":"#ack0005"},{"section_name":"Appendix A. Description of the categories","changed_name":"Appendix A. Description of the categories","href_id":"#sec0080"},{"section_name":"Appendix B. Evolution of the number of citations for other decile","changed_name":"Appendix B. Evolution of the number of citations for other decile","href_id":"#sec0085"},{"section_name":"Appendix C. Evolution of half-life for different values of \u03c3 and alternative definition of half-life","changed_name":"Appendix C. Evolution of half-life for different values of \u03c3 and alternative definition of half-life","href_id":"#sec0090"},{"section_name":"References","changed_name":"References ","href_id":"#bibl0005"}]