[{"section_name":"Abstract","changed_name":"Abstract ","href_id":"#aep-abstract-id7"},{"section_name":"Highlights","changed_name":"Highlights ","href_id":"#aep-abstract-sec-id6"},{"section_name":"Highlights","changed_name":"Highlights ","href_id":"#aep-abstract-sec-id6"},{"section_name":"Keywords","changed_name":"Keywords ","href_id":"#aep-keywords-id9"},{"section_name":"1. Introduction","changed_name":"1. Introduction","href_id":"#sec0005"},{"section_name":"2. S-index","changed_name":"2. S-index","href_id":"#sec0010"},{"section_name":"3. Application of S-index to the KCI database","changed_name":"3. Application of S-index to the KCI database","href_id":"#sec0015"},{"section_name":"3.1. KCI data used for analysis","changed_name":"3. Application of S-index to the KCI database","href_id":"#sec0020"},{"section_name":"3.2. Comparison between S-index and IF","changed_name":"3. Application of S-index to the KCI database","href_id":"#sec0025"},{"section_name":"4. Comparison between S-index and hT-index based on the KCI data","changed_name":"4. Comparison between S-index and hT-index based on the KCI data","href_id":"#sec0030"},{"section_name":"4.1. Tapered h-index (hT-index)","changed_name":"4. Comparison between S-index and hT-index based on the KCI data","href_id":"#sec0035"},{"section_name":"4.2. Comparison between S-index and hT-index","changed_name":"4. Comparison between S-index and hT-index based on the KCI data","href_id":"#sec0040"},{"section_name":"5. Conclusions","changed_name":"5. Conclusions","href_id":"#sec0045"},{"section_name":"Acknowledgments","changed_name":"Acknowledgments ","href_id":"#aep-acknowledgment-id10"},{"section_name":"References","changed_name":"References ","href_id":"#bibl0005"}]