[{"section_name":"Abstract","changed_name":"Abstract ","href_id":"#aep-abstract-id16"},{"section_name":"Highlights","changed_name":"Highlights ","href_id":"#aep-abstract-sec-id15"},{"section_name":"Highlights","changed_name":"Highlights ","href_id":"#aep-abstract-sec-id15"},{"section_name":"Keywords","changed_name":"Keywords ","href_id":"#aep-keywords-id18"},{"section_name":"1. Introduction","changed_name":"1. Introduction","href_id":"#sec0005"},{"section_name":"2. Methods","changed_name":"2. Methods","href_id":"#sec0010"},{"section_name":"2.1. The productivity indicator FSS","changed_name":"2. Methods","href_id":"#sec0015"},{"section_name":"2.2. Potential scaling factors for standardizing individual productivity","changed_name":"2. Methods","href_id":"#sec0020"},{"section_name":"2.3. Dataset","changed_name":"2. Methods","href_id":"#sec0025"},{"section_name":"3. Results and analysis","changed_name":"3. Results and analysis","href_id":"#sec0030"},{"section_name":"3.1. Distribution of individual productivity","changed_name":"3. Results and analysis","href_id":"#sec0035"},{"section_name":"3.2. Analysis of standardized distributions","changed_name":"3. Results and analysis","href_id":"#sec0040"},{"section_name":"3.3. Analysis of extreme values","changed_name":"3. Results and analysis","href_id":"#sec0045"},{"section_name":"3.3.1. Analysis of top scientists","changed_name":"3. Results and analysis","href_id":"#sec0050"},{"section_name":"3.3.2. Analysis of outliers","changed_name":"3. Results and analysis","href_id":"#sec0055"},{"section_name":"4. Conclusions","changed_name":"4. Conclusions","href_id":"#sec0060"},{"section_name":"References","changed_name":"References ","href_id":"#bibl0005"}]