section_name,changed_name,href_id
Highlights,Highlights ,#abs0005
Abstract,Abstract ,#abs0010
Keywords,Keywords ,#kwd0005
1. Introduction,1. Introduction,#sec0005
1.1. The life-cycle stages of a peer-reviewed article,1. Introduction,#sec0010
1.2. Previous research,1. Introduction,#sec0015
1.3. Aims,1. Introduction,#sec0020
2. Method,2. Method,#sec0025
2.1. Pilot study,2. Method,#sec0030
2.2. Main study,2. Method,#sec0035
3. Results,3. Results,#sec0040
4. Discussion,4. Discussion,#sec0045
5. Conclusions,5. Conclusions,#sec0050
Acknowledgements,Acknowledgements ,#ack0005
Appendix A. Supplementary data,Appendix A. Supplementary data,#sec0060
References,References ,#bibl0005
