[{"section_name":"Highlights","changed_name":"Highlights ","href_id":"#abs0005"},{"section_name":"Abstract","changed_name":"Abstract ","href_id":"#abs0010"},{"section_name":"Keywords","changed_name":"Keywords ","href_id":"#kwd0005"},{"section_name":"1. Introduction","changed_name":"1. Introduction","href_id":"#sec0005"},{"section_name":"1.1. PubMed compared to other databases","changed_name":"1. Introduction","href_id":"#sec0010"},{"section_name":"2. Methods","changed_name":"2. Methods","href_id":"#sec0015"},{"section_name":"2.1. Data retrieval","changed_name":"2. Methods","href_id":"#sec0020"},{"section_name":"2.2. PubMed's publication types","changed_name":"2. Methods","href_id":"#sec0025"},{"section_name":"2.3. Newer and older journals","changed_name":"2. Methods","href_id":"#sec0030"},{"section_name":"2.4. Electronic and print journals","changed_name":"2. Methods","href_id":"#sec0035"},{"section_name":"2.5. Open or subscription access","changed_name":"2. Methods","href_id":"#sec0040"},{"section_name":"2.6. Funding","changed_name":"2. Methods","href_id":"#sec0045"},{"section_name":"2.7. Affiliations","changed_name":"2. Methods","href_id":"#sec0050"},{"section_name":"2.8. Language","changed_name":"2. Methods","href_id":"#sec0055"},{"section_name":"3. Results","changed_name":"3. Results","href_id":"#sec0060"},{"section_name":"3.1. New vs older journals, start publication year (Table 1)","changed_name":"3. Results","href_id":"#sec0065"},{"section_name":"3.2. Publication types","changed_name":"3. Results","href_id":"#sec0070"},{"section_name":"3.3. Searching with and without \u201cjournal article[pt]\u201d and\/or MeSH terms (Table 3)","changed_name":"3. Results","href_id":"#sec0075"},{"section_name":"3.4. Electronic or print journals titles (Fig. 5, Table 4)","changed_name":"3. Results","href_id":"#sec0080"},{"section_name":"3.5. Open or subscription access journal articles (Fig. 6, Table 5)","changed_name":"3. Results","href_id":"#sec0085"},{"section_name":"3.6. Funding","changed_name":"3. Results","href_id":"#sec0090"},{"section_name":"3.7. Country (affiliation)","changed_name":"3. Results","href_id":"#sec0095"},{"section_name":"3.8. Language (Fig. 10, Table 9)","changed_name":"3. Results","href_id":"#sec0100"},{"section_name":"3.9. Home country of publisher (Fig. 12, Table 10)","changed_name":"3. Results","href_id":"#sec0105"},{"section_name":"4. Discussion","changed_name":"4. Discussion","href_id":"#sec0110"},{"section_name":"4.1. Implication of findings","changed_name":"4. Discussion","href_id":"#sec0115"},{"section_name":"4.2. Quality or quantity?","changed_name":"4. Discussion","href_id":"#sec0120"},{"section_name":"4.3. Similar works","changed_name":"4. Discussion","href_id":"#sec0125"},{"section_name":"5. Conclusion","changed_name":"5. Conclusion","href_id":"#sec0130"},{"section_name":"Conflict of interest statement","changed_name":"Conflict of interest statement","href_id":"#sec0135"},{"section_name":"Funding","changed_name":"Funding ","href_id":"#sec0140"},{"section_name":"Appendix A. Supplementary data","changed_name":"Appendix A. Supplementary data","href_id":"#sec0155"},{"section_name":"References","changed_name":"References ","href_id":"#bibl0005"}]