[{"section_name":"Highlights","changed_name":"Highlights ","href_id":"#abs0005"},{"section_name":"Abstract","changed_name":"Abstract ","href_id":"#abs0010"},{"section_name":"Keywords","changed_name":"Keywords ","href_id":"#kwd0005"},{"section_name":"1. Introduction","changed_name":"1. Introduction","href_id":"#sec0005"},{"section_name":"2. Research questions","changed_name":"2. Research questions","href_id":"#sec0010"},{"section_name":"3. Methods","changed_name":"3. Methods","href_id":"#sec0015"},{"section_name":"4. Results","changed_name":"4. Results","href_id":"#sec0020"},{"section_name":"4.1. Parameter estimate precision","changed_name":"4. Results","href_id":"#sec0025"},{"section_name":"4.1.1. Hooked power law parameter estimates","changed_name":"4. Results","href_id":"#sec0030"},{"section_name":"4.1.2. Lognormal parameter estimates","changed_name":"4. Results","href_id":"#sec0035"},{"section_name":"5. Conclusions","changed_name":"5. Conclusions","href_id":"#sec0040"},{"section_name":"Appendix A. The hooked power law for citations","changed_name":"Appendix A. The hooked power law for citations","href_id":"#sec0045"},{"section_name":"Appendix B. Fitting truncated distributions","changed_name":"Appendix B. Fitting truncated distributions","href_id":"#sec0050"},{"section_name":"Appendix C. Poor estimates of alpha from truncated power laws","changed_name":"Appendix C. Poor estimates of alpha from truncated power laws","href_id":"#sec0055"},{"section_name":"References","changed_name":"References ","href_id":"#bibl0005"}]