[{"section_name":"Highlights","changed_name":"Highlights ","href_id":"#abs0005"},{"section_name":"Abstract","changed_name":"Abstract ","href_id":"#abs0010"},{"section_name":"Keywords","changed_name":"Keywords ","href_id":"#kwd0005"},{"section_name":"1. Introduction","changed_name":"1. Introduction","href_id":"#sec0005"},{"section_name":"2. Data","changed_name":"2. Data","href_id":"#sec0010"},{"section_name":"3. Normalization approaches","changed_name":"3. Normalization approaches","href_id":"#sec0015"},{"section_name":"4. Results","changed_name":"4. Results","href_id":"#sec0020"},{"section_name":"4.1. Results based on the Web of Science journal subject categories","changed_name":"4. Results","href_id":"#sec0025"},{"section_name":"4.2. Results based on classification systems A, B, and C","changed_name":"4. Results","href_id":"#sec0030"},{"section_name":"5. Conclusions","changed_name":"5. Conclusions","href_id":"#sec0035"},{"section_name":"Acknowledgments","changed_name":"Acknowledgments ","href_id":"#ack0005"},{"section_name":"Appendix A. Selection of Web of Science core journals","changed_name":"Appendix A. Selection of Web of Science core journals","href_id":"#sec0040"},{"section_name":"Appendix B. Algorithmic construction of field classification systems","changed_name":"Appendix B. Algorithmic construction of field classification systems","href_id":"#sec0045"},{"section_name":"Appendix C. The problem of using the same classification system both in the implementation and in the evaluation of the NCS approach","changed_name":"Appendix C. The problem of using the same classification system both in the implementation and in the evaluation of the NCS approach","href_id":"#sec0050"},{"section_name":"Appendix D. Decomposition of citation inequality","changed_name":"Appendix D. Decomposition of citation inequality","href_id":"#sec0055"},{"section_name":"References","changed_name":"References ","href_id":"#bibl0005"}]