[{"section_name":"Highlights","changed_name":"Highlights ","href_id":"#abs0005"},{"section_name":"Abstract","changed_name":"Abstract ","href_id":"#abs0010"},{"section_name":"Keywords","changed_name":"Keywords ","href_id":"#kwd0005"},{"section_name":"1. Introduction","changed_name":"1. Introduction","href_id":"#sec0005"},{"section_name":"2. Referenced Publication Years Spectroscopy (RPYS)","changed_name":"2. Referenced Publication Years Spectroscopy (RPYS)","href_id":"#sec0010"},{"section_name":"3. Methods","changed_name":"3. Methods","href_id":"#sec0015"},{"section_name":"3.1. Data","changed_name":"3. Methods","href_id":"#sec0020"},{"section_name":"3.2. The program RPYS.exe","changed_name":"3. Methods","href_id":"#sec0025"},{"section_name":"4. Results","changed_name":"4. Results","href_id":"#sec0030"},{"section_name":"4.1. iMetrics: the aggregated set","changed_name":"4. Results","href_id":"#sec0035"},{"section_name":"4.2. iMetrics decomposed","changed_name":"4. Results","href_id":"#sec0040"},{"section_name":"4.2.1. Scientometrics","changed_name":"4. Results","href_id":"#sec0045"},{"section_name":"4.2.2. Journal of Informetrics","changed_name":"4. Results","href_id":"#sec0050"},{"section_name":"4.2.3. JASIST-I","changed_name":"4. Results","href_id":"#sec0055"},{"section_name":"4.3. JASIST and JASIST-O as relevant contexts","changed_name":"4. Results","href_id":"#sec0060"},{"section_name":"4.3.1. JASIST","changed_name":"4. Results","href_id":"#sec0065"},{"section_name":"4.3.2. JASIST-O","changed_name":"4. Results","href_id":"#sec0070"},{"section_name":"4.4. iMetrics: summary and conclusions","changed_name":"4. Results","href_id":"#sec0075"},{"section_name":"5. Discussion and conclusion","changed_name":"5. Discussion and conclusion","href_id":"#sec0080"},{"section_name":"References","changed_name":"References ","href_id":"#bibl0005"}]