[{"section_name":"Highlights","changed_name":"Highlights ","href_id":"#abs0005"},{"section_name":"Abstract","changed_name":"Abstract ","href_id":"#abs0010"},{"section_name":"Keywords","changed_name":"Keywords ","href_id":"#kwd0005"},{"section_name":"1. Introduction","changed_name":"1. Introduction","href_id":"#sec0005"},{"section_name":"2. Literature review","changed_name":"2. Literature review","href_id":"#sec0010"},{"section_name":"2.1. Collaboration networks","changed_name":"2. Literature review","href_id":"#sec0015"},{"section_name":"2.2. The link prediction problem","changed_name":"2. Literature review","href_id":"#sec0020"},{"section_name":"3. Methods","changed_name":"3. Methods","href_id":"#sec0025"},{"section_name":"3.1. Link predictors","changed_name":"3. Methods","href_id":"#sec0030"},{"section_name":"3.2. Data","changed_name":"3. Methods","href_id":"#sec0035"},{"section_name":"4. Results","changed_name":"4. Results","href_id":"#sec0040"},{"section_name":"4.1. Precision\u2013recall graphs and ROC curves for the eight predictors","changed_name":"4. Results","href_id":"#sec0045"},{"section_name":"4.2. Area under ROC (AUC) and top k evaluations","changed_name":"4. Results","href_id":"#sec0050"},{"section_name":"4.3. Relationships between the eight predictors","changed_name":"4. Results","href_id":"#sec0055"},{"section_name":"4.4. Collaboration recommendation","changed_name":"4. Results","href_id":"#sec0060"},{"section_name":"5. Discussion","changed_name":"5. Discussion","href_id":"#sec0065"},{"section_name":"5.1. Integrating prediction results","changed_name":"5. Discussion","href_id":"#sec0070"},{"section_name":"5.2. Toward a multi-level analysis of collaboration","changed_name":"5. Discussion","href_id":"#sec0075"},{"section_name":"5.3. Link prediction and teams of science","changed_name":"5. Discussion","href_id":"#sec0080"},{"section_name":"5.4. Limitation","changed_name":"5. Discussion","href_id":"#sec0085"},{"section_name":"6. Conclusion","changed_name":"6. Conclusion","href_id":"#sec0090"},{"section_name":"References","changed_name":"References ","href_id":"#bibl0005"}]