[{"section_name":"Highlights","changed_name":"Highlights ","href_id":"#abs0005"},{"section_name":"Abstract","changed_name":"Abstract ","href_id":"#abs0010"},{"section_name":"Keywords","changed_name":"Keywords ","href_id":"#kwd0005"},{"section_name":"1. Introduction","changed_name":"1. Introduction","href_id":"#sec0005"},{"section_name":"2. Linear, lognormal, and count regression models","changed_name":"2. Linear, lognormal, and count regression models","href_id":"#sec0010"},{"section_name":"2.1. Linear regression","changed_name":"2. Linear, lognormal, and count regression models","href_id":"#sec0015"},{"section_name":"2.2. Lognormal regression model","changed_name":"2. Linear, lognormal, and count regression models","href_id":"#sec0020"},{"section_name":"2.3. Count regression models","changed_name":"2. Linear, lognormal, and count regression models","href_id":"#sec0025"},{"section_name":"2.3.1. Poisson regression model","changed_name":"2. Linear, lognormal, and count regression models","href_id":"#sec0030"},{"section_name":"2.3.2. Negative binomial regression model","changed_name":"2. Linear, lognormal, and count regression models","href_id":"#sec0035"},{"section_name":"2.3.3. Generalized Poisson regression model","changed_name":"2. Linear, lognormal, and count regression models","href_id":"#sec0040"},{"section_name":"2.4. Modified count data regression models","changed_name":"2. Linear, lognormal, and count regression models","href_id":"#sec0045"},{"section_name":"2.4.1. Zero-inflated count regression models","changed_name":"2. Linear, lognormal, and count regression models","href_id":"#sec0050"},{"section_name":"2.4.2. Zero-truncated count models","changed_name":"2. Linear, lognormal, and count regression models","href_id":"#sec0055"},{"section_name":"2.4.3. Hurdle regression models","changed_name":"2. Linear, lognormal, and count regression models","href_id":"#sec0060"},{"section_name":"2.5. Estimation and goodness-of-fit statistics","changed_name":"2. Linear, lognormal, and count regression models","href_id":"#sec0065"},{"section_name":"2.6. Model comparisons","changed_name":"2. Linear, lognormal, and count regression models","href_id":"#sec0070"},{"section_name":"3. Methodology","changed_name":"3. Methodology","href_id":"#sec0075"},{"section_name":"3.1. Data collection","changed_name":"3. Methodology","href_id":"#sec0080"},{"section_name":"3.2. Data analysis","changed_name":"3. Methodology","href_id":"#sec0085"},{"section_name":"4. Results","changed_name":"4. Results","href_id":"#sec0090"},{"section_name":"4.1. Model estimation and goodness of fit","changed_name":"4. Results","href_id":"#sec0095"},{"section_name":"4.1.1. Google patent dataset","changed_name":"4. Results","href_id":"#sec0100"},{"section_name":"4.1.2. Information research dataset","changed_name":"4. Results","href_id":"#sec0105"},{"section_name":"4.1.3. Knowledge management dataset","changed_name":"4. Results","href_id":"#sec0110"},{"section_name":"4.1.4. Canadian universities dataset","changed_name":"4. Results","href_id":"#sec0115"},{"section_name":"4.2. Model validation","changed_name":"4. Results","href_id":"#sec0120"},{"section_name":"5. Discussion","changed_name":"5. Discussion","href_id":"#sec0125"},{"section_name":"6. Conclusions","changed_name":"6. Conclusions","href_id":"#sec0130"},{"section_name":"Acknowledgements","changed_name":"Acknowledgements ","href_id":"#ack0005"},{"section_name":"Appendix A. Descriptive statistics for the Google patent dataset (n\u00a0=\u00a0560)","changed_name":"Appendix A. Descriptive statistics for the Google patent dataset (n = 560)","href_id":"#sec0140"},{"section_name":"Appendix B. Descriptive statistics for the information research dataset (n\u00a0=\u00a0144)","changed_name":"Appendix B. Descriptive statistics for the information research dataset (n = 144)","href_id":"#sec0145"},{"section_name":"Appendix C. Descriptive statistics for the knowledge management dataset (n\u00a0=\u00a01337)","changed_name":"Appendix C. Descriptive statistics for the knowledge management dataset (n = 1337)","href_id":"#sec0150"},{"section_name":"Appendix D. Descriptive statistics for the Canadian universities dataset (n\u00a0=\u00a044)","changed_name":"Appendix D. Descriptive statistics for the Canadian universities dataset (n = 44)","href_id":"#sec0155"},{"section_name":"References","changed_name":"References ","href_id":"#bibl0005"}]