section_name,changed_name,href_id
Abstract,Abstract ,#aep-abstract-id11
Graphical abstract,Graphical abstract,#aep-abstract-sec-id8
Graphical abstract,Graphical abstract,#aep-abstract-sec-id8
Highlights,Graphical abstract,#aep-abstract-sec-id10
Keywords,Keywords ,#aep-keywords-id13
1. Introduction,1. Introduction,#sec0005
2. Collection of data and methodology,2. Collection of data and methodology,#sec0010
3. Results and discussion,3. Results and discussion,#sec0015
4. Conclusion,4. Conclusion,#sec0020
References,References ,#bibl0005
