section_name,changed_name,href_id
Abstract,Abstract ,#abs0005
Keywords,Keywords ,#kwd0005
1. Introduction,1. Introduction,#sec0005
2. Related work,2. Related work,#sec0010
2.1. Supervised learning approaches,2. Related work,#sec0015
2.2. Unsupervised learning approaches,2. Related work,#sec0020
3. Building and corpus,3. Building and corpus,#sec0025
3.1. Step 1: Author name collection from PubMed,3. Building and corpus,#sec0030
3.2. Step 2: Data cleaning for identifying author name groups,3. Building and corpus,#sec0035
"3.3. Step 3: Iterative, manual correction for corpus construction",3. Building and corpus,#sec0040
3.3.1. Primary disambiguation process,3. Building and corpus,#sec0045
3.3.2. Secondary disambiguation process,3. Building and corpus,#sec0050
3.3.3. Third disambiguation process,3. Building and corpus,#sec0055
4. The quality and the limitations of the training set,4. The quality and the limitations of the training set,#sec0060
5. Experiments,5. Experiments,#sec0065
5.1. Classifier,5. Experiments,#sec0070
5.2. Publication feature selection,5. Experiments,#sec0075
5.3. Evaluation measure,5. Experiments,#sec0080
5.4. Prediction model for author name disambiguation,5. Experiments,#sec0085
5.4.1. Baseline model,5. Experiments,#sec0090
5.4.2. Hybrid edit distance model,5. Experiments,#sec0095
5.4.3. NER-based model,5. Experiments,#sec0100
6. Results,6. Results,#sec0105
6.1. Baseline and hybrid edit distance model,6. Results,#sec0110
6.2. NER-based model,6. Results,#sec0115
6.3. The impact of feature sets on the performance,6. Results,#sec0120
7. Conclusion,7. Conclusion,#sec0125
Acknowledgements,Acknowledgements ,#ack0005
"Appendix A. An example of an idenfied author Miller, M from constructed author name data set","Appendix A. An example of an idenfied author Miller, M from constructed author name data set",#sec0135
References,References ,#bibl0005
