[{"section_name":"Abstract","changed_name":"Abstract ","href_id":"#abs0005"},{"section_name":"Keywords","changed_name":"Keywords ","href_id":"#kwd0005"},{"section_name":"1. Introduction","changed_name":"1. Introduction","href_id":"#sec0005"},{"section_name":"2. Economies of scale and specialization in higher education","changed_name":"2. Economies of scale and specialization in higher education","href_id":"#sec0010"},{"section_name":"2.1. General introduction","changed_name":"2. Economies of scale and specialization in higher education","href_id":"#sec0015"},{"section_name":"2.2. Research questions","changed_name":"2. Economies of scale and specialization in higher education","href_id":"#sec0020"},{"section_name":"2.2.1. Are larger universities more efficient?","changed_name":"2. Economies of scale and specialization in higher education","href_id":"#sec0025"},{"section_name":"2.2.2. Are specialised universities more efficient?","changed_name":"2. Economies of scale and specialization in higher education","href_id":"#sec0030"},{"section_name":"2.3. Generalizability and policy relevance of results","changed_name":"2. Economies of scale and specialization in higher education","href_id":"#sec0035"},{"section_name":"3. Data","changed_name":"3. Data","href_id":"#sec0040"},{"section_name":"3.1. Description of datasets","changed_name":"3. Data","href_id":"#sec0045"},{"section_name":"3.2. Data integration","changed_name":"3. Data","href_id":"#sec0050"},{"section_name":"3.3. Variables","changed_name":"3. Data","href_id":"#sec0055"},{"section_name":"4. Production models of European universities","changed_name":"4. Production models of European universities","href_id":"#sec0060"},{"section_name":"5. Method: a flexible approach based on directional distances","changed_name":"5. Method: a flexible approach based on directional distances","href_id":"#sec0065"},{"section_name":"5.1. Second stage regression: impact of scale and specialization on efficiency","changed_name":"5. Method: a flexible approach based on directional distances","href_id":"#sec0070"},{"section_name":"5.2. Testing the significance of scale and specialization","changed_name":"5. Method: a flexible approach based on directional distances","href_id":"#sec0075"},{"section_name":"5.3. Analyzing the gaps","changed_name":"5. Method: a flexible approach based on directional distances","href_id":"#sec0080"},{"section_name":"6. Results","changed_name":"6. Results","href_id":"#sec0085"},{"section_name":"6.1. Impact of scale and specialization on efficiency","changed_name":"6. Results","href_id":"#sec0090"},{"section_name":"6.2. Efficiency results and analysis of gaps","changed_name":"6. Results","href_id":"#sec0095"},{"section_name":"7. Conclusions","changed_name":"7. Conclusions","href_id":"#sec0100"},{"section_name":"Acknowledgments","changed_name":"Acknowledgments ","href_id":"#ack0005"},{"section_name":"Appendix A. Technical details on factorial analysis and gaps calculation","changed_name":"Appendix A. Technical details on factorial analysis and gaps calculation","href_id":"#sec0105"},{"section_name":"References","changed_name":"References ","href_id":"#bibl0005"}]