[{"section_name":"Highlights","changed_name":"Highlights ","href_id":"#abs0005"},{"section_name":"Abstract","changed_name":"Abstract ","href_id":"#abs0010"},{"section_name":"Keywords","changed_name":"Keywords ","href_id":"#kwd0005"},{"section_name":"1. Introduction","changed_name":"1. Introduction","href_id":"#sec0005"},{"section_name":"2. Counting methods for university rankings","changed_name":"2. Counting methods for university rankings","href_id":"#sec0010"},{"section_name":"3. Methodology","changed_name":"3. Methodology","href_id":"#sec0015"},{"section_name":"3.1. The study subjects","changed_name":"3. Methodology","href_id":"#sec0020"},{"section_name":"3.2. Data processing","changed_name":"3. Methodology","href_id":"#sec0025"},{"section_name":"4. University rank changes","changed_name":"4. University rank changes","href_id":"#sec0030"},{"section_name":"4.1. Paper counts","changed_name":"4. University rank changes","href_id":"#sec0035"},{"section_name":"4.2. Citation counts","changed_name":"4. University rank changes","href_id":"#sec0040"},{"section_name":"4.3. Correlation and differences of the rankings resulted from different counting methods","changed_name":"4. University rank changes","href_id":"#sec0045"},{"section_name":"4.4. Counting inflation","changed_name":"4. University rank changes","href_id":"#sec0050"},{"section_name":"5. Conclusion","changed_name":"5. Conclusion","href_id":"#sec0055"},{"section_name":"References","changed_name":"References ","href_id":"#bibl0005"}]