[{"section_name":"Highlights","changed_name":"Highlights ","href_id":"#abst0010"},{"section_name":"Highlights","changed_name":"Highlights ","href_id":"#abst0010"},{"section_name":"Abstract","changed_name":"Abstract ","href_id":"#abs0015"},{"section_name":"Graphical abstract","changed_name":"Graphical abstract","href_id":"#abst0005"},{"section_name":"Graphical abstract","changed_name":"Graphical abstract","href_id":"#abst0005"},{"section_name":"Keywords","changed_name":"Keywords ","href_id":"#kwd0005"},{"section_name":"1. Introduction","changed_name":"1. Introduction","href_id":"#sec0005"},{"section_name":"2. Related work","changed_name":"2. Related work","href_id":"#sec0010"},{"section_name":"3. Data source","changed_name":"3. Data source","href_id":"#sec0015"},{"section_name":"4. Distribution of subject areas in user libraries","changed_name":"4. Distribution of subject areas in user libraries","href_id":"#sec0020"},{"section_name":"5. Visualization of co-readership patterns","changed_name":"5. Visualization of co-readership patterns","href_id":"#sec0025"},{"section_name":"5.1. Data selection and pre-processing","changed_name":"5. Visualization of co-readership patterns","href_id":"#sec0030"},{"section_name":"5.2. Clustering and mapping","changed_name":"5. Visualization of co-readership patterns","href_id":"#sec0035"},{"section_name":"5.3. Web visualization","changed_name":"5. Visualization of co-readership patterns","href_id":"#sec0040"},{"section_name":"5.4. Results","changed_name":"5. Visualization of co-readership patterns","href_id":"#sec0045"},{"section_name":"5.4.1. Topic area description and distribution","changed_name":"5. Visualization of co-readership patterns","href_id":"#sec0050"},{"section_name":"5.4.2. Publication types and age of publications","changed_name":"5. Visualization of co-readership patterns","href_id":"#sec0055"},{"section_name":"6. Discussion","changed_name":"6. Discussion","href_id":"#sec0060"},{"section_name":"6.1. Recency","changed_name":"6. Discussion","href_id":"#sec0065"},{"section_name":"6.2. Biases in the visualization","changed_name":"6. Discussion","href_id":"#sec0070"},{"section_name":"7. Conclusions and future work","changed_name":"7. Conclusions and future work","href_id":"#sec0075"},{"section_name":"Acknowledgements","changed_name":"Acknowledgements ","href_id":"#ack0005"},{"section_name":"References","changed_name":"References ","href_id":"#bibl0005"}]