[{"section_name":"Highlights","changed_name":"Highlights ","href_id":"#abs0005"},{"section_name":"Abstract","changed_name":"Abstract ","href_id":"#abs0010"},{"section_name":"Keywords","changed_name":"Keywords ","href_id":"#kwd0005"},{"section_name":"1. Introduction","changed_name":"1. Introduction","href_id":"#sec0005"},{"section_name":"2. Literature review","changed_name":"2. Literature review","href_id":"#sec0010"},{"section_name":"3. Methods","changed_name":"3. Methods","href_id":"#sec0015"},{"section_name":"3.1. Analyses","changed_name":"3. Methods","href_id":"#sec0020"},{"section_name":"3.1.1. General trends","changed_name":"3. Methods","href_id":"#sec0025"},{"section_name":"3.1.2. Concentration of research output","changed_name":"3. Methods","href_id":"#sec0030"},{"section_name":"3.1.3. Coauthorship analysis","changed_name":"3. Methods","href_id":"#sec0045"},{"section_name":"3.1.4. Research foci","changed_name":"3. Methods","href_id":"#sec0060"},{"section_name":"3.1.5. Funding analyses","changed_name":"3. Methods","href_id":"#sec0075"},{"section_name":"4. Discussion","changed_name":"4. Discussion","href_id":"#sec0080"},{"section_name":"Acknowledgments","changed_name":"Acknowledgments ","href_id":"#ack0005"},{"section_name":"References","changed_name":"References ","href_id":"#bibl0005"}]