section_name,changed_name,href_id
Highlights,Highlights ,#abs0005
Abstract,Abstract ,#abs0010
Keywords,Keywords ,#kwd0005
1. Introduction,1. Introduction,#sec0005
2. Methodological issues,2. Methodological issues,#sec0010
3. Productivity as the number of articles per person,3. Productivity as the number of articles per person,#sec0015
3.1. The size and the mean of productivity distributions,3. Productivity as the number of articles per person,#sec0020
3.2. The skewness of productivity distributions,3. Productivity as the number of articles per person,#sec0025
3.3. Successful authors,3. Productivity as the number of articles per person,#sec0030
4. Productivity as the mean citation per article per person,4. Productivity as the mean citation per article per person,#sec0035
4.1. Characteristics of productivity distributions,4. Productivity as the mean citation per article per person,#sec0040
4.2. Successful authors,4. Productivity as the mean citation per article per person,#sec0045
5. Some extensions of this study,5. Some extensions of this study,#sec0050
6. Summary and further research,6. Summary and further research,#sec0055
Acknowledgements,Acknowledgements ,#ack0005
Appendix. ,Appendix. ,#sec0075
Appendix B. Supplementary data,Appendix B. Supplementary data,#sec0070
References,References ,#bibl0005
