[{"section_name":"Abstract","changed_name":"Abstract ","href_id":"#abs0005"},{"section_name":"Keywords","changed_name":"Keywords ","href_id":"#kwd0005"},{"section_name":"1. Introduction","changed_name":"1. Introduction","href_id":"#sec0005"},{"section_name":"2. Notation and setting","changed_name":"2. Notation and setting","href_id":"#sec0010"},{"section_name":"2.1. Setting","changed_name":"2. Notation and setting","href_id":"#sec0015"},{"section_name":"2.2. Definitions","changed_name":"2. Notation and setting","href_id":"#sec0020"},{"section_name":"3. Number of highly cited papers","changed_name":"3. Number of highly cited papers","href_id":"#sec0025"},{"section_name":"3.1. Setting","changed_name":"3. Number of highly cited papers","href_id":"#sec0030"},{"section_name":"3.2. Conditions","changed_name":"3. Number of highly cited papers","href_id":"#sec0035"},{"section_name":"3.3. Results","changed_name":"3. Number of highly cited papers","href_id":"#sec0040"},{"section_name":"3.4. Independence of conditions","changed_name":"3. Number of highly cited papers","href_id":"#sec0045"},{"section_name":"4. Number of papers","changed_name":"4. Number of papers","href_id":"#sec0050"},{"section_name":"4.1. Setting","changed_name":"4. Number of papers","href_id":"#sec0055"},{"section_name":"4.2. Conditions","changed_name":"4. Number of papers","href_id":"#sec0060"},{"section_name":"4.3. Results","changed_name":"4. Number of papers","href_id":"#sec0065"},{"section_name":"4.4. Independence of conditions","changed_name":"4. Number of papers","href_id":"#sec0070"},{"section_name":"4.5. Remarks","changed_name":"4. Number of papers","href_id":"#sec0075"},{"section_name":"5. Number of citations of highly cited papers","changed_name":"5. Number of citations of highly cited papers","href_id":"#sec0080"},{"section_name":"5.1. Setting","changed_name":"5. Number of citations of highly cited papers","href_id":"#sec0085"},{"section_name":"5.2. Conditions","changed_name":"5. Number of citations of highly cited papers","href_id":"#sec0090"},{"section_name":"5.3. Results","changed_name":"5. Number of citations of highly cited papers","href_id":"#sec0095"},{"section_name":"5.4. Independence of conditions","changed_name":"5. Number of citations of highly cited papers","href_id":"#sec0100"},{"section_name":"6. Number of citations exceeding a threshold","changed_name":"6. Number of citations exceeding a threshold","href_id":"#sec0105"},{"section_name":"6.1. Setting","changed_name":"6. Number of citations exceeding a threshold","href_id":"#sec0110"},{"section_name":"6.2. Conditions","changed_name":"6. Number of citations exceeding a threshold","href_id":"#sec0115"},{"section_name":"6.3. Results","changed_name":"6. Number of citations exceeding a threshold","href_id":"#sec0120"},{"section_name":"6.4. Independence of conditions","changed_name":"6. Number of citations exceeding a threshold","href_id":"#sec0125"},{"section_name":"7. Number of citations","changed_name":"7. Number of citations","href_id":"#sec0130"},{"section_name":"7.1. Setting","changed_name":"7. Number of citations","href_id":"#sec0135"},{"section_name":"7.2. Conditions","changed_name":"7. Number of citations","href_id":"#sec0140"},{"section_name":"7.3. Results","changed_name":"7. Number of citations","href_id":"#sec0145"},{"section_name":"7.4. Independence of conditions","changed_name":"7. Number of citations","href_id":"#sec0150"},{"section_name":"7.5. Remarks","changed_name":"7. Number of citations","href_id":"#sec0155"},{"section_name":"8. Maximum number of citations","changed_name":"8. Maximum number of citations","href_id":"#sec0160"},{"section_name":"8.1. Setting","changed_name":"8. Maximum number of citations","href_id":"#sec0165"},{"section_name":"8.2. Conditions","changed_name":"8. Maximum number of citations","href_id":"#sec0170"},{"section_name":"8.3. Results","changed_name":"8. Maximum number of citations","href_id":"#sec0175"},{"section_name":"8.4. Independence of conditions","changed_name":"8. Maximum number of citations","href_id":"#sec0180"},{"section_name":"9. Hirsch index (h-index)","changed_name":"9. Hirsch index (h-index)","href_id":"#sec0185"},{"section_name":"9.1. Additional notation","changed_name":"9. Hirsch index (h-index)","href_id":"#sec0190"},{"section_name":"9.2. Setting","changed_name":"9. Hirsch index (h-index)","href_id":"#sec0195"},{"section_name":"9.3. Conditions","changed_name":"9. Hirsch index (h-index)","href_id":"#sec0200"},{"section_name":"9.4. Results","changed_name":"9. Hirsch index (h-index)","href_id":"#sec0205"},{"section_name":"9.5. Independence of conditions","changed_name":"9. Hirsch index (h-index)","href_id":"#sec0210"},{"section_name":"10. Egghe index (g-index)","changed_name":"10. Egghe index (g-index)","href_id":"#sec0215"},{"section_name":"10.1. Additional notation","changed_name":"10. Egghe index (g-index)","href_id":"#sec0220"},{"section_name":"10.2. Setting","changed_name":"10. Egghe index (g-index)","href_id":"#sec0225"},{"section_name":"10.3. Conditions","changed_name":"10. Egghe index (g-index)","href_id":"#sec0230"},{"section_name":"10.4. Results","changed_name":"10. Egghe index (g-index)","href_id":"#sec0235"},{"section_name":"10.5. Independence of conditions","changed_name":"10. Egghe index (g-index)","href_id":"#sec0240"},{"section_name":"11. Remarks","changed_name":"11. Remarks","href_id":"#sec0245"},{"section_name":"11.1. Independence and monotonicity","changed_name":"11. Remarks","href_id":"#sec0250"},{"section_name":"11.2. Weak independence and monotonicity","changed_name":"11. Remarks","href_id":"#sec0255"},{"section_name":"12. Conclusion","changed_name":"12. Conclusion","href_id":"#sec0260"},{"section_name":"12.1. Classic and \u201cmodern\u201d rankings and indices","changed_name":"12. Conclusion","href_id":"#sec0265"},{"section_name":"12.2. Limitations and directions for future research","changed_name":"12. Conclusion","href_id":"#sec0270"},{"section_name":"References","changed_name":"References ","href_id":"#bibl0005"}]