[{"section_name":"Abstract","changed_name":"Abstract ","href_id":"#aep-abstract-id10"},{"section_name":"Highlights","changed_name":"Highlights ","href_id":"#aep-abstract-sec-id9"},{"section_name":"Highlights","changed_name":"Highlights ","href_id":"#aep-abstract-sec-id9"},{"section_name":"Keywords","changed_name":"Keywords ","href_id":"#aep-keywords-id12"},{"section_name":"1. Introduction","changed_name":"1. Introduction","href_id":"#sec0005"},{"section_name":"2. The arbitrariness of the h-index","changed_name":"2. The arbitrariness of the h-index","href_id":"#sec0010"},{"section_name":"3. The arbitrariness of the highly-cited-publications indicator","changed_name":"3. The arbitrariness of the highly-cited-publications indicator","href_id":"#sec0015"},{"section_name":"4. Discussion and conclusions","changed_name":"4. Discussion and conclusions","href_id":"#sec0020"},{"section_name":"References","changed_name":"References ","href_id":"#bibl0005"}]