section_name,changed_name,href_id
Abstract,Abstract ,#abs0005
Keywords,Keywords ,#kwd0005
1. Introduction,1. Introduction,#sec0005
2. Methodology and data,2. Methodology and data,#sec0010
3. Results and discussion,3. Results and discussion,#sec0015
3.1. Results on impact factor and h-index,3. Results and discussion,#sec0020
3.2. Correlation coefficient analysis,3. Results and discussion,#sec0025
3.3. Combination of multiple journal rankings,3. Results and discussion,#sec0030
4. Conclusion,4. Conclusion,#sec0035
Appendix A. ,Appendix A.,#sec0040
References,References ,#bibl0005
