[{"section_name":"Highlights","changed_name":"Highlights ","href_id":"#abs0005"},{"section_name":"Abstract","changed_name":"Abstract ","href_id":"#abs0010"},{"section_name":"Keywords","changed_name":"Keywords ","href_id":"#kwd0005"},{"section_name":"1. Introduction","changed_name":"1. Introduction","href_id":"#sec0005"},{"section_name":"1.1. The life-cycle stages of a peer-reviewed article","changed_name":"1. Introduction","href_id":"#sec0010"},{"section_name":"1.2. Previous research","changed_name":"1. Introduction","href_id":"#sec0015"},{"section_name":"1.3. Aims","changed_name":"1. Introduction","href_id":"#sec0020"},{"section_name":"2. Method","changed_name":"2. Method","href_id":"#sec0025"},{"section_name":"2.1. Pilot study","changed_name":"2. Method","href_id":"#sec0030"},{"section_name":"2.2. Main study","changed_name":"2. Method","href_id":"#sec0035"},{"section_name":"3. Results","changed_name":"3. Results","href_id":"#sec0040"},{"section_name":"4. Discussion","changed_name":"4. Discussion","href_id":"#sec0045"},{"section_name":"5. Conclusions","changed_name":"5. Conclusions","href_id":"#sec0050"},{"section_name":"Acknowledgements","changed_name":"Acknowledgements ","href_id":"#ack0005"},{"section_name":"Appendix A. Supplementary data","changed_name":"Appendix A. Supplementary data","href_id":"#sec0060"},{"section_name":"References","changed_name":"References ","href_id":"#bibl0005"}]