[{"section_name":"Highlights","changed_name":"Highlights ","href_id":"#abst0005"},{"section_name":"Highlights","changed_name":"Highlights ","href_id":"#abst0005"},{"section_name":"Abstract","changed_name":"Abstract ","href_id":"#abs0010"},{"section_name":"JEL classification","changed_name":"JEL classification","href_id":"#kwd0005"},{"section_name":"Keywords","changed_name":"Keywords ","href_id":"#kwd0010"},{"section_name":"1. Introduction","changed_name":"1. Introduction","href_id":"#sec0005"},{"section_name":"2. Data","changed_name":"2. Data","href_id":"#sec0010"},{"section_name":"3. The test by Tol (2009) reconsidered","changed_name":"3. The test by Tol (2009) reconsidered","href_id":"#sec0015"},{"section_name":"3.1. Empirical results for authors","changed_name":"3. The test by Tol (2009) reconsidered","href_id":"#sec0020"},{"section_name":"3.2. The empirical validity of the test","changed_name":"3. The test by Tol (2009) reconsidered","href_id":"#sec0025"},{"section_name":"3.3. Some theoretical considerations","changed_name":"3. The test by Tol (2009) reconsidered","href_id":"#sec0030"},{"section_name":"4. An alternative test","changed_name":"4. An alternative test","href_id":"#sec0035"},{"section_name":"5. Can we characterize authors with a Matthew effect?","changed_name":"5. Can we characterize authors with a Matthew effect?","href_id":"#sec0040"},{"section_name":"6. Conclusion","changed_name":"6. Conclusion","href_id":"#sec0045"},{"section_name":"Acknowledgements","changed_name":"Acknowledgements ","href_id":"#ack0005"},{"section_name":"Appendix A. ","changed_name":"Appendix A.","href_id":"#sec0050"},{"section_name":"References","changed_name":"References ","href_id":"#bibl0005"}]