[{"section_name":"Highlights","changed_name":"Highlights ","href_id":"#abs0005"},{"section_name":"Abstract","changed_name":"Abstract ","href_id":"#abs0010"},{"section_name":"Keywords","changed_name":"Keywords ","href_id":"#kwd0005"},{"section_name":"1. Introduction","changed_name":"1. Introduction","href_id":"#sec0005"},{"section_name":"2. Data","changed_name":"2. Data","href_id":"#sec0010"},{"section_name":"3. Methods","changed_name":"3. Methods","href_id":"#sec0015"},{"section_name":"4. Analyses and results","changed_name":"4. Analyses and results","href_id":"#sec0020"},{"section_name":"4.1. Time series of the uncited-paper\/total-paper ratio","changed_name":"4. Analyses and results","href_id":"#sec0025"},{"section_name":"4.2. Comparison of four bibliometric indicators for cited and uncited papers","changed_name":"4. Analyses and results","href_id":"#sec0030"},{"section_name":"4.3. Cited authors with uncited paper(s) and uncited authors","changed_name":"4. Analyses and results","href_id":"#sec0035"},{"section_name":"4.4. Productive and highly cited authors also publish uncited papers","changed_name":"4. Analyses and results","href_id":"#sec0040"},{"section_name":"4.5. Uncited topics and partially uncited topics: A keyword analysis","changed_name":"4. Analyses and results","href_id":"#sec0045"},{"section_name":"5. Discussion and conclusions","changed_name":"5. Discussion and conclusions","href_id":"#sec0050"},{"section_name":"Acknowledgments","changed_name":"Acknowledgments ","href_id":"#ack0005"},{"section_name":"References","changed_name":"References ","href_id":"#bibl0005"}]