section_name,changed_name,href_id
Highlights,Highlights ,#abs0005
Abstract,Abstract ,#abs0010
Keywords,Keywords ,#kwd0005
1. Introduction,1. Introduction,#sec0005
2. Counting methods,2. Counting methods,#sec0010
2.1. Overview of counting methods,2. Counting methods,#sec0015
2.2. Example,2. Counting methods,#sec0020
2.3. Choosing between different fractional counting variants,2. Counting methods,#sec0025
2.4. Earlier work on counting methods,2. Counting methods,#sec0030
3. Relation between counting methods and field normalization,3. Relation between counting methods and field normalization,#sec0035
3.1. Example involving a single field,3. Relation between counting methods and field normalization,#sec0040
3.2. Example involving multiple fields,3. Relation between counting methods and field normalization,#sec0045
3.3. Conclusions based on the examples,3. Relation between counting methods and field normalization,#sec0050
4. Empirical analysis of the full counting bonus,4. Empirical analysis of the full counting bonus,#sec0055
4.1. Calculation of the full counting bonus,4. Empirical analysis of the full counting bonus,#sec0060
4.2. Empirical results,4. Empirical analysis of the full counting bonus,#sec0065
5. Empirical comparison of counting methods,5. Empirical comparison of counting methods,#sec0070
5.1. Comparison at the level of organizations,5. Empirical comparison of counting methods,#sec0075
5.2. Comparison at the level of countries,5. Empirical comparison of counting methods,#sec0080
6. Commonly used arguments in favor of full counting,6. Commonly used arguments in favor of full counting,#sec0085
7. Conclusions,7. Conclusions,#sec0090
7.1. Practical implications,7. Conclusions,#sec0095
7.2. Different variants of fractional counting,7. Conclusions,#sec0100
7.3. Multiplicative counting,7. Conclusions,#sec0105
Acknowledgments,Acknowledgments ,#ack0005
Appendix A. ,Appendix A.,#sec0110
References,References ,#bibl0005
