section_name,changed_name,href_id
Highlights,Highlights ,#abs0005
Abstract,Abstract ,#abs0010
Keywords,Keywords ,#kwd0005
1. Introduction,1. Introduction,#sec0005
2. Methods,2. Methods,#sec0010
2.1. The percentile approach of Hazen (1914),2. Methods,#sec0015
2.2. Dataset used,2. Methods,#sec0020
2.3. Statistical procedures and variables (covariates),2. Methods,#sec0025
3. Results,3. Results,#sec0030
4. Discussion,4. Discussion,#sec0035
Acknowledgements,Acknowledgements ,#ack0005
References,References ,#bibl0005
