section_name,changed_name,href_id
Highlights,Highlights ,#abs0010
Abstract,Abstract ,#abs0015
Graphical abstract,Graphical abstract,#abs0005
Keywords,Keywords ,#kwd0005
1. Introduction,1. Introduction,#sec0005
2. Material and methods,2. Material and methods,#sec0010
2.1. Authorship credit,2. Material and methods,#sec0015
2.2. Senior author credit,2. Material and methods,#sec0020
2.3. Equalizing bias,2. Material and methods,#sec0025
3. Results,3. Results,#sec0030
3.1. Reversing the byline hierarchy without a senior author,3. Results,#sec0035
3.2. Reversing the byline hierarchy with a senior author,3. Results,#sec0040
3.3. Relative EqB,3. Results,#sec0045
3.4. The transition from secondary to primary authorship,3. Results,#sec0050
3.5. Partitioning EqB,3. Results,#sec0055
3.6. EqB dominance,3. Results,#sec0060
4. Discussion,4. Discussion,#sec0065
Acknowledgements,Acknowledgements ,#ack0005
References,References ,#bibl0005
