section_name,changed_name,href_id
Highlights,Highlights ,#abs0005
Abstract,Abstract ,#abs0010
Keywords,Keywords ,#kwd0005
1. Introduction,1. Introduction,#sec0005
2. Methodology,2. Methodology,#sec0010
2.1. Identifying excellence among research results,2. Methodology,#sec0015
2.2. Identifying excellence among scientists,2. Methodology,#sec0020
3. Results,3. Results,#sec0025
3.1. Who produces highly cited articles?,3. Results,#sec0030
3.2. What is the correlation between scientific productivity and production of HCA?,3. Results,#sec0035
3.3. What is the distribution of HCAs among Italian scientists?,3. Results,#sec0040
3.4. Are there differences among academic ranks?,3. Results,#sec0045
4. Conclusions,4. Conclusions,#sec0050
References,References ,#bibl0005
