section_name,changed_name,href_id
Abstract,Abstract ,#aep-abstract-id5
Highlights,Highlights ,#aep-abstract-sec-id4
Highlights,Highlights ,#aep-abstract-sec-id4
Keywords,Keywords ,#aep-keywords-id7
1. Introduction,1. Introduction,#sec0005
2. Normalization based on a cited reference analysis,2. Normalization based on a cited reference analysis,#sec0010
3. The selection of the field-specific publication set for an example of the cited reference analysis,3. The selection of the field-specific publication set for an example of the cited reference analysis,#sec0015
4. An example for a cited reference analysis based on Chemical Abstracts and a proposal for a journal impact factor,4. An example for a cited reference analysis based on Chemical Abstracts and a proposal for a journal impact factor,#sec0020
5. Discussion,5. Discussion,#sec0025
Acknowledgements,Acknowledgements ,#aep-acknowledgment-id8
References,References ,#bibl0005
