section_name,changed_name,href_id
Highlights,Highlights ,#abs0005
Abstract,Abstract ,#abs0010
Keywords,Keywords ,#kwd0005
1. Introduction and previous research,1. Introduction and previous research,#sec0005
2. Research questions,2. Research questions,#sec0010
3. Methods,3. Methods,#sec0015
4. Results,4. Results,#sec0020
4.1. Multidimensional scaling analysis and hierarchical cluster analysis outcomes,4. Results,#sec0025
4.2. Principal Component Analysis outcomes,4. Results,#sec0030
5. Discussion,5. Discussion,#sec0035
6. Conclusion,6. Conclusion,#sec0040
Acknowledgments,Acknowledgments ,#ack0005
Appendix A. List of Journals & Acronyms,Appendix A. List of Journals & Acronyms,#sec0050
Appendix B. Tables and Algorithm Used for Similarity Data Processing,Appendix B. Tables and Algorithm Used for Similarity Data Processing,#sec0055
References,References ,#bibl0005
