[{"section_name":"Highlights","changed_name":"Highlights ","href_id":"#abs0005"},{"section_name":"Abstract","changed_name":"Abstract ","href_id":"#abs0010"},{"section_name":"Keywords","changed_name":"Keywords ","href_id":"#kwd0005"},{"section_name":"1. Introduction","changed_name":"1. Introduction","href_id":"#sec0005"},{"section_name":"2. The P100 and P100\u2032 values for three protagonists of the new indicators","changed_name":"2. The P100 and P100\u2032 values for three protagonists of the new indicators","href_id":"#sec0010"},{"section_name":"3. P100 and P100\u2032 in comparison with other percentile-based indicators","changed_name":"3. P100 and P100\u2032 in comparison with other percentile-based indicators","href_id":"#sec0015"},{"section_name":"4. Surprising behavior of P100\u2032","changed_name":"4. Surprising behavior of P100\u2032","href_id":"#sec0020"},{"section_name":"5. Summary, conclusion, and another new indicator P100\u2033","changed_name":"5. Summary, conclusion, and another new indicator P100\u2033","href_id":"#sec0025"},{"section_name":"Acknowledgement","changed_name":"Acknowledgement ","href_id":"#ack0005"},{"section_name":"References","changed_name":"References ","href_id":"#bibl0005"}]