[{"section_name":"Highlights","changed_name":"Highlights ","href_id":"#abs0010"},{"section_name":"Abstract","changed_name":"Abstract ","href_id":"#abs0015"},{"section_name":"Graphical abstract","changed_name":"Graphical abstract","href_id":"#abs0005"},{"section_name":"Keywords","changed_name":"Keywords ","href_id":"#kwd0005"},{"section_name":"1. Introduction and hypotheses","changed_name":"1. Introduction and hypotheses","href_id":"#sec0005"},{"section_name":"2. Data","changed_name":"2. Data","href_id":"#sec0010"},{"section_name":"2.1. Data used by Kretschmer et al. (2012)","changed_name":"2. Data","href_id":"#sec0015"},{"section_name":"2.2. New Turkish data collected by Ozel et al. (2014)","changed_name":"2. Data","href_id":"#sec0020"},{"section_name":"3. Results","changed_name":"3. Results","href_id":"#sec0025"},{"section_name":"3.1. Frequencies of co-author pairs in dependence on the productivities of the co-authors","changed_name":"3. Results","href_id":"#sec0030"},{"section_name":"3.2. Results of the log-linear regression analysis","changed_name":"3. Results","href_id":"#sec0035"},{"section_name":"3.3. Comparison of standardized theoretical 3-D patterns obtained from the results of the regression analysis","changed_name":"3. Results","href_id":"#sec0050"},{"section_name":"3.4. Overlay of empirical distribution and theoretical pattern into a single frame","changed_name":"3. Results","href_id":"#sec0055"},{"section_name":"4. Summary and suggestions for future studies","changed_name":"4. Summary and suggestions for future studies","href_id":"#sec0060"},{"section_name":"Acknowledgements","changed_name":"Acknowledgements ","href_id":"#ack0005"},{"section_name":"References","changed_name":"References ","href_id":"#bibl0005"}]