[{"section_name":"Highlights","changed_name":"Highlights ","href_id":"#abs0010"},{"section_name":"Abstract","changed_name":"Abstract ","href_id":"#abs0015"},{"section_name":"Graphical abstract","changed_name":"Graphical abstract","href_id":"#abs0005"},{"section_name":"Keywords","changed_name":"Keywords ","href_id":"#kwd0005"},{"section_name":"1. Introduction","changed_name":"1. Introduction","href_id":"#sec0005"},{"section_name":"2. Material and methods","changed_name":"2. Material and methods","href_id":"#sec0010"},{"section_name":"2.1. Authorship credit","changed_name":"2. Material and methods","href_id":"#sec0015"},{"section_name":"2.2. Senior author credit","changed_name":"2. Material and methods","href_id":"#sec0020"},{"section_name":"2.3. Equalizing bias","changed_name":"2. Material and methods","href_id":"#sec0025"},{"section_name":"3. Results","changed_name":"3. Results","href_id":"#sec0030"},{"section_name":"3.1. Reversing the byline hierarchy without a senior author","changed_name":"3. Results","href_id":"#sec0035"},{"section_name":"3.2. Reversing the byline hierarchy with a senior author","changed_name":"3. Results","href_id":"#sec0040"},{"section_name":"3.3. Relative EqB","changed_name":"3. Results","href_id":"#sec0045"},{"section_name":"3.4. The transition from secondary to primary authorship","changed_name":"3. Results","href_id":"#sec0050"},{"section_name":"3.5. Partitioning EqB","changed_name":"3. Results","href_id":"#sec0055"},{"section_name":"3.6. EqB dominance","changed_name":"3. Results","href_id":"#sec0060"},{"section_name":"4. Discussion","changed_name":"4. Discussion","href_id":"#sec0065"},{"section_name":"Acknowledgements","changed_name":"Acknowledgements ","href_id":"#ack0005"},{"section_name":"References","changed_name":"References ","href_id":"#bibl0005"}]