section_name,changed_name,href_id
Highlights,Highlights ,#abs0005
Abstract,Abstract ,#abs0010
Keywords,Keywords ,#kwd0005
1. Introduction,1. Introduction,#sec0005
2. Related work,2. Related work,#sec0010
2.1. Sociological grounding of citing behavior,2. Related work,#sec0015
2.2. Syntactic content-based citation analysis,2. Related work,#sec0020
2.3. Semantic content-based citation analysis,2. Related work,#sec0025
3. Methods,3. Methods,#sec0030
3.1. Dataset,3. Methods,#sec0035
3.2. Data processing,3. Methods,#sec0040
3.3. Automatic extraction,3. Methods,#sec0045
3.4. Manual coding,3. Methods,#sec0050
4. Results and discussion,4. Results and discussion,#sec0055
4.1. Overview,4. Results and discussion,#sec0060
4.2. Citation location,4. Results and discussion,#sec0065
4.3. CountOne vs. CountX,4. Results and discussion,#sec0070
5. Conclusion,5. Conclusion,#sec0075
References,References ,#bibl0005
