[{"section_name":"Abstract","changed_name":"Abstract ","href_id":"#aep-abstract-id10"},{"section_name":"Highlights","changed_name":"Highlights ","href_id":"#aep-abstract-sec-id9"},{"section_name":"Highlights","changed_name":"Highlights ","href_id":"#aep-abstract-sec-id9"},{"section_name":"Keywords","changed_name":"Keywords ","href_id":"#aep-keywords-id12"},{"section_name":"1. Introduction","changed_name":"1. Introduction","href_id":"#sec0005"},{"section_name":"2. Methodology","changed_name":"2. Methodology","href_id":"#sec0010"},{"section_name":"2.1. Measuring research productivity","changed_name":"2. Methodology","href_id":"#sec0015"},{"section_name":"2.2. Indicators","changed_name":"2. Methodology","href_id":"#sec0020"},{"section_name":"2.3. Dataset","changed_name":"2. Methodology","href_id":"#sec0025"},{"section_name":"3. Results","changed_name":"3. Results","href_id":"#sec0030"},{"section_name":"3.1. Correlation analysis","changed_name":"3. Results","href_id":"#sec0035"},{"section_name":"3.2. Analysis of changes in position under ranking lists for different indicators of impact","changed_name":"3. Results","href_id":"#sec0040"},{"section_name":"3.3. Analysis of changes in position under ranking lists for different indicators of output","changed_name":"3. Results","href_id":"#sec0045"},{"section_name":"3.4. Analysis of changes in position for above-median and top 10% of scientists","changed_name":"3. Results","href_id":"#sec0050"},{"section_name":"3.5. Conclusions","changed_name":"3. Results","href_id":"#sec0055"},{"section_name":"Appendix A. ","changed_name":"Appendix A.","href_id":"#sec0060"},{"section_name":"References","changed_name":"References ","href_id":"#bibl0005"}]