section_name,changed_name,href_id
Abstract,Abstract ,#aep-abstract-id8
Highlights,Highlights ,#aep-abstract-sec-id7
Highlights,Highlights ,#aep-abstract-sec-id7
Keywords,Keywords ,#aep-keywords-id10
1. Introduction,1. Introduction,#sec0005
1.1. Core-ideas,1. Introduction,#sec0010
2. Model,2. Model,#sec0015
2.1. The citation process as a conditioned random variable,2. Model,#sec0020
2.2. The conjugated family citation-quality,2. Model,#sec0025
2.3. Principles for the impact calculation,2. Model,#sec0030
3. A credibility formula of net impact,3. A credibility formula of net impact,#sec0035
4. The Poisson–Gamma choice,4. The Poisson–Gamma choice,#sec0040
5. An application to a scientific field,5. An application to a scientific field,#sec0045
6. Concluding remarks,6. Concluding remarks,#sec0050
Acknowledgements,Acknowledgements ,#ack0005
References,References ,#bibl0005
