section_name,changed_name,href_id
Highlights,Highlights ,#abs0005
Abstract,Abstract ,#abs0010
Keywords,Keywords ,#kwd0005
1. Introduction,1. Introduction,#sec0005
2. Methodology,2. Methodology,#sec0010
3. Data and basic statistics,3. Data and basic statistics,#sec0015
3.1. Data,3. Data and basic statistics,#sec0020
3.2. Basic statistics,3. Data and basic statistics,#sec0025
3.2.1. The g-index and h-index,3. Data and basic statistics,#sec0030
3.2.2. Growth curve analysis,3. Data and basic statistics,#sec0035
3.2.3. Influential journals,3. Data and basic statistics,#sec0040
3.2.4. Influential researchers,3. Data and basic statistics,#sec0045
3.2.5. Growth trend,3. Data and basic statistics,#sec0050
4. Main path analysis,4. Main path analysis,#sec0055
4.1. Basic knowledge diffusion paths,4. Main path analysis,#sec0060
4.2. Knowledge diffusion structure,4. Main path analysis,#sec0065
4.3. Multiple global main paths,4. Main path analysis,#sec0070
4.3.1. Data quality for websites,4. Main path analysis,#sec0075
4.3.2. Data quality for decision support,4. Main path analysis,#sec0080
4.3.3. Data quality assessment,4. Main path analysis,#sec0085
4.3.4. Other data quality applications,4. Main path analysis,#sec0090
5. Conclusion,5. Conclusion,#sec0095
Acknowledgements,Acknowledgements ,#ack0005
References,References ,#bibl0005
