section_name,changed_name,href_id
Highlights,Highlights ,#abst0005
Highlights,Highlights ,#abst0005
Abstract,Abstract ,#abs0010
Keywords,Keywords ,#kwd0005
1. Introduction,1. Introduction,#sec0005
2. Methods,2. Methods,#sec0010
2.1. Data,2. Methods,#sec0015
2.2. Impact metrics,2. Methods,#sec0020
2.3. Disciplines,2. Methods,#sec0025
3. Theory,3. Theory,#sec0030
4. Results,4. Results,#sec0035
4.1. Sensitivity to discipline definitions,4. Results,#sec0040
4.2. Sensitivity to selectivity z,4. Results,#sec0045
4.3. Sensitivity to exponent α,4. Results,#sec0050
5. Conclusion,5. Conclusion,#sec0055
Acknowledgements,Acknowledgements ,#ack0005
References,References ,#bibl0005
