[{"section_name":"Highlights","changed_name":"Highlights ","href_id":"#abs0005"},{"section_name":"Abstract","changed_name":"Abstract ","href_id":"#abs0010"},{"section_name":"Keywords","changed_name":"Keywords ","href_id":"#kwd0005"},{"section_name":"1. Introduction","changed_name":"1. Introduction","href_id":"#sec0005"},{"section_name":"2. Data and methods","changed_name":"2. Data and methods","href_id":"#sec0010"},{"section_name":"2.1. Dataset","changed_name":"2. Data and methods","href_id":"#sec0015"},{"section_name":"2.2. Measuring research performance","changed_name":"2. Data and methods","href_id":"#sec0020"},{"section_name":"2.2.1. University performance based on individual productivity","changed_name":"2. Data and methods","href_id":"#sec0025"},{"section_name":"2.2.2. University performance based on SDS productivity","changed_name":"2. Data and methods","href_id":"#sec0030"},{"section_name":"3. Results","changed_name":"3. Results","href_id":"#sec0035"},{"section_name":"3.1. Comparing university productivity at the SDS level","changed_name":"3. Results","href_id":"#sec0040"},{"section_name":"3.2. Comparing university productivity at the UDA level","changed_name":"3. Results","href_id":"#sec0045"},{"section_name":"3.3. Comparing university performance by the new crown indicator","changed_name":"3. Results","href_id":"#sec0050"},{"section_name":"4. Conclusions","changed_name":"4. Conclusions","href_id":"#sec0055"},{"section_name":"References","changed_name":"References ","href_id":"#bibl0005"}]