section_name,changed_name,href_id
Highlights,Highlights ,#abs0005
Abstract,Abstract ,#abs0010
Keywords,Keywords ,#kwd0005
1. Introduction,1. Introduction,#sec0005
2. Scientific impact vs. citations,2. Scientific impact vs. citations,#sec0010
3. More need not always be better,3. More need not always be better,#sec0015
4. An improved counting approach,4. An improved counting approach,#sec0020
5. Discussion and conclusion,5. Discussion and conclusion,#sec0025
Acknowledgements,Acknowledgements ,#ack0005
References,References ,#bibl0005
