[{"section_name":"Abstract","changed_name":"Abstract ","href_id":"#aep-abstract-id4"},{"section_name":"Highlights","changed_name":"Highlights ","href_id":"#aep-abstract-sec-id3"},{"section_name":"Highlights","changed_name":"Highlights ","href_id":"#aep-abstract-sec-id3"},{"section_name":"Keywords","changed_name":"Keywords ","href_id":"#aep-keywords-id6"},{"section_name":"1. Introduction","changed_name":"1. Introduction","href_id":"#sec0005"},{"section_name":"2. Characterizations of functions satisfying I2(n)\u00a0=\u00a00 and of the threshold function","changed_name":"2. Characterizations of functions satisfying I2(n) = 0 and of the threshold function","href_id":"#sec0010"},{"section_name":"3. Characterization of functions satisfying I2(n)\u00a0=\u00a02 and of the h-index","changed_name":"3. Characterization of functions satisfying I2(n) = 2 and of the h-index","href_id":"#sec0015"},{"section_name":"4. Conclusions and suggestions for further research","changed_name":"4. Conclusions and suggestions for further research","href_id":"#sec0020"},{"section_name":"References","changed_name":"References ","href_id":"#bibl0005"}]