section_name,changed_name,href_id
Abstract,Abstract ,#aep-abstract-id10
Highlights,Highlights ,#aep-abstract-sec-id9
Highlights,Highlights ,#aep-abstract-sec-id9
Keywords,Keywords ,#aep-keywords-id12
1. Introduction,1. Introduction,#sec0005
2. The arbitrariness of the h-index,2. The arbitrariness of the h-index,#sec0010
3. The arbitrariness of the highly-cited-publications indicator,3. The arbitrariness of the highly-cited-publications indicator,#sec0015
4. Discussion and conclusions,4. Discussion and conclusions,#sec0020
References,References ,#bibl0005
