[{"section_name":"Highlights","changed_name":"Highlights ","href_id":"#abs0005"},{"section_name":"Abstract","changed_name":"Abstract ","href_id":"#abs0010"},{"section_name":"Keywords","changed_name":"Keywords ","href_id":"#kwd0005"},{"section_name":"1. Introduction","changed_name":"1. Introduction","href_id":"#sec0005"},{"section_name":"2. The fixed citation time window","changed_name":"2. The fixed citation time window","href_id":"#sec0010"},{"section_name":"2.1. The 2-year and 5-year citation time windows","changed_name":"2. The fixed citation time window","href_id":"#sec0015"},{"section_name":"2.2. The 3-year citation time window","changed_name":"2. The fixed citation time window","href_id":"#sec0020"},{"section_name":"2.3. The complete citation time window","changed_name":"2. The fixed citation time window","href_id":"#sec0025"},{"section_name":"3. The variable citation time window","changed_name":"3. The variable citation time window","href_id":"#sec0030"},{"section_name":"4. Methods and materials","changed_name":"4. Methods and materials","href_id":"#sec0035"},{"section_name":"5. Results and discussion","changed_name":"5. Results and discussion","href_id":"#sec0040"},{"section_name":"5.1. A sample of 24 journals in eight JCR categories","changed_name":"5. Results and discussion","href_id":"#sec0045"},{"section_name":"5.2. A sample of 618 journals in eight JCR categories","changed_name":"5. Results and discussion","href_id":"#sec0050"},{"section_name":"6. Conclusions","changed_name":"6. Conclusions","href_id":"#sec0055"},{"section_name":"References","changed_name":"References ","href_id":"#bibl0005"}]