section_name,changed_name,href_id
Highlights,Highlights ,#abs0005
Abstract,Abstract ,#abs0010
Keywords,Keywords ,#kwd0005
1. Introduction,1. Introduction,#sec0005
2. Methods and data,2. Methods and data,#sec0010
3. Results,3. Results,#sec0015
3.1. Analysis of natural sciences,3. Results,#sec0020
3.2. Analysis of engineering and technology,3. Results,#sec0025
3.3. Analysis of medicine,3. Results,#sec0030
3.4. Analysis of social sciences,3. Results,#sec0035
3.5. Analysis of humanities,3. Results,#sec0040
3.6. Regression analysis – comparative perspectives,3. Results,#sec0045
4. Discussion and conclusions,4. Discussion and conclusions,#sec0050
Acknowledgements,Acknowledgements ,#ack0005
Annex. ,Annex. ,#app1
References,References ,#bibl0005
