section_name,changed_name,href_id
Highlights,Highlights ,#abs0005
Abstract,Abstract ,#abs0010
Keywords,Keywords ,#kwd0005
1. Introduction,1. Introduction,#sec0005
2. Literature review,2. Literature review,#sec0010
2.1. Investigating science & technology interaction by cross citation analysis,2. Literature review,#sec0015
2.2. Fuel cells,2. Literature review,#sec0020
3. Methodology,3. Methodology,#sec0025
3.1. Databases,3. Methodology,#sec0030
3.2. Indicators,3. Methodology,#sec0035
3.2.1. Science linkage (SL),3. Methodology,#sec0040
3.2.2. Technology linkage (TL),3. Methodology,#sec0045
3.2.3. Technology cycle time,3. Methodology,#sec0050
3.2.4. Science cycle time,3. Methodology,#sec0055
3.3. Hypothesis,3. Methodology,#sec0060
3.4. Limitations,3. Methodology,#sec0065
4. Results and discussion,4. Results and discussion,#sec0070
4.1. Analysis of papers citing patents,4. Results and discussion,#sec0075
4.1.1. Number of papers citing patents and technology linkage,4. Results and discussion,#sec0080
4.1.2. Time lag between citing papers and cited patents,4. Results and discussion,#sec0085
4.1.3. The technology cycle time and science cycle time of papers,4. Results and discussion,#sec0090
4.1.4. Analysis of highly cited patents,4. Results and discussion,#sec0095
4.2. Analysis of patents citing papers,4. Results and discussion,#sec0100
4.2.1. Number of cited papers and science linkage,4. Results and discussion,#sec0105
4.2.2. Time lag between citing patents and cited papers,4. Results and discussion,#sec0110
4.2.3. The science cycle time and technology cycle time of patents,4. Results and discussion,#sec0115
4.3. Discussion,4. Results and discussion,#sec0120
5. Conclusion,5. Conclusion,#sec0125
References,References ,#bibl0005
