section_name,changed_name,href_id
Highlights,Highlights ,#abst0005
Highlights,Highlights ,#abst0005
Abstract,Abstract ,#abs0010
Keywords,Keywords ,#kwd0005
1. Introduction,1. Introduction,#sec0005
2. Metrics,2. Metrics,#sec0010
3. Hierarchical methods,3. Hierarchical methods,#sec0015
4. Empirical analysis,4. Empirical analysis,#sec0020
4.1. Analysis of a Scopus data set,4. Empirical analysis,#sec0025
4.2. Analysis of a Stack Exchange site,4. Empirical analysis,#sec0030
5. Conclusions,5. Conclusions,#sec0035
Acknowledgments,Acknowledgments ,#ack0005
References,References ,#bibl0005
