section_name,changed_name,href_id
Highlights,Highlights ,#abs0005
Abstract,Abstract ,#abs0010
Keywords,Keywords ,#kwd0005
1. Introduction,1. Introduction,#sec0005
2. The first fictitious model example: simulating time evolution,2. The first fictitious model example: simulating time evolution,#sec0010
3. The second fictitious model example: comparing different fields,3. The second fictitious model example: comparing different fields,#sec0015
4. The first empirical example: a reference set from the Web of Science and the effect of one more and one less citation,4. The first empirical example: a reference set from the Web of Science and the effect of one more and one less citation,#sec0020
5. The P100 values for three protagonists of the P100 indicator,5. The P100 values for three protagonists of the P100 indicator,#sec0025
6. The second empirical example: the three scientists and the effect of small changes,6. The second empirical example: the three scientists and the effect of small changes,#sec0030
7. The third empirical example: comparing different publication years for a physics journal,7. The third empirical example: comparing different publication years for a physics journal,#sec0035
8. Conclusions,8. Conclusions,#sec0040
Acknowledgements,Acknowledgements ,#ack0005
References,References ,#bibl0005
