[{"section_name":"Highlights","changed_name":"Highlights ","href_id":"#abs0010"},{"section_name":"Abstract","changed_name":"Abstract ","href_id":"#abs0015"},{"section_name":"Graphical abstract","changed_name":"Graphical abstract","href_id":"#abs0005"},{"section_name":"Keywords","changed_name":"Keywords ","href_id":"#kwd0005"},{"section_name":"1. Introduction","changed_name":"1. Introduction","href_id":"#sec0005"},{"section_name":"2. Background","changed_name":"2. Background","href_id":"#sec0010"},{"section_name":"2.1. Research on altruistic missions","changed_name":"2. Background","href_id":"#sec0015"},{"section_name":"2.2. Mapping of Information","changed_name":"2. Background","href_id":"#sec0020"},{"section_name":"3. Data","changed_name":"3. Data","href_id":"#sec0025"},{"section_name":"3.1. Database #1 \u2013 financial","changed_name":"3. Data","href_id":"#sec0030"},{"section_name":"3.2. Database #2 \u2013 web addresses","changed_name":"3. Data","href_id":"#sec0035"},{"section_name":"3.3. Database #3 \u2013 an expanded set of active domain names","changed_name":"3. Data","href_id":"#sec0040"},{"section_name":"4. A preliminary map of altruism","changed_name":"4. A preliminary map of altruism","href_id":"#sec0045"},{"section_name":"4.1. Map creation","changed_name":"4. A preliminary map of altruism","href_id":"#sec0050"},{"section_name":"4.2. Preliminary map","changed_name":"4. A preliminary map of altruism","href_id":"#sec0055"},{"section_name":"4.2.1. Database bias","changed_name":"4. A preliminary map of altruism","href_id":"#sec0060"},{"section_name":"4.2.2. Sampling bias","changed_name":"4. A preliminary map of altruism","href_id":"#sec0065"},{"section_name":"4.2.3. Accuracy","changed_name":"4. A preliminary map of altruism","href_id":"#sec0070"},{"section_name":"4.2.4. Insights","changed_name":"4. A preliminary map of altruism","href_id":"#sec0075"},{"section_name":"4.2.5. Shortcomings","changed_name":"4. A preliminary map of altruism","href_id":"#sec0080"},{"section_name":"5. A refined map of altruism","changed_name":"5. A refined map of altruism","href_id":"#sec0085"},{"section_name":"6. Science and altruism","changed_name":"6. Science and altruism","href_id":"#sec0090"},{"section_name":"7. Summary and implications","changed_name":"7. Summary and implications","href_id":"#sec0095"},{"section_name":"Acknowledgements","changed_name":"Acknowledgements ","href_id":"#ack0005"},{"section_name":"References","changed_name":"References ","href_id":"#bibl0005"}]