[{"section_name":"Abstract","changed_name":"Abstract ","href_id":"#aep-abstract-id15"},{"section_name":"Highlights","changed_name":"Highlights ","href_id":"#aep-abstract-sec-id14"},{"section_name":"Highlights","changed_name":"Highlights ","href_id":"#aep-abstract-sec-id14"},{"section_name":"Keywords","changed_name":"Keywords ","href_id":"#aep-keywords-id17"},{"section_name":"1. Introduction","changed_name":"1. Introduction","href_id":"#sec0005"},{"section_name":"2. Methodology","changed_name":"2. Methodology","href_id":"#sec0010"},{"section_name":"2.1. Method","changed_name":"2. Methodology","href_id":"#sec0015"},{"section_name":"2.2. Data","changed_name":"2. Methodology","href_id":"#sec0020"},{"section_name":"3. Results","changed_name":"3. Results","href_id":"#sec0025"},{"section_name":"4. Analysis and discussion","changed_name":"4. Analysis and discussion","href_id":"#sec0030"},{"section_name":"4.1. The evolution of h-core","changed_name":"4. Analysis and discussion","href_id":"#sec0035"},{"section_name":"4.2. The evolution of h-tail","changed_name":"4. Analysis and discussion","href_id":"#sec0040"},{"section_name":"5. Conclusion","changed_name":"5. Conclusion","href_id":"#sec0045"},{"section_name":"Acknowledgments","changed_name":"Acknowledgments ","href_id":"#aep-acknowledgment-id18"},{"section_name":"References","changed_name":"References ","href_id":"#bibl0005"}]