[{"section_name":"Abstract","changed_name":"Abstract ","href_id":"#aep-abstract-id8"},{"section_name":"Highlights","changed_name":"Highlights ","href_id":"#aep-abstract-sec-id7"},{"section_name":"Highlights","changed_name":"Highlights ","href_id":"#aep-abstract-sec-id7"},{"section_name":"Keywords","changed_name":"Keywords ","href_id":"#aep-keywords-id10"},{"section_name":"1. Introduction","changed_name":"1. Introduction","href_id":"#sec0005"},{"section_name":"2. Basic statistics","changed_name":"2. Basic statistics","href_id":"#sec0010"},{"section_name":"3. Hype? Do journals benefit?","changed_name":"3. Hype? Do journals benefit?","href_id":"#sec0015"},{"section_name":"3.1. Journal of Informetrics (JOI)","changed_name":"3. Hype? Do journals benefit?","href_id":"#sec0020"},{"section_name":"3.2. Scientometrics","changed_name":"3. Hype? Do journals benefit?","href_id":"#sec0025"},{"section_name":"3.3. Journal of the American Society for Information Science and Technology (JASIST)","changed_name":"3. Hype? Do journals benefit?","href_id":"#sec0030"},{"section_name":"3.4. Test of hypothesis: Mann\u2013Whitney\u2013Wilcoxon","changed_name":"3. Hype? Do journals benefit?","href_id":"#sec0035"},{"section_name":"4. Hype? Do authors benefit?","changed_name":"4. Hype? Do authors benefit?","href_id":"#sec0040"},{"section_name":"4.1. Other indications of the unusual behavior of H- and h-type articles","changed_name":"4. Hype? Do authors benefit?","href_id":"#sec0045"},{"section_name":"5. Discussion","changed_name":"5. Discussion","href_id":"#sec0050"},{"section_name":"6. Conclusion","changed_name":"6. Conclusion","href_id":"#sec0055"},{"section_name":"Acknowledgements","changed_name":"Acknowledgements ","href_id":"#aep-acknowledgment-id11"},{"section_name":"References","changed_name":"References ","href_id":"#bibl0005"}]