section_name,changed_name,href_id
Highlights,Highlights ,#abs0005
Abstract,Abstract ,#abs0010
Keywords,Keywords ,#kwd0005
1. Introduction and background,1. Introduction and background,#sec0005
2. Methodology,2. Methodology,#sec0010
2.1. Data,2. Methodology,#sec0015
2.2. Measurements,2. Methodology,#sec0020
3. Analysis,3. Analysis,#sec0025
3.1. Number of unique authors,3. Analysis,#sec0030
3.2. Number of edges,3. Analysis,#sec0035
3.3. Degree,3. Analysis,#sec0040
3.4. Components,3. Analysis,#sec0045
3.5. Distance and clustering coefficient,3. Analysis,#sec0050
4. Conclusion and discussion,4. Conclusion and discussion,#sec0055
Acknowledgments,Acknowledgments ,#ack0005
References,References ,#bibl0005
