[{"section_name":"Abstract","changed_name":"Abstract ","href_id":"#aep-abstract-id20"},{"section_name":"Highlights","changed_name":"Highlights ","href_id":"#aep-abstract-sec-id19"},{"section_name":"Highlights","changed_name":"Highlights ","href_id":"#aep-abstract-sec-id19"},{"section_name":"Keywords","changed_name":"Keywords ","href_id":"#aep-keywords-id22"},{"section_name":"1. Introduction","changed_name":"1. Introduction","href_id":"#sec0005"},{"section_name":"2. Organizational behavior during crisis","changed_name":"2. Organizational behavior during crisis","href_id":"#sec0010"},{"section_name":"3. Communication network behavior during crisis: theoretical background","changed_name":"3. Communication network behavior during crisis: theoretical background","href_id":"#sec0015"},{"section_name":"3.1. Actor centrality and organizational crisis","changed_name":"3. Communication network behavior during crisis: theoretical background","href_id":"#sec0020"},{"section_name":"3.2. Reciprocity and organizational crisis","changed_name":"3. Communication network behavior during crisis: theoretical background","href_id":"#sec0025"},{"section_name":"3.3. Transitivity and organizational crisis","changed_name":"3. Communication network behavior during crisis: theoretical background","href_id":"#sec0030"},{"section_name":"3.4. Cliques and organizational crisis","changed_name":"3. Communication network behavior during crisis: theoretical background","href_id":"#sec0035"},{"section_name":"3.5. Centralization and organizational crisis","changed_name":"3. Communication network behavior during crisis: theoretical background","href_id":"#sec0040"},{"section_name":"4. Enron dataset","changed_name":"4. Enron dataset","href_id":"#sec0045"},{"section_name":"4.1. Dataset","changed_name":"4. Enron dataset","href_id":"#sec0050"},{"section_name":"4.2. Data cleaning","changed_name":"4. Enron dataset","href_id":"#sec0055"},{"section_name":"5. Measures of communication network","changed_name":"5. Measures of communication network","href_id":"#sec0060"},{"section_name":"5.1. Actor centrality","changed_name":"5. Measures of communication network","href_id":"#sec0065"},{"section_name":"5.2. Reciprocity","changed_name":"5. Measures of communication network","href_id":"#sec0070"},{"section_name":"5.3. Cliques","changed_name":"5. Measures of communication network","href_id":"#sec0075"},{"section_name":"5.4. Transitivity","changed_name":"5. Measures of communication network","href_id":"#sec0080"},{"section_name":"5.5. Centralization","changed_name":"5. Measures of communication network","href_id":"#sec0085"},{"section_name":"6. Results","changed_name":"6. Results","href_id":"#sec0090"},{"section_name":"6.1. Actor centrality","changed_name":"6. Results","href_id":"#sec0095"},{"section_name":"6.2. Reciprocity","changed_name":"6. Results","href_id":"#sec0100"},{"section_name":"6.3. Transitivity","changed_name":"6. Results","href_id":"#sec0105"},{"section_name":"6.4. Cliques","changed_name":"6. Results","href_id":"#sec0110"},{"section_name":"6.5. Centralization","changed_name":"6. Results","href_id":"#sec0115"},{"section_name":"7. Discussion","changed_name":"7. Discussion","href_id":"#sec0120"},{"section_name":"7.1. Actor centrality and organizational crisis","changed_name":"7. Discussion","href_id":"#sec0125"},{"section_name":"7.2. Reciprocity and organizational crisis","changed_name":"7. Discussion","href_id":"#sec0130"},{"section_name":"7.3. Cliques and organizational crisis","changed_name":"7. Discussion","href_id":"#sec0135"},{"section_name":"7.4. Transitivity and organizational crisis","changed_name":"7. Discussion","href_id":"#sec0140"},{"section_name":"7.5. Centralization and organizational crisis","changed_name":"7. Discussion","href_id":"#sec0145"},{"section_name":"8. Conclusion","changed_name":"8. Conclusion","href_id":"#sec0150"},{"section_name":"References","changed_name":"References ","href_id":"#bibl0005"}]