section_name,changed_name,href_id
Highlights,Highlights ,#abs0005
Abstract,Abstract ,#abs0010
Keywords,Keywords ,#kwd0005
1. Introduction,1. Introduction,#sec0005
2. The P100 and P100′ values for three protagonists of the new indicators,2. The P100 and P100′ values for three protagonists of the new indicators,#sec0010
3. P100 and P100′ in comparison with other percentile-based indicators,3. P100 and P100′ in comparison with other percentile-based indicators,#sec0015
4. Surprising behavior of P100′,4. Surprising behavior of P100′,#sec0020
"5. Summary, conclusion, and another new indicator P100″","5. Summary, conclusion, and another new indicator P100″",#sec0025
Acknowledgement,Acknowledgement ,#ack0005
References,References ,#bibl0005
