section_name,changed_name,href_id
Highlights,Highlights ,#abs0005
Abstract,Abstract ,#abs0010
Keywords,Keywords ,#kwd0005
1. Introduction and related work,1. Introduction and related work,#sec0005
1.1. Differences between the present work and previous studies,1. Introduction and related work,#sec0010
2. Used data,2. Used data,#sec0015
2.1. ISI Web of Science collection and citation networks,2. Used data,#sec0020
2.2. Used lists of award-winning authors,2. Used data,#sec0025
3. Author ranking methodologies,3. Author ranking methodologies,#sec0030
3.1. Author network analyses,3. Author ranking methodologies,#sec0035
3.2. Distributions of publication values to their authors,3. Author ranking methodologies,#sec0040
3.3. Experiments with author ranking methods based on publication network evaluation,3. Author ranking methodologies,#sec0045
3.4. Journal citation network evaluations,3. Author ranking methodologies,#sec0050
4. Results and discussion,4. Results and discussion,#sec0055
4.1. Discussion of the results of author network experiments,4. Results and discussion,#sec0060
4.2. Discussion of author ranking methods based on publication network evaluation,4. Results and discussion,#sec0065
4.3. The best authors from the best of our evaluation methods,4. Results and discussion,#sec0070
4.4. Prediction of awarded authors,4. Results and discussion,#sec0075
4.5. Can our PageRank methods outperform the citation count?,4. Results and discussion,#sec0080
5. Conclusion,5. Conclusion,#sec0085
Acknowledgement,Acknowledgement ,#ack0005
Appendix. ,Appendix. ,#sec0086
References,References ,#bibl0005
