section_name,changed_name,href_id
Abstract,Abstract ,#aep-abstract-id13
Highlights,Highlights ,#aep-abstract-sec-id12
Highlights,Highlights ,#aep-abstract-sec-id12
Keywords,Keywords ,#aep-keywords-id15
1. Introduction,1. Introduction,#sec0005
2. Failure of conventional definitions and measures when order restrictions exist,2. Failure of conventional definitions and measures when order restrictions exist,#sec0010
3. An alternative definition of stochastic independence under order restrictions,3. An alternative definition of stochastic independence under order restrictions,#sec0015
4. A significance test for the null hypothesis H0:ρXY*=0,4. A significance test for the null hypothesis H0:ρXY*=0,#sec0020
5. Empirical illustration,5. Empirical illustration,#sec0025
6. Conclusion,6. Conclusion,#sec0030
Appendix A. Triangular and two-sided power distributions,Appendix A. Triangular and two-sided power distributions,#sec0035
Appendix B. Distribution of rxy by application of the delta method,Appendix B. Distribution of rxy by application of the delta method,#sec0040
References,References ,#bibl0005
