section_name,changed_name,href_id
Highlights,Highlights ,#abst0005
Highlights,Highlights ,#abst0005
Abstract,Abstract ,#abs0010
JEL classification,JEL classification,#kwd0005
Keywords,Keywords ,#kwd0010
1. Introduction,1. Introduction,#sec0005
2. Data,2. Data,#sec0010
3. The test by Tol (2009) reconsidered,3. The test by Tol (2009) reconsidered,#sec0015
3.1. Empirical results for authors,3. The test by Tol (2009) reconsidered,#sec0020
3.2. The empirical validity of the test,3. The test by Tol (2009) reconsidered,#sec0025
3.3. Some theoretical considerations,3. The test by Tol (2009) reconsidered,#sec0030
4. An alternative test,4. An alternative test,#sec0035
5. Can we characterize authors with a Matthew effect?,5. Can we characterize authors with a Matthew effect?,#sec0040
6. Conclusion,6. Conclusion,#sec0045
Acknowledgements,Acknowledgements ,#ack0005
Appendix A. ,Appendix A.,#sec0050
References,References ,#bibl0005
