[{"section_name":"Highlights","changed_name":"Highlights ","href_id":"#abs0005"},{"section_name":"Abstract","changed_name":"Abstract ","href_id":"#abs0010"},{"section_name":"Keywords","changed_name":"Keywords ","href_id":"#kwd0005"},{"section_name":"1. Introduction","changed_name":"1. Introduction","href_id":"#sec0005"},{"section_name":"2. Related works","changed_name":"2. Related works","href_id":"#sec0010"},{"section_name":"2.1. Author co-citation analysis","changed_name":"2. Related works","href_id":"#sec0015"},{"section_name":"2.2. Citation content analysis","changed_name":"2. Related works","href_id":"#sec0020"},{"section_name":"2.3. Citation proximity analysis (CPA)","changed_name":"2. Related works","href_id":"#sec0025"},{"section_name":"3. Methodology","changed_name":"3. Methodology","href_id":"#sec0030"},{"section_name":"3.1. Data collection","changed_name":"3. Methodology","href_id":"#sec0035"},{"section_name":"3.2. Extending the traditional procedure","changed_name":"3. Methodology","href_id":"#sec0040"},{"section_name":"4. Results and discussion","changed_name":"4. Results and discussion","href_id":"#sec0045"},{"section_name":"4.1. Basic statistics","changed_name":"4. Results and discussion","href_id":"#sec0050"},{"section_name":"4.2. Factor analysis","changed_name":"4. Results and discussion","href_id":"#sec0055"},{"section_name":"4.3. Network analysis","changed_name":"4. Results and discussion","href_id":"#sec0060"},{"section_name":"4.3.1. Author co-citation network structure","changed_name":"4. Results and discussion","href_id":"#sec0065"},{"section_name":"4.3.2. Network map with the list of top 100 authors","changed_name":"4. Results and discussion","href_id":"#sec0070"},{"section_name":"5. Conclusion","changed_name":"5. Conclusion","href_id":"#sec0075"},{"section_name":"Acknowledgments","changed_name":"Acknowledgments ","href_id":"#ack0005"},{"section_name":"References","changed_name":"References ","href_id":"#bibl0005"}]