section_name,changed_name,href_id
Abstract,Abstract ,#aep-abstract-id8
Highlights,Highlights ,#aep-abstract-sec-id7
Highlights,Highlights ,#aep-abstract-sec-id7
JEL classification,JEL classification,#aep-keywords-id10
Key words,Key words,#aep-keywords-id11
1. Introduction,1. Introduction,#sec0005
2. Method,2. Method,#sec0010
3. Data,3. Data,#sec0015
4. Results,4. Results,#sec0020
5. Discussion and conclusion,5. Discussion and conclusion,#sec0025
Acknowledgements,Acknowledgements ,#aep-acknowledgment-id12
Appendix A. Supplementary data,Appendix A. Supplementary data,#sec0035
References,References ,#bibl0005
