section_name,changed_name,href_id
Highlights,Highlights ,#abs0005
Abstract,Abstract ,#abs0010
Keywords,Keywords ,#kwd0005
1. Introduction,1. Introduction,#sec0005
"2. Data, methods and indicators","2. Data, methods and indicators",#sec0010
2.1. Selecting subject fields and journals,"2. Data, methods and indicators",#sec0015
2.2. Indicators applied,"2. Data, methods and indicators",#sec0020
2.3. Examples for calculating the PRP-index for articles,"2. Data, methods and indicators",#sec0025
"2.4. Example for calculating the PRP(j,F) index for journals","2. Data, methods and indicators",#sec0030
3. Results,3. Results,#sec0035
3.1. Comparison of the impact indices studied,3. Results,#sec0040
3.2. Joint rank of the journals studied,3. Results,#sec0045
3.3. Correlations between the ranks by the indicators,3. Results,#sec0050
3.4. Cross-field comparison of the indices,3. Results,#sec0055
4. Conclusion,4. Conclusion,#sec0060
Appendix A. Supplementary data,Appendix A. Supplementary data,#sec0075
References,References ,#bibl0005
