[{"section_name":"Abstract","changed_name":"Abstract ","href_id":"#aep-abstract-id9"},{"section_name":"Highlights","changed_name":"Highlights ","href_id":"#aep-abstract-sec-id8"},{"section_name":"Highlights","changed_name":"Highlights ","href_id":"#aep-abstract-sec-id8"},{"section_name":"Keywords","changed_name":"Keywords ","href_id":"#aep-keywords-id11"},{"section_name":"1. Introduction","changed_name":"1. Introduction","href_id":"#sec0005"},{"section_name":"2. Data and methods","changed_name":"2. Data and methods","href_id":"#sec0010"},{"section_name":"3. Results","changed_name":"3. Results","href_id":"#sec0015"},{"section_name":"4. Conclusion","changed_name":"4. Conclusion","href_id":"#sec0020"},{"section_name":"Acknowledgments","changed_name":"Acknowledgments ","href_id":"#aep-acknowledgment-id12"},{"section_name":"References","changed_name":"References ","href_id":"#bibl0005"}]