section_name,changed_name,href_id
Highlights,Highlights ,#abs0005
Abstract,Abstract ,#abs0010
Keywords,Keywords ,#kwd0005
1. Introduction,1. Introduction,#sec0005
2. Definitions,2. Definitions,#sec0010
3. Propositions and proof of Theorem 3,3. Propositions and proof of Theorem 3,#sec0015
4. Addendum: a statement equivalent with the statements in Proposition 3,4. Addendum: a statement equivalent with the statements in Proposition 3,#sec0020
5. A theorem characterizing networks with nodes having global Q-measure equal to one,5. A theorem characterizing networks with nodes having global Q-measure equal to one,#sec0025
6. Conclusion,6. Conclusion,#sec0030
Acknowledgements,Acknowledgements ,#ack0005
References,References ,#bibl0005
