section_name,changed_name,href_id
Highlights,Highlights ,#abs0005
Abstract,Abstract ,#abs0010
Keywords,Keywords ,#kwd0005
1. Introduction,1. Introduction,#sec0005
"2. The ego in an undirected, unweighted network","2. The ego in an undirected, unweighted network",#sec0010
2.1. A binary measure,"2. The ego in an undirected, unweighted network",#sec0015
"2.2. Degree centrality (Wasserman & Faust, 1994)","2. The ego in an undirected, unweighted network",#sec0020
2.3. The lobby index,"2. The ego in an undirected, unweighted network",#sec0025
2.4. The second-order lobby index,"2. The ego in an undirected, unweighted network",#sec0030
"3. The ego in an undirected, weighted network","3. The ego in an undirected, weighted network",#sec0035
3.1. Node strength,"3. The ego in an undirected, weighted network",#sec0040
3.2. A node's h-degree,"3. The ego in an undirected, weighted network",#sec0045
"3.3. The w-lobby index (Zhao et al., 2011)","3. The ego in an undirected, weighted network",#sec0050
"3.4. The link-weighted degree of a node (Abbasi, 2013)","3. The ego in an undirected, weighted network",#sec0055
3.5. Abbasi's Hw-degree,"3. The ego in an undirected, weighted network",#sec0060
3.6. The link-weighted strength of a node,"3. The ego in an undirected, weighted network",#sec0065
3.7. The Hw-strength,"3. The ego in an undirected, weighted network",#sec0070
4. Zipf lists,4. Zipf lists,#sec0075
4.1. The lobby index,4. Zipf lists,#sec0080
4.2. The w-lobby index,4. Zipf lists,#sec0085
4.3. Abbasi's Hw-degree,4. Zipf lists,#sec0090
4.4. The hw-strength,4. Zipf lists,#sec0095
4.5. The h-degree,4. Zipf lists,#sec0100
4.6. The lobby index as an h-degree,4. Zipf lists,#sec0105
5. Indicators in directed networks,5. Indicators in directed networks,#sec0110
6. The standard h-index as a network indicator,6. The standard h-index as a network indicator,#sec0115
7. Conclusion,7. Conclusion,#sec0120
Acknowledgements,Acknowledgements ,#ack0005
References,References ,#bibl0005
