[{"section_name":"Highlights","changed_name":"Highlights ","href_id":"#abs0005"},{"section_name":"Abstract","changed_name":"Abstract ","href_id":"#abs0010"},{"section_name":"Keywords","changed_name":"Keywords ","href_id":"#kwd0005"},{"section_name":"1. Introduction","changed_name":"1. Introduction","href_id":"#sec0005"},{"section_name":"2. Research questions","changed_name":"2. Research questions","href_id":"#sec0010"},{"section_name":"3. Data and method","changed_name":"3. Data and method","href_id":"#sec0015"},{"section_name":"4. Findings","changed_name":"4. Findings","href_id":"#sec0020"},{"section_name":"4.1. Predictive validity","changed_name":"4. Findings","href_id":"#sec0025"},{"section_name":"4.2. Impact of the grants on careers","changed_name":"4. Findings","href_id":"#sec0030"},{"section_name":"4.3. Explaining careers","changed_name":"4. Findings","href_id":"#sec0035"},{"section_name":"5. Conclusions and discussion","changed_name":"5. Conclusions and discussion","href_id":"#sec0040"},{"section_name":"Acknowledgments","changed_name":"Acknowledgments ","href_id":"#ack0005"},{"section_name":"References","changed_name":"References ","href_id":"#bibl0005"}]