[{"section_name":"Highlights","changed_name":"Highlights ","href_id":"#abs0010"},{"section_name":"Abstract","changed_name":"Abstract ","href_id":"#abs0015"},{"section_name":"Graphical abstract","changed_name":"Graphical abstract","href_id":"#abs0005"},{"section_name":"Keywords","changed_name":"Keywords ","href_id":"#kwd0005"},{"section_name":"1. Introduction","changed_name":"1. Introduction","href_id":"#sec0005"},{"section_name":"1.1. First version of counting co-author pairs leading to power laws","changed_name":"1. Introduction","href_id":"#sec0010"},{"section_name":"1.2. Second version of counting co-author pairs leading to 3-D graphs","changed_name":"1. Introduction","href_id":"#sec0015"},{"section_name":"1.3. Validity of the mathematical model of Social Gestalts and reliability of the empirical studies","changed_name":"1. Introduction","href_id":"#sec0020"},{"section_name":"2. Theoretical approach of the mathematical model of Social Gestalts","changed_name":"2. Theoretical approach of the mathematical model of Social Gestalts","href_id":"#sec0025"},{"section_name":"2.1. Fundamental findings in psychology\/sociology and physics used as basis for the development of the intensity function of interpersonal attraction to describe the Social Gestalts","changed_name":"2. Theoretical approach of the mathematical model of Social Gestalts","href_id":"#sec0030"},{"section_name":"2.2. Interpersonal attraction (psychology\/sociology)","changed_name":"2. Theoretical approach of the mathematical model of Social Gestalts","href_id":"#sec0035"},{"section_name":"2.3. Complementarities (physics)","changed_name":"2. Theoretical approach of the mathematical model of Social Gestalts","href_id":"#sec0040"},{"section_name":"2.4. Intensity function of interpersonal attraction based on fundamental findings in psychology\/sociology and physics","changed_name":"2. Theoretical approach of the mathematical model of Social Gestalts","href_id":"#sec0045"},{"section_name":"2.5. Intensity function of interpersonal attraction: special model for the distribution of co-author pairs\u2019 frequencies","changed_name":"2. Theoretical approach of the mathematical model of Social Gestalts","href_id":"#sec0050"},{"section_name":"3. Methods (partly presented in previous studies of Social Gestalts)","changed_name":"3. Methods (partly presented in previous studies of Social Gestalts)","href_id":"#sec0055"},{"section_name":"3.1. Remarks","changed_name":"3. Methods (partly presented in previous studies of Social Gestalts)","href_id":"#sec0060"},{"section_name":"3.2. Method of counting co-author pairs, based on social network analysis (SNA)","changed_name":"3. Methods (partly presented in previous studies of Social Gestalts)","href_id":"#sec0065"},{"section_name":"3.3. Logarithmic binning procedure","changed_name":"3. Methods (partly presented in previous studies of Social Gestalts)","href_id":"#sec0070"},{"section_name":"3.4. Method of visualizing the 3-D collaboration patterns (PWQ is used as an example)","changed_name":"3. Methods (partly presented in previous studies of Social Gestalts)","href_id":"#sec0075"},{"section_name":"3.4.1. Remarks","changed_name":"3. Methods (partly presented in previous studies of Social Gestalts)","href_id":"#sec0080"},{"section_name":"3.4.2. Visualizing empirical patterns (distributions of co-author pairs\u2019 frequencies)","changed_name":"3. Methods (partly presented in previous studies of Social Gestalts)","href_id":"#sec0085"},{"section_name":"3.4.3. Visualizing the theoretical pattern and overlay of empirical and theoretical patterns into a single frame","changed_name":"3. Methods (partly presented in previous studies of Social Gestalts)","href_id":"#sec0090"},{"section_name":"Method of Visualizing Theoretical Patterns and Overlay","changed_name":"3. Methods (partly presented in previous studies of Social Gestalts)","href_id":"#sec0095"},{"section_name":"Standardization of theoretical patterns for pattern comparison","changed_name":"3. Methods (partly presented in previous studies of Social Gestalts)","href_id":"#sec0100"},{"section_name":"Appendix A. Supplementary data","changed_name":"Appendix A. Supplementary data","href_id":"#sec0115"},{"section_name":"References","changed_name":"References ","href_id":"#bibl0005"}]