section_name,changed_name,href_id
Highlights,Highlights ,#abs0005
Abstract,Abstract ,#abs0010
Keywords,Keywords ,#kwd0005
1. Introduction,1. Introduction,#sec0005
2. Methodology,2. Methodology,#sec0010
3. Results and discussion,3. Results and discussion,#sec0015
3.1. Journals and Web of Science categories,3. Results and discussion,#sec0020
3.2. Effect of time on the citation analysis,3. Results and discussion,#sec0025
"3.3. Publication performances: countries, institutions, and authors",3. Results and discussion,#sec0030
3.4. Leading articles,3. Results and discussion,#sec0035
3.5. Leading title words,3. Results and discussion,#sec0040
4. Conclusions,4. Conclusions,#sec0045
References,References ,#bibl0005
