section_name,changed_name,href_id
Highlights,Highlights ,#abs0005
Abstract,Abstract ,#abs0010
Keywords,Keywords ,#kwd0005
1. Introduction,1. Introduction,#sec0005
2. Theory & hypotheses,2. Theory & hypotheses,#sec0010
2.1. Interdisciplinarity as an indicator and catalyst for innovation,2. Theory & hypotheses,#sec0015
2.2. Emergence sources,2. Theory & hypotheses,#sec0020
2.2.1. Number of authors and countries involved,2. Theory & hypotheses,#sec0025
2.2.2. Age of references,2. Theory & hypotheses,#sec0030
2.3. Emergence environment,2. Theory & hypotheses,#sec0035
"2.3.1. Size, age and JIF of journals",2. Theory & hypotheses,#sec0040
3. Data & methodology,3. Data & methodology,#sec0045
3.1. The data,3. Data & methodology,#sec0050
3.2. Variables & summary statistics,3. Data & methodology,#sec0055
3.3. Estimation method,3. Data & methodology,#sec0060
4. Empirical results,4. Empirical results,#sec0065
4.1. Descriptive statistics—Box plots,4. Empirical results,#sec0070
4.2. Multivariate results,4. Empirical results,#sec0075
5. Conclusions,5. Conclusions,#sec0080
Author contributions,Author contributions,#sec0090
Acknowledgements,Acknowledgements ,#ack0005
References,References ,#bibl0005
