section_name,changed_name,href_id
Abstract,Abstract ,#abs0005
Keywords,Keywords ,#kwd0005
1. Introduction and literature review,1. Introduction and literature review,#sec0005
2. Automated algorithm for analysing the omitted citations,2. Automated algorithm for analysing the omitted citations,#sec0010
3. Data collection and analysis,3. Data collection and analysis,#sec0015
4. Results,4. Results,#sec0020
5. Discussion and final remarks,5. Discussion and final remarks,#sec0025
Appendix. ,Appendix. ,#sec0030
Appendix B. Supplementary data,Appendix B. Supplementary data,#sec0040
References,References ,#bibl0005
