section_name,changed_name,href_id
Highlights,Highlights ,#abs0010
Abstract,Abstract ,#abs0015
Graphical abstract,Graphical abstract,#abs0005
Keywords,Keywords ,#kwd0005
1. Introduction,1. Introduction,#sec0005
2. Main concepts,2. Main concepts,#sec0010
2.1. Citation network,2. Main concepts,#sec0015
2.2. Publication attributes,2. Main concepts,#sec0020
2.3. Transitive reduction,2. Main concepts,#sec0025
2.4. Drill down and expansion,2. Main concepts,#sec0030
2.4.1. Expansion,2. Main concepts,#sec0035
2.4.2. Drill down,2. Main concepts,#sec0040
3. Demonstration,3. Demonstration,#sec0045
3.1. User interface,3. Demonstration,#sec0050
3.2. Application to the scientometric literature,3. Demonstration,#sec0055
3.2.1. Data collection,3. Demonstration,#sec0060
3.2.2. Analysis: h-index,3. Demonstration,#sec0065
3.2.3. Analysis: science mapping,3. Demonstration,#sec0070
3.3. Application to the literature on community detection in networks,3. Demonstration,#sec0075
3.4. Data collection,3. Demonstration,#sec0080
3.4.1. Analysis,3. Demonstration,#sec0085
4. Technical details,4. Technical details,#sec0090
4.1. Construction of citation networks,4. Technical details,#sec0095
4.2. Visualization of citation networks,4. Technical details,#sec0100
4.2.1. Positioning publications in the vertical dimension,4. Technical details,#sec0105
4.2.2. Positioning publications in the horizontal dimension,4. Technical details,#sec0110
4.3. Analysis of citation networks,4. Technical details,#sec0115
4.3.1. Clustering publications,4. Technical details,#sec0120
4.3.2. Identifying core publications,4. Technical details,#sec0125
5. Conclusion,5. Conclusion,#sec0130
Acknowledgments,Acknowledgments ,#ack0005
References,References ,#bibl0005
