[{"section_name":"Highlights","changed_name":"Highlights ","href_id":"#abs0005"},{"section_name":"Abstract","changed_name":"Abstract ","href_id":"#abs0010"},{"section_name":"Keywords","changed_name":"Keywords ","href_id":"#kwd0005"},{"section_name":"1. Introduction","changed_name":"1. Introduction","href_id":"#sec0005"},{"section_name":"2. Methodology","changed_name":"2. Methodology","href_id":"#sec0010"},{"section_name":"3. Data and basic statistics","changed_name":"3. Data and basic statistics","href_id":"#sec0015"},{"section_name":"3.1. Data","changed_name":"3. Data and basic statistics","href_id":"#sec0020"},{"section_name":"3.2. Basic statistics","changed_name":"3. Data and basic statistics","href_id":"#sec0025"},{"section_name":"3.2.1. The g-index and h-index","changed_name":"3. Data and basic statistics","href_id":"#sec0030"},{"section_name":"3.2.2. Growth curve analysis","changed_name":"3. Data and basic statistics","href_id":"#sec0035"},{"section_name":"3.2.3. Influential journals","changed_name":"3. Data and basic statistics","href_id":"#sec0040"},{"section_name":"3.2.4. Influential researchers","changed_name":"3. Data and basic statistics","href_id":"#sec0045"},{"section_name":"3.2.5. Growth trend","changed_name":"3. Data and basic statistics","href_id":"#sec0050"},{"section_name":"4. Main path analysis","changed_name":"4. Main path analysis","href_id":"#sec0055"},{"section_name":"4.1. Basic knowledge diffusion paths","changed_name":"4. Main path analysis","href_id":"#sec0060"},{"section_name":"4.2. Knowledge diffusion structure","changed_name":"4. Main path analysis","href_id":"#sec0065"},{"section_name":"4.3. Multiple global main paths","changed_name":"4. Main path analysis","href_id":"#sec0070"},{"section_name":"4.3.1. Data quality for websites","changed_name":"4. Main path analysis","href_id":"#sec0075"},{"section_name":"4.3.2. Data quality for decision support","changed_name":"4. Main path analysis","href_id":"#sec0080"},{"section_name":"4.3.3. Data quality assessment","changed_name":"4. Main path analysis","href_id":"#sec0085"},{"section_name":"4.3.4. Other data quality applications","changed_name":"4. Main path analysis","href_id":"#sec0090"},{"section_name":"5. Conclusion","changed_name":"5. Conclusion","href_id":"#sec0095"},{"section_name":"Acknowledgements","changed_name":"Acknowledgements ","href_id":"#ack0005"},{"section_name":"References","changed_name":"References ","href_id":"#bibl0005"}]