section_name,changed_name,href_id
Highlights,Highlights ,#abs0005
Abstract,Abstract ,#abs0010
Keywords,Keywords ,#kwd0005
1. Introduction,1. Introduction,#sec0005
1.1. Stability of journal rankings,1. Introduction,#sec0010
1.2. Purpose of the study,1. Introduction,#sec0015
2. The (mis)use of citation-based journal rankings,2. The (mis)use of citation-based journal rankings,#sec0020
3. Data and method,3. Data and method,#sec0025
3.1. Data sources and journal rankings,3. Data and method,#sec0030
3.2. Stability indicator,3. Data and method,#sec0035
3.3. Other methodological issues,3. Data and method,#sec0040
4. Results and discussion,4. Results and discussion,#sec0045
4.1. Temporal ranking stability,4. Results and discussion,#sec0050
4.2. Cross-discipline ranking stability,4. Results and discussion,#sec0055
4.3. Cross-indicator ranking stability,4. Results and discussion,#sec0060
5. Limitations of the study,5. Limitations of the study,#sec0065
6. Conclusions,6. Conclusions,#sec0070
References,References ,#bibl0005
