section_name,changed_name,href_id
Abstract,Abstract ,#aep-abstract-id5
Highlights,Highlights ,#aep-abstract-sec-id4
Highlights,Highlights ,#aep-abstract-sec-id4
Keywords,Keywords ,#aep-keywords-id7
1. Introduction,1. Introduction,#sec0005
2. The framework,2. The framework,#sec0010
3. The productivity approach,3. The productivity approach,#sec0015
4. The qualitative approach: variable citation record,4. The qualitative approach: variable citation record,#sec0020
5. Conclusion,5. Conclusion,#sec0025
Acknowledgements,Acknowledgements ,#aep-acknowledgment-id8
References,References ,#bibl0005
