section_name,changed_name,href_id
Highlights,Highlights ,#abst0010
Highlights,Highlights ,#abst0010
Abstract,Abstract ,#abs0015
Graphical abstract,Graphical abstract,#abst0005
Graphical abstract,Graphical abstract,#abst0005
Keywords,Keywords ,#kwd0005
1. Introduction,1. Introduction,#sec0005
2. Related work,2. Related work,#sec0010
3. Data source,3. Data source,#sec0015
4. Distribution of subject areas in user libraries,4. Distribution of subject areas in user libraries,#sec0020
5. Visualization of co-readership patterns,5. Visualization of co-readership patterns,#sec0025
5.1. Data selection and pre-processing,5. Visualization of co-readership patterns,#sec0030
5.2. Clustering and mapping,5. Visualization of co-readership patterns,#sec0035
5.3. Web visualization,5. Visualization of co-readership patterns,#sec0040
5.4. Results,5. Visualization of co-readership patterns,#sec0045
5.4.1. Topic area description and distribution,5. Visualization of co-readership patterns,#sec0050
5.4.2. Publication types and age of publications,5. Visualization of co-readership patterns,#sec0055
6. Discussion,6. Discussion,#sec0060
6.1. Recency,6. Discussion,#sec0065
6.2. Biases in the visualization,6. Discussion,#sec0070
7. Conclusions and future work,7. Conclusions and future work,#sec0075
Acknowledgements,Acknowledgements ,#ack0005
References,References ,#bibl0005
