[{"section_name":"Highlights","changed_name":"Highlights ","href_id":"#abs0005"},{"section_name":"Abstract","changed_name":"Abstract ","href_id":"#abs0010"},{"section_name":"Keywords","changed_name":"Keywords ","href_id":"#kwd0005"},{"section_name":"1. Introduction","changed_name":"1. Introduction","href_id":"#sec0005"},{"section_name":"2. Material and methods","changed_name":"2. Material and methods","href_id":"#sec0010"},{"section_name":"2.1. Data set and statistical methodology","changed_name":"2. Material and methods","href_id":"#sec0015"},{"section_name":"2.2. The success of the models in predicting the final decisions","changed_name":"2. Material and methods","href_id":"#sec0020"},{"section_name":"2.2.1. Probability distribution functions associated with the results provided by the models","changed_name":"2. Material and methods","href_id":"#sec0025"},{"section_name":"2.2.2. Comparison of the results of the models with the results of a scenario where candidates are selected randomly","changed_name":"2. Material and methods","href_id":"#sec0030"},{"section_name":"2.2.3. Predictive power of the models when scientific performance alone is assessed","changed_name":"2. Material and methods","href_id":"#sec0035"},{"section_name":"3. Results and discussion","changed_name":"3. Results and discussion","href_id":"#sec0040"},{"section_name":"3.1. The predictive power of the models","changed_name":"3. Results and discussion","href_id":"#sec0045"},{"section_name":"3.2. Value added by the prediction models when compared to a random selection","changed_name":"3. Results and discussion","href_id":"#sec0050"},{"section_name":"3.3. Assessment of the method if scientific performance alone were considered","changed_name":"3. Results and discussion","href_id":"#sec0055"},{"section_name":"3.4. A model based on bibliometric indicators as an auxiliary instrument of peer evaluation","changed_name":"3. Results and discussion","href_id":"#sec0060"},{"section_name":"4. Conclusions","changed_name":"4. Conclusions","href_id":"#sec0065"},{"section_name":"Acknowledgments","changed_name":"Acknowledgments ","href_id":"#ack0005"},{"section_name":"Appendix A. ","changed_name":"Appendix A.","href_id":"#sec0070"},{"section_name":"References","changed_name":"References ","href_id":"#bibl0005"}]