[{"section_name":"Highlights","changed_name":"Highlights ","href_id":"#abs0005"},{"section_name":"Abstract","changed_name":"Abstract ","href_id":"#abs0010"},{"section_name":"Keywords","changed_name":"Keywords ","href_id":"#kwd0005"},{"section_name":"1. Introduction","changed_name":"1. Introduction","href_id":"#sec0005"},{"section_name":"2. Sub-impact factors (SIFs) and SIF-sequences","changed_name":"2. Sub-impact factors (SIFs) and SIF-sequences","href_id":"#sec0010"},{"section_name":"3. An interpolated SIF-value","changed_name":"3. An interpolated SIF-value","href_id":"#sec0025"},{"section_name":"4. A sharp or a blunt instrument","changed_name":"4. A sharp or a blunt instrument","href_id":"#sec0030"},{"section_name":"5. Ranking journals using a SIF-sequence","changed_name":"5. Ranking journals using a SIF-sequence","href_id":"#sec0035"},{"section_name":"6. Other properties of the aggregated SIF-indicator","changed_name":"6. Other properties of the aggregated SIF-indicator","href_id":"#sec0040"},{"section_name":"7. Rankings of management science journals","changed_name":"7. Rankings of management science journals","href_id":"#sec0045"},{"section_name":"8. Conclusions","changed_name":"8. Conclusions","href_id":"#sec0050"},{"section_name":"Author Contributions","changed_name":"Author Contributions","href_id":"#sec1050"},{"section_name":"Acknowledgements","changed_name":"Acknowledgements ","href_id":"#ack0005"},{"section_name":"Appendix A. Appendix","changed_name":"Appendix A. Appendix","href_id":"#sec0065"},{"section_name":"References","changed_name":"References ","href_id":"#bibl0005"}]