[{"section_name":"Highlights","changed_name":"Highlights ","href_id":"#abs0005"},{"section_name":"Abstract","changed_name":"Abstract ","href_id":"#abs0010"},{"section_name":"Keywords","changed_name":"Keywords ","href_id":"#kwd0005"},{"section_name":"1. Introduction","changed_name":"1. Introduction","href_id":"#sec0005"},{"section_name":"2. Literature review","changed_name":"2. Literature review","href_id":"#sec0010"},{"section_name":"3. Methods: data collection and analysis procedures","changed_name":"3. Methods: data collection and analysis procedures","href_id":"#sec0015"},{"section_name":"3.1. Social network analysis and the co-authorship network","changed_name":"3. Methods: data collection and analysis procedures","href_id":"#sec0020"},{"section_name":"3.2. Data collection","changed_name":"3. Methods: data collection and analysis procedures","href_id":"#sec0025"},{"section_name":"3.3. Analysis methods and indicators","changed_name":"3. Methods: data collection and analysis procedures","href_id":"#sec0030"},{"section_name":"4. Results","changed_name":"4. Results","href_id":"#sec0035"},{"section_name":"4.1. RQ 1 \u2013 international co-authorship network","changed_name":"4. Results","href_id":"#sec0040"},{"section_name":"4.1.1. Degree and betweenness centrality","changed_name":"4. Results","href_id":"#sec0045"},{"section_name":"4.1.2. Structural holes","changed_name":"4. Results","href_id":"#sec0050"},{"section_name":"4.2. RQ 2 \u2013 semantic network analysis","changed_name":"4. Results","href_id":"#sec0055"},{"section_name":"4.2.1. Semantic structure of paper titles","changed_name":"4. Results","href_id":"#sec0060"},{"section_name":"5. Discussion and conclusions","changed_name":"5. Discussion and conclusions","href_id":"#sec0065"},{"section_name":"Acknowledgements","changed_name":"Acknowledgements ","href_id":"#ack0005"},{"section_name":"References","changed_name":"References ","href_id":"#bibl0005"},{"section_name":"Vitae","changed_name":"Vitae ","href_id":"#vt0005"}]