[{"section_name":"Abstract","changed_name":"Abstract ","href_id":"#aep-abstract-id11"},{"section_name":"Highlights","changed_name":"Highlights ","href_id":"#aep-abstract-sec-id10"},{"section_name":"Highlights","changed_name":"Highlights ","href_id":"#aep-abstract-sec-id10"},{"section_name":"Keywords","changed_name":"Keywords ","href_id":"#aep-keywords-id13"},{"section_name":"1. Introduction","changed_name":"1. Introduction","href_id":"#sec0005"},{"section_name":"2. The Italian higher education system","changed_name":"2. The Italian higher education system","href_id":"#sec0010"},{"section_name":"3. Productivity rankings at individual and university levels: methodology and dataset","changed_name":"3. Productivity rankings at individual and university levels: methodology and dataset","href_id":"#sec0015"},{"section_name":"4. Results and analysis","changed_name":"4. Results and analysis","href_id":"#sec0020"},{"section_name":"4.1. Descriptive analysis","changed_name":"4. Results and analysis","href_id":"#sec0025"},{"section_name":"4.2. Relationship between university productivity and the concentrations of top and unproductive researchers","changed_name":"4. Results and analysis","href_id":"#sec0030"},{"section_name":"5. Concluding remarks","changed_name":"5. Concluding remarks","href_id":"#sec0035"},{"section_name":"References","changed_name":"References ","href_id":"#bibl0005"}]