[{"section_name":"Abstract","changed_name":"Abstract ","href_id":"#aep-abstract-id5"},{"section_name":"Highlights","changed_name":"Highlights ","href_id":"#aep-abstract-sec-id4"},{"section_name":"Highlights","changed_name":"Highlights ","href_id":"#aep-abstract-sec-id4"},{"section_name":"Keywords","changed_name":"Keywords ","href_id":"#aep-keywords-id7"},{"section_name":"1. Introduction","changed_name":"1. Introduction","href_id":"#sec0005"},{"section_name":"2. The framework","changed_name":"2. The framework","href_id":"#sec0010"},{"section_name":"3. The productivity approach","changed_name":"3. The productivity approach","href_id":"#sec0015"},{"section_name":"4. The qualitative approach: variable citation record","changed_name":"4. The qualitative approach: variable citation record","href_id":"#sec0020"},{"section_name":"5. Conclusion","changed_name":"5. Conclusion","href_id":"#sec0025"},{"section_name":"Acknowledgements","changed_name":"Acknowledgements ","href_id":"#aep-acknowledgment-id8"},{"section_name":"References","changed_name":"References ","href_id":"#bibl0005"}]