section_name,changed_name,href_id
Abstract,Abstract ,#aep-abstract-id20
Highlights,Highlights ,#aep-abstract-sec-id19
Highlights,Highlights ,#aep-abstract-sec-id19
Keywords,Keywords ,#aep-keywords-id22
1. Introduction,1. Introduction,#sec0005
2. Organizational behavior during crisis,2. Organizational behavior during crisis,#sec0010
3. Communication network behavior during crisis: theoretical background,3. Communication network behavior during crisis: theoretical background,#sec0015
3.1. Actor centrality and organizational crisis,3. Communication network behavior during crisis: theoretical background,#sec0020
3.2. Reciprocity and organizational crisis,3. Communication network behavior during crisis: theoretical background,#sec0025
3.3. Transitivity and organizational crisis,3. Communication network behavior during crisis: theoretical background,#sec0030
3.4. Cliques and organizational crisis,3. Communication network behavior during crisis: theoretical background,#sec0035
3.5. Centralization and organizational crisis,3. Communication network behavior during crisis: theoretical background,#sec0040
4. Enron dataset,4. Enron dataset,#sec0045
4.1. Dataset,4. Enron dataset,#sec0050
4.2. Data cleaning,4. Enron dataset,#sec0055
5. Measures of communication network,5. Measures of communication network,#sec0060
5.1. Actor centrality,5. Measures of communication network,#sec0065
5.2. Reciprocity,5. Measures of communication network,#sec0070
5.3. Cliques,5. Measures of communication network,#sec0075
5.4. Transitivity,5. Measures of communication network,#sec0080
5.5. Centralization,5. Measures of communication network,#sec0085
6. Results,6. Results,#sec0090
6.1. Actor centrality,6. Results,#sec0095
6.2. Reciprocity,6. Results,#sec0100
6.3. Transitivity,6. Results,#sec0105
6.4. Cliques,6. Results,#sec0110
6.5. Centralization,6. Results,#sec0115
7. Discussion,7. Discussion,#sec0120
7.1. Actor centrality and organizational crisis,7. Discussion,#sec0125
7.2. Reciprocity and organizational crisis,7. Discussion,#sec0130
7.3. Cliques and organizational crisis,7. Discussion,#sec0135
7.4. Transitivity and organizational crisis,7. Discussion,#sec0140
7.5. Centralization and organizational crisis,7. Discussion,#sec0145
8. Conclusion,8. Conclusion,#sec0150
References,References ,#bibl0005
