[{"section_name":"Highlights","changed_name":"Highlights ","href_id":"#abs0005"},{"section_name":"Abstract","changed_name":"Abstract ","href_id":"#abs0010"},{"section_name":"Keywords","changed_name":"Keywords ","href_id":"#kwd0005"},{"section_name":"1. Introduction","changed_name":"1. Introduction","href_id":"#sec0005"},{"section_name":"2. Related work","changed_name":"2. Related work","href_id":"#sec0010"},{"section_name":"2.1. Sociological grounding of citing behavior","changed_name":"2. Related work","href_id":"#sec0015"},{"section_name":"2.2. Syntactic content-based citation analysis","changed_name":"2. Related work","href_id":"#sec0020"},{"section_name":"2.3. Semantic content-based citation analysis","changed_name":"2. Related work","href_id":"#sec0025"},{"section_name":"3. Methods","changed_name":"3. Methods","href_id":"#sec0030"},{"section_name":"3.1. Dataset","changed_name":"3. Methods","href_id":"#sec0035"},{"section_name":"3.2. Data processing","changed_name":"3. Methods","href_id":"#sec0040"},{"section_name":"3.3. Automatic extraction","changed_name":"3. Methods","href_id":"#sec0045"},{"section_name":"3.4. Manual coding","changed_name":"3. Methods","href_id":"#sec0050"},{"section_name":"4. Results and discussion","changed_name":"4. Results and discussion","href_id":"#sec0055"},{"section_name":"4.1. Overview","changed_name":"4. Results and discussion","href_id":"#sec0060"},{"section_name":"4.2. Citation location","changed_name":"4. Results and discussion","href_id":"#sec0065"},{"section_name":"4.3. CountOne vs. CountX","changed_name":"4. Results and discussion","href_id":"#sec0070"},{"section_name":"5. Conclusion","changed_name":"5. Conclusion","href_id":"#sec0075"},{"section_name":"References","changed_name":"References ","href_id":"#bibl0005"}]