section_name,changed_name,href_id
Highlights,Highlights ,#abst0005
Highlights,Highlights ,#abst0005
Abstract,Abstract ,#abs0010
Keywords,Keywords ,#kwd0005
1. Introduction,1. Introduction,#sec0005
2. Relation with earlier work,2. Relation with earlier work,#sec0010
3. Data,3. Data,#sec0015
4. Regression model for quantile prediction,4. Regression model for quantile prediction,#sec0020
4.1. Models for quantiles,4. Regression model for quantile prediction,#sec0025
4.2. Quantile regression,4. Regression model for quantile prediction,#sec0030
5. Quantile regression results,5. Quantile regression results,#sec0035
5.1. Model coefficients,5. Quantile regression results,#sec0040
5.2. Influence of k0,5. Quantile regression results,#sec0045
5.3. Fit of the models,5. Quantile regression results,#sec0050
5.4. Comparing the fit of the different models,5. Quantile regression results,#sec0055
5.5. Predicting the conditional citation distribution,5. Quantile regression results,#sec0060
5.6. Predictions for later publications,5. Quantile regression results,#sec0065
6. Tail quantiles,6. Tail quantiles,#sec0070
6.1. Tail of the citation distribution,6. Tail quantiles,#sec0075
6.2. Pareto quantile estimator,6. Tail quantiles,#sec0080
6.3. Linking the Pareto and regression estimators,6. Tail quantiles,#sec0085
7. Sensitivity of parameters to the field of science,7. Sensitivity of parameters to the field of science,#sec0090
8. Conclusions,8. Conclusions,#sec0095
References,References ,#bibl0005
