[{"section_name":"Highlights","changed_name":"Highlights ","href_id":"#abs0005"},{"section_name":"Abstract","changed_name":"Abstract ","href_id":"#abs0010"},{"section_name":"Keywords","changed_name":"Keywords ","href_id":"#kwd0005"},{"section_name":"1. Introduction","changed_name":"1. Introduction","href_id":"#sec0005"},{"section_name":"2. Data and methods","changed_name":"2. Data and methods","href_id":"#sec0010"},{"section_name":"2.1. Handbooks","changed_name":"2. Data and methods","href_id":"#sec0015"},{"section_name":"2.2. Journal articles","changed_name":"2. Data and methods","href_id":"#sec0020"},{"section_name":"2.3. Processing of text","changed_name":"2. Data and methods","href_id":"#sec0025"},{"section_name":"2.4. Measuring similarity based on text","changed_name":"2. Data and methods","href_id":"#sec0030"},{"section_name":"3. Results","changed_name":"3. Results","href_id":"#sec0035"},{"section_name":"3.1. Similarity of handbooks \u2013 the great divide","changed_name":"3. Results","href_id":"#sec0040"},{"section_name":"3.2. Hierarchical clustering of handbook chapters","changed_name":"3. Results","href_id":"#sec0045"},{"section_name":"3.3. Differences in approach between qualitative and quantitative STS","changed_name":"3. Results","href_id":"#sec0050"},{"section_name":"3.4. Top topics \u2013 differences and similarities between the genres","changed_name":"3. Results","href_id":"#sec0055"},{"section_name":"3.5. Trending topics","changed_name":"3. Results","href_id":"#sec0060"},{"section_name":"3.6. The knowledge base and its usage in different genres in STS","changed_name":"3. Results","href_id":"#sec0065"},{"section_name":"3.7. The role of handbooks in knowledge production","changed_name":"3. Results","href_id":"#sec0070"},{"section_name":"4. Discussion and conclusions","changed_name":"4. Discussion and conclusions","href_id":"#sec0075"},{"section_name":"Acknowledgments","changed_name":"Acknowledgments ","href_id":"#ack0005"},{"section_name":"References","changed_name":"References ","href_id":"#bibl0005"}]