[{"section_name":"Highlights","changed_name":"Highlights ","href_id":"#abs0005"},{"section_name":"Abstract","changed_name":"Abstract ","href_id":"#abs0010"},{"section_name":"Keywords","changed_name":"Keywords ","href_id":"#kwd0005"},{"section_name":"1. Introduction","changed_name":"1. Introduction","href_id":"#sec0005"},{"section_name":"2. Coverage of the success-index","changed_name":"2. Coverage of the success-index","href_id":"#sec0010"},{"section_name":"3. Conclusions","changed_name":"3. Conclusions","href_id":"#sec0015"},{"section_name":"References","changed_name":"References ","href_id":"#bibl0005"}]