[{"section_name":"Abstract","changed_name":"Abstract ","href_id":"#aep-abstract-id9"},{"section_name":"Highlights","changed_name":"Highlights ","href_id":"#aep-abstract-sec-id8"},{"section_name":"Highlights","changed_name":"Highlights ","href_id":"#aep-abstract-sec-id8"},{"section_name":"Keywords","changed_name":"Keywords ","href_id":"#aep-keywords-id11"},{"section_name":"1. Introduction","changed_name":"1. Introduction","href_id":"#sec0005"},{"section_name":"2. Related works","changed_name":"2. Related works","href_id":"#sec0010"},{"section_name":"3. Materials and methods","changed_name":"3. Materials and methods","href_id":"#sec0015"},{"section_name":"3.1. Normalized Similarity Index","changed_name":"3. Materials and methods","href_id":"#sec0020"},{"section_name":"3.2. Overview of the tool","changed_name":"3. Materials and methods","href_id":"#sec0025"},{"section_name":"3.3. Citation networks","changed_name":"3. Materials and methods","href_id":"#sec0030"},{"section_name":"3.4. Validation","changed_name":"3. Materials and methods","href_id":"#sec0035"},{"section_name":"4. Results","changed_name":"4. Results","href_id":"#sec0040"},{"section_name":"4.1. Performance of the similarity measures","changed_name":"4. Results","href_id":"#sec0045"},{"section_name":"5. Discussion","changed_name":"5. Discussion","href_id":"#sec0050"},{"section_name":"6. Conclusions","changed_name":"6. Conclusions","href_id":"#sec0055"},{"section_name":"Acknowledgments","changed_name":"Acknowledgments ","href_id":"#aep-acknowledgment-id12"},{"section_name":"Appendix A. Supplementary data","changed_name":"Appendix A. Supplementary data","href_id":"#sec0065"},{"section_name":"References","changed_name":"References ","href_id":"#bibl0005"}]