section_name,changed_name,href_id
Highlights,Highlights ,#abs0005
Abstract,Abstract ,#abs0010
Keywords,Keywords ,#kwd0005
1. Introduction,1. Introduction,#sec0005
2. Literature review,2. Literature review,#sec0010
3. Research model,3. Research model,#sec0015
4. Methodology,4. Methodology,#sec0020
4.1. Corpus building and information extraction,4. Methodology,#sec0025
4.2. Validation methodology and tools,4. Methodology,#sec0030
5. Results,5. Results,#sec0035
5.1. Relatedness proximity measurement validation,5. Results,#sec0040
5.2. Validation of model-based propositions,5. Results,#sec0045
6. Conclusion,6. Conclusion,#sec0050
References,References ,#bibl0005
