section_name,changed_name,href_id
Highlights,Highlights ,#abs0005
Abstract,Abstract ,#abs0010
Keywords,Keywords ,#kwd0005
1. Introduction,1. Introduction,#sec0005
2. Methods,2. Methods,#sec0010
2.1. Sleepers,2. Methods,#sec0015
2.2. Reference group,2. Methods,#sec0020
2.3. Presentation of the results,2. Methods,#sec0025
3. Data overview,3. Data overview,#sec0030
4. Results,4. Results,#sec0035
4.1. Effects over time,4. Results,#sec0040
4.2. Effect of lifetime citations received,4. Results,#sec0080
4.3. Disciplinary differences,4. Results,#sec0045
5. Discussion,5. Discussion,#sec0050
5.1. Limits,5. Discussion,#sec0055
6. Conclusion,6. Conclusion,#sec0060
Appendix 1. Distribution of papers and citations by discipline,Appendix 1. Distribution of papers and citations by discipline,#sec0070
Appendix 2. Distribution of papers and citations by disciplinary clusters,Appendix 2. Distribution of papers and citations by disciplinary clusters,#sec0075
References,References ,#bibl0005
