[{"section_name":"Highlights","changed_name":"Highlights ","href_id":"#abs0005"},{"section_name":"Abstract","changed_name":"Abstract ","href_id":"#abs0010"},{"section_name":"Keywords","changed_name":"Keywords ","href_id":"#kwd0005"},{"section_name":"1. Introduction","changed_name":"1. Introduction","href_id":"#sec0005"},{"section_name":"2. Related works","changed_name":"2. Related works","href_id":"#sec0010"},{"section_name":"3. Objectives","changed_name":"3. Objectives","href_id":"#sec0015"},{"section_name":"4. Material","changed_name":"4. Material","href_id":"#sec0020"},{"section_name":"5. Methods","changed_name":"5. Methods","href_id":"#sec0025"},{"section_name":"5.1. SJR journal classification: the starting point","changed_name":"5. Methods","href_id":"#sec0030"},{"section_name":"5.2. Journal citation-based relatedness measures: calculation and formatting","changed_name":"5. Methods","href_id":"#sec0035"},{"section_name":"5.3. Citation-based measures combination","changed_name":"5. Methods","href_id":"#sec0040"},{"section_name":"5.4. Network normalization","changed_name":"5. Methods","href_id":"#sec0045"},{"section_name":"5.5. Clustering procedures","changed_name":"5. Methods","href_id":"#sec0050"},{"section_name":"5.6. Labelling","changed_name":"5. Methods","href_id":"#sec0055"},{"section_name":"5.6.1. Labelling through SJR category tags","changed_name":"5. Methods","href_id":"#sec0060"},{"section_name":"5.6.2. Labelling through significant words of journal titles","changed_name":"5. Methods","href_id":"#sec0065"},{"section_name":"5.7. Validating classification proposals","changed_name":"5. Methods","href_id":"#sec0070"},{"section_name":"6. Results","changed_name":"6. Results","href_id":"#sec0075"},{"section_name":"6.1. Analysis of results derived from algorithm solutions","changed_name":"6. Results","href_id":"#sec0080"},{"section_name":"6.2. Overall analysis and comparison among four different classification systems","changed_name":"6. Results","href_id":"#sec0085"},{"section_name":"7. Discussion and conclusions","changed_name":"7. Discussion and conclusions","href_id":"#sec0090"},{"section_name":"Acknowledgments","changed_name":"Acknowledgments ","href_id":"#ack0005"},{"section_name":"References","changed_name":"References ","href_id":"#bibl0005"}]