section_name,changed_name,href_id
Highlights,Highlights ,#abs0005
Abstract,Abstract ,#abs0010
Keywords,Keywords ,#kwd0005
1. Introduction,1. Introduction,#sec0005
2. Methods,2. Methods,#sec0010
2.1. Features of the two simple author name disambiguation methods and the introduction of the hybrid method,2. Methods,#sec0015
2.2. Evaluation and comparison of name-based author disambiguation methods,2. Methods,#sec0020
2.2.1. Empirical datasets to be simulated,2. Methods,#sec0025
2.2.2. Simulation,2. Methods,#sec0030
3. Results: evaluation of disambiguation methods,3. Results: evaluation of disambiguation methods,#sec0035
4. Conclusions and recommendations for use,4. Conclusions and recommendations for use,#sec0040
Acknowledgments,Acknowledgments ,#ack0005
References,References ,#bibl0005
