[{"section_name":"Highlights","changed_name":"Highlights ","href_id":"#abs0005"},{"section_name":"Abstract","changed_name":"Abstract ","href_id":"#abs0010"},{"section_name":"Keywords","changed_name":"Keywords ","href_id":"#kwd0005"},{"section_name":"1. Introduction","changed_name":"1. Introduction","href_id":"#sec0005"},{"section_name":"2. Dataset and methods","changed_name":"2. Dataset and methods","href_id":"#sec0010"},{"section_name":"2.1. Dataset","changed_name":"2. Dataset and methods","href_id":"#sec0015"},{"section_name":"3. Methods","changed_name":"3. Methods","href_id":"#sec0020"},{"section_name":"4. Results","changed_name":"4. Results","href_id":"#sec0025"},{"section_name":"4.1. Distributions of funding of universities","changed_name":"4. Results","href_id":"#sec0030"},{"section_name":"4.2. Distributions of funding of research areas","changed_name":"4. Results","href_id":"#sec0035"},{"section_name":"4.3. Distributions of funding of research fields","changed_name":"4. Results","href_id":"#sec0040"},{"section_name":"4.4. Distributions of supported universities of research fields","changed_name":"4. Results","href_id":"#sec0045"},{"section_name":"5. Conclusions","changed_name":"5. Conclusions","href_id":"#sec0050"},{"section_name":"Acknowledgements","changed_name":"Acknowledgements ","href_id":"#ack0005"},{"section_name":"Appendix A. ","changed_name":"Appendix A.","href_id":"#sec0070"},{"section_name":"Appendix B. ","changed_name":"Appendix B.","href_id":"#sec0075"},{"section_name":"Appendix C. ","changed_name":"Appendix C.","href_id":"#sec0080"},{"section_name":"References","changed_name":"References ","href_id":"#bibl0005"}]